work_id,doi,title,publication_year
W3095195722,https://doi.org/10.2166/ws.2020.264,A review on harvesting and harnessing rainwater: an alternative strategy to cope with drinking water scarcity,2020
W2805030789,https://doi.org/10.2166/ws.2003.0067,Water reuse in Israel - the Dan Region Project: evaluation of water quality and reliability of plant's operation,2003
W2008645810,https://doi.org/10.2166/ws.2010.896,Assessment of rainwater harvesting for drinking water supply in Bangladesh,2010
W2297771471,https://doi.org/10.2166/ws.2015.011,A review of different drinking water treatments for natural organic matter removal,2015
W2342103242,https://doi.org/10.2166/ws.2004.0116,Integrated operation of drinking water treatment plant at Amsterdam water supply,2004
W4391167107,https://doi.org/10.2166/ws.2024.008,Implications of climate change on water quality and sanitation in climate hotspot locations: A case study in Indonesia,2024
W2003468089,https://doi.org/10.2166/ws.2007.144,Overcoming the drawbacks of natural coagulants for drinking water treatment,2007
W2001950116,https://doi.org/10.2166/ws.2009.569,Characterization of NOM in a drinking water treatment process train with no disinfectant residual,2009
W2079565266,https://doi.org/10.2166/ws.2007.142,Ceramic silver-impregnated pot filters for household drinking water treatment in developing countries: material characterization and performance study,2007
W2509355746,https://doi.org/10.2166/ws.2008.077,The impact of climate change on drinking water supply by riverbank filtration,2008
W1964412449,https://doi.org/10.2166/ws.2007.025,The road not taken: how traditional excreta and greywater management may point the way to a sustainable future,2007
W4225390979,https://doi.org/10.2166/ws.2022.189,Microplastics in drinking water: a macro issue,2022
W2312327300,https://doi.org/10.2166/ws.2002.0011,Modelling of drinking water treatment processes within the Stimela environment,2002
W1997648170,https://doi.org/10.2166/ws.2008.068,Drinking water treatment plant assessment through performance indicators,2008
W2928597734,https://doi.org/10.2166/ws.2019.050,Feasibility of solar-powered ultrafiltration membrane water treatment systems for rural water supply in Malaysia,2019
W1551226324,https://doi.org/10.2166/ws.2003.0002,Community experience and perceptions of water reuse,2003
W2980101188,https://doi.org/10.2166/ws.2019.144,Water quality monitoring: from conventional to emerging technologies,2019
W4200053915,https://doi.org/10.2166/ws.2021.412,Progress on legal and practical aspects on water reuse with emphasis on drinking water – an overview,2021
W1995852832,https://doi.org/10.2166/ws.2010.339,Structural equation modeling for assessing of the sustainability of rural water supply systems,2010
W2342162357,https://doi.org/10.2166/ws.2002.0143,"Riverbank filtration for drinking water supply - a proven method, perfect to face today's challenges",2002
W2570169635,https://doi.org/10.2166/ws.2017.004,Reducing the burden of rural water supply through greywater reuse: a case study from northern Malawi,2017
W98001188,https://doi.org/10.2166/ws.2001.0001,Drinking water treatment - understanding the processes and meeting the challenges,2001
W2019798806,https://doi.org/10.2166/ws.2007.001,A brief history of urban water supply in antiquity,2007
W2760473363,https://doi.org/10.2166/ws.2017.194,Application of the analytic hierarchy process to sustainability of water supply and sanitation services: the case of Algeria,2017
W2122902175,https://doi.org/10.2166/ws.2011.117,Converting rain into drinking water: quality issues and technological advances,2011
W4283657225,https://doi.org/10.2166/ws.2022.245,Water quality analysis using the CCME-WQI method with time series analysis in a water supply reservoir,2022
W1990050765,https://doi.org/10.2166/ws.2009.297,Quantitative risk assessment in the Water Safety Plan: case studies from drinking water practice,2009
W2804673882,https://doi.org/10.2166/ws.2001.0043,"Toxic cyanobacterial blooms in a drinking water reservoir - causes, consequences and management strategy",2001
W2057803743,https://doi.org/10.2166/ws.2009.767,Analysing water quality changes due to reservoir management and climate change for optimization of drinking water treatment,2009
W2247075134,https://doi.org/10.2166/ws.2001.0089,Suspended particles in the drinking water of two distribution systems,2001
W750477119,https://doi.org/10.2166/ws.2015.099,Securing safe drinking water supply under climate change conditions,2015
W4308995582,https://doi.org/10.2166/ws.2022.384,A 10-year critical review on hydrogen peroxide as a disinfectant: could it be an alternative for household water treatment?,2022
W1871608273,https://doi.org/10.2166/ws.2003.0069,"Reduction of pathogens, indicator bacteria, and alternative indicators by wastewater treatment and reclamation processes",2003
W2256151221,https://doi.org/10.2166/ws.2015.186,Research on raw water quality assessment oriented to drinking water treatment based on the SVM model,2015
W2044717702,https://doi.org/10.2166/ws.2008.095,Assessing nanofiltration fouling in drinking water treatment using fluorescence fingerprinting and LC-OCD analyses,2008
W2954723993,https://doi.org/10.2166/ws.2019.097,"Application of hybrid coagulation–ultrafiltration for decentralized drinking water treatment: impact on flux, water quality and costs",2019
W1974054344,https://doi.org/10.2166/ws.2011.051,Empowering rural communities: simple Water Safety Plans,2011
W603445151,https://doi.org/10.2166/ws.2001.0119,Evaluation of nanofiltration for disinfection by-products control in drinking water treatment,2001
W2554942368,https://doi.org/10.2166/ws.2016.176,The effects of input materials on ceramic water filter efficacy for household drinking water treatment,2016
W2605257132,https://doi.org/10.2166/ws.2017.057,Water safety planning for small water supply systems: the framework and control measures,2017
W4319920382,https://doi.org/10.2166/ws.2023.033,A survey on applications of machine learning algorithms in water quality assessment and water supply and management,2023
W12940959,https://doi.org/10.2166/ws.2003.0094,Controlling water quality in intermittent supply systems,2003
W2802113936,https://doi.org/10.2166/ws.2018.091,Occurrence and fate of 27 triazines and metabolites within French drinking water treatment plants,2018
W2108127394,https://doi.org/10.2166/ws.2005.0059,Decentralised wastewater treatment technologies from a national perspective: at what cost are they competitive?,2005
W2336802124,https://doi.org/10.2166/ws.2001.0122,Development of a membrane integrity monitoring strategy for the UF/RO Heemskerk drinking water treatment plant,2001
W2096122138,https://doi.org/10.2166/ws.2012.126,Eliminating turbidity in drinking water using the mucilage of a common cactus,2012
W2743213287,https://doi.org/10.2166/ws.2017.133,Assessing factors of E. coli contamination of household drinking water in suburban and rural Laos and Thailand,2017
W2327993677,https://doi.org/10.2166/ws.2013.095,Removal of natural organic matter and trihalomethane formation potential in a full-scale drinking water treatment plant,2013
W2787473679,https://doi.org/10.2166/ws.2018.016,Artificial neural networks: applications in the drinking water sector,2018
W2512166165,https://doi.org/10.2166/ws.2004.0010,Use of Anammox in urban wastewater treatment,2004
W4293047647,https://doi.org/10.2166/ws.2022.302,Prevalence of antimicrobial resistance in a Bulgarian drinking water supply system,2022
W2036181405,https://doi.org/10.2166/ws.2014.051,Public acceptability of indirect potable water reuse in the south-east of England,2014
W2009135546,https://doi.org/10.2166/ws.2009.689,Velocity-based self-cleaning residential drinking water distribution systems,2009
W4387088597,https://doi.org/10.2166/ws.2023.247,Methods for detection and enumeration of coliforms in drinking water: a review,2023
W2317829955,https://doi.org/10.2166/ws.2014.125,Water quality for irrigation and drinking water use of Aflaj in Oman,2014
W2339133412,https://doi.org/10.2166/ws.2004.0061,NOM increase in drinking water reservoirs - relevance for drinking water production,2004
W2331348982,https://doi.org/10.2166/ws.2001.0128,Performance comparison of direct membrane separation and membrane bioreactor for domestic wastewater treatment and water reuse,2001
W2341271623,https://doi.org/10.2166/ws.2003.0053,Slow granular filtration for water reuse,2003
W2325583914,https://doi.org/10.2166/ws.2015.142,How can drinking water treatments influence chlorine dioxide consumption and by-product formation in final disinfection?,2015
W1993027546,https://doi.org/10.2166/ws.2013.113,Neutrophilic iron-oxidizing bacteria: occurrence and relevance in biological drinking water treatment,2013
W2068129723,https://doi.org/10.2166/ws.2010.720,Clean power in water supply systems as a sustainable solution: from planning to practical implementation,2010
W81907452,https://doi.org/10.2166/ws.2002.0044,Drinking water quality assessment practices: an international perspective,2002
W2340375977,https://doi.org/10.2166/ws.2004.0127,Application of hydraulic transients for leak detection in water supply systems,2004
W2047501833,https://doi.org/10.2166/ws.2009.534,"Life cycle assessment of three water supply systems: importation, reclamation and desalination",2009
W2341544543,https://doi.org/10.2166/ws.2005.0055,Estimation of willingness to pay for wastewater treatment,2005
W4389623029,https://doi.org/10.2166/ws.2023.323,Modeling the water security in a watershed using the water footprint concept and water scarcity indicators,2023
W2324058778,https://doi.org/10.2166/ws.2014.044,Monitoring of three drinking water treatment plants using flow cytometry,2014
W2801354606,https://doi.org/10.2166/ws.2018.085,Effects of weather conditions on drinking water distribution pipe failures in the Netherlands,2018
W2325090298,https://doi.org/10.2166/ws.2012.063,"Water reuse in the Kingdom of Saudi Arabia – status, prospects and research needs",2012
W2333907090,https://doi.org/10.2166/ws.2013.221,Fouling of low-pressure membranes during drinking water treatment: effect of NOM components and biofiltration pretreatment,2013
W4200055919,https://doi.org/10.2166/ws.2021.435,Integrating water quality and streamflow into prediction of chemical dosage in a drinking water treatment plant using machine learning algorithms,2021
W4396613345,https://doi.org/10.2166/ws.2024.099,Technical and economic impact of water reuse as an integrated water resource management measure in rural water supply systems,2024
W2336811804,https://doi.org/10.2166/ws.2004.0135,Particles in the drinking water system: from source to discolouration,2004
W2017772305,https://doi.org/10.2166/ws.2011.106,Success or failure: demonstrating the effectiveness of a Water Safety Plan,2012
W1967425995,https://doi.org/10.2166/ws.2007.147,Screening and evaluation of natural coagulants for water treatment,2007
W2769607398,https://doi.org/10.2166/ws.2017.229,"Desalination for agriculture: water quality and plant chemistry, technologies and challenges",2017
W2953296056,https://doi.org/10.2166/ws.2019.086,"Drinking water quality and human dimensions of cholera patients to inform evidence-based prevention investment in Karonga District, Malawi",2019
W2325553029,https://doi.org/10.2166/ws.2013.132,Recent trends in microorganism-related off-flavor problems in drinking water treatment systems in Japan,2013
W2023267862,https://doi.org/10.2166/ws.2007.008,Soil as a wastewater treatment system: historical development,2007
W3036347037,https://doi.org/10.2166/ws.2020.128,Robustness of IoT-connected e-Taps for sustainable service delivery of rural water supply,2020
W2313376982,https://doi.org/10.2166/ws.2016.045,Linking discolouration modelling and biofilm behaviour within drinking water distribution systems,2016
W2082222367,https://doi.org/10.2166/ws.2006.786,Biological drinking water treatment for nitrate and pesticide (endosulfan) elimination,2006
W2388283330,https://doi.org/10.2166/ws.2016.073,"A systematic review of outcomes and lessons learned from general, rural, and country-specific Water Safety Plan implementations",2016
W2312819846,https://doi.org/10.2166/ws.2014.080,"Planning and installation of a drinking water treatment in Gunungkidul, Java, Indonesia",2014
W2093444960,https://doi.org/10.2166/ws.2009.637,Photocatalytic removal of taste and odour compounds for drinking water treatment,2009
W22714809,https://doi.org/10.2166/ws.2003.0125,Application of quality management systems for drinking water quality,2003
W2093092928,https://doi.org/10.2166/ws.2011.004,Pilot scale evaluation of biofiltration as an innovative pre-treatment for ultrafiltration membranes for drinking water treatment,2011
W602584655,https://doi.org/10.2166/ws.2002.0039,New approaches for structural characterization of organic matter in drinking water and wastewater effluents,2002
W2008346465,https://doi.org/10.2166/ws.2012.025,A study on the effects of intermittent water supply on the vulnerability of urban water distribution networks,2012
W3089709731,https://doi.org/10.2166/ws.2020.199,Artificial neural network modeling approach for the prediction of five-day biological oxygen demand and wastewater treatment plant performance,2020
W1977550503,https://doi.org/10.2166/ws.2010.657,Control-design methodology for drinking-water treatment processes,2010
W2305187056,https://doi.org/10.2166/ws.2016.040,Survival of pathogens in drinking water plumbing systems: impact factors and sanitation options,2016
W1967896141,https://doi.org/10.2166/ws.2011.053,Biofilm formation on materials commonly used in household drinking water systems,2011
W1973029287,https://doi.org/10.2166/ws.2009.026,Persistence of Pseudomonas aeruginosa in drinking-water biofilms on elastomeric material,2009
W2516600684,https://doi.org/10.2166/ws.2016.141,Assessment of sustainability of rural water supply services in Tanzania: the case study of Dodoma region,2016
W2326863189,https://doi.org/10.2166/ws.2012.048,Biofilms and bacteriological water quality in a domestic installation model simulating daily drinking water consumption,2012
W1993622531,https://doi.org/10.2166/ws.2010.105,A brief history of water supply and wastewater management in ancient Greece,2010
W4205530986,https://doi.org/10.2166/ws.2022.019,An evolution of statistical pipe failure models for drinking water networks: a targeted review,2022
W2803135384,https://doi.org/10.2166/ws.2001.0052,Biomass production potential of materials in contact with drinking water: method and practical importance,2001
W2416587576,https://doi.org/10.2166/ws.2015.070,Water safety plans at EPAL's water supply system-tool to prioritize investments and mitigation actions,2015
W2039238880,https://doi.org/10.2166/ws.2011.050,Water Safety Plan demonstration projects in Latin America and the Caribbean: lessons from the field,2011
W2258923660,https://doi.org/10.2166/ws.2002.0155,Development of a naturally derived coagulant for water and wastewater treatment,2002
W2045610013,https://doi.org/10.2166/ws.2010.511,Factors influencing public perception and use of municipal drinking water,2010
W4389728114,https://doi.org/10.2166/ws.2023.328,Reinforcement learning-based DSS for coagulant and disinfectant dosage selection on drinking water treatment plants,2023
W2333364708,https://doi.org/10.2166/ws.2011.058,From international developments to local practice: Germany's evaluation and dialogue process towards Water Safety Plan implementation,2011
W2072610763,https://doi.org/10.2166/ws.2009.355,Modeling of full-scale drinking water treatment plants with embedded plant control,2009
W2009042422,https://doi.org/10.2166/ws.2011.094,Fouling analysis of polysulfone ultrafiltration membranes used for drinking water treatment,2011
W2325896416,https://doi.org/10.2166/ws.2013.050,Energy recovery potential using micro hydropower in water supply networks in the UK and Ireland,2013
W2788403165,https://doi.org/10.2166/ws.2018.018,Rainwater harvesting as an alternative for water supply in regions with high water stress,2018
W2035907706,https://doi.org/10.2166/ws.2008.085,State of the art in drinking water treatment by MF/UF in Germany—a survey among MF/UF plants,2008
W2151499516,https://doi.org/10.2166/ws.2013.177,Microbiological performance of novel household water treatment devices in India,2013
W2471138868,https://doi.org/10.2166/ws.2016.001,A systematic approach for the assessment of bacterial growth-controlling factors linked to biological stability of drinking water in distribution systems,2016
W2039796264,https://doi.org/10.2166/ws.2013.115,Aggregation and biofilm formation of bacteria isolated from domestic drinking water,2013
W3094399737,https://doi.org/10.2166/ws.2020.280,Water reuse potential for irrigation in Brazilian hydrographic regions,2020
W4386864977,https://doi.org/10.2166/ws.2023.240,Integrated systems for rainwater harvesting and greywater reuse: a systematic review of urban water management strategies,2023
W3174925339,https://doi.org/10.2166/ws.2021.189,Drinking water quality assessment from water dispensers in an educational institution,2021
W2314779099,https://doi.org/10.2166/ws.2011.064,Deterioration in water quality from supply chain to household and appropriate storage in the context of intermittent water supplies,2011
W2793759465,https://doi.org/10.2166/ws.2018.030,Borehole water: a potential health risk to rural communities in South Africa,2018
W2924269058,https://doi.org/10.2166/ws.2019.051,Common themes contributing to recent drinking water disease outbreaks in affluent nations,2019
W2339260052,https://doi.org/10.2166/ws.2001.0056,Water treatment to reduce internal corrosion in the drinking water distribution system in Oslo,2001
W1587132369,https://doi.org/10.2166/ws.2004.0115,Drinking water treatment in The Netherlands: outstanding and still ambitious,2004
W2045886134,https://doi.org/10.2166/ws.2006.902,"Analysis of particle numbers, size and composition in drinking water transportation pipelines: results of online measurements",2006
W2909706786,https://doi.org/10.2166/ws.2019.006,National survey of utilization of continuous water quality monitors in water supply systems in Japan,2019
W2334975492,https://doi.org/10.2166/ws.2013.009,Direct potable reclamation in Windhoek: a critical review of the design philosophy of new Goreangab drinking water reclamation plant,2013
W1602216565,https://doi.org/10.2166/ws.2004.0054,"Comprehensive assessment of precursors, diagenesis, and reactivity to water treatment of dissolved and colloidal organic matter",2004
W4214566161,https://doi.org/10.2166/ws.2022.108,"The concentration and prevalence of asbestos fibres in Christchurch, New Zealand's drinking water supply",2022
W2088026706,https://doi.org/10.2166/ws.2010.706,Organisational arrangements and drinking water quality,2010
W2511483219,https://doi.org/10.2166/ws.2016.134,Assessing comprehensive performance of biofilm formation and water quality in drinking water distribution systems,2016
W2116493274,https://doi.org/10.2166/ws.2006.774,Evaluating the drinking water quality through an efficient chlorine decay model,2006
W2155698428,https://doi.org/10.2166/ws.2008.104,The socio-technology of indirect potable water reuse,2008
W3001378734,https://doi.org/10.2166/ws.2020.007,Performance and cost comparison of a gravity-driven free-end membrane and other water filtration systems for household water treatment,2020
W3093882011,https://doi.org/10.2166/ws.2020.277,Machine learning techniques in river water quality modelling: a research travelogue,2020
W2803212932,https://doi.org/10.2166/ws.2005.0050,Sanitation for all in periurban areas? Only if we use simplified sewerage,2005
W1998845073,https://doi.org/10.2166/ws.2006.771,Effects of the filtration flux and pre-treatments on the performance of a microfiltration drinking water treatment system,2006
W2905025604,https://doi.org/10.2166/ws.2018.191,Occurrence and removal of acesulfame and sucralose in the drinking water treatment plants along the Yangtze River,2018
W2046472273,https://doi.org/10.2166/ws.2008.086,"Artificial neural networks for cost optimization of coagulation, sedimentation and filtration in drinking water treatment",2008
W2109149636,https://doi.org/10.2166/ws.2004.0021,Disinfection of Bacillus spp. spores in drinking water by TiO2 photocatalysis as a model for Bacillus anthracis,2004
W2058277882,https://doi.org/10.2166/ws.2011.075,Managing uncertainty in the provision of safe drinking water,2011
W2115424715,https://doi.org/10.2166/ws.2013.028,"Adapting to water scarcity: constraints and opportunities for improving irrigation management in Khorezm, Uzbekistan",2013
W3147977884,https://doi.org/10.2166/ws.2021.082,"Analysis of water quality indices and machine learning techniques for rating water pollution: a case study of Rawal Dam, Pakistan",2021
W2475557720,https://doi.org/10.2166/ws.2003.0197,Air sparging backwash in ultrafiltration hollow fibres for drinking water production,2003
W4393931439,https://doi.org/10.2166/ws.2024.065,Integrated assessment of groundwater contamination: A multi-marker approach for comprehensive water quality monitoring,2024
W4412406426,https://doi.org/10.2166/ws.2025.071,A comprehensive assessment of drinking water quality using the water quality index,2025
W2913373166,https://doi.org/10.2166/ws.2019.019,Perception welfare assessment of water reuse in competitive categories,2019
W2560090732,https://doi.org/10.2166/ws.2016.189,"Risk assessment of haloacetic acids in the water supply of Tehran, Iran",2016
W2332865402,https://doi.org/10.2166/ws.2013.125,Silver nanoparticle removal from drinking water: flocculation/sedimentation or filtration?,2013
W2416935627,https://doi.org/10.2166/ws.2003.0049,Development of a web-based tool for the calculation of costs of different wastewater treatment and reuse scenarios,2003
W2321382404,https://doi.org/10.2166/ws.2013.061,Sustainable improvement of drinking water quality by nanofiltration powered by renewable energy,2013
W2150741960,https://doi.org/10.2166/ws.2013.176,Modelling both the continual erosion and regeneration of discolouration material in drinking water distribution systems,2013
W3100039956,https://doi.org/10.2166/ws.2020.313,"Risk assessment of uranium in drinking water in Hisar district of Haryana, India",2020
W1965339075,https://doi.org/10.2166/ws.2010.652,"Changes of NOM fractions during conventional drinking water treatment process in Riga, Latvia",2010
W2010514182,https://doi.org/10.2166/ws.2010.726,Effect of advanced oxidation processes on nonylphenol removal with respect to chlorination in drinking water treatment,2010
W3016677572,https://doi.org/10.2166/ws.2020.066,Multi-objective optimization for improving equity and reliability in intermittent water supply systems,2020
W2310671782,https://doi.org/10.2166/ws.2016.018,Biocorrosion in drinking water pipes,2016
W2067093304,https://doi.org/10.2166/ws.2006.960,A review on bromate occurrence and removal strategies in water supply,2006
W2528101274,https://doi.org/10.2166/ws.2016.168,"In-stream detection of waterborne priority pollutants, and applications in drinking water contaminant warning systems",2016
W3026148289,https://doi.org/10.2166/ws.2020.089,Pilot study on nanofiltration membrane in advanced treatment of drinking water,2020
W3200926760,https://doi.org/10.2166/ws.2021.299,"The impacts of increasing water scarcity and the potential for water-related conflict in Lamu, Kenya",2021
W2003254986,https://doi.org/10.2166/ws.2013.135,An improved method for determining HNMs in drinking water,2013
W2246493005,https://doi.org/10.2166/ws.2015.179,Impact of irrigation water scarcity on rural household food security and income in Pakistan,2015
W2342332664,https://doi.org/10.2166/ws.2003.0123,"Heavy metal tracers for the analysis of groundwater contamination: case study in Hanoi City, Vietnam",2003
W2289445306,https://doi.org/10.2166/ws.2005.0017,Evaluating citizens concern about the quality of their drinking water,2005
W3002189447,https://doi.org/10.2166/ws.2020.009,Methane emission and methanotrophic activity in groundwater-fed drinking water treatment plants,2020
W2853104204,https://doi.org/10.2166/ws.2018.122,Embracing data uncertainty in water decision-making: an application to evaluate water supply and sewerage in Spain,2018
W2416854579,https://doi.org/10.2166/ws.2015.183,Characteristics of pipe-scale in the pipes of an urban drinking water distribution system in eastern China,2015
W3092459172,https://doi.org/10.2166/ws.2020.242,Waste water reuse in France – social perception of an unfamiliar practice,2020
W2058628455,https://doi.org/10.2166/ws.2008.088,Drinking water treatment with combined coagulation ultrafiltration—long term experience with Germany's largest plant,2008
W2311292638,https://doi.org/10.2166/ws.2002.0208,Occurrence of haloacetic acids in chlorinated drinking water,2002
W3095832767,https://doi.org/10.2166/ws.2020.290,"Remote-sensing-based algorithms for water quality monitoring in Olushandja Dam, north-central Namibia",2020
W2084217140,https://doi.org/10.2166/ws.2008.132,Polyvalent fingerprint based molecular surveillance methods for drinking water supply systems,2008
W2313768657,https://doi.org/10.2166/ws.2016.012,Community-based rainwater harvesting (CB-RWH) to supply drinking water in developing countries: lessons learned from case studies in Africa and Asia,2016
W2331041159,https://doi.org/10.2166/ws.2013.041,Haloacetic acid degradation by a biofilm in a simulated drinking water distribution system,2013
W2329479443,https://doi.org/10.2166/ws.2016.024,"Fungi in biofilms of a drinking water network: occurrence, diversity and mycotoxins approach",2016
W2965610636,https://doi.org/10.2166/ws.2019.111,Groundwater contamination characterization using multivariate statistical analysis and geostatistical method,2019
W2043401058,https://doi.org/10.2166/ws.2010.840,"The impact of diurnal water use patterns, demand management and rainwater tanks on water supply network design",2010
W2319826670,https://doi.org/10.2166/ws.2010.837,“Ozone” and “GAC filtration” synergy for removal of emerging micropollutants in a drinking water treatment plant?,2010
W2052905649,https://doi.org/10.2166/ws.2008.096,Characterization of PVDF hollow-fiber membrane foulants on drinking water treatment,2008
W2248764537,https://doi.org/10.2166/ws.2002.0074,A low cost technique of arsenic removal from drinking water by coagulation using ferric chloride salt and alum,2002
W2028740564,https://doi.org/10.2166/ws.2009.671,The impact of Moringa oleifera as a coagulant aid on the removal of trihalomethane (THM) precursors and iron from drinking water,2009
W2803945288,https://doi.org/10.2166/ws.2001.0061,Trichloroanisole kinetics and musty tastes in drinking water distribution systems,2001
W4210422899,https://doi.org/10.2166/ws.2022.038,Development of a short-term water quality prediction model for urban rivers using real-time water quality data,2022
W2799989206,https://doi.org/10.2166/ws.2018.073,The origin and risks associated with loose deposits in a drinking water distribution system,2018
W4409272598,https://doi.org/10.2166/ws.2025.043,"Assessing drinking water quality in the city of Kenge, Democratic Republic of the Congo",2025
W1921749605,https://doi.org/10.2166/ws.2003.0050,Water reuse and zero liquid discharge: a sustainable water resource solution,2003
W2141345283,https://doi.org/10.2166/ws.2013.182,Comparing electrochemical disinfection with chlorination for inactivation of bacterial spores in drinking water,2013
W3028810833,https://doi.org/10.2166/ws.2020.109,Small-scale drinking water treatment unit of filtration and UV disinfection for remote area,2020
W2337719061,https://doi.org/10.2166/ws.2015.036,40 years on: what do we know about drinking water disinfection by-products (DBPs) and human health?,2015
W3185886430,https://doi.org/10.2166/ws.2021.232,Enhanced fluoride removal from drinking water in wide pH range using La/Fe/Al oxides loaded rice straw biochar,2021
W1969348937,https://doi.org/10.2166/ws.2008.072,Improving water access indicators in developing countries: a proposal using water point mapping methodology,2008
W2080237255,https://doi.org/10.2166/ws.2010.536,Ceramic membranes for water treatment,2010
W3212509916,https://doi.org/10.2166/ws.2021.378,Development of an Integrated Irrigation Water Quality Index (IIWQIndex) model,2021
W3217402584,https://doi.org/10.2166/ws.2021.395,"Application of water quality index and multivariate statistical techniques for assessment of water quality around Yamuna River in Agra Region, Uttar Pradesh, India",2021
W2525959719,https://doi.org/10.2166/ws.2016.151,Does the recycling of waste streams from drinking water treatment plants worsen the quality of finished water? A case assessment in China,2016
W1973929998,https://doi.org/10.2166/ws.2008.063,Operational management of Naegleria spp. in drinking water supplies in Western Australia,2008
W4324057287,https://doi.org/10.2166/ws.2023.072,Water scarcity and excess: water insecurity in cities of Nepal,2023
W3215664287,https://doi.org/10.2166/ws.2021.398,Studying the effect of design parameters on riverbank filtration performance for drinking water supply in Egypt: a case study,2021
W2318226265,https://doi.org/10.2166/ws.2015.131,Use of synthesized hydrophilic magnetic nanoparticles (HMNPs) in forward osmosis for water reuse,2015
W2026384786,https://doi.org/10.2166/ws.2013.087,"Improved risk assessment and risk reduction strategies in the Water Safety Plan (WSP) of Salta, Argentina",2013
W3105662842,https://doi.org/10.2166/ws.2020.300,Grain displacement during backwash of drinking water filters,2020
W2082922421,https://doi.org/10.2166/ws.2011.006,Long-term behaviour of a gravity-driven dead end membrane filtration unit for potable water supply in cases of disasters,2011
W206153433,https://doi.org/10.2166/ws.2003.0103,Nanofiltration: improvements of water quality in a large distribution system,2003
W3204034728,https://doi.org/10.2166/ws.2021.329,Self-forming dynamic membrane filtration for drinking water treatment,2021
W2314561438,https://doi.org/10.2166/ws.2016.023,Distribution of microbial activity and specific microorganisms across sediment size fractions and pipe wall biofilm in a drinking water distribution system,2016
W2318317920,https://doi.org/10.2166/ws.2012.004,Results of ‘PASt21’ – the Portuguese initiative for performance assessment of water and wastewater treatment plants,2012
W3091068699,https://doi.org/10.2166/ws.2020.239,<i>Icyano</i>: a cyanobacterial bloom vulnerability index for drinking water treatment plants,2020
W2246582097,https://doi.org/10.2166/ws.2004.0107,Water Quality 21 research programme for water supplies in The Netherlands,2004
W2804065473,https://doi.org/10.2166/ws.2002.0004,Pilot scale studies on the removal of trace metal contaminations in drinking water treatment using chelating ion-exchange resins,2002
W3004653040,https://doi.org/10.2166/ws.2020.013,Pressure prediction and abnormal working conditions detection of water supply network based on LSTM,2020
W38831955,https://doi.org/10.2166/ws.2001.0068,Dynamic testing of water treatment coagulants,2001
W2327697938,https://doi.org/10.2166/ws.2012.040,Using a break prediction model for drinking water networks asset management: From research to practice,2012
W3169961229,https://doi.org/10.2166/ws.2021.157,Soft computing technique-based prediction of water quality index,2021
W1970801623,https://doi.org/10.2166/ws.2013.046,Gravity driven membrane filtration system to improve the water quality in rainwater tanks,2013
W2804881510,https://doi.org/10.2166/ws.2001.0059,Pipe material selection in drinking water systems - a conference summary,2001
W4390909470,https://doi.org/10.2166/ws.2024.003,A potential solution for clean water supply: multi-effect solar still and water quality analysis,2024
W2758255403,https://doi.org/10.2166/ws.2017.195,Analysis of water quality of selected irrigation water sources in northern Ghana,2017
W2791929435,https://doi.org/10.2166/ws.2018.047,Willingness to pay for improved drinking water in southwest coastal Bangladesh,2018
W2024007970,https://doi.org/10.2166/ws.2006.906,Ceramic membranes for direct river water treatment applying coagulation and microfiltration,2006
W2058908632,https://doi.org/10.2166/ws.2014.069,Identifying water quality monitoring stations in a water supply system,2014
W2009025601,https://doi.org/10.2166/ws.2010.042,Determination of trichloramine in drinking water using headspace gas chromatography/mass spectrometry,2010
W2312612035,https://doi.org/10.2166/ws.2013.037,Characterization of bacterial diversity in drinking water by pyrosequencing,2013
W2092995900,https://doi.org/10.2166/ws.2006.904,Variation of dissolved organic matter and microbial regrowth potential through drinking water treatment processes,2006
W4401636623,https://doi.org/10.2166/ws.2024.189,"Machine learning models for predicting water quality index: optimization and performance analysis for El Moghra, Egypt",2024
W4321079112,https://doi.org/10.2166/ws.2023.039,Water reuse in agriculture: a case study in Konya Closed Basin,2023
W2028410779,https://doi.org/10.2166/ws.2007.148,Novel dual media combination for drinking water treatment,2007
W940847306,https://doi.org/10.2166/ws.2003.0152,Issues of operational integrity in membrane drinking water plants,2003
W2138281022,https://doi.org/10.2166/ws.2010.183,Behaviour of brominated and chlorinated flame retardants during drinking water treatment,2010
W3201871302,https://doi.org/10.2166/ws.2021.342,Smart water grid: a review and a suggestion for water quality monitoring,2021
W2331787820,https://doi.org/10.2166/ws.2013.146,Analysis of Water Safety Plan costs from case studies in the Western Pacific Region,2013
W2053129122,https://doi.org/10.2166/ws.2009.244,Occurrence of perchlorate in drinking water sources in Korea,2009
W2950764426,https://doi.org/10.2166/ws.2019.089,Trihalomethane precursor reactivity changes in drinking water treatment unit processes during a storm event,2019
W2339997474,https://doi.org/10.2166/ws.2003.0108,Occurrence of Sphingomonas sp. bacteria in cold climate drinking water supply system biofilms,2003
W2034163844,https://doi.org/10.2166/ws.2012.016,Raw water treatment using bentonite-chitosan as a coagulant,2012
W4296456550,https://doi.org/10.2166/ws.2022.330,Evaluating groundwater ponds for urban drinking water supply under uncertainty,2022
W4392242480,https://doi.org/10.2166/ws.2024.038,Start-up of biofilter for nitrification and effect of filtration rate on the ammonium removal efficiency in drinking water treatment on pilot plant,2024
W2616800350,https://doi.org/10.2166/ws.2002.0078,Assessment of the risk of infection associated with Coxsackie B viruses in drinking water,2002
W1989945984,https://doi.org/10.2166/ws.2011.016,Improving the biological stability of drinking water by ion exchange,2011
W1972198029,https://doi.org/10.2166/ws.2010.194,Hybrid genetic algorithm in the optimization of energy costs in water supply networks,2010
W4402729960,https://doi.org/10.2166/ws.2024.216,Electric energy consumption (EEC) in groundwater-based drinking water supply systems: analysis and comparison of seven Italian case studies,2024
W2340094049,https://doi.org/10.2166/ws.2001.0090,The effect of distribution system bacterial biofilms on copper concentrations in drinking water,2001
W2315942697,https://doi.org/10.2166/ws.2011.074,Securing executive buy-in for preventative risk management – lessons from water safety plans,2011
W2932363798,https://doi.org/10.2166/ws.2019.054,Removal of pharmaceuticals by a surface water treatment plant,2019
W2895978634,https://doi.org/10.2166/ws.2018.167,The Chao Phraya River Basin: water quality and anthropogenic influences,2018
W2519838249,https://doi.org/10.2166/ws.2016.146,Influence of nutrient supplementation on DOC removal in drinking water biofilters,2016
W4386121375,https://doi.org/10.2166/ws.2023.219,Coagulant dosage prediction in the water treatment process,2023
W2337332733,https://doi.org/10.2166/ws.2005.0070,Drinking water policy in the frame of the Directive 2000/60/EC with emphasis on drinking water prices,2005
W3112700644,https://doi.org/10.2166/ws.2020.357,"Perception of the citizens in the city of São Mateus, Brazil, on water supply and the implications in its use",2020
W2313736529,https://doi.org/10.2166/ws.2011.059,Experiences and lessons learned from practical implementation of a software-supported Water Safety Plan (WSP) approach,2012
W3197040669,https://doi.org/10.2166/ws.2021.284,Investigation on the fate of quinolone antibiotics in three drinking water treatment plants of China,2021
W2070297887,https://doi.org/10.2166/ws.2008.146,"An urban water cycle perspective of natural organic matter (NOM): NOM in drinking water, wastewater effluent, storm water, and seawater",2008
W3112964150,https://doi.org/10.2166/ws.2020.353,"Retracted: Assessment of effectiveness of water safety plans (WSP) on water quality in rural communities of Anambra State, south-eastern Nigeria",2020
W2333188754,https://doi.org/10.2166/ws.2013.170,Optimization of the ozone dosage at the drinking water treatment plant of Kluizen,2013
W2523110053,https://doi.org/10.2166/ws.2016.106,Performance and productivity measurement of urban water supply services in India,2016
W2281705049,https://doi.org/10.2166/ws.2005.0029,A national approach to risk assessment for drinking water catchments in Australia,2005
W2049414019,https://doi.org/10.2166/ws.2007.019,Water supply of ancient Greek cities,2007
W2048292708,https://doi.org/10.2166/ws.2013.056,Mechano-chemical ageing of PES/PVP ultrafiltration membranes used in drinking water production,2013
W3045715215,https://doi.org/10.2166/ws.2020.171,Ammonium removal of biological roughing filter for rural drinking water pretreatment,2020
W2129542222,https://doi.org/10.2166/ws.2013.158,Towards sustainable sanitation – the HAMBURG WATER Cycle in the settlement Jenfelder Au,2013
W2274940250,https://doi.org/10.2166/ws.2002.0113,Change of bacterial water quality in drinking water distribution systems working with or without low chlorine residual,2002
W2055438575,https://doi.org/10.2166/ws.2011.089,Web enablement of a Water Safety Plan via the municipal-based electronic Water Quality Management System (eWQMS),2011
W3113878614,https://doi.org/10.2166/ws.2020.372,Microbial contamination of drinking water from vending machines of Eastern Coachella Valley,2020
W2099147241,https://doi.org/10.2166/ws.2009.395,New desalinated drinking water regulations are met by an innovative post-treatment process for improved public health,2009
W2410842747,https://doi.org/10.2166/ws.2016.062,Application of machine learning techniques to predict anomalies in water supply networks,2016
W4200263281,https://doi.org/10.2166/ws.2021.432,An optimized PSO-ANN model for improved prediction of water treatment desalination plant performance,2021
W36196129,https://doi.org/10.2166/ws.2002.0023,Disinfection effects on E. coli using TiO2/UV and solar light system,2002
W2320717541,https://doi.org/10.2166/ws.2005.0076,Water reuse criteria in the United States,2005
W2335273674,https://doi.org/10.2166/ws.2013.181,A comparative study of greywater from domestic and public buildings,2013
W2913459545,https://doi.org/10.2166/ws.2019.016,Microbial risk assessment of drinking water filtration dispenser toll machines (DFTMs) in Mahasarakham province of Thailand,2019
W2276204767,https://doi.org/10.2166/ws.2002.0103,Studies on mutagenicity and disinfection by-products in river drinking water disinfected with peracetic acid or sodium hypochlorite,2002
W3184858556,https://doi.org/10.2166/ws.2021.213,Estimating effluent turbidity in the drinking water flocculation process with an improved random forest model,2021
W2022393549,https://doi.org/10.2166/ws.2008.074,"Objectives for optimization and consequences for operation, design and concept of drinking water treatment plants",2008
W2967919826,https://doi.org/10.2166/ws.2019.114,Improving chemical cleaning of fouled membranes in a drinking water treatment plant,2019
W2584182916,https://doi.org/10.2166/ws.2017.009,Adsorption of arsenic from drinking water using natural orange waste: kinetics and fluidized bed column studies,2017
W2043896343,https://doi.org/10.2166/ws.2008.057,Elimination of persistent odorous compounds from drinking water,2008
W4224109437,https://doi.org/10.2166/ws.2022.157,Estimation of irrigation water quality index in a semi-arid environment using data-driven approach,2022
W2761108995,https://doi.org/10.2166/ws.2017.197,Improving drinking water treatment without tariff impact: the Spanish case study,2017
W2007701438,https://doi.org/10.2166/ws.2013.172,Transformation products of pharmaceutically active compounds during drinking water ozonation,2013
W2298355099,https://doi.org/10.2166/ws.2002.0171,Lead removal from drinking water - development and validation of point-of-use treatment devices,2002
W1966013217,https://doi.org/10.2166/ws.2009.768,Optimization of the energy management in water supply systems,2009
W4224212046,https://doi.org/10.2166/ws.2022.174,"Development and evaluation of a water quality index for groundwater quality assessment in parts of Jabalpur District, Madhya Pradesh, India",2022
W4393260973,https://doi.org/10.2166/ws.2024.060,Water quality prediction using ARIMA-SSA-LSTM combination model,2024
W1975038378,https://doi.org/10.2166/ws.2013.130,Characterization of hydraulically reversible and irreversible fouling species in ultrafiltration drinking water treatment systems using fluorescence EEM and LC–OCD measurements,2013
W2490646425,https://doi.org/10.2166/ws.2016.127,Radon levels in different types of bottled drinking water and carbonated drinks in Iraqi markets,2016
W2304741378,https://doi.org/10.2166/ws.2006.049,"Occurrence of 1,4-dioxane and MTBE in drinking water sources in Japan",2006
W2246454452,https://doi.org/10.2166/ws.2004.0130,Influence of phosphorus on biofilm accumulation in drinking water distribution systems,2004
W2024924687,https://doi.org/10.2166/ws.2010.627,Greywater treatment with biological aerated filter (BAF) for urban water reuse,2010
W3199487988,https://doi.org/10.2166/ws.2021.303,Integration of advanced optimization algorithms into least-square support vector machine (LSSVM) for water quality index prediction,2021
W2943666584,https://doi.org/10.2166/ws.2019.162,Water-reuse concepts for industrial parks in water-stressed regions in South East Asia,2019
W2804597823,https://doi.org/10.2166/ws.2003.0183,Rejection mechanisms of plastic additives and natural hormones in drinking water treated by nanofiltration,2003
W3158632639,https://doi.org/10.2166/ws.2021.123,Water quality in relation to land use in the Junshan Lake watershed and water quality predictions,2021
W3210466447,https://doi.org/10.2166/ws.2021.364,"Determinants of geographical inequalities in domestic water supply across city of Pune, India",2021
W4205345882,https://doi.org/10.2166/ws.2021.458,A systematic study of uranium in groundwater and its correlation with other water quality parameters,2021
W3081192903,https://doi.org/10.2166/ws.2020.179,Twenty years of asset management research for Dutch drinking water utilities,2020
W1575024155,https://doi.org/10.2166/ws.2004.0073,Micro-ground powdered activated carbon for effective removal of natural organic matter during water treatment,2004
W2005306392,https://doi.org/10.2166/ws.2014.071,Introducing pressure and number of connections into water loss indicators for French drinking water supply networks,2014
W168947226,https://doi.org/10.2166/ws.2001.0071,Characterization of suspended particles and deposits in drinking water reservoirs,2001
W4319747625,https://doi.org/10.2166/ws.2023.029,"Assessment of the water quality of the Niger River in Bamako, Mali, based on the Water Quality Index",2023
W2624673165,https://doi.org/10.2166/ws.2017.111,Autonomous intake selection optimisation model for a dual source drinking water treatment plant,2017
W4210638825,https://doi.org/10.2166/ws.2022.031,3D numerical simulation of dam-break flow over different obstacles in a dry bed,2022
W2053403020,https://doi.org/10.2166/ws.2014.025,Organic matter removal and disinfection byproduct management in South East Queensland's drinking water,2014
W3123795736,https://doi.org/10.2166/ws.2021.021,Residential water demand modelling and hydraulic reliability in design of building water supply systems: a review,2021
W2342345955,https://doi.org/10.2166/ws.2001.0102,Comparison between rejection characteristics of natural organic matter and inorganic salts in ultra low pressure nanofiltration for drinking water production,2001
W2806125808,https://doi.org/10.2166/ws.2018.107,Water quality assessment of an urban river receiving tail water using the single-factor index and principal component analysis,2018
W2618957618,https://doi.org/10.2166/ws.2017.094,"Age-dependent annual effective dose estimations of 226Ra, 232Th, 40K and 222Rn from drinking water in Baling, Malaysia",2017
W2318900270,https://doi.org/10.2166/ws.2012.138,Comparing heterotrophic and hydrogen-based autotrophic denitrification reactors for effluent water quality and post-treatment,2012
W2160370152,https://doi.org/10.2166/ws.2007.013,A review of Ancient Roman water supply exploring techniques of pressure reduction,2007
W2341037629,https://doi.org/10.2166/ws.2016.036,An improved method for determining microbially available phosphorus in drinking water,2016
W2770197553,https://doi.org/10.2166/ws.2017.222,Water quality of small-scale desalination plants in southwest coastal Bangladesh,2017
W2803114556,https://doi.org/10.2166/ws.2003.0084,Multi-criteria decision support for annual rehabilitation programmes in drinking water networks,2003
W2243874909,https://doi.org/10.2166/ws.2003.0009,Facing water shortage in a Mediterranean tourist area: seawater desalination or water reuse?,2003
W2894995342,https://doi.org/10.2166/ws.2018.138,Electrochemical treatment for greywater reuse: effects of cell configuration on COD reduction and disinfection byproduct formation and removal,2018
W2325387031,https://doi.org/10.2166/ws.2014.090,Quantitative assessment of residential water end uses and greywater generation in the City of Al Ain,2014
W3035193370,https://doi.org/10.2166/ws.2020.102,"Occurrence of cyanobacteria, actinomycetes, and geosmin in drinking water reservoir in Korea: a case study from an algal bloom in 2012",2020
W4383066560,https://doi.org/10.2166/ws.2023.164,A deep learning model with spatio-temporal graph convolutional networks for river water quality prediction,2023
W2170342992,https://doi.org/10.2166/ws.2011.029,Multi-objective optimization for conjunctive placement of hydraulic and water quality sensors in water distribution systems,2011
W4385720678,https://doi.org/10.2166/ws.2023.200,"Microbial contamination analysis of drinking water from bulk dispensers and fast-food restaurants in the Eastern Coachella Valley, California",2023
W2314227889,https://doi.org/10.2166/ws.2014.049,Smart metering use cases to increase water and energy efficiency in water supply systems,2014
W2315392906,https://doi.org/10.2166/ws.2014.063,Analysis of historic bursts and burst detection in water supply areas of different size,2014
W3009243452,https://doi.org/10.2166/ws.2020.032,Evolution of water supplies in the Hellenic world focusing on water treatment and modern parallels,2020
W2321264594,https://doi.org/10.2166/ws.2013.017,Water supply methods in Ancient Thera: the case of the sanctuary of Apollo Karneios,2013
W3037825075,https://doi.org/10.2166/ws.2020.074,"Corrigendum: Water Supply 20 (1), 28–45: Water quality monitoring: from conventional to emerging technologies, Umair Ahmed et al.",2020
W1997553610,https://doi.org/10.2166/ws.2013.043,From ancient times to the present: development of the drinking water supply system of Şanliurfa in south-eastern Turkey,2013
W1996885379,https://doi.org/10.2166/ws.2006.726,The efficiency and mechanism of γ-alumina catalytic ozonation of 2-methylisoborneol in drinking water,2006
W2326495974,https://doi.org/10.2166/ws.2010.377,"Sludge characterization at Kadahokwa water treatment plant, Rwanda",2010
W3176498399,https://doi.org/10.2166/ws.2021.191,Exposure assessment of treated greywater reused for irrigation,2021
W2006974912,https://doi.org/10.2166/ws.2009.075,TiO2 nanotube photocatalytic oxidation for water treatment,2009
W3199169218,https://doi.org/10.2166/ws.2021.301,"Evaluation of rural water supply sustainable operation and management based on cyclic correction framework – a case study of Chongqing, China",2021
W3097566452,https://doi.org/10.2166/ws.2020.289,A water quality index for the removal requirement and purification treatment effort of micropollutants,2020
W2906146671,https://doi.org/10.2166/ws.2018.193,Evaluation of rainwater harvesting performance for water supply in cities with cold and semi-arid climate,2018
W4382314773,https://doi.org/10.2166/ws.2023.121,Constructed wetland technology for the treatment and reuse of urban household greywater under conditions of Africa's Sahel region,2023
W2018525685,https://doi.org/10.2166/ws.2009.513,A study on assessment of biomass production potential of pipe materials in contact with drinking water,2009
W1997697099,https://doi.org/10.2166/ws.2009.580,"Determining the extent and condition of riparian zones in drinking water supply catchments in Sarawak, Malaysia",2009
W2133812558,https://doi.org/10.2166/ws.2013.154,Formation characteristics of haloacetic acids from phenols in drinking water chlorination,2013
W132200775,https://doi.org/10.2166/ws.2002.0166,Oxidation of manganese in drinking water systems using potassium permanganate,2002
W2013893995,https://doi.org/10.2166/ws.2012.082,Profiles of dissolved organic matter and haloacetic acid formation potential in drinking water treatment by a comprehensive fractionation technique,2012
W2911641734,https://doi.org/10.2166/ws.2019.026,Speciation and seasonal variation of various disinfection by-products in a full-scale drinking water treatment plant in East China,2019
W2340565940,https://doi.org/10.2166/ws.2004.0092,Application of charge measurement to water treatment processes,2004
W2804747644,https://doi.org/10.2166/ws.2002.0007,Partial demineralisation of drinking water using carbon dioxide regenerated ion exchangers,2002
W2804881987,https://doi.org/10.2166/ws.2003.0061,Wastewater treatment and biomass production by slow rate systems using different plant species,2003
W1969077066,https://doi.org/10.2166/ws.2012.055,Elution of bisphenol A and its chlorination by-products from lined pipes in water supply process,2012
W4221055390,https://doi.org/10.2166/ws.2022.030,Formation and prevention of pipe scale in water supply pipelines with anti-corrosion lining,2022
W2033244881,https://doi.org/10.2166/ws.2013.022,"Household greywater use practices in Melbourne, Australia",2013
W4388828413,https://doi.org/10.2166/ws.2023.306,Computational fluid dynamics analysis for smart control of water supply,2023
W2339821221,https://doi.org/10.2166/ws.2002.0182,Development of an integrated iron oxide adsorption/membrane separation system for water treatment,2002
W2986390476,https://doi.org/10.2166/ws.2019.167,"Major ion chemistry and water quality assessment of groundwater in the Shigaze urban area, Qinghai-Tibetan Plateau, China",2019
W2318084945,https://doi.org/10.2166/ws.2014.061,Fluorescent-conjugated MS2 as surrogates for viruses during drinking water treatment,2014
W153986548,https://doi.org/10.2166/ws.2002.0144,Use of recycled crushed glass as a filtration medium in municipal potable water treatment plants,2002
W2312111428,https://doi.org/10.2166/ws.2015.017,Optimal planning of water and wastewater management infrastructure for insular areas: the role of water reuse,2015
W1986345006,https://doi.org/10.2166/ws.2011.099,Adsorption of EDCs/PPCPs from drinking water by submicron-sized powdered activated carbon,2011
W4399390663,https://doi.org/10.2166/ws.2024.132,"Is conventional drinking water treatment more economically viable than ultrafiltration in Brazil? A technical, economic, comparative study with risk assessment",2024
W4407103889,https://doi.org/10.2166/ws.2025.010,Application of enhanced coagulation in drinking water treatment from the degraded catchment to reduce NOM: a major DBP precursor,2025
W2800200559,https://doi.org/10.2166/ws.2018.075,The effect of the mixing of water from different sources in the water supply system on tap water quality – a full-scale technical investigation case study,2018
W2005293960,https://doi.org/10.2166/ws.2014.105,"Balancing water demand reduction and rainfall runoff minimisation: modelling green roofs, rainwater harvesting and greywater reuse systems",2014
W3193344430,https://doi.org/10.2166/ws.2021.275,Application of fuzzy logic in river water quality modelling for analysis of industrialization and climate change impact on Sabarmati river,2021
W2244199860,https://doi.org/10.2166/ws.2005.0043,"Inactivation of viruses, bacteria, spores and protozoa by ultraviolet irradiation in drinking water practice: a review",2005
W1582940567,https://doi.org/10.2166/ws.2003.0047,"Using recycled water for non-potable, urban uses: a review with particular reference to toilet flushing",2003
W1972042298,https://doi.org/10.2166/ws.2011.011,"Bacteriological and physico-chemical quality assessment of household drinking water in Ado-Ekiti, Nigeria",2011
W2693097724,https://doi.org/10.2166/ws.2017.125,Evaluating the chemical stability in drinking water distribution system by corrosivity and precipitation potential,2017
W2078908327,https://doi.org/10.2166/ws.2007.017,Potable water and sanitation in Tenochtitlan: Aztec culture,2007
W2342000948,https://doi.org/10.2166/ws.2001.0002,Traditional and novel reservoir management techniques to enhance water quality for subsequent potable water treatment,2001
W2073509451,https://doi.org/10.2166/ws.2007.070,Risk of groundwater contamination from nitrates in the Po basin (Italy),2007
W4220926550,https://doi.org/10.2166/ws.2022.151,"Seasonal variation of drinking water quality in urban water bodies (UWBs) of Chittagong Metropolitan City, Bangladesh: implications of higher water quality index (WQI) for the urban environment",2022
W2317396257,https://doi.org/10.2166/ws.2012.136,Investigation into the occurrence of aquatic invertebrates throughout drinking water purification plants,2012
W2313750616,https://doi.org/10.2166/ws.2013.058,Development of a sealing material and robot for automatic socket rehabilitation of grey cast iron pipes in drinking water supply systems,2013
W2331465786,https://doi.org/10.2166/ws.2015.132,Testing and developing energy harvester systems for operation of energy-self-sufficient measurement and control units in drinking water supply,2015
W2277571579,https://doi.org/10.2166/ws.2004.0081,Can we predict the removal of MIB and geosmin with PAC by using water quality parameters?,2004
W2047714319,https://doi.org/10.2166/ws.2006.765,Influence of calcium-NOM complexes on fouling of nanofiltration membranes in drinking water production,2006
W2010748511,https://doi.org/10.2166/ws.2011.113,Evaluating water scarcity in the Southern African Development Community (SADC) region by using a climate moisture index (CMI) indicator,2012
W3195425548,https://doi.org/10.2166/ws.2021.269,Effect of hydrodynamic conditions on the water quality in urban landscape water,2021
W3124284852,https://doi.org/10.2166/ws.2021.020,Influence of water quality on the diversity of macroinvertebrates in the Mandakini River in India,2021
W4283008988,https://doi.org/10.2166/ws.2022.238,Development of customized water quality index for medium- and long-term evaluation of urban river water quality,2022
W2474375119,https://doi.org/10.2166/ws.2016.090,Willingness to pay for the water supply service in Cape Verde – how far can it go?,2016
W2933102810,https://doi.org/10.2166/ws.2019.057,Artificial intelligence-based monitoring system of water quality parameters for early detection of non-specific bio-contamination in water distribution systems,2019
W4304698169,https://doi.org/10.2166/ws.2022.353,Retracted: Construction of pollution risk early warning model for urban drinking water supply chain,2022
W2316731287,https://doi.org/10.2166/ws.2014.057,Pseudomonas aeruginosa in bottled drinking water in Sri Lanka: a potential health hazard,2014
W2804953666,https://doi.org/10.2166/ws.2004.0002,Optimal uses of advanced technologies for water and wastewater treatment in urban environments,2004
W2959023903,https://doi.org/10.2166/ws.2019.098,Climate change impact on water supply demands: case study of the city of Skopje,2019
W2057203691,https://doi.org/10.2166/ws.2008.061,DBP formation in drinking water: kinetics and linear modelling,2008
W2336239514,https://doi.org/10.2166/ws.2006.064,Biological filtration for the removal of algal metabolites from drinking water,2006
W2025597485,https://doi.org/10.2166/ws.2013.214,Chlorine requirement for biologically stable drinking water after nanofiltration,2013
W3080786642,https://doi.org/10.2166/ws.2020.196,Sustainability and risk assessment matrix (SRAM): pathway to water security,2020
W2757667562,https://doi.org/10.2166/ws.2017.193,Comparison of invertebrate removal by traditional-BAC and pre-BAC treatment processes: verification in a full-scale drinking water treatment plant,2017
W4404050174,https://doi.org/10.2166/ws.2024.244,Risk factors for schistosomiasis,2024
W2049915971,https://doi.org/10.2166/ws.2012.017,Inactivation of recalcitrant protozoan oocysts and bacterial endospores in drinking water using high-intensity pulsed UV light irradiation,2012
W2057050608,https://doi.org/10.2166/ws.2011.023,The application of potassium manganate in water treatment,2011
W2249700192,https://doi.org/10.2166/ws.2002.0167,Plastic tastes in drinking water: factors affecting the chemistry of bromophenol formation,2002
W2803727749,https://doi.org/10.2166/ws.2003.0170,Identification and control of fouling of low-pressure (MF and UF) membranes by drinking-water natural organic matter,2003
W2048994115,https://doi.org/10.2166/ws.2013.006,Diagnosis of the ageing of water pipe systems by water quality and structure of iron corrosion in supplied water,2012
W2782444065,https://doi.org/10.2166/ws.2018.001,Removal of algal taste and odour compounds by granular and biological activated carbon in full-scale water treatment plants,2018
W2521014790,https://doi.org/10.2166/ws.2001.0049,The influence of drinking water quality on the corrosion of stainless steel EN 1.4401 (SS 2347),2001
W2284054805,https://doi.org/10.2166/ws.2015.084,Affinity adsorption for the removal of organic micropollutants in drinking water sources; proof of principle,2015
W2084722939,https://doi.org/10.2166/ws.2012.053,Genotoxicity and effects of nanosilver contamination in drinking water disinfection,2012
W9906655,https://doi.org/10.2166/ws.2005.0068,Market-driven pricing structures for drinking water,2005
W2800316891,https://doi.org/10.2166/ws.2018.092,Energetic optimization and evaluation of a drinking water pumping system: application at the Rassauta station,2018
W2039302577,https://doi.org/10.2166/ws.2012.030,Water quality event detection and customer complaint clustering analysis in distribution systems,2012
W2313180259,https://doi.org/10.2166/ws.2014.026,Riverbank filtration and managed aquifer recharge as alternative water supply technologies for India: strengths–weaknesses–opportunities–threats analysis,2014
W3010662957,https://doi.org/10.2166/ws.2020.039,Linking flow velocity-regulated EPS production with early-stage biofilm formation in drinking water distribution systems,2020
W2277131802,https://doi.org/10.2166/ws.2003.0140,Water supply and sanitation planning model: a management tool for large Brazilian cities,2003
W4289549825,https://doi.org/10.2166/ws.2022.285,Semiquantitative microbiological risk assessment for water reuse in agriculture: a case study in Brazil,2022
W4394686665,https://doi.org/10.2166/ws.2024.075,Calibration of intermittent water supply systems hydraulic models under data scarcity,2024
W2338313263,https://doi.org/10.2166/ws.2001.0034,Removal of arsenate from drinking water with a natural manganese oxide in the presence of competing anions,2001
W2171675684,https://doi.org/10.2166/ws.2005.0003,Water quality dependence on the depth of the vadose zone in SAT-simulated soil columns,2005
W3115125340,https://doi.org/10.2166/ws.2020.381,Machine learning method for quick identification of water quality index (WQI) based on Sentinel-2 MSI data: Ebinur Lake case study,2020
W15352054,https://doi.org/10.2166/ws.2005.0058,"Cost of services and willingness to pay for reliable urban water supply: a study from Delhi, India",2005
W1920238919,https://doi.org/10.2166/ws.2003.0078,"Reclaimed water reuse in the Mediterranean region: some considerations on water resources, standards and bacterial re-growth phenomena",2003
W3022924327,https://doi.org/10.2166/ws.2020.084,Modelling of Escherichia coli removal by a low-cost combined drinking water treatment system,2020
W2337869479,https://doi.org/10.2166/ws.2001.0110,A novel biofilm-membrane reactor for advanced drinking water treatment - pilot scale study,2001
W2337760497,https://doi.org/10.2166/ws.2015.027,The impact of projected changes in climate variability on the reliability of surface water supply in Scotland,2015
W2097164297,https://doi.org/10.2166/ws.2013.211,Perspectives on drinking water monitoring for small scale water systems,2013
W4402600436,https://doi.org/10.2166/ws.2024.213,"Pollution source characterization and evaluation of groundwater quality utilizing an integrated approach of Water Quality Index, GIS and multivariate statistical analysis",2024
W2265785213,https://doi.org/10.2166/ws.2002.0114,In situ examination of microbial populations in a model drinking water distribution system,2002
W4281680894,https://doi.org/10.2166/ws.2022.219,A mathematical approach to evaluate the extent of groundwater contamination using polynomial approximation,2022
W2527065929,https://doi.org/10.2166/ws.2016.164,Transfer of phthalates from c-polyvinyl chloride and cross-linked polyethylene pipe (PEX-b) into drinking water,2016
W3140538479,https://doi.org/10.2166/ws.2012.127,"Environmental analysis of chemicals and energy consumption in water treatment plants: case study of Oslo, Norway",2012
W2048887282,https://doi.org/10.2166/ws.2014.093,Water quality management for domestic rainwater harvesting systems in Fiji,2014
W2005183375,https://doi.org/10.2166/ws.2010.228,The use of antibiotic resistance profiling as a means of tracing sources of fecal contamination in source waters,2010
W2777204846,https://doi.org/10.2166/ws.2017.237,Hydrochemical characteristics and water quality assessment of surface water in the northeast Tibetan Plateau of China,2017
W2342115797,https://doi.org/10.2166/ws.2006.065,Cyanobacteria toxins and toxin producers in nine drinking water reservoirs in Taiwan,2006
W2341762372,https://doi.org/10.2166/ws.2001.0048,Drinking water distribution - improvements of the surface complexation model for iron corrosion,2001
W2521733592,https://doi.org/10.2166/ws.2015.040,Effect of oxygen deprivation on treatment processes in a full-scale drinking water biofilter,2015
W2065023871,https://doi.org/10.2166/ws.2013.096,Methodology for sampling drinking water discolouration loose deposits at low velocities,2013
W2095143305,https://doi.org/10.2166/ws.2009.476,Effect of chloramine residual on iron release in drinking water distribution systems,2009
W4283642659,https://doi.org/10.2166/ws.2022.246,Monitoring and forecasting cyanobacteria risk for a drinking water plant in Spain,2022
W2065826399,https://doi.org/10.2166/ws.2010.172,Effects of rainwater harvesting on centralized urban water supply systems,2010
W2044148957,https://doi.org/10.2166/ws.2013.127,Turbidity as a surrogate for Cryptosporidium removal by filtration in drinking-water QMRA models,2013
W4392914134,https://doi.org/10.2166/ws.2024.054,Consumers’ perception of piped water supply and their willingness to pay for improved water supply: evidence from an Eastern Indian state,2024
W2337226003,https://doi.org/10.2166/ws.2016.063,Access to safe drinking water and human health: empirical evidence from rural Bhutan,2016
W2335234828,https://doi.org/10.2166/ws.2013.149,A case study on the career paths of Finnish water supply and sanitation service experts,2013
W2474362522,https://doi.org/10.2166/ws.2016.052,Quantitative real-time PCR does not reliably detect single fecal indicator bacteria in drinking water,2016
W4294681420,https://doi.org/10.2166/ws.2022.319,Formation and influencing factors of disinfection by-products from bacterial materials in drinking water distribution systems,2022
W1553827465,https://doi.org/10.2166/ws.2001.0088,Cement-based materials used in drinking water pipe systems,2001
W4378174825,https://doi.org/10.2166/ws.2023.131,Assessing drainage water quality for irrigation using the water quality index and DataFit software,2023
W2556149606,https://doi.org/10.2166/ws.2016.180,Combating water scarcity through roof water harvesting: planning and design with stakeholders' perception in Sikkim (India),2016
W1969224748,https://doi.org/10.2166/ws.2013.118,Assessment of water quality modelling capabilities of EPANET multiple species and pressure-dependent extension models,2013
W3093973712,https://doi.org/10.2166/ws.2020.276,Water reuse: dairy effluent treated by a hybrid anaerobic biofilm baffled reactor and its application in lettuce irrigation,2020
W4237718326,https://doi.org/10.2166/ws.2003.0146,Phosphorus removal with membrane filtration for surface water treatment,2003
W2339233878,https://doi.org/10.2166/ws.2002.0008,The application of new technologies in the water treatment process of a modern waterworks,2002
W3045238123,https://doi.org/10.2166/ws.2020.164,"Water security evaluation based on comprehensive index in Jing-Jin-Ji district, China",2020
W3122732176,https://doi.org/10.2166/ws.2021.026,"Spatial and temporal variation of water quality in a watershed in center-west Paraná, Brazil",2021
W2311820912,https://doi.org/10.2166/ws.2001.0107,Nylon screen incorporated into hollow fiber microfiltration system for wastewater treatment,2001
W2241139073,https://doi.org/10.2166/ws.2002.0204,Evaluation of drinking water treatment processes focusing on natural organic matter removal and on disinfection by-product formation,2002
W2508024407,https://doi.org/10.2166/ws.2008.071,Evaluation of source water quality for selection of drinking water purification system,2008
W3114871841,https://doi.org/10.2166/ws.2020.376,Role of typical pipes in disinfection chemistry within drinking water distribution system,2020
W2060441767,https://doi.org/10.2166/ws.2013.023,Flotation outperforms sedimentation and ultrafiltration for turbidity and NOM removal at the drinking water treatment plant of Kluizen,2013
W2804754742,https://doi.org/10.2166/ws.2001.0112,High flux ultrafiltration membrane for drinking water production,2001
W2330116399,https://doi.org/10.2166/ws.2013.153,Protection and performance of the ancestral water supply system ‘Khettara’ as a sustainable alternative for arid regions,2013
W2511582897,https://doi.org/10.2166/ws.2003.0189,Coagulation-adsorption-ultrafiltration for wastewater treatment and reuse,2003
W4384930918,https://doi.org/10.2166/ws.2023.180,A method for water supply network DMA partitioning planning based on improved spectral clustering,2023
W2963836989,https://doi.org/10.2166/ws.2019.101,Microbial wash water quality on dairy farms from Galicia (NW Spain),2019
W1537363011,https://doi.org/10.2166/ws.2003.0064,"Extensive reclamation technologies, assets for the development of water reuse in the Mediterranean",2003
W2001247924,https://doi.org/10.2166/ws.2013.101,Biological ammonia removal field studies for drinking water treatment,2013
W3106268509,https://doi.org/10.2166/ws.2020.322,Modeling phosphorus adsorption onto polyaluminium chloride water treatment residuals,2020
W2032027265,https://doi.org/10.2166/ws.2008.107,Modeling of NOM-removal in drinking water biofilters,2008
W2091918690,https://doi.org/10.2166/ws.2009.158,Use of an enriched inoculum for determination of biodegradable dissolved organic carbon (BDOC) in drinking water,2009
W2083682991,https://doi.org/10.2166/ws.2007.102,Analysis of the failure behaviour of drinking water pipelines,2007
W1554927425,https://doi.org/10.2166/ws.2003.0110,Prediction of chlorine and trihalomethanes concentration profile in bulk drinking water distribution systems from laboratory data,2003
W2072923901,https://doi.org/10.2166/ws.2009.074,Preparation and application of TiO2/Al2O3 microspherical photocatalyst for water treatment,2009
W3170176278,https://doi.org/10.2166/ws.2021.164,UV/sulphite as alternative for UV/H2O2 for micropollutant degradation in drinking water,2021
W2059895717,https://doi.org/10.2166/ws.2010.734,The effect of the surface-to-volume contact ratio on the biomass production potential of the pipe products in contact with drinking water,2010
W3091850226,https://doi.org/10.2166/ws.2020.240,Performance evaluation for urban water supply services in China,2020
W2119566555,https://doi.org/10.2166/ws.2011.139,A comparative study of drinking water biofilm monitoring with flow cell and Propella™ bioreactors,2012
W3114720878,https://doi.org/10.2166/ws.2020.370,Study on impedance size optimization of a one-way surge tank in a long-distance water supply system,2020
W183906495,https://doi.org/10.2166/ws.2001.0079,Polar and non-polar aromatic micropollutants in water (drinking-water) resources,2001
W2045453898,https://doi.org/10.2166/ws.2013.052,Method for trihalomethane analysis in drinking water by solid-phase microextraction with gas chromatography and mass spectrometry detection,2013
W2559862992,https://doi.org/10.2166/ws.2016.196,"Stakeholder engagement in multi-objective optimization of water quality monitoring network, case study: Karkheh Dam reservoir",2016
W2803139007,https://doi.org/10.2166/ws.2002.0135,Practical application of metric benchmarking in water supply systems,2002
W2930033294,https://doi.org/10.2166/ws.2019.058,"Statistical assessment and neural network modeling of stream water quality observations of Green River watershed, KY, USA",2019
W2565734823,https://doi.org/10.2166/ws.2016.201,An approximate analytical method to size an air vessel in a water supply system,2016
W2257224980,https://doi.org/10.2166/ws.2016.005,Spatial variation of water quality in upper catchment of Miyun Reservoir,2016
W3117579491,https://doi.org/10.2166/ws.2020.374,Water quality index and spatio-temporal perspective of a large Brazilian water reservoir,2020
W2914377907,https://doi.org/10.2166/ws.2019.017,Spatial variability and temporal dynamics of cyanobacteria blooms and water quality parameters in Missisquoi Bay (Lake Champlain),2019
W3091830814,https://doi.org/10.2166/ws.2020.224,Risk assessment models to investigate the impact of emergency on a water supply system,2020
W4322767485,https://doi.org/10.2166/ws.2023.061,Spatiotemporal analysis of water quality indicators in a watershed in Brazilian Cerrado,2023
W2287416412,https://doi.org/10.2166/ws.2004.0036,"Drinking water pipe biofilm: present knowledge, concepts and significance",2004
W2464210543,https://doi.org/10.2166/ws.2016.089,Microbiological water quality of the Nišava River,2016
W2895569266,https://doi.org/10.2166/ws.2018.142,Thermal stratification and its relationship with water quality in the typical tributary bay of the Three Gorges Reservoir,2018
W2248946859,https://doi.org/10.2166/ws.2002.0175,Demonstration of new sensory methods for drinking water taste-and-odor control,2002
W2136740781,https://doi.org/10.2166/ws.2010.788,Understanding the behaviour of molecular weight fractions of natural organic matter to improve water treatment processes,2010
W3142607669,https://doi.org/10.2166/ws.2021.075,Investigation of municipal wastewater treatment by agricultural waste materials in locally designed trickling filter for peri-urban agriculture,2021
W4409108244,https://doi.org/10.2166/ws.2025.042,"Identification of microplastics and their removal efficiency in drinking water treatment plants in tropical areas: a case study of the Dago Pakar drinking water treatment plant, Bandung, Indonesia",2025
W4362454473,https://doi.org/10.2166/ws.2023.084,Efficiency of non-revenue water reduction in improving water supply performance in Indian metropolises,2023
W2313790428,https://doi.org/10.2166/ws.2004.0133,Approach for drinking water quality monitoring in rural areas: Morocco's case,2004
W2313605184,https://doi.org/10.2166/ws.2014.116,Brackish water treatment for reuse using vacuum membrane distillation process,2014
W4214633319,https://doi.org/10.2166/ws.2022.109,A coastal reservoir for Greater Sydney water supply in Shoalhaven river – a preliminary study,2022
W2997214011,https://doi.org/10.2166/ws.2019.196,"Rapid defluoridation of drinking water by calcium carbonate nanoadsorbent: characterization, adsorption studies and application to real samples’ treatment",2019
W2339251985,https://doi.org/10.2166/ws.2001.0067,"Development of coagulation theory and new coagulants for water treatment: its past, current and future trend",2001
W2517753612,https://doi.org/10.2166/ws.2014.033,Study of the recovery of phosphorus from struvite precipitation in supernatant line from anaerobic digesters of sludge,2014
W3214105879,https://doi.org/10.2166/ws.2021.222,A multi-objective optimization method based on NSGA-III for water quality sensor placement with the aim of reducing potential contamination of important nodes,2021
W3029252218,https://doi.org/10.2166/ws.2020.111,Water quality evaluation based on the water quality index method in Honghu Lake: one of the largest shallow lakes in the Yangtze River Economic Zone,2020
W2948600377,https://doi.org/10.2166/ws.2019.084,Effect of PVP concentration on prepared PEI membranes for potential use on water treatment: effect of additive on membranes prepared for water treatment,2019
W2341164891,https://doi.org/10.2166/ws.2006.081,Microbial community structure in a drinking water GAC filter,2006
W2791096251,https://doi.org/10.2166/ws.2018.039,"Detection of drinking water contamination event with Mahalanobis distance method, using on-line monitoring sensors and manual measurement data",2018
W2567647114,https://doi.org/10.2166/ws.2016.203,Application of ELM to predict the coagulant dosing in water treatment plants,2016
W2253307937,https://doi.org/10.2166/ws.2002.0085,Risk assessment for drinking water production: assessing the potential risk due to the presence of Cryptosporidium oocysts in water,2002
W2036969059,https://doi.org/10.2166/ws.2014.073,"Arsenic waste from water treatment systems: characteristics, treatments and its disposal",2014
W2803803314,https://doi.org/10.2166/ws.2002.0128,Water quality decay modelling in hydraulic pressure systems,2002
W2527525238,https://doi.org/10.2166/ws.2015.029,Development of a risk-based approach for better protection of drinking water catchments in Flanders (Belgium),2015
W2890301668,https://doi.org/10.2166/ws.2018.135,Review of perchlorate occurrence in large public drinking water systems in the United States of America,2018
W2339632243,https://doi.org/10.2166/ws.2001.0124,Fouling of ultrafiltration membranes in drinking water treatment of karstic spring waters,2001
W1967580174,https://doi.org/10.2166/ws.2007.107,Charting a new course for water—is black water reuse sustainable?,2007
W3042596896,https://doi.org/10.2166/ws.2020.154,A water quality assessment model for Suya Lake Reservoir,2020
W2075744589,https://doi.org/10.2166/ws.2006.825,An integrated approach to least-cost planning of water reuse schemes,2006
W2068708955,https://doi.org/10.2166/ws.2007.039,Urban water supply management in Shanghai,2007
W2997105565,https://doi.org/10.2166/ws.2020.001,Quantifying the impact of human activities on water quality based on spatialization of social data: a case study of the Pingzhai Reservoir Basin,2020
W2259981972,https://doi.org/10.2166/ws.2002.0055,Optimisation of coagulation and chlorination in drinking water treatment: laboratory and full-scale studies,2002
W4320725770,https://doi.org/10.2166/ws.2023.037,"Study of the cause of the generation of odor compounds (geosmin and 2-methylisoborneol) in the Han River system, the drinking water source, Republic of Korea",2023
W2149153814,https://doi.org/10.2166/ws.2010.489,Legionella pneumophila serogroup 3 prevalence in drinking water survey in Israel (2003–2007),2010
W2310600609,https://doi.org/10.2166/ws.2016.017,Odor removal by powdered activated carbon (PAC) in low turbidity drinking water,2016
W2041336528,https://doi.org/10.2166/ws.2010.176,Optimization of direct-osmosis–high-salinity cleaning for reverse osmosis fouling control in water reuse,2010
W2053130884,https://doi.org/10.2166/ws.2013.126,Application of linear programming for looped water supply pipe network design,2013
W2260869359,https://doi.org/10.2166/ws.2015.100,Prospective environmental and economic assessment for biotreatment of micropollutants in drinking water resources in Denmark,2015
W67532948,https://doi.org/10.2166/ws.2006.042,Development of evaluation methods to introduce a nanofiltration membrane process in drinking water treatment,2006
W4385724972,https://doi.org/10.2166/ws.2023.177,Equity analysis of intermittent water supply systems by means of EPA-SWMM,2023
W4405802271,https://doi.org/10.2166/ws.2024.267,Assessment of water quality of the Narmada River (India) using the fuzzy water quality index method,2024
W2331815824,https://doi.org/10.2166/ws.2016.058,"Spatio-temporal variation of groundwater contamination using IEA-UEF in urban areas of Jilin City, North-eastern China",2016
W171952843,https://doi.org/10.2166/ws.2004.0111,Coagulation/flocculation/ultrafiltration for natural organic matter removal in drinking water production,2004
W3092019821,https://doi.org/10.2166/ws.2020.228,Survival analysis of water distribution network under intermittent water supply conditions,2020
W2346043332,https://doi.org/10.2166/ws.2016.079,Microbial contamination and environmental factors of drinking water source for households with children under five years old in two South China ethnic groups,2016
W2056296839,https://doi.org/10.2166/ws.2010.570,Rich microbial communities inhabit water treatment biofilters and are differentially affected by filter type and sampling depth,2010
W2327794637,https://doi.org/10.2166/ws.2013.088,Frequency pressure regulation in water supply systems,2013
W2317753796,https://doi.org/10.2166/ws.2015.147,"Effects of improved storage containers on the bacteriological quality of household drinking water in low-income urban communities in Ibadan, Nigeria",2015
W162726343,https://doi.org/10.2166/ws.2002.0040,A systems analysis comparing drinking water systems - central physical-chemical treatment and local membrane filtration,2002
W2324817695,https://doi.org/10.2166/ws.2011.097,Use of anthropogenic gadolinium as a tracer for bank filtrate in drinking water wells,2011
W3190793268,https://doi.org/10.2166/ws.2021.207,"Rainwater harvesting (RWH): a supplement to domestic water supply in Mvog-Betsi, Yaoundé-Cameroon",2021
W2522371536,https://doi.org/10.2166/ws.2016.159,Nutrient enrichment and vertical mixing mediate 2-methylisoborneol and geosmin concentrations in a drinking water reservoir,2016
W2231344976,https://doi.org/10.2166/ws.2015.061,Biodegradation of multiple nitrosamines by the Bacillus species LT1C in drinking water biofilters,2015
W194298456,https://doi.org/10.2166/ws.2001.0136,Enhancing the particle removal efficiency of a drinking water treatment plant by membrane filtration,2001
W2796215277,https://doi.org/10.2166/ws.2018.067,Analysis of carbon emission hot spot and pumping energy efficiency in water supply system,2018
W4306848267,https://doi.org/10.2166/ws.2022.352,Urban surface water quality and the potential of phytoremediation to improve water quality in peri-urban and urban areas in sub-Saharan Africa – a review,2022
W4403398881,https://doi.org/10.2166/ws.2024.225,"The limitation of machine learning methods for water supply and demand forecasting: A case study for Greater Melbourne, Australia",2024
W3046163363,https://doi.org/10.2166/ws.2020.166,The ice cover shapes the spatial and temporal characteristics of water quality in Hulun Lake during winter,2020
W4405495037,https://doi.org/10.2166/ws.2024.261,Transformation of persistent organic micropollutants by UV and UV/H2O2 in wastewater treatment plant effluent,2024
W2340701916,https://doi.org/10.2166/ws.2001.0105,Combination of coagulation and ultrafiltration for drinking water production: impact of process configuration and module design,2001
W2742573708,https://doi.org/10.2166/ws.2017.159,Optimization of hybrid coagulation-ultrafiltration process for potable water treatment using response surface methodology,2017
W4220895460,https://doi.org/10.2166/ws.2022.133,Evaluation of the measurement performance of water meters depending on water quality,2022
W4281720003,https://doi.org/10.2166/ws.2022.225,"Groundwater quality status based on a modification of water quality index in an arid area, Iran",2022
W4320497125,https://doi.org/10.2166/ws.2023.027,Characterization of DOM and disinfection by-products precursors in biological activated carbon filter backwash water from drinking water treatments,2023
W2315760474,https://doi.org/10.2166/ws.2010.346,Measuring sustainability of water supply: performance indicators and their application in a corporate responsibility report,2010
W2526871731,https://doi.org/10.2166/ws.2003.0178,Tannery wastewater treatment: comparison between SBR and MSBR,2003
W2980753687,https://doi.org/10.2166/ws.2019.148,Analysis and prediction of eutrophication for advanced warning of the water quality concerns in Gaoyou Lake,2019
W3021767263,https://doi.org/10.2166/ws.2020.096,Ecological Water Quality Index associated with factor analysis to classify surface waters,2020
W4409967774,https://doi.org/10.2166/ws.2025.049,Water reuse options for decentralised MBR effluents: a case study in South Africa,2025
W2007175525,https://doi.org/10.2166/ws.2008.070,Where do the odorous halogenated phenols in drinking water resources come from?,2008
W2021138069,https://doi.org/10.2166/ws.2009.452,Potential N-nitrosodimethylamine (NDMA) formation from amine-based water treatment polymers in the reactions with chlorine-based oxidants and nitrosifying agents,2009
W4298140286,https://doi.org/10.2166/ws.2022.339,"Simultaneous identification of the number, location and release intensity of groundwater contamination sources based on simulation optimization and ensemble surrogate model",2022
W2804476333,https://doi.org/10.2166/ws.2005.0073,Trans-national water supply benchmarking: the cross-border co-operation of the Bavarian EFFWB project and the Austrian OVGW project,2005
W2032688962,https://doi.org/10.2166/ws.2007.036,Objectives and achievements of the European water supply and sanitation technology platform (WSSTP): a review,2007
W2521208405,https://doi.org/10.2166/ws.2015.033,Assessment of the water quality of the Seybouse River (north-east Algeria) using the CCME WQI model,2015
W2749481375,https://doi.org/10.2166/ws.2017.174,Analyzing the risk factors of private–public partnerships for water supply projects using fuzzy synthetic evaluation: a case study of Iranian water supply projects,2017
W2303048614,https://doi.org/10.2166/ws.2016.042,Experiences with the practical implementation and operation of biological nitrification for a small-scale drinking water treatment plant,2016
W2804107616,https://doi.org/10.2166/ws.2002.0012,OTTER mathematical process simulation of potable water treatment,2002
W3199845652,https://doi.org/10.2166/ws.2021.318,Simple hydro-economic tools for supporting small water supply agencies on sustainable irrigation water management,2021
W2319807618,https://doi.org/10.2166/ws.2011.049,Supporting the Water Safety Plan (WSP) approach with the Failure Experience Improvement System (FEIS),2011
W2338034647,https://doi.org/10.2166/ws.2006.066,Assimilable organic carbon (AOC) originating from picophytoplankton in drinking water,2006
W2895528263,https://doi.org/10.2166/ws.2018.161,Performance of a storage tank coupled with UV light on enteric virus inactivation in drinking water,2018
W4399365993,https://doi.org/10.2166/ws.2024.130,Estimation of willingness to pay for improved water supply service: Case of Algerian households,2024
W3194682415,https://doi.org/10.2166/ws.2021.240,"Water quality assessment and pollution source analysis of Yaojiang River Basin: a case study of inland rivers in Yuyao City, China",2021
W2314604870,https://doi.org/10.2166/ws.2011.096,Ozonation catalyzed by iron silicate for the degradation of o-chloronitrobenzene in drinking water,2012
W2002896039,https://doi.org/10.2166/ws.2012.086,Behavior of hexavalent chromium in the water supply system by IC-ICP-MS method,2012
W4396660677,https://doi.org/10.2166/ws.2024.104,Evaluation of ANN model for pipe status assessment in drinking water management,2024
W2789494216,https://doi.org/10.2166/ws.2018.063,Incorporation of the simplified equilibrium temperature approach in a hydrodynamic and water quality model – CE-QUAL-W2,2018
W2582272742,https://doi.org/10.2166/ws.2017.011,Knowledge-based planning of groundwater treatment trains for an efficient drinking water supply system in urban areas,2017
W2315430131,https://doi.org/10.2166/ws.2014.035,Nitrogen and phosphorus removal from secondary effluent using drinking water treatment residuals fixed-bed column with intermittent operation,2014
W2484481616,https://doi.org/10.2166/ws.2016.131,"Will greywater reuse really affect the sewer flow? Experience of a residential complex in Al Ain, UAE",2016
W3198554308,https://doi.org/10.2166/ws.2021.286,The applications of Canadian water quality index for ground and surface water quality assessments of Chilanchil Abay watershed: The case of Bahir Dar city waste disposal site,2021
W128387144,https://doi.org/10.2166/ws.2004.0022,Giardia sp. cysts and Cryptosporidium spp. oocysts dynamics in southeast Brazil: occurrence in surface water and removal in water treatment processes,2004
W3117838843,https://doi.org/10.2166/ws.2020.187,"Spatial evaluation of land use variability on water quality of the Densu Basin, Ghana",2020
W2613689310,https://doi.org/10.2166/ws.2017.079,Simulation of multiple water source ecological replenishment for Chagan Lake based on coupled hydrodynamic and water quality models,2017
W2044176303,https://doi.org/10.2166/ws.2008.065,"Hydro-economic analysis of water supply for the binational transboundary region of Baja California, Mexico",2008
W1579131723,https://doi.org/10.2166/ws.2004.0052,Using multivariate principal component analysis of injected water flows to detect anomalous behaviors in a water supply system - a case study,2004
W3198218979,https://doi.org/10.2166/ws.2021.296,Aquifer storage of treated wastewater for subsequent recovery as an important strategy for sustainable water security in Kuwait,2021
W2744279611,https://doi.org/10.2166/ws.2017.162,"Quantitative microbial risk assessment used to evaluate seasonal wastewater treatment limits: case study in Vacaville, CA",2017
W2998062104,https://doi.org/10.2166/ws.2019.203,"Exploring the water quality driving mechanism in Poyang Lake, the largest freshwater lake in China",2019
W2127852326,https://doi.org/10.2166/ws.2002.0093,Determination of cytotoxicity and invasiveness of heterotrophic plate count bacteria isolated from drinking water,2002
W4376957651,https://doi.org/10.2166/ws.2023.114,"Downstream hydrochemistry and irrigation water quality of the Syr Darya, Aral Sea Basin, South Kazakhstan",2023
W1973132073,https://doi.org/10.2166/ws.2007.149,Characterisation of carbonyl byproducts of drinking water ozonation,2007
W2911764390,https://doi.org/10.2166/ws.2019.030,"Hydrogeochemical characteristics and water quality assessment of shallow groundwater: a case study from Linhuan coal-mining district in northern Anhui Province, China",2019
W3083696742,https://doi.org/10.2166/ws.2020.205,A framework for the use of artificial neural networks for water treatment: development and application,2020
W2300407484,https://doi.org/10.2166/ws.2002.0161,Hydraulic study and optimisation of water treatment processes using numerical simulation,2002
W3168407671,https://doi.org/10.2166/ws.2021.158,Chemistry of alkaline and non-alkaline scaling in community RO for brackish water treatment operated with and without antiscalant doses,2021
W3010905614,https://doi.org/10.2166/ws.2020.037,Fire and drinking water capacity enhancement in water distribution networks,2020
W2895549271,https://doi.org/10.2166/ws.2018.126,Helophyte mats (wetland roofs) with high evapotranspiration rates as a tool for decentralised rainwater management – process stability improved by simultaneous greywater treatment,2018
W4404541717,https://doi.org/10.2166/ws.2024.251,Improving access to urban piped drinking water services in Africa: a scoping review,2024
W4385416402,https://doi.org/10.2166/ws.2023.189,Water security: a Geospatial Framework for urban water resilience,2023
W2322855467,https://doi.org/10.2166/ws.2002.0192,The role of pH on the ultrafiltration for drinking water production in Algarve (Portugal),2002
W2336601445,https://doi.org/10.2166/ws.2003.0100,Effects of chlorine level on the growth of biofilm in drinking water pipes,2003
W2232443356,https://doi.org/10.2166/ws.2015.056,Topological clustering as a tool for planning water quality monitoring in water distribution networks,2015
W3165696660,https://doi.org/10.2166/ws.2021.153,Multivariate analysis of the pressure variation in intermittent water supply systems and the impact on demand satisfaction,2021
W2782165394,https://doi.org/10.2166/ws.2018.002,Assessment of water quality and source apportionment in a typical urban river in China using multivariate statistical methods,2018
W2560249557,https://doi.org/10.2166/ws.2016.185,Method to determine the power efficiency of UV disinfection plants and its application to low pressure plants for drinking water,2016
W2316327175,https://doi.org/10.2166/ws.2014.099,Prediction of water quality in South to North Water Transfer Project of China based on GA-optimized general regression neural network,2014
W4301394279,https://doi.org/10.2166/ws.2022.346,Investigating socio-economic factors underlying urban consumers' willingness to pay extra for drinking water,2022
W4396905248,https://doi.org/10.2166/ws.2024.108,"Geochemical characteristics, mechanisms, and suitability of groundwater resource for sustainable water supply in Quetta valley",2024
W2620199699,https://doi.org/10.2166/ws.2017.089,"Treatment of arsenic-contaminated water using in-line electrolysis, co-precipitation and filtration in Costa Rica",2017
W2069304299,https://doi.org/10.2166/ws.2010.094,The influence of city water consumption on the water balance and quality of drinking water supply with implications for altered operating rules,2010
W2325681300,https://doi.org/10.2166/ws.2010.446,Evaluating the efficacy of pre-oxidation for enhancing removal of HAA5 precursors by conventional drinking water treatment,2010
W2066939794,https://doi.org/10.2166/ws.2008.075,Modelling the impacts of climate change on a water treatment plant in South Australia,2008
W2323244045,https://doi.org/10.2166/ws.2015.150,Assessing the potential use of abandoned mining pools as an alternative resource of raw water supply,2015
W2069627191,https://doi.org/10.2166/ws.2007.137,Effect of axial variation of flux on filtration characteristics of hollow fiber membrane for drinking water treatment,2007
W1966872261,https://doi.org/10.2166/ws.2013.092,Bacteriological water quality compliance and root cause analysis: an industry case study,2013
W2926855290,https://doi.org/10.2166/ws.2019.056,Core aspects of international water supply and wastewater disposal with a focus on developing countries in the Asia and Africa region,2019
W2926855290,https://doi.org/10.2166/ws.2019.056,Core aspects of international water supply and wastewater disposal with a focus on developing countries in the Asia and Africa region,2019
W2604155537,https://doi.org/10.2166/ws.2017.062,A GIS-based assessment of the Byzantine water supply system of Constantinople,2017
W2321233213,https://doi.org/10.2166/ws.2013.070,Water supply structures of the Ottoman period in Istanbul (Asian side),2013
W2327303861,https://doi.org/10.2166/ws.2012.051,Energy and environmental costs related to water supply in Mexico City,2012
W4399434027,https://doi.org/10.2166/ws.2024.135,"Health risk assessment of arsenic and lead contamination in drinking water: A study of Islamabad and Rawalpindi, Pakistan",2024
W3197801838,https://doi.org/10.2166/ws.2021.212,"Perceptions of water quality, and current and future water consumption of residents in the central business district of Yangon city Myanmar",2021
W3040268674,https://doi.org/10.2166/ws.2020.145,Determination of optimum operational conditions for the removal of 2-MIB from drinking water by peroxone process: a pilot-scale study,2020
W2598542559,https://doi.org/10.2166/ws.2017.034,"Dynamic simulation of sediment resuspension and its effect on water quality in Lake Taihu, China",2017
W2341670158,https://doi.org/10.2166/ws.2003.0111,Shedding light on water quality: prospect for real-time control,2003
W3155519252,https://doi.org/10.2166/ws.2021.116,Survival of animal and human-associated <i>Listeria monocytogenes</i> in drinking water and biofilms,2021
W2531901127,https://doi.org/10.2166/ws.2016.172,Freeze–melting process significantly decreases phthalate ester plasticizer levels in drinking water stored in polyethylene terephthalate (PET) bottles,2016
W3034285670,https://doi.org/10.2166/ws.2020.120,Characterization of dissolved organic matter extracted from water treatment sludge,2020
W4387302689,https://doi.org/10.2166/ws.2023.257,Enhancing water security through site selection of water harvesting structures in semi-arid regions: a GIS-based multiple criteria decision analysis,2023
W2090326764,https://doi.org/10.2166/ws.2010.175,Evaluation of an emerging water treatment technology: ceramic membranes,2010
W2290977415,https://doi.org/10.2166/ws.2015.024,Performance indicators for water supply management,2015
W2914332047,https://doi.org/10.2166/ws.2019.012,Innovative approach in Legionella water treatment with photodynamic cationic amphiphilic porphyrin,2019
W1971290086,https://doi.org/10.2166/ws.2007.020,Water supply of the cities in ancient China,2007
W2895558647,https://doi.org/10.2166/ws.2018.144,Copula-based joint probability distribution of water supply and demand in Luhun irrigation district,2018
W2318544927,https://doi.org/10.2166/ws.2014.088,Evaluation of approaches for consumers to eliminate chlorine off-flavors from drinking water at point-of-use,2014
W2995894223,https://doi.org/10.2166/ws.2019.187,"Multi-objective optimal water supply scheduling model for an inter-basin water transfer system: the South-to-North Water Diversion Middle Route Project, China",2019
W2586870830,https://doi.org/10.2166/ws.2017.015,An index model for evaluating water safety plans in the Philippines,2017
W3010969859,https://doi.org/10.2166/ws.2020.038,The restoration of the Roman water supply system in 1880 for the water supply to Split,2020
W2023589778,https://doi.org/10.2166/ws.2012.022,Assessment of microbial growth potential of PVC flexible tubing in contact with drinking water,2012
W2314854503,https://doi.org/10.2166/ws.2012.013,Presence of organochlorine contaminants in bottled drinking water from Mexico City,2012
W3032736171,https://doi.org/10.2166/ws.2020.105,Geo-spatial distribution of fluoride in drinking water resources in Eastern Iran,2020
W1975424484,https://doi.org/10.2166/ws.2013.157,Hydrogel floc nature and biogenic constituents of drinking water discolouration deposits,2013
W4412897963,https://doi.org/10.2166/ws.2025.072,MXenes in membrane engineering: Unlocking the new potential for water treatment,2025
W4223537316,https://doi.org/10.2166/ws.2022.164,Treatment of river water using modular gravity-driven ultrafiltration (GDU) for individual contingency water supply,2022
W2324479219,https://doi.org/10.2166/ws.2011.057,"Rapid, specific and quantitative polymerase chain reaction (PCR) detection of pathogenic protozoa Entamoeba histolytica for drinking water supply",2011
W2075004862,https://doi.org/10.2166/ws.2006.953,Control of high molecular weight disinfection byproducts in drinking water by coagulation,2006
W1999372112,https://doi.org/10.2166/ws.2012.006,Key points in the practical implementation of greywater recycling systems. The Spanish situation in the global context,2012
W2293546385,https://doi.org/10.2166/ws.2002.0038,The effect of distribution system biofilm bacteria on copper concentrations in drinking water,2002
W2075296671,https://doi.org/10.2166/ws.2008.002,Highly fouling resistant ultrafiltration membranes for water and wastewater treatments,2008
W2604801837,https://doi.org/10.2166/ws.2017.055,"Spatio-temporal variations of water quality in Nova Ponte Reservoir, Araguari River Basin, Brazil",2017
W2075058434,https://doi.org/10.2166/ws.2008.143,Comparison of methods for the determination of biodegradable dissolved organic carbon in potable water supply: use of a novel biofilm,2008
W2322140186,https://doi.org/10.2166/ws.2014.038,Strategies of coagulant optimisation to improve the removal of turbidity and Ceratium hirundinella cells during conventional drinking water purification,2014
W149628684,https://doi.org/10.2166/ws.2005.0033,"Removal of bromate, perchlorate and nitrate from drinking water in an ion exchange membrane bioreactor",2005
W2302037334,https://doi.org/10.2166/ws.2015.135,"Activity concentration and dose estimation of 226Ra, 232Th, 40K and 137Cs in drinking water of selected areas of Punjab, Pakistan",2015
W2041351811,https://doi.org/10.2166/ws.2010.083,Industrial water reuse opportunities and high temperature compatible membranes,2010
W2326527626,https://doi.org/10.2166/ws.2012.035,Employing multi-criteria decision analysis to select sustainable point-of-use and point-of-entry water treatment systems,2012
W3199512507,https://doi.org/10.2166/ws.2021.302,Water quality analysis and health risk assessment of the Lanzhou section of the Yellow River,2021
W1123818349,https://doi.org/10.2166/ws.2002.0080,Enteric viruses in drinking water supplies,2002
W2048354701,https://doi.org/10.2166/ws.2007.074,"Risks for groundwater contamination from domestic waste water: tracers, model applications and quality criteria",2007
W1983911345,https://doi.org/10.2166/ws.2006.961,"Treatment and reuse of backwash water in Taipei water treatment plant, Taiwan",2006
W2013144403,https://doi.org/10.2166/ws.2009.320,Effects of ozone in treating drinking water by DAF system,2009
W2009979578,https://doi.org/10.2166/ws.2012.132,A drinking water treatment plant simulator using real-time plant data for enhanced operator training and model evaluation,2012
W2522368153,https://doi.org/10.2166/ws.2016.154,"Design and management of rainwater harvesting systems to control water quality for potable purposes in Cu Khe, Vietnam",2016
W2004764985,https://doi.org/10.2166/ws.2006.732,Sensory and chemical analysis methods for earthy and musty odours in drinking water caused by geosmin and 2-methylisoborneol,2006
W2737092967,https://doi.org/10.2166/ws.2017.152,Continuous flow process of Cr(VI) removal from drinking water through reduction onto FeOOH by inorganic sulfur reductants,2017
W2518297634,https://doi.org/10.2166/ws.2008.079,Chlorine dioxide by-products predictive models for drinking water oxidation treatment,2008
W2209474013,https://doi.org/10.2166/ws.2015.082,Classification of water supply systems based on energy efficiency,2015
W4407029523,https://doi.org/10.2166/ws.2025.017,Status of drinking water supply and water stress levels in the African Great Lakes region: a time-series analysis from 1980 to 2020,2025
W2335459407,https://doi.org/10.2166/ws.2013.185,Removal of DOM and AOC in a full-scale advanced water treatment plant: effects of operational periods of BAC filters,2013
W4210712200,https://doi.org/10.2166/ws.2022.034,"River water treatment by continuous electrocoagulation: insights into removal of acetaminophen, and natural organic matter",2022
W2804316773,https://doi.org/10.2166/ws.2003.0088,Assessment of the impact of mains cleaning to improve distribution water quality,2003
W2330617305,https://doi.org/10.2166/ws.2011.103,Electrochemical inactivation of Bacillus spores in drinking water using a quaternary oxide electrode,2011
W2298837457,https://doi.org/10.2166/ws.2001.0084,Monitoring strategy for lead in drinking water at consumer's tap: field experiments in France,2001
W2769872931,https://doi.org/10.2166/ws.2017.226,Emergency operation rules for water-supply reservoirs under uncertainty and risk in dry seasons,2017
W3165974053,https://doi.org/10.2166/ws.2021.183,Preparation of cellulose nanofiltration membranes and their removal of typical pollutants from drinking water,2021
W1988592887,https://doi.org/10.2166/ws.2013.038,Water quality management in the food and beverage industry by hybrid automation using the example of breweries,2013
W2059579052,https://doi.org/10.2166/ws.2009.043,Presence and formation of disinfection by-products in Cairo residential water supply,2009
W2321421219,https://doi.org/10.2166/ws.2011.107,Structural conditions in German water supply,2011
W2066132231,https://doi.org/10.2166/ws.2009.487,Biodegradation of haloacetic acids in water treatment processes,2009
W2736201768,https://doi.org/10.2166/ws.2017.132,Water and sanitation management in medieval Portugal,2017
W4382989181,https://doi.org/10.2166/ws.2023.162,Identification and analysis of influencing factors on construction quality management for rural drinking water safety projects,2023
W4388446805,https://doi.org/10.2166/ws.2023.295,Optimizing crop production water footprints in the face of water scarcity: a combined experimental and simulation study of wheat in Zimbabwe,2023
W2977456770,https://doi.org/10.2166/ws.2019.142,"A hybrid hydraulic model for gradual transition from intermittent to continuous water supply in Amman, Jordan: a theoretical study",2019
W2021386786,https://doi.org/10.2166/ws.2006.800,Development of a closed loop stripping analysis using solid-phase microextraction to analyze geosmin and MIB in drinking water,2006
W4308010923,https://doi.org/10.2166/ws.2022.373,Water quality assessment of Kusheshwar Asthan wetlands: recognizing its hydrogeochemical variability and suitability for agriculture use,2022
W2715823005,https://doi.org/10.2166/ws.2017.120,The impact of changed river discharge on water quality deterioration in a prairie lake revealed by the sedimentary evidence,2017
W4319313317,https://doi.org/10.2166/ws.2023.028,"Assessment of groundwater quality in Vavuniya and Mullaitivu, Sri Lanka using multivariate statistical techniques and a Water Quality Index",2023
W4381546561,https://doi.org/10.2166/ws.2023.150,Groundwater quality analysis using different water quality indices in the hard rock aquifer region in semi-arid environment,2023
W2962991205,https://doi.org/10.2166/ws.2019.102,Developing hydrological and reservoir models under deep uncertainty of climate change: robustness of water supply reservoir,2019
W2513479710,https://doi.org/10.2166/ws.2016.118,"Spatial and seasonal variability of water quality in the Mopanshan Reservoir (Harbin, Northern China)",2016
W2240630695,https://doi.org/10.2166/ws.2002.0162,Performance evaluation program of water treatment plant in Korea,2002
W3094833038,https://doi.org/10.2166/ws.2020.287,Evaluation of water security based on capacity for socio-economic regulation,2020
W3110405284,https://doi.org/10.2166/ws.2020.348,Urban water security priorities – an Australian industry perspective,2020
W2805113280,https://doi.org/10.2166/ws.2018.104,Monitoring of iodine species during water purification at a public water treatment plant in Japan,2018
W3108923848,https://doi.org/10.2166/ws.2020.350,Daily water quality evaluation of reservoir and cyanobacteria pollution index calculation,2020
W3094456222,https://doi.org/10.2166/ws.2020.282,Electrosorptive disinfection of <i>Escherichia coli</i> (<i>E. coli</i>) aqueous solutions by activated carbon monolith electrodes,2020
W2312352404,https://doi.org/10.2166/ws.2011.007,Determination of water supply sources in the Barcelona distribution system by UV spectrophotometry and PLS,2011
W1977146895,https://doi.org/10.2166/ws.2008.005,"Gong-ju WTP, the first full-scale membrane plant for drinking water treatment in Korea: the result of detailed design",2008
W3011686573,https://doi.org/10.2166/ws.2020.034,Prevalence of Legionella spp. and Escherichia coli in the drinking water distribution system of Wrocław (Poland),2020
W2258375894,https://doi.org/10.2166/ws.2002.0158,Key parameters controlling an adsorption process for the selective removal of arsenic from drinking water,2002
W3121949788,https://doi.org/10.2166/ws.2021.023,Investigation of correlation between surface runoff rate and stream water quality,2021
W4212774935,https://doi.org/10.2166/ws.2022.057,Research on partition strategy of an urban water supply network based on optimized hierarchical clustering algorithm,2022
W2123358756,https://doi.org/10.2166/ws.2003.0041,The environmental benefits of water recycling and reuse,2003
W2166405713,https://doi.org/10.2166/ws.2013.165,Life cycle analysis of two Hungarian drinking water arsenic removal technologies,2013
W165852907,https://doi.org/10.2166/ws.2006.063,Control of biofilm growth in drinking water distribution system by biodegradable carbon and disinfectant residuals,2006
W4281758951,https://doi.org/10.2166/ws.2022.196,"Erratum: Water Supply 22 (3), 3000–3014: Progress on legal and practical aspects on water reuse with emphasis on drinking water – an overview, Ana Silvia Pereira Santos, Vimbai Pachawo, Marilia Carvalho Melo and José Manuel Pereira Vieira, doi: 10.2166/ws.2021.412",2022
W2981158891,https://doi.org/10.2166/ws.2019.150,Isolation and characterization of novel and efficient protease producing bacteria from drinking water resources,2019
W4291209132,https://doi.org/10.2166/ws.2022.298,"Hydrogeochemical and biological assessment of spring and stream water quality for its suitability for drinking in Kanglung locality, Trashigang, Bhutan",2022
W2077590810,https://doi.org/10.2166/ws.2009.716,"Removal of chromium(VI) from contaminated drinking water by ecofriendly adsorbent: equilibrium, isotherm and kinetic study",2009
W2338313024,https://doi.org/10.2166/ws.2001.0115,Application of microfiltration for reuse of backwash water in a conventional water treatment plant - a case study,2001
W2322407619,https://doi.org/10.2166/ws.2016.053,"The temporal–spatial assessment of water scarcity with the Water Poverty Index: a study in the middle basin of the Heihe River, northwest China",2016
W2897515081,https://doi.org/10.2166/ws.2018.173,Utilizing variable selection methods in modelling potable water quality,2018
W2644975544,https://doi.org/10.2166/ws.2017.121,"Application of a water balance adapted to intermittent water supply and flat-rate tariffs without customer metering in Tiruvannamalai, India",2017
W2531333080,https://doi.org/10.2166/ws.2016.170,Removal of aluminium and iron from surface water by conventional water treatment,2016
W3090965560,https://doi.org/10.2166/ws.2020.233,"Seasonal patterns in phytoplankton growth, composition, and predominance in relation to water quality at Northwest El-Manzala Lake, Egypt",2020
W4401171983,https://doi.org/10.2166/ws.2024.169,Pressure prediction of water supply network based on 1DCNN-GRU-multi-head attention,2024
W2729829520,https://doi.org/10.2166/ws.2017.145,Storage targets optimization embedded with analytical hedging rule for reservoir water supply operation,2017
W4406932039,https://doi.org/10.2166/ws.2025.003,Water quality health challenges in Iran's UNESCO Heritage arid regions: Focus on nitrate and fluoride,2025
W2320164983,https://doi.org/10.2166/ws.2014.127,The City Blueprint of Amsterdam: an assessment of integrated water resources management in the capital of the Netherlands,2014
W2254953300,https://doi.org/10.2166/ws.2015.180,A watershed water quality evaluation model using data mining as an alternative to physical watershed models,2015
W4379984392,https://doi.org/10.2166/ws.2023.140,"Water quality parameters assessment of Ras El-Ain Natural Ponds, Tyr, Lebanon",2023
W3130598652,https://doi.org/10.2166/ws.2021.038,Influence of the soil water retention curve type and magnetic water treatment on lettuce irrigation management responses,2021
W2803568893,https://doi.org/10.2166/ws.2001.0111,Advanced water treatment system using ozone and ozone resistant microfiltration module,2001
W2342092970,https://doi.org/10.2166/ws.2001.0076,Applying CFD modelling in order to enhance water treatment reactors efficiency: example of the ozonation process,2001
W2524485198,https://doi.org/10.2166/ws.2016.160,Optimization of UV/H2O2 processes for the removal of organic micropollutants from drinking water: effect of reactor geometry and water pretreatment on EEO values,2016
W4386769813,https://doi.org/10.2166/ws.2023.239,"Assessment of emerging endocrine-disrupting compounds, namely estrone, 17-beta-estradiol, estriol, and 17-alpha-ethinyl estradiol, in the drinking water piping network of Tehran",2023
W2341510418,https://doi.org/10.2166/ws.2004.0123,Relationship between di-(2-ethylhexyl) phthalate concentration and chemical structure of organic matter on solids in drinking water treatment processes,2004
W2323659218,https://doi.org/10.2166/ws.2004.0125,"Monitoring of hazardous substances at Alcantarilha's water treatment plant, Portugal",2004
W4410669154,https://doi.org/10.2166/ws.2025.062,Developing a numerical approach for monitoring the degradation of water quality parameters in an urban water supply system of the rapidly growing African city of Kinshasa,2025
W2062215111,https://doi.org/10.2166/ws.2010.635,Chemical monitoring strategy for the assessment of advanced water treatment plant performance,2010
W2467088642,https://doi.org/10.2166/ws.2003.0143,Experiences in integrity testing ultrafiltration membranes at a large potable water treatment works,2003
W2135370725,https://doi.org/10.2166/ws.2013.136,Granulation of Fe-Al-Ce nano-adsorbent for fluoride removal from drinking water using inorganic binder,2013
W2049515690,https://doi.org/10.2166/ws.2014.019,Applying reliability analysis to evaluate water treatment plants,2014
W4365143793,https://doi.org/10.2166/ws.2023.095,Effects of highly corrosive pipe wall and disinfectant constituent on the chlorine decay behavior in drinking water,2023
W4387937120,https://doi.org/10.2166/ws.2023.279,Development of a fuzzy-based approach for assessing water quality,2023
W2298412905,https://doi.org/10.2166/ws.2005.0013,Water reuse for the bottled water industry,2005
W4286560878,https://doi.org/10.2166/ws.2022.272,Electrical resistivity tomography applied for monitoring backwash efficiency in drinking water filters,2022
W2331540960,https://doi.org/10.2166/ws.2015.003,Periodic pattern extraction and anomaly detection for free chlorine in drinking water network,2015
W4402784249,https://doi.org/10.2166/ws.2024.206,"Adaptation to the impacts of climate and demographic changes on water supply and demand in Nairobi, Kenya",2024
W4385396952,https://doi.org/10.2166/ws.2023.188,Study on Gamma selection in the optimal operation of secondary water supply system based on deep Q-learning network,2023
W4200005974,https://doi.org/10.2166/ws.2021.411,"Impacts of storage tanks under the indirect cold water supply system on household water quality: a case of Wakiso District, Uganda",2021
W1995160062,https://doi.org/10.2166/ws.2010.601,"Measuring willingness to pay for improved urban water supply in Offa City, Kwara State, Nigeria",2010
W3081359476,https://doi.org/10.2166/ws.2020.198,"Estimating the future hydric needs of Baja California, Mexico. Assessment of scenarios to stop being a region with water scarcity",2020
W3108249943,https://doi.org/10.2166/ws.2020.257,Planning for urban water supply–demand portfolio using a hybrid robust stochastic optimization approach,2020
W2549458712,https://doi.org/10.2166/ws.2016.174,Framework for water quality monitoring system in water distribution networks based on vulnerability and population sensitivity risks,2016
W4323834632,https://doi.org/10.2166/ws.2023.071,Application of recursive VMD based on information entropy optimization in the water supply pipeline leak location,2023
W2979694499,https://doi.org/10.2166/ws.2019.143,Water supply control system for smarter electricity power usage adopting demand-response scheme,2019
W2071887597,https://doi.org/10.2166/ws.2007.091,Variation of biofilm formation on distribution pipe depending on water treatment processes and pipe materials,2007
W2341988898,https://doi.org/10.2166/ws.2016.055,A sensitive presence/absence test kit for detection of coliforms in drinking water,2016
W2338944719,https://doi.org/10.2166/ws.2006.067,Enhanced coagulation with composite permanganate pretreatment in polluted water treatment,2006
W2804163164,https://doi.org/10.2166/ws.2003.0120,LC-ESI/MS/MS analysis with derivatization applied to polar disinfection by-products in water treatment,2003
W2329199431,https://doi.org/10.2166/ws.2001.0120,Comparison of UV and chlorine pretreatment in pilot plant micro-filter membrane separation for drinking water,2001
W3093919474,https://doi.org/10.2166/ws.2020.285,The energy – pressure nexus in the water supply system,2020
W2331573744,https://doi.org/10.2166/ws.2014.098,Development of a water quality assessment model: a water quality assessment model based on watershed characteristics by non-linear regression,2014
W3033633654,https://doi.org/10.2166/ws.2020.117,Characterization of dissolved organic matter at a water treatment plant with closed systems in different seasons,2020
W2334583307,https://doi.org/10.2166/ws.2012.047,Towards a new drinking water resource classification approach at a river basin scale,2012
W2517294229,https://doi.org/10.2166/ws.2015.096,Evaluation of alternative DNA extraction processes and real-time PCR for detecting Cryptosporidium parvum in drinking water,2015
W3188655061,https://doi.org/10.2166/ws.2021.214,Water balance computation and water quality improvement evaluation for Yanghe Basin in a semiarid area of North China using coupled MIKE SHE/MIKE 11 modeling,2021
W4389557348,https://doi.org/10.2166/ws.2023.324,Adsorption and desorption processes of trihalomethanes on different granulated activated carbons in a full-scale advanced water treatment plant,2023
W2469780060,https://doi.org/10.2166/ws.2016.095,Bacteriological water quality changes in parallel pilot distribution systems,2016
W2312137300,https://doi.org/10.2166/ws.2015.141,Robust water quality controller for a reverse osmosis desalination system,2015
W3128389811,https://doi.org/10.2166/ws.2021.006,Water quality assessment of Middle Route of South-North Water Diversion Project based on modified Nemerow index method,2021
W4206650559,https://doi.org/10.2166/ws.2022.007,Sizing an open-channel woodchip bioreactor to treat nitrate from agricultural tile drainage and achieve water quality targets,2022
W2952794284,https://doi.org/10.2166/ws.2019.087,Occurrence of emerging contaminants in environmental surface waters and their analytical methodology – a review,2019
W2075311765,https://doi.org/10.2166/ws.2011.040,"Assessment of water treatment processes: detailed organic matter characterisation and membrane fouling indices at the Loddon Water Treatment Plant, Victoria, Australia",2011
W2804209327,https://doi.org/10.2166/ws.2018.097,Water quality deterioration of treated oilfield injection water in the water distribution system of the Jianghan oilfield,2018
W3138475339,https://doi.org/10.2166/ws.2021.062,Detection of water quality failure events at treatment works using a hybrid two-stage method with CUSUM and random forest algorithms,2021
W2790195281,https://doi.org/10.2166/ws.2018.058,"Application of multivariate statistical methods in the assessment of water quality in selected locations in Jialing River basin in Guangyuan, China",2018
W4401821267,https://doi.org/10.2166/ws.2024.198,Performance evaluation of water supply service providers: a review with a focus on Brazil,2024
W3193641320,https://doi.org/10.2166/ws.2021.263,Quantitative assessment of the dynamics and attribution of arable land water scarcity for arid and semiarid areas based on water footprint framework: the Inner Mongolia case,2021
W2729883672,https://doi.org/10.2166/ws.2017.126,Paying too much or too little? Pricing approaches in the case of cross-border water supply,2017
W4225164086,https://doi.org/10.2166/ws.2022.181,"Assessment of the impacts of landscape patterns on water quality in Trondheim rivers and Fjord, Norway",2022
W2012720684,https://doi.org/10.2166/ws.2013.162,"Heterogeneity of water quality in Huai River, China by using bio-monitoring data",2013
W2314396700,https://doi.org/10.2166/ws.2013.045,Are we risking too much? Estimating the risk-mitigating benefit of urban water supply augmentation options,2013
W2312624950,https://doi.org/10.2166/ws.2016.049,"State of well-water quality in Kakua Chiefdom, Sierra Leone",2016
W3195312349,https://doi.org/10.2166/ws.2021.244,"Editorial: Could advances in geoinformatics, irrigation management and climate adaptive agronomic practices ensure the sustainability of water supply in agriculture?",2021
W4205302599,https://doi.org/10.2166/ws.2022.006,"Assessment of correlation amongst physico-chemical, topographical, geological, lithological and soil type parameters for measuring water quality of Rawal watershed using remote sensing",2022
W4402600655,https://doi.org/10.2166/ws.2024.208,Assessment of CROPWAT 8.0 model accuracy under deficit irrigation scheduling: A sustainable path toward smart water supply,2024
W2340945937,https://doi.org/10.2166/ws.2016.035,Preparation and characterization of polymeric phosphate-aluminum sulphate for source water treatment,2016
W4293088503,https://doi.org/10.2166/ws.2022.307,"Research into an ecological compensation standard in the Minjiang River Basin under the combined scenario of ‘clear property rights, water quality and quantity, and opportunity cost’",2022
W2560376068,https://doi.org/10.2166/ws.2016.197,Fifteen years of experience with standardized reference radiometers for controlling low-pressure UV disinfection plants for drinking water,2016
W3145097343,https://doi.org/10.2166/ws.2021.088,"A multivariate analysis of the spatial variations of water quality during high-flow period in the Chaobai River (Beijing, China) restored by reclaimed water",2021
W2006083997,https://doi.org/10.2166/ws.2014.001,"Experiences with stakeholder involvement in strategic sanitation planning: a case study of the city of Darkhan, Mongolia",2014
W4200083825,https://doi.org/10.2166/ws.2021.445,"Hydrochemical characteristics, hydraulic connectivity and water quality assessment of multilayer aquifers in Western Suzhou City, Northern Anhui Province, China",2021
W3127071726,https://doi.org/10.2166/ws.2021.029,Applicability of semi quantitative approach to assess the potential environmental risks for sustainable implementation of water supply schemes: a case study of Sri Lanka,2021
W3022354340,https://doi.org/10.2166/ws.2020.083,Human activity impact on surface water quality in semi-arid regions: a case study of Aïnzeda lake (North-East Algeria),2020
W2008270222,https://doi.org/10.2166/ws.2006.950,Critical design considerations for harnessing reverse osmosis processes in water/wastewater treatment,2006
W4212987355,https://doi.org/10.2166/ws.2022.049,"Impact of pipe material on the wall reaction coefficients and its application in the rehabilitation of water supply system of San Pedro Nexapa, State of Mexico",2022
W2315464888,https://doi.org/10.2166/ws.2003.0028,An innovative approach to small town water quality improvements,2003
W2011106791,https://doi.org/10.2166/ws.2011.134,Screening of powdered activated carbons to remove 2-methylisoborneol for drinking water,2012
W2597436743,https://doi.org/10.2166/ws.2017.041,Statistical assessment of water quality of a Ramsar site wetland,2017
W2067282326,https://doi.org/10.2166/ws.2006.971,Scaling up of ecological sanitation for peri-urban and rural areas to meet the sanitation of MDGs,2006
W2276914947,https://doi.org/10.2166/ws.2015.127,The influence of the contact zone configuration on the performance of a DAF pilot plant applied to water treatment,2015
W2508339326,https://doi.org/10.2166/ws.2001.0047,Pipe material and water quality in a holistic view,2001
W2022667458,https://doi.org/10.2166/ws.2006.807,Development and dissemination of Kanchan™ Arsenic Filter in rural Nepal,2006
W2059940568,https://doi.org/10.2166/ws.2009.392,On-site electro-chlorination application for water treatment in North Iraq,2009
W3111097857,https://doi.org/10.2166/ws.2020.275,"Investigating the presence of enteric bacteria and their antibiotic resistance in drinking water samples of slum households in port city Chattogram, Bangladesh",2020
W2996615549,https://doi.org/10.2166/ws.2019.186,Role of humic substances as refractory organic matter in sustainable water quality assessment and management,2019
W2086969543,https://doi.org/10.2166/ws.2006.913,Ozone and UV – a tool for multi-barrier concepts in water treatment,2006
W2986603147,https://doi.org/10.2166/ws.2019.158,Comparing methods to improve reliable sensor deployment time in continuous water quality monitoring,2019
W2738023867,https://doi.org/10.2166/ws.2017.143,Water quality model with axial dispersion solved by Eulerian-Lagrangian operator-splitting method in water distribution system,2017
W2007875449,https://doi.org/10.2166/ws.2011.071,"Monitoring, environmental emergencies management and water treatment improvement of freshwater lakes in China: the Chao Lake case study",2011
W4392365217,https://doi.org/10.2166/ws.2024.039,Performance improvement of a double-suction centrifugal pump for water supply system based on energy loss analysis and cavitation behaviour prediction,2024
W1987734196,https://doi.org/10.2166/ws.2006.802,"Multivariate statistical techniques for the assessment of surface water quality of Fuji River Basin, Japan",2006
W2310792479,https://doi.org/10.2166/ws.2015.154,Key issues of ultrafiltration membrane water treatment plant scale-up from laboratory and pilot plant results,2015
W2900627084,https://doi.org/10.2166/ws.2018.183,"Water quality assessment and plasmid analysis of multiple antibiotic-resistant Escherichia coli O157:H7 from well-water sources in Ado-Ekiti metropolis, Nigeria",2018
W1985429091,https://doi.org/10.2166/ws.2007.094,Analysis of urban water cycle considering water reuse options,2007
W2341624399,https://doi.org/10.2166/ws.2003.0169,Integral diagnosis of fouling problems by analysing biomass and inorganic compounds in membrane elements used in water treatment,2003
W2728066399,https://doi.org/10.2166/ws.2017.131,Predicting the effect of water quality on water distribution cast iron and steel pipes using two novel indices,2017
W2317402928,https://doi.org/10.2166/ws.2012.078,A pilot plant study of the processes of filtration and adsorption of drinking water through granular activated carbons: a comparative study,2012
W2326789038,https://doi.org/10.2166/ws.2014.014,"Long-term effects of hydrometeorological and water quality conditions on algal dynamics in the Paldang dam watershed, Korea",2014
W1975095180,https://doi.org/10.2166/ws.2010.107,"Water supply of Bologna (Italy) by Roman aqueduct: history, morphology and hydraulic, from ancient time to nowadays",2010
W2092183629,https://doi.org/10.2166/ws.2011.100,Water treatment and supply: intermediate education in Sub-Saharan Africa,2011
W2320512583,https://doi.org/10.2166/ws.2002.0164,"Optimisation of conventional water treatment processes in Adelaide, South Australia",2002
W4396705753,https://doi.org/10.2166/ws.2024.103,"Appraisal of groundwater suitability and hydrochemical characteristics by using various water quality indices and statistical analyses in the Wadi Righ area, Algeria",2024
W1968578736,https://doi.org/10.2166/ws.2008.103,Assessment of Lisbon drinking water distribution network biofilm colonization and associated hazards,2008
W3208151325,https://doi.org/10.2166/ws.2021.369,Start-up strategies for nitrification and manganese oxidation on a single stage RSF for drinking water production,2021
W2330812814,https://doi.org/10.2166/ws.2013.220,Creating a national benchmarking system for the utilities of water supply and wastewater sector in Russia,2013
W2948339026,https://doi.org/10.2166/ws.2019.079,Development of a basin management program to improve water quality in rivers based on an environmental water quality predictive model,2019
W3034797826,https://doi.org/10.2166/ws.2020.125,Improved dynamic simulation technique for hydrodynamics and water quality of river-connected lakes,2020
W2011340818,https://doi.org/10.2166/ws.2011.112,Analysis of pesticide residues in drinking water samples using solid-phase micro-extraction (SPME) coupled to a gas chromatography-electron-capture detector (GC-ECD),2011
W4381678672,https://doi.org/10.2166/ws.2023.119,Temporal evaluation of surface water quality in semiarid regions: a case study of the Ouled Mellouk dam in north-western Algeria,2023
W2945674182,https://doi.org/10.2166/ws.2019.077,Production mechanism and characteristics of dissolved organic nitrogen derived from soluble microbial products (SMPs-DON) in a drinking water biological aerated filter,2019
W3021695834,https://doi.org/10.2166/ws.2020.086,The efficacy of a recovered wash water plant in removing cyanobacteria cells and associated organic compounds,2020
W3064441395,https://doi.org/10.2166/ws.2020.192,"Evaluation of River Chenab water quality with respect to its users, using different classification schemes",2020
W18357355,https://doi.org/10.2166/ws.2002.0109,An integrated approach to assess the causes of water quality failures in the distribution system of Caen,2002
W2072467143,https://doi.org/10.2166/ws.2008.144,Advances in the characterization of the polarity of DOM under ambient water quality conditions using the polarity rapid assessment method,2008
W2072956190,https://doi.org/10.2166/ws.2008.140,Characterization of proton and copper binding properties of natural organic matter from an Australian drinking water source by differential absorbance spectroscopy,2008
W2271390189,https://doi.org/10.2166/ws.2004.0019,Exploratory study on reusing water treatment works sludge to enhance primary sewage treatment,2004
W2523649613,https://doi.org/10.2166/ws.2003.0187,A comparison of laboratory and pilot plant experiments on the combination of flocculation/ultrafiltration for direct potable water treatment of river water,2003
W4390976041,https://doi.org/10.2166/ws.2024.006,"Retracted: Assessment of customer satisfaction with the water supply system in low-income countries: A case of Adama City, Ethiopia",2024
W2081753777,https://doi.org/10.2166/ws.2014.030,Quantification of the adverse effects of drought caused by water supply restrictions considering the changes in household water consumption characteristics,2014
W4285090305,https://doi.org/10.2166/ws.2022.259,Radiological safety assessment of drinking water in Darjeeling hill and foothill areas: An experimental finding,2022
W2007055609,https://doi.org/10.2166/ws.2009.714,Breakthrough analysis for hexavalent chromium removal from drinking water in a fixed bed column,2009
W4405638110,https://doi.org/10.2166/ws.2024.264,"Multivariate analysis of inland water quality index in parts of Vapi district, Gujarat, India",2024
W4399667559,https://doi.org/10.2166/ws.2024.141,Unmanned surface vehicle for intelligent water quality assessment to promote sustainable human health,2024
W4380090540,https://doi.org/10.2166/ws.2023.141,Contribution of hydrogeochemical and statistical tools to the acquisition of water quality in the Bouchegouf Plain (northeast Algeria),2023
W4401580651,https://doi.org/10.2166/ws.2024.192,"Operational management of water quality to prevent physical, chemical, and microbial contaminations in hydroponic cultivation",2024
W2792431311,https://doi.org/10.2166/ws.2018.061,Technical auditing of water supply systems – part 1: the complex methodology,2018
W4283697083,https://doi.org/10.2166/ws.2022.244,Effect of pollution load reduction on water quality in rural lakes in the shallow hill water network area,2022
W2030665108,https://doi.org/10.2166/ws.2013.137,Integration of on-line and off-line methodologies for the assessment of river water quality,2013
W3113463395,https://doi.org/10.2166/ws.2020.258,"Spatiotemporal characteristics of the water quality in the Jinsha River Basin (Panzhihua, China)",2020
W2077452990,https://doi.org/10.2166/ws.2009.581,A modelling procedure for on-site ozonation steps in potable water treatment,2009
W4387618387,https://doi.org/10.2166/ws.2023.264,"New production pathway of musty 2,4,6-tribromoanisole during raw water disinfection processes at a surface water treatment plant",2023
W4298140277,https://doi.org/10.2166/ws.2022.348,An investigation into the use of acid treated sugar cane bagasse ash-based coagulants for water treatment,2022
W4289521858,https://doi.org/10.2166/ws.2022.284,Spatial water quality analysis of the watercourses in Northwestern New Territories (Hong Kong),2022
W2020473339,https://doi.org/10.2166/ws.2008.153,"Natural organic matter from catchment to drinking water: a case study of Pori waterworks, Finland",2008
W2807969845,https://doi.org/10.2166/ws.2018.111,Development of a combined anaerobic and aerobic membrane bioreactor for wastewater treatment and reclamation in terrestrial-based controlled ecological life support system,2018
W3080429765,https://doi.org/10.2166/ws.2020.202,Promoting equitable water distribution system from Melamchi Water Supply Project in Kathmandu Valley,2020
W120968886,https://doi.org/10.2166/ws.2003.0035,How do consumers perceive water quality? Example of an anthropological study carried out in Paris,2003
W4390104636,https://doi.org/10.2166/ws.2023.336,Optimization of the water quality monitoring network in a basin with intensive agriculture using artificial intelligence algorithms,2023
W2045906351,https://doi.org/10.2166/ws.2012.019,"Water quality evaluation, health risk assessment and multivariate apportionment of selected elements from Simly Lake, Pakistan",2012
W2320266084,https://doi.org/10.2166/ws.2012.061,The sustainability performance of the water and sanitation services in Santiago de Chile,2012
W2313900212,https://doi.org/10.2166/ws.2016.044,"Metabolism-based modelling for performance assessment of a water supply system: a case study of Reggio Emilia, Italy",2016
W1970213013,https://doi.org/10.2166/ws.2010.113,"Ancient water supply system of the old town of Lijiang, Yunnan Province, China",2010
W2340663155,https://doi.org/10.2166/ws.2001.0087,Comparative reliability analysis of the distribution areas of a water supply system and its application for an earthquake risk analysis,2001
W2928077338,https://doi.org/10.2166/ws.2019.060,Effect of pre-ozonation on N-nitrosodimethylamine (NDMA) formation from four drinking-water sources during subsequent chloramination,2019
W4293084661,https://doi.org/10.2166/ws.2022.145,"Spatiotemporal water quality variations in the urbanizing Chongqing reach of Jialing River, China",2022
W4395466181,https://doi.org/10.2166/ws.2024.090,"Quality assessment using water quality indicators with geospatial analysis of groundwater quality El-Oued region, Northern Sahara, Algeria",2024
W1963535498,https://doi.org/10.2166/ws.2008.067,Novel on-tap passive sampling for odorous compounds in drinking water,2008
W2340650806,https://doi.org/10.2166/ws.2003.0027,Meeting the challenge of climate variability in a major water supply system,2003
W2297375884,https://doi.org/10.2166/ws.2015.130,"Effect of ion (Al, Fe and Zn) co-doped TiO2 nanotubes on photocatalytic degradation of humic acids under UV/ozonation for drinking water purification",2015
W32080141,https://doi.org/10.2166/ws.2001.0039,Development of an on-line chlorine sensor for water quality monitoring in public distribution networks,2001
W4405701833,https://doi.org/10.2166/ws.2024.265,"Comparative analysis of water security in Kermanshah Province cities, Iran",2024
W2330317281,https://doi.org/10.2166/ws.2002.0180,Direct capillary nanofiltration for ground water and surface water treatment,2002
W4408915262,https://doi.org/10.2166/ws.2025.039,Adaptation pathways for intermittent water supply systems under limited resources,2025
W2008779341,https://doi.org/10.2166/ws.2010.186,IntegTa: a procedure for integrative management of dammed raw water reservoirs for drinking water production and their lower reaches,2010
W4214693901,https://doi.org/10.2166/ws.2022.112,Quality awareness of tap drinking water among Bangkok city residents and implications for sustainable supply management,2022
W1978057360,https://doi.org/10.2166/ws.2012.058,"A construction of water quality index considering physicochemical properties for drinking purposes in a rural settlement: a case study of Gajraula region, Ganga River Basin (North India)",2012
W4224285332,https://doi.org/10.2166/ws.2022.182,Effect of reservoir size on water quality in coastal reservoirs during desalinization period using numerical model,2022
W2334947186,https://doi.org/10.2166/ws.2014.117,Assessment of water quality in Little Vermillion River watershed using principal component and nearest neighbor analyses,2014
W2058145050,https://doi.org/10.2166/ws.2010.191,Proficiency test of non-target screening with gas chromatography mass spectrometry to confirm a detected contamination of raw and drinking water,2010
W2020349691,https://doi.org/10.2166/ws.2010.221,Microbial and chemical assessment of ceramic and BioSand water filters in rural Cambodia,2010
W2784744539,https://doi.org/10.2166/ws.2018.014,Analytical solutions for predicting the maximum pressure drop after pump failure in long-distance water supply project,2018
W1978603422,https://doi.org/10.2166/ws.2013.065,Architect Sinan's Kırkçeşme water supply system outside the city of Istanbul and city network,2013
W2058005514,https://doi.org/10.2166/ws.2007.115,Water supply benchmarking – a cross-border comparison of outcomes and benefits in Austria and southern Germany,2007
W7133782187,https://doi.org/10.2166/ws.2026.126,Drinking water reservoir dynamics: exploring the interface between design and microbial ecology,2026
W4225968654,https://doi.org/10.2166/ws.2022.161,Spatial heterogeneity of water quality in a small watershed of an ionic rare earth mining area,2022
W4390949560,https://doi.org/10.2166/ws.2024.007,Coupling Monte Carlo simulation with CRITIC-enhanced water quality assessment for the Weishui Reservoir,2024
W2803516780,https://doi.org/10.2166/ws.2001.0024,Effects of pre-ozonation and selected advanced water treatment processes on Mount Seymour impoundment water,2001
W2913419013,https://doi.org/10.2166/ws.2019.027,The impacts of magnetized water treatment on different morphological and physiological factors of plant species in arid regions,2019
W2803914786,https://doi.org/10.2166/ws.2002.0028,Cost-effective water treatment of polluted surface water by using direct filtration and granular activated carbon filtration,2002
W2296206050,https://doi.org/10.2166/ws.2002.0125,Substrate turnover at low carbon concentrations in a model drinking water distribution system,2002
W2996119433,https://doi.org/10.2166/ws.2019.183,Environmental and human health risk assessment of antibiotic residues in drinking water sources: case study of a fast-developing megacity in southern China,2019
W1965468544,https://doi.org/10.2166/ws.2008.076,Optimum use of gravity springs in water supply systems,2008
W4404523149,https://doi.org/10.2166/ws.2024.250,"A growing concern: investigating sustainable water quality and urban food production in Freetown, Sierra Leone",2024
W4392984551,https://doi.org/10.2166/ws.2024.057,Prediction of microbiological non-compliances using a Boosted Regression Trees model: application on the drinking water distribution system of a whole country,2024
W4402600293,https://doi.org/10.2166/ws.2024.212,Assessing water supply/demand dynamic balance in arid environments with policy options: a case study of Kuwait,2024
W2316615091,https://doi.org/10.2166/ws.2015.134,M-PGMA as a new water treatment agent to remove oxytetracycline from water,2015
W2301859570,https://doi.org/10.2166/ws.2004.0006,A new wastewater treatment system recovering magnetically immobilized microorganisms under strong magnetic field,2004
W2100702451,https://doi.org/10.2166/ws.2002.0202,Transport characterizations of natural organic matter in ion-exchange membrane for water treatment,2002
W4384484806,https://doi.org/10.2166/ws.2023.173,Determinants of transitions in drinking water service systems in developing economies: a case study of Uganda,2023
W4385980316,https://doi.org/10.2166/ws.2023.208,Analysis of the effects of COVID-19 restriction policies on drinking water consumption by smart water network data filtering,2023
W2804560664,https://doi.org/10.2166/ws.2002.0033,Innovation of conventional water treatment techniques in effluent reclamation,2002
W2272228213,https://doi.org/10.2166/ws.2015.148,Influence factors of organic compounds leaching from PE pipes and the potential toxic effects on E. coli and rat C6 glioma cell,2015
W1035453128,https://doi.org/10.2166/ws.2003.0177,Modelling and simulation of filtration performance in membrane bioreactor systems for municipal wastewater treatment,2003
W2606015336,https://doi.org/10.2166/ws.2017.046,"Joint occurrence of water quality indexes in relation to river streamflow in the heavily polluted Huai River Basin, China",2017
W3015123906,https://doi.org/10.2166/ws.2020.049,The effect of irrigation using recycled waters obtained from MBR and IDAL wastewater treatment systems on soil pH and EC under kikuyu grass (Pennisetum clandestinum) production,2020
W4324057275,https://doi.org/10.2166/ws.2023.073,Water supply strategies for higher land and water productivity in tank command areas of Southern India,2023
W2094262625,https://doi.org/10.2166/ws.2012.067,Development of automatic coagulant dosage control technology for rapid change of raw water quality parameters,2012
W2945282627,https://doi.org/10.2166/ws.2019.073,Experimental investigation of water quality responses to inorganic pollutants for the establishment of a contamination warning system,2019
W3196875644,https://doi.org/10.2166/ws.2021.205,Effects of culvert length and flow rates of raw water transport on biofilm development and water quality,2021
W2335910125,https://doi.org/10.2166/ws.2004.0088,Removal of microcystin-LR from drinking water with TiO2-coated activated carbon,2004
W4396734681,https://doi.org/10.2166/ws.2024.102,Withdrawn: Optimization of water supply reservoir scheduling with insufficientregulating capacity,2024
W2080861139,https://doi.org/10.2166/ws.2010.418,Preliminary study on novel backwash cleaning for reverse osmosis fouling control in water reuse,2010
W4414205350,https://doi.org/10.2166/ws.2025.080,"Quantitative microbial risk assessment (QMRA) of <i>Escherichia coli</i> in water supplied to selected schools in Limpopo Province, South Africa",2025
W2710082692,https://doi.org/10.2166/ws.2017.130,Water quality risk management strategies for remote operations,2017
W4408939042,https://doi.org/10.2166/ws.2025.040,An enhanced deep learning model with data pre-processing for flow prediction in urban water supply networks,2025
W3194177996,https://doi.org/10.2166/ws.2021.223,Experimental study of a solar water treatment device with dome structure cover in winter: performance evaluation and comparative analysis,2021
W2338564828,https://doi.org/10.2166/ws.2006.046,Water quality deterioration after roof-top storage: implications on their maintenance and management,2006
W2053388801,https://doi.org/10.2166/ws.2013.055,Estimation of surface water quality in a Yazoo River tributary using the duration curve and recurrence interval approach,2013
W4389168079,https://doi.org/10.2166/ws.2023.287,Seasonal differences in water quality of highland lakes and its influencing factors: A case study of Dianchi Lake,2023
W4407036915,https://doi.org/10.2166/ws.2025.006,"Prediction of drinking and irrigation chemical water quality indices using a multilinear regression approach in Cuddalore district, Tamil Nadu, India",2025
W3037399454,https://doi.org/10.2166/ws.2020.132,Effects of influent temperature variation on floc blanket behavior and effluent water quality,2020
W3199271302,https://doi.org/10.2166/ws.2021.314,"Study on hydrogeochemical connection and water quality assessment of subsidence lake and shallow groundwater in Luling coal-mining area of the Huaibei coalfield, Eastern China",2021
W2077344691,https://doi.org/10.2166/ws.2010.712,Photoelectrocatalytic activity for water treatment of TiO2/Ti electrodes prepared by anodization,2010
W2336384027,https://doi.org/10.2166/ws.2004.0087,Neural networks modelling of pesticides removal by activated carbon for water treatment,2004
W2049286927,https://doi.org/10.2166/ws.2008.106,Biofilm control using chlorine-based disinfectants in model drinking water distribution systems,2008
W2804140205,https://doi.org/10.2166/ws.2003.0144,Selective color removal nanofiltration membrane for the 7 mgd Irvine Ranch water treatment project,2003
W2277077042,https://doi.org/10.2166/ws.2001.0029,Ozone mass transfer in water treatment: hydrodynamics and mass transfer modeling of ozone bubble columns,2001
W3081340798,https://doi.org/10.2166/ws.2020.194,Designing key parameters of bubble plumes to restore water quality by using conceptual models: a case study in a sub-deep reservoir,2020
W4407799255,https://doi.org/10.2166/ws.2025.026,Water supply from groundwater: new solutions for a battered-and-bruised Ukraine,2025
W4200187915,https://doi.org/10.2166/ws.2021.434,Effect of clariflocculator and pulsator based sedimentation technology and poly-aluminium chloride coagulant type on the efficiency of the water treatment plant,2021
W2804899787,https://doi.org/10.2166/ws.2002.0032,Contamination potential of biofilms in water distribution systems,2002
W4406856016,https://doi.org/10.2166/ws.2025.015,Unveiling the impact of the COVID-19 pandemic on water quality: a case study on Ain-Silan and Ain-Karma sources,2025
W2301212518,https://doi.org/10.2166/ws.2015.031,"Analysis and assessment of confined and phreatic water quality using a rough set theory method in Jilin City, China",2015
W2339970652,https://doi.org/10.2166/ws.2001.0018,Change in the water quality of industrial channels due to resuspension of sediments contaminated with heavy metals,2001
W2292152225,https://doi.org/10.2166/ws.2015.015,Assessment of the surface water quality ranking in Mudan River using multivariate statistical techniques,2015
W4388969676,https://doi.org/10.2166/ws.2023.311,Harvested versus conditioned new test pieces in drinking water lead or copper corrosion testing,2023
W3175692688,https://doi.org/10.2166/ws.2021.192,"Analysis of water quality at hydrographic basin scale using satellite images, co-occurrence matrices and Bayes classifier",2021
W80029907,https://doi.org/10.2166/ws.2001.0085,"Applying cast iron pipes aging prediction methodology to the Mendoza, Argentina drinking water network",2001
W2283526117,https://doi.org/10.2166/ws.2001.0042,Incorporation of advection and adsorption in modeling ground water quality,2001
W3216185716,https://doi.org/10.2166/ws.2021.404,"Effects of the transfer of the São Francisco River waters on the performance of the water treatment plant of Gravatá, Paraíba, Brazil",2021
W3167192301,https://doi.org/10.2166/ws.2021.160,Impact of the COVID-19 pandemic on water consumption behaviour,2021
W3110353721,https://doi.org/10.2166/ws.2020.333,S-PLACE GA for optimal water quality sensor locations in water distribution network for dual purpose: regular monitoring and early contamination detection – a software tool for academia and practitioner,2020
W4407299341,https://doi.org/10.2166/ws.2025.020,Impact of elevated soil temperatures on disinfection byproduct dynamics and coagulation efficiency in soil runoff as a drinking water source,2025
W2339176430,https://doi.org/10.2166/ws.2002.0181,“Jan-Lagrand” water treatment works: UF/RO from technological novelty to full size application,2002
W2337422097,https://doi.org/10.2166/ws.2006.052,Identification and prioritization of performancelimiting factors for water treatment plantoptimization in Korea,2006
W3193854276,https://doi.org/10.2166/ws.2021.272,Sensitivity analysis and prediction of water supply and demand in Shenzhen based on an ELRF algorithm and a self-adaptive regression coupling model,2021
W2336152581,https://doi.org/10.2166/ws.2015.012,Effects of different coagulants on flocculation performance and floc properties in northwest China raw water treatment,2015
W4408576605,https://doi.org/10.2166/ws.2025.036,Expression of Concern: The study of water security evaluation indices under climate change impact,2025
W4411642928,https://doi.org/10.2166/ws.2025.066,"Hydrogeochemical characterization and appraisal of groundwater suitability for drinking purposes using water quality index (WQI) in Aksum town and surrounding areas, Tigray, Ethiopia",2025
W2066471035,https://doi.org/10.2166/ws.2009.873,Understanding and forecasting taste-and-odour formation in a drinking water distribution system: case study of Lyon (France),2009
W2088655316,https://doi.org/10.2166/ws.2012.064,Synergistic electric field enhancement of the effectiveness of chlorine species formed during electrochemical disinfection of drinking water,2012
W4402600477,https://doi.org/10.2166/ws.2024.214,A technical–scientific content management system on water reuse as an environmental education tool: the experience of a Portugal/Brazil partnership,2024
W2907780965,https://doi.org/10.2166/ws.2019.001,Introduction of an adsorption process into a surface water treatment system and its effect on disinfectant use,2019
W2327576900,https://doi.org/10.2166/ws.2013.062,The city blueprint: experiences with the implementation of 24 indicators to assess the sustainability of the urban water cycle,2013
W7128694218,https://doi.org/10.2166/ws.2026.114,Redrawing pump characteristic curves under real operating conditions in water supply networks,2026
W4393044111,https://doi.org/10.2166/ws.2024.056,Public opinion risk perception of decision makers’ in transboundary watershed emergency water supply,2024
W4415376630,https://doi.org/10.2166/ws.2025.091,"Governance of spring-dependent community water supply schemes in Seti Khola Watershed, Nepal",2025
W2024398776,https://doi.org/10.2166/ws.2014.056,Carbon nanotube composite membranes for small ‘designer’ water treatment systems,2014
W2804725018,https://doi.org/10.2166/ws.2003.0160,Scale inhibitor and recovery optimization for a brackish water supply: pilot test results and full-scale experiences,2003
W2738277015,https://doi.org/10.2166/ws.2017.141,"Incorporating pollutants interaction with the environment and parameter uncertainty in water quality evaluation: a case of Lake Chauhan, China",2017
W2051616211,https://doi.org/10.2166/ws.2008.055,Novel method for in-situ capture of taste and odour (T&amp;O) in drinking water: implementation of an enrichment tool,2008
W2804870837,https://doi.org/10.2166/ws.2002.0006,Aerated biological filtration for the removal of ammonia and manganese in a major new water treatment works under construction in Hong Kong,2002
W4405323920,https://doi.org/10.2166/ws.2024.255,Study of the combined effect of temperature and free chlorine concentration on the chlorine bulk decay coefficient in water supply systems,2024
W3034489249,https://doi.org/10.2166/ws.2020.121,Micro–nanobubble technology and water-related application,2020
W4401362134,https://doi.org/10.2166/ws.2024.182,"Spatial and seasonal assessment of surface water quality for domestic use in a semi-arid area of the Upper Kebir Sub-basin, NE Algeria",2024
W2063731433,https://doi.org/10.2166/ws.2007.049,Epilithic diatom as a biological indicator for the assessment of water quality in the East River,2007
W68650317,https://doi.org/10.2166/ws.2005.0110,"A phased approach to efficiency improvement in low-income countries: the case of the National Water and Sewerage Corporation in Fort Portal town, Uganda",2005
W4281639220,https://doi.org/10.2166/ws.2022.214,Improved multi-reservoir operation rules of water supply system based on target storage curves,2022
W2245567192,https://doi.org/10.2166/ws.2002.0056,Addressing the sustainability of small-user rural water treatment systems in South Africa,2002
W2783569603,https://doi.org/10.2166/ws.2018.012,The control of disinfection by-products precursors by advanced methods of water treatment,2018
W2091235459,https://doi.org/10.2166/ws.2013.142,Removal characterization of 133Cs and 127I in a water treatment process using a laboratory scale experiment,2013
W3045189313,https://doi.org/10.2166/ws.2020.139,"Research on response of water quality to land use pattern in nine plateau lake watersheds of Yunnan Province, China",2020
W2080901564,https://doi.org/10.2166/ws.2011.061,Joint water supply projects in rural Cameroon: partnership or profiteering? Lessons from the Mautu–Cameroon Development Corporation (CDC) project,2011
W3135224263,https://doi.org/10.2166/ws.2021.060,Performance of rapid sand filter – single media to remove microplastics,2021
W2066311908,https://doi.org/10.2166/ws.2008.130,NEWater—multi safety barrier approach for indirect potable use,2008
W3136569713,https://doi.org/10.2166/ws.2021.081,"Development of a simple, rapid multiplex PCR tool kit by using the 16S rRNA gene for the identification of faecal and non-faecal coliforms in drinking water",2021
W3015839005,https://doi.org/10.2166/ws.2020.036,Danube water quality and assessment on ecotourism in the biosphere reserve ‘Bačko Podunavlje’ in Serbia,2020
W1990148498,https://doi.org/10.2166/ws.2006.827,An information disclosure technique for reducing citizens' concerns about tap water quality,2006
W2746229333,https://doi.org/10.2166/ws.2017.165,Evaluation of an environmentally sustainable UV-assisted water treatment system for the removal of Bacillus globigii spores in water,2017
W3108162147,https://doi.org/10.2166/ws.2020.345,Water quality improvement measures at the Yagang cross-section in the Pearl River Delta based on the calculation of excessive pollutant fluxes,2020
W574648971,https://doi.org/10.2166/ws.2015.083,Disinfection byproduct formation kinetics of a water treatment plant on Kinmen Island,2015
W4214485673,https://doi.org/10.2166/ws.2022.114,Assessment of the impact of island development on water security based on the elements nexus for the water system in Zhoushan archipelago,2022
W4387365912,https://doi.org/10.2166/ws.2023.260,Hydrogeologic characteristics of groundwater in the Kızılırmak graben (Nevşehir–Turkey) and its evaluation in terms of irrigation water quality,2023
W2337607431,https://doi.org/10.2166/ws.2006.076,Study on deterioration of water treatment capability of granular activated carbon (GAC) in Osaka City,2006
W2749173292,https://doi.org/10.2166/ws.2017.170,Assessing pre-adsorption time impact on ultrafiltration performance for surface water treatment,2017
W2321135969,https://doi.org/10.2166/ws.2014.109,Membrane process for spring water treatment in the Tula Valley: assessment of physicochemical and microbiological parameters in a non-conventional water source,2014
W2970739080,https://doi.org/10.2166/ws.2019.122,Predicting water demand: a review of the methods employed and future possibilities,2019
W2463033009,https://doi.org/10.2166/ws.2016.111,Low cost and sustainable surface water purification methods using Moringa seeds and scallop powder followed by bio-sand filtration,2016
W2075461301,https://doi.org/10.2166/ws.2010.409,Effect of advanced water treatment on behaviour of residual chlorine and development of chlorine control method in distribution systems,2010
W2074028907,https://doi.org/10.2166/ws.2007.006,History of water and health from ancient civilizations to modern times,2007
W2067379805,https://doi.org/10.2166/ws.2011.021,"Spatio-temporal assessment of groundwater level and quality in urban coastal city Puri, India",2011
W2753694273,https://doi.org/10.2166/ws.2017.178,"Assessment of the spatial–temporal variations on the water quality of stagnant Haihe River, Tianjin, North China",2017
W3167466812,https://doi.org/10.2166/ws.2021.171,"Joint optimization of water allocation and water quality based on multi-objective control in Nanning, China",2021
W4385950216,https://doi.org/10.2166/ws.2023.211,Quantitative traceability study on the water quality driving forces across cities in the Xiang River Basin,2023
W2245570325,https://doi.org/10.2166/ws.2002.0170,Removal of microcystin variants with powdered activated carbon,2002
W2008108661,https://doi.org/10.2166/ws.2009.573,Evaluation of pilot-scale oxidation of several PPCPs/EDCs (pharmaceuticals and personal care products/endocrine disrupting compounds) during drinking water ozonation treatment,2009
W4400780150,https://doi.org/10.2166/ws.2024.163,Leakage assessment of water supply networks in a university based on WB-Easy Calc and night minimum flow: a case study in Xi'an,2024
W4206293496,https://doi.org/10.2166/ws.2022.003,Effect-based water quality assessment of rivers receiving discharges from legacy mines by using acute and chronic bioassays with two cladoceran species,2022
W2007663204,https://doi.org/10.2166/ws.2014.114,Reclaimed water for the Tarragona petrochemical park,2014
W4415181186,https://doi.org/10.2166/ws.2025.087,"Assessment and prediction of irrigation water quality using machine learning techniques: a case study from the Bouhamdane Basin, Guelma Region, Eastern Algeria",2025
W4386732085,https://doi.org/10.2166/ws.2023.238,Analysis on influence of consolidation and settlement of deep silt soil on existing pipeline – take the project of the fourth water supply pipeline to Macao as an example,2023
W141858444,https://doi.org/10.2166/ws.2005.0031,Rethinking urban water systems – revisiting concepts in urban wastewater collection and treatment to ensure infrastructure sustainability,2005
W2320321427,https://doi.org/10.2166/ws.2004.0070,Comparison of MIEX® treatment and coagulation on NOM character,2004
W4388292881,https://doi.org/10.2166/ws.2023.286,Use of water quality index and DRASTIC index correlation for better assessment of groundwater vulnerability to pollution: a case study,2023
W199280867,https://doi.org/10.2166/ws.2002.0003,"Residue-free removal of arsenic, iron, manganese and ammonia from groundwater",2002
W48648616,https://doi.org/10.2166/ws.2003.0046,Challenges and prospectives for water recycling and reuse in EU countries,2003
W2065758242,https://doi.org/10.2166/ws.2007.043,Integrated physical and ecological management of the East River,2007
W2483430178,https://doi.org/10.2166/ws.2006.027,Use of Moringa spp. seeds for coagulation: a review of a sustainable option,2006
W2803837549,https://doi.org/10.2166/ws.2002.0073,Arsenic removal - experience with the GEH® process in Germany,2002
W4389628118,https://doi.org/10.2166/ws.2023.325,"Integrating water quality monitoring and ecological assessment for wetland classification and risk evaluation in the Kirala Kele wetland, Sri Lanka",2023
W2527575428,https://doi.org/10.2166/ws.2016.144,Quality assessment of rainwater and harvested rainwater stored in different types of cisterns,2016
W2337548878,https://doi.org/10.2166/ws.2003.0020,On-site water recycling systems in Japan,2003
W2070165100,https://doi.org/10.2166/ws.2013.140,Rethinking urban areas: an example of an integrated blue-green approach,2013
W2260068233,https://doi.org/10.2166/ws.2015.044,Effects of raw diatomite on coagulation performance and residual aluminum during the micropolluted raw water treatment with polyaluminum chloride,2015
W2151289644,https://doi.org/10.2166/ws.2003.0010,Biologically induced precipitation in urine-collecting systems,2003
W2167102012,https://doi.org/10.2166/ws.2004.0060,NOM increase in Northern European source waters: discussion of possible causes and impacts on coagulation/contact filtration processes,2004
W4401218479,https://doi.org/10.2166/ws.2024.179,Water quality management of the Aras River in Iran using two modeling methods: canonical correlation analysis and principal component analysis,2024
W2076802805,https://doi.org/10.2166/ws.2013.103,From energy balance to energy efficiency indicators including water losses,2013
W3140249883,https://doi.org/10.2166/ws.2021.074,Parameters optimization for eutrophic lake water treatment by a novel process of iron-carbon micro-electrolysis coupled with catalytic ozonation using response surface methodology,2021
W2108797101,https://doi.org/10.2166/ws.2003.0077,International guidelines for water recycling: microbiological considerations,2003
W2580755445,https://doi.org/10.2166/ws.2017.006,Hydro-technologies in the Minoan Era,2017
W3213977089,https://doi.org/10.2166/ws.2021.382,"Corrigendum: <i>Water Supply</i> 21 (6), 2748–2759: Impacts of irrigation and nitrate fertilization scenarios on groundwater resources quantity and quality of Almyros Basin, Greece",2021
W4224861528,https://doi.org/10.2166/ws.2022.186,Coliform removal efficacy of polyurethane foam impregnated with chitosan nanoparticles and silver/silver oxide nanoparticles,2022
W2976692055,https://doi.org/10.2166/ws.2019.136,Wastewater reuse in Turkey: from present status to future potential,2019
W2257982322,https://doi.org/10.2166/ws.2015.184,Desalination leaders in the global market – current trends and future perspectives,2015
W2079917367,https://doi.org/10.2166/ws.2010.862,Development of a rapid screening method for the detection of pathogenic Escherichia coli using a combination of Colilert® Quanti-Trays/2000 and PCR,2010
W2335121199,https://doi.org/10.2166/ws.2014.115,A history of water distribution systems and their optimisation,2014
W3128000098,https://doi.org/10.2166/ws.2021.031,Treated municipal wastewater to fulfil crop water footprints and irrigation demand – a review,2021
W3027111805,https://doi.org/10.2166/ws.2020.090,"Forecasting water demand under climate change using artificial neural network: a case study of Kathmandu Valley, Nepal",2020
W2324394869,https://doi.org/10.2166/ws.2010.144,Quality and suitability of harvested rainwater for drinking in Bangladesh,2010
W7147276476,https://doi.org/10.2166/ws.2026.136,"Unsafe drinking water, inadequate sanitation, and public health in Ethiopia: a review",2026
W3202403884,https://doi.org/10.2166/ws.2021.336,Persistent and mobile organic chemicals in water resources: occurrence and removal options for water utilities,2021
W2306567013,https://doi.org/10.2166/ws.2004.0097,Affinity isolation of algal organic matters able to form complex with aluminium coagulant,2004
W4214599445,https://doi.org/10.2166/ws.2022.107,Spatial analysis and mapping of the groundwater quality index for drinking and irrigation purpose in the alluvial aquifers of upper and middle Cheliff basin (north-west Algeria),2022
W2068494326,https://doi.org/10.2166/ws.2009.524,Improving water management efficiency by using optimization-based control strategies: the Barcelona case study,2009
W2040944276,https://doi.org/10.2166/ws.2013.091,"Major urban water and wastewater systems in Minoan Crete, Greece",2013
W2021003540,https://doi.org/10.2166/ws.2011.026,"Self supply systems: Urban dug wells in Abeokuta, Nigeria",2011
W2804434487,https://doi.org/10.2166/ws.2003.0162,Understanding membrane fouling: a review of over a decade of research,2003
W2334661638,https://doi.org/10.2166/ws.2012.131,No simple solution to waterborne fungi: various responses to water disinfection methods,2012
W2800375872,https://doi.org/10.2166/ws.2018.082,Alternative water sources in New Zealand's commercial buildings,2018
W1660928462,https://doi.org/10.2166/ws.2005.0060,Cost analysis and evaluation of urban sewage processing units,2005
W2514702386,https://doi.org/10.2166/ws.2008.131,Modelling raw water quality—development of a drinking water management tool,2008
W2258229720,https://doi.org/10.2166/ws.2002.0071,"Perchlorate as a secondary substrate in a denitrifying, hollow-fiber membrane biofilm reactor",2002
W2338307357,https://doi.org/10.2166/ws.2006.051,Oxidation of geosmin and MIB in water using O3/H2O2: kinetic evaluation,2006
W2524960152,https://doi.org/10.2166/ws.2016.162,"Modeling the impact of nitrate fertilizers on groundwater quality in the southern part of the Nile Delta, Egypt",2016
W3089486645,https://doi.org/10.2166/ws.2020.234,"User satisfaction with rural water drinking points in Woliso District, Central Ethiopia",2020
W1847582,https://doi.org/10.2166/ws.2004.0011,Decentralized wastewater management: challenges and opportunities for the twenty-first century,2004
W3006466052,https://doi.org/10.2166/ws.2020.018,Prevalence and characterization of Escherichia coli in the Kelantan River and its adjacent coastal waters,2020
W2329606714,https://doi.org/10.2166/ws.2004.0026,Campylobacter in waterborne epidemics in Finland,2004
W2305107687,https://doi.org/10.2166/ws.2015.125,Statistical validation of the CLARA Simplified Planning Tool,2015
W2590922641,https://doi.org/10.2166/ws.2017.025,Arsenic removal from arsenic-contaminated water by biological arsenite oxidation and chemical ferrous iron oxidation using a down-flow hanging sponge reactor,2017
W2605807248,https://doi.org/10.2166/ws.2017.066,"Geophysical and physicochemical characterization of organic waste contamination of hydrolithofacies in the coastal dumpsite of Akwa Ibom State, southern Nigeria",2017
W2313179783,https://doi.org/10.2166/ws.2011.070,Prediction of advanced oxidation performance in UV/H2O2 reactor systems with LP-UV lamps,2011
W2340146587,https://doi.org/10.2166/ws.2003.0058,Ultrafiltration as tertiary treatment for industrial reuse,2003
W2299194875,https://doi.org/10.2166/ws.2001.0127,Using a membrane bioreactor/reverse osmosis system for indirect potable reuse,2001
W2336570777,https://doi.org/10.2166/ws.2016.066,"An examination of factors affecting sustainability of domestic rainwater harvesting systems in a rural, semi-arid region of Mexico",2016
W2242034767,https://doi.org/10.2166/ws.2015.107,Assessment of the impact of water parameters on the flow rate of ceramic pot filters in a long-term experiment,2015
W7160619761,https://doi.org/10.2166/ws.2026.145,Assessment of drinking water quality from source to consumer for Arba Minch town of Ethiopia,2026
W2077421894,https://doi.org/10.2166/ws.2007.018,Lavatories in Ancient Greece,2007
W4404059386,https://doi.org/10.2166/ws.2024.243,Evaluation of pilot-scale drinking water treatment trains using a panel of bioassays,2024
W112491543,https://doi.org/10.2166/ws.2004.0083,Tuning the enhanced coagulation process to obtain best chlorine and THM profiles in the distribution system,2004
W1997206176,https://doi.org/10.2166/ws.2011.079,"Evaluation of groundwater quality and its suitability for drinking purpose in Rajshahi City, Bangladesh",2011
W4401946814,https://doi.org/10.2166/ws.2024.197,Chance-constrained programming for drinking water quality management under fuzziness and randomness,2024
W2949869163,https://doi.org/10.2166/ws.2019.088,Water softeners add comfort and consume water – comparison of selected centralised and decentralised softening technologies,2019
W3150630091,https://doi.org/10.2166/ws.2021.093,"Impacts of sedimentation on rainwater quality: case study at Ikorodu of Lagos, Nigeria",2021
W2331246455,https://doi.org/10.2166/ws.2015.115,Importance of maintenance in rainwater harvesting systems: a case study,2015
W4200371465,https://doi.org/10.2166/ws.2021.421,Effects of hydrogen peroxide preoxidation on clarification and reduction of the microbial load of groundwater and surface water sources for household treatment,2021
W4393191321,https://doi.org/10.2166/ws.2024.061,Future projection of water resources based on digitalisation and open data in a water-rich region: a case study of the city of Klagenfurt,2024
W4410397873,https://doi.org/10.2166/ws.2025.057,"Corrigendum: <i>Water Supply</i>, 25 (4), 716–726: Assessing drinking water quality in the city of Kenge, Democratic Republic of the Congo, https://dx.doi.org/10.2166/ws.2025.043",2025
W2619517950,https://doi.org/10.2166/ws.2017.097,Disinfection of roof harvested rainwater for potable purpose using pilot-scale solar photocatalytic fixed bed tubular reactor,2017
W2078956415,https://doi.org/10.2166/ws.2013.139,Integrated watershed management efforts: case study from Melen Watershed experiencing interbasin water transfer,2013
W2162401734,https://doi.org/10.2166/ws.2005.0010,Municipal wastewater reclamation: where do we stand? An overview of treatment technology and management practice,2005
W2804722521,https://doi.org/10.2166/ws.2004.0069,Use of ferrate pre-oxidation in enhancing the treatment of NOM-rich lake waters,2004
W2020258648,https://doi.org/10.2166/ws.2006.912,Enhanced coagulation for improvement of water quality in full-scale water treatment,2006
W64519849,https://doi.org/10.2166/ws.2002.0015,UV/H2O2-treatment: the ultimate solution for pesticide control and disinfection,2002
W2922913618,https://doi.org/10.2166/ws.2019.049,"Occurrence of trihalomethanes and haloacetonitriles in water distribution networks of Khon Kaen Municipality, Thailand",2019
W2764401104,https://doi.org/10.2166/ws.2014.094,"Corrigendum: Water Science and Technology: Water Supply 14(4), 532–539: Comparison of sand and membrane filtration as non-chemical pre-treatment strategies for pesticide removal with nanofiltration/low pressure reverse osmosis membranes, Krzysztof P. Kowalski, Henrik T. Madsen and Erik G. Søgaard",2014
W4308966209,https://doi.org/10.2166/ws.2022.389,"The use of PCA and ANN to improve evaluation of the WQIclassic, development of a new index, and prediction of WQI, Coastel Constantinois, northern coast of eastern Algeria",2022
W2051120026,https://doi.org/10.2166/ws.2012.080,Optimized operation of water distribution system using multipurpose fuzzy LP model,2012
W2412901959,https://doi.org/10.2166/ws.2016.080,An integrated system dynamics – cellular automata model for distributed water-infrastructure planning,2016
W2583135558,https://doi.org/10.2166/ws.2017.012,Influence of density flow on treated water turbidity in a sedimentation basin with inclined plate settler,2017
W2071158290,https://doi.org/10.2166/ws.2011.012,Bacteria removal effectiveness of ceramic pot filters not applied with colloidal silver,2011
W2804899047,https://doi.org/10.2166/ws.2002.0029,Optimization of particle removal in drinking water treatment of reservoir water in a pressure filter plant,2002
W1986789921,https://doi.org/10.2166/ws.2012.074,Development of polyethersulfone and polyacrylonitrile hollow fiber membranes for clarification of surface water and fungal enzyme broth,2012
W3049409068,https://doi.org/10.2166/ws.2020.185,Crafting futures together: scenarios for water infrastructure asset management in a context of global change,2020
W7169829801,https://doi.org/10.2166/ws.2026.176,Microbial quality of piped drinking water in Indonesia: Findings from the 2020 national household water quality survey,2026
W2614335558,https://doi.org/10.2166/ws.2017.086,Simulation of NOM events in pilot plant evaluation of DAF/Ozone/BAC for drinking water treatment,2017
W2700213109,https://doi.org/10.2166/ws.2017.119,Technical auditing of water supply systems – part 2: water treatment plant,2017
W1977449207,https://doi.org/10.2166/ws.2014.006,Molecular characterization of dissolved organic matter in various urban water resources using Orbitrap Fourier transform mass spectrometry,2014
W1975700246,https://doi.org/10.2166/ws.2007.075,Innovative approach for treatment of arsenic contaminated groundwater in Central Europe,2007
W7167016986,https://doi.org/10.2166/ws.2026.170,Identifying institutional improvement plan for enhancing the resilience of drinking water supply systems in response to droughts in Sri Lanka,2026
W2090908162,https://doi.org/10.2166/ws.2011.042,Energy consumption and greenhouse gases emissions from the use of alternative water sources in South East Queensland,2011
W2315838165,https://doi.org/10.2166/ws.2015.137,Water–energy nexus in houses in Brazil: comparing rainwater and gray water use with a centralized system,2015
W2317128676,https://doi.org/10.2166/ws.2014.085,Water microbial quality during drinking water treatment technology and distribution provided by two Romanian companies,2014
W4399264715,https://doi.org/10.2166/ws.2024.127,Water infrastructure sustainability challenge in Nigeria: A detailed examination of infrastructure failures and potential solutions,2024
W2895399626,https://doi.org/10.2166/ws.2018.140,Coastal reservoir strategy to enhance India's freshwater storage by impounding river flood waters: a detailed overview,2018
W2341983444,https://doi.org/10.2166/ws.2016.030,Assessment of groundwater quality in the Seraidi region (north-east of Algeria) using NSF-WQI,2016
W2077639702,https://doi.org/10.2166/ws.2010.231,Decision support for the planning of integrated wastewater reuse projects in South Africa,2010
W2329785740,https://doi.org/10.2166/ws.2002.0037,Removal of fluorides from water using low cost adsorbents,2002
W2896747390,https://doi.org/10.2166/ws.2018.171,Challenges for modern wine production in dry areas: dedicated indicators to preview wastewater flows,2018
W2333595114,https://doi.org/10.2166/ws.2002.0013,Prediction of breakthrough of pesticides in GAC-filters and breakthrough of colour in ion-exchange-filters,2002
W3152467823,https://doi.org/10.2166/ws.2021.096,Indicator-based rural water service sustainability assessment: a review,2021
W4404522448,https://doi.org/10.2166/ws.2024.246,"Corrigendum: <i>Water Supply</i>, 24 (7), 2185–2203: Estimation of the crop water stress index (CWSI) of sunflower (<i>Helianthus annuus</i> L.) using sensor-based irrigation scheduling for different irrigation levels, Dnyaneshwar Arjun Madane <i>et al</i>., https://dx.doi.org/10.2166/ws.2024.139",2024
W2793399590,https://doi.org/10.2166/ws.2018.057,"Situations, challenges and strategies of urban water management in Beijing under rapid urbanization effect",2018
W2076134610,https://doi.org/10.2166/ws.2014.095,"N-nitrosamines, emerging disinfection by-products of health concern: an overview of occurrence, mechanisms of formation, control and analysis in water",2014
W2113880518,https://doi.org/10.2166/ws.2013.131,The use of process simulation models in virtual commissioning of process automation software in drinking water treatment plants,2013
W2334462241,https://doi.org/10.2166/ws.2013.195,Endospore recovery from large volumes using fieldable ultrafiltration for the diagnosis of drinking water treatment plants,2013
W3194098455,https://doi.org/10.2166/ws.2021.265,Analysis of water yield service of Lianshui River Basin in China based on ecosystem services flow model,2021
W195008314,https://doi.org/10.2166/ws.2002.0169,Modifications of unit processes for finished water quality improvement at the Kueui water treatment plant in Seoul,2002
W4294276250,https://doi.org/10.2166/ws.2022.317,"Groundwater quality and its suitability for drinking and irrigational purpose in Bhojpur district: middle Gangetic plain of Bihar, India",2022
W2808809032,https://doi.org/10.2166/ws.2018.114,Evolution of water wells focusing on Balkan and Asian civilizations,2018
W2077596111,https://doi.org/10.2166/ws.2010.011,Multi-criterion optimization of energy management in drinking systems,2010
W2273859211,https://doi.org/10.2166/ws.2003.0147,Long-term behaviour of UF membranes treating surface water,2003
W3043841688,https://doi.org/10.2166/ws.2020.159,A multi-objective optimization model for operation of intermittent water distribution networks,2020
W1546893561,https://doi.org/10.2166/ws.2003.0052,Willingness of farmers to pay for reclaimed wastewater in Jordan and Tunisia,2003
W2092249934,https://doi.org/10.2166/ws.2010.776,Indirect economic impacts in water supplies augmented with desalinated water,2010
W2030951556,https://doi.org/10.2166/ws.2010.173,Challenges in addressing variability of lead in domestic plumbing,2010
W2318176539,https://doi.org/10.2166/ws.2001.0116,Reuse of filter backwash water by implementing ultrafiltration technology,2001
W2340881919,https://doi.org/10.2166/ws.2015.009,Managed aquifer recharge: state-of-the-art and opportunities,2015
W2037024910,https://doi.org/10.2166/ws.2008.026,Environmental effects analysis of a wastewater reuse system for agriculture in Korea,2008
W4384826485,https://doi.org/10.2166/ws.2023.178,Modifications to sorption and sinking capability of microplastics after chlorination,2023
W2040257707,https://doi.org/10.2166/ws.2013.032,A decision support procedure for integrative management of dammed raw water reservoirs,2013
W2803138966,https://doi.org/10.2166/ws.2001.0070,Ozone: its effect on coagulation and filtration,2001
W2246118255,https://doi.org/10.2166/ws.2002.0102,Factors controlling nitrosamine formation during wastewater chlorination,2002
W2333505820,https://doi.org/10.2166/ws.2013.213,"Seasonal variation in the microbial quality of shallow groundwater in the Kathmandu Valley, Nepal",2013
W2015115803,https://doi.org/10.2166/ws.2010.089,Comparing risk-reduction measures to reach water safety targets using an integrated fault tree model,2010
W2305815828,https://doi.org/10.2166/ws.2015.140,Clarification of algae-laden water using electrochemical processes,2015
W2331205316,https://doi.org/10.2166/ws.2013.079,A comparative study of three different assimilable organic carbon (AOC) methods: results of a round-robin test,2013
W2007065333,https://doi.org/10.2166/ws.2007.010,Rainwater harvesting in ancient civilizations in Jordan,2007
W2031591001,https://doi.org/10.2166/ws.2013.067,Household rainwater harvesting system – pilot scale gravity driven membrane-based filtration system,2013
W2804032148,https://doi.org/10.2166/ws.2002.0025,Comparison between PAA/UV and H2O2/UV disinfection for wastewater reuse,2002
W135108789,https://doi.org/10.2166/ws.2005.0011,Treatment matrix for reuse of upgraded wastewater,2005
W2795631909,https://doi.org/10.2166/ws.2018.071,Pressure management and residential consumption reduction,2018
W3021506449,https://doi.org/10.2166/ws.2020.063,"Characters of chloramine decay in large looped water distribution system – the case of Tianjin, China",2020
W2152372477,https://doi.org/10.2166/ws.2001.0010,Removal of ammonia by natural clay minerals using fixed and fluidised bed column reactors,2001
W4307280715,https://doi.org/10.2166/ws.2022.367,An analytical survey on the role of nanotechnology in groundwater remediation,2022
W2306928056,https://doi.org/10.2166/ws.2002.0183,Coagulation as a pretreatment of SFBW for membrane filtration,2002
W2911568884,https://doi.org/10.2166/ws.2019.032,Effect of zero-valent iron amendment on the performance of biosand filters,2019
W4200009959,https://doi.org/10.2166/ws.2021.324,"Retraction: <i>Water Supply</i> 21 (2), 878–885: Assessment of effectiveness of water safety plans (WSP) on water quality in rural communities of Anambra State, south-eastern Nigeria, Azubuike S. Ekwere, Oyonga A. Oyonga and Maingaila M. Banda, doi: 10.2166/ws.2020.353",2021
W2339204999,https://doi.org/10.2166/ws.2003.0105,Dependency of bulk chlorine decay rates on flow velocity in water distribution networks,2003
W3136133555,https://doi.org/10.2166/ws.2021.072,Spatiotemporal variation of bacterial communities in three cascade reservoirs in a southern city of China,2021
W2562186105,https://doi.org/10.2166/ws.2016.199,Use of bauxite for enhanced removal of bacteria in slow sand filters,2016
W4396773405,https://doi.org/10.2166/ws.2024.107,Enhanced water production in hemispherical solar stills via solar collector and thermal storage integration: experimental validation,2024
W4385549972,https://doi.org/10.2166/ws.2023.197,Study on the simulation of reservoir water environment and the optimization of ecological water replenishment effect: Taking Luhun Reservoir as an example,2023
W1553329638,https://doi.org/10.2166/ws.2004.0082,Probing the mechanisms of NOM chlorination using fluorescence: formation of disinfection by-products in Alento River water,2004
W1584206813,https://doi.org/10.2166/ws.2003.0012,Wastewater reuse and treatment options for the dairy industry,2003
W2301778184,https://doi.org/10.2166/ws.2002.0201,Natural organic matter removal by enhanced photo-oxidation using low pressure mercury vapour lamps,2002
W2341129897,https://doi.org/10.2166/ws.2001.0030,Removal of natural organic matter (NOM) using different coagulants and lightweight expanded clay aggregate filters,2001
W2331353489,https://doi.org/10.2166/ws.2013.016,Adsorption of fluoride from aqueous solution using low cost adsorbent,2013
W2230686275,https://doi.org/10.2166/ws.2015.164,Rapid small-scale column tests for Cr(VI) removal by granular magnetite,2015
W4297997110,https://doi.org/10.2166/ws.2022.337,A review of seawater desalination with membrane distillation: material development and energy requirements,2022
W2671211754,https://doi.org/10.2166/ws.2017.091,Microbiological safety of a small water distribution system: evaluating potentially pathogenic bacteria using advanced sequencing techniques,2017
W1986639480,https://doi.org/10.2166/ws.2008.036,Central water softening: customer comfort is relevant in new WHO view,2008
W2613257245,https://doi.org/10.2166/ws.2017.033,Effects of fulvic acid and ferric hydroxide on removal of Fe2+ and Mn2+ by oxidation and aerated/submerged ultrafiltration membrane system,2017
W2314890848,https://doi.org/10.2166/ws.2011.038,Use of chitosan in coagulation flocculation of raw water of Keddara and Beni Amrane dams,2011
W2287149851,https://doi.org/10.2166/ws.2002.0069,"Arsenic removal by iron hydroxides, produced by enhanced corrosion of iron",2002
W3195180578,https://doi.org/10.2166/ws.2021.273,"Hydraulic performance of riverbank filtration: case study West Sohag, Egypt",2021
W2325337170,https://doi.org/10.2166/ws.2013.035,Rainwater harvesting and management – policy and regulations in Germany,2013
W3167568636,https://doi.org/10.2166/ws.2021.170,Effect of unconventional water resources interventions on the management of Gaza coastal aquifer in Palestine,2021
W2137021395,https://doi.org/10.2166/ws.2005.0009,Wastewater reclamation and reuse in Europe: a model-based potential estimation,2005
W2321775894,https://doi.org/10.2166/ws.2014.100,"Removal of norovirus from water by coagulation, flocculation and sedimentation processes",2014
W2323377288,https://doi.org/10.2166/ws.2005.0036,Dosing ratios for reduced bromate formation by dissolved ozone dosing,2005
W2250038034,https://doi.org/10.2166/ws.2002.0212,Comparison of disinfection byproduct (DBP) formation from different UV technologies at bench scale,2002
W2286036506,https://doi.org/10.2166/ws.2001.0095,Adsorption performance of powdered activated carbon-ultrafiltration systems,2001
W2340108407,https://doi.org/10.2166/ws.2002.0009,Removal of natural organic matter - a fresh approach,2002
W4382447706,https://doi.org/10.2166/ws.2023.116,Microplastics and nanoplastics contamination in raw and treated water,2023
W2325497660,https://doi.org/10.2166/ws.2013.059,Water network sectorization based on a genetic algorithm and minimum dissipated power paths,2013
W2996663057,https://doi.org/10.2166/ws.2019.184,Purification of lake water using a PES hollow fiber membrane,2019
W2327966952,https://doi.org/10.2166/ws.2010.269,Modeling formation and control of disinfection byproducts in chlorinated drinking waters,2010
W2173702981,https://doi.org/10.2166/ws.2015.166,Assessment of the potential for potable water savings by using rainwater in houses in southern Brazil,2015
W2337539702,https://doi.org/10.2166/ws.2004.0117,Improving water quality by reducing coagulant dose? A case study at the Sidi Said Maachou Water Treatment Plant (Morocco),2004
W2894583205,https://doi.org/10.2166/ws.2018.148,Urban stormwater runoff treatment of Nainital Lake's catchment: an application of ballasted sand flocculation technology,2018
W2060464555,https://doi.org/10.2166/ws.2010.902,Do aluminium concentrations in drinking water inhibit cultivation of Escherichia coli?,2010
W2323554690,https://doi.org/10.2166/ws.2002.0163,A water authority's experience with HACCP,2002
W2295601271,https://doi.org/10.2166/ws.2015.094,Study on veterinary and human antibiotics in raw and treated water from a French basin,2015
W3107744831,https://doi.org/10.2166/ws.2020.342,Remotely observed variations of reservoir low concentration chromophoric dissolved organic matter and its response to upstream hydrological and meteorological conditions using Sentinel-2 imagery and Gradient Boosting Regression Tree,2020
W3213755140,https://doi.org/10.2166/ws.2021.392,Characterization and pollution potential of leachate from urban landfills during dry and wet periods in arid regions,2021
W1997961557,https://doi.org/10.2166/ws.2006.900,Effect of preozonation on characteristics of algae cells and algae-derived organic matter (AOM) with respect to their removal by coagulation,2006
W2913995760,https://doi.org/10.2166/ws.2019.024,The role of reclaimed water for crop irrigation in southeast Spain,2019
W2547209381,https://doi.org/10.2166/ws.2014.012,Performance of a permeable reactive barrier for in situ removal of ammonium in groundwater,2014
W2803540607,https://doi.org/10.2166/ws.2002.0095,Comparison of decay rates of faecal indicator organisms in recreational coastal water and sediment,2002
W2275193343,https://doi.org/10.2166/ws.2001.0013,Evaluation of the low pressure RO and NF membranes for an alternative tyreatment of Buyukcekmece Lake,2001
W2801348911,https://doi.org/10.2166/ws.2018.080,Climate change impacts on water balance in Western Bohemia and options for adaptation,2018
W2313197629,https://doi.org/10.2166/ws.2012.075,Determining the operational limits of the biosand filter,2012
W2321816428,https://doi.org/10.2166/ws.2012.054,Riverbank filtration in India – using ecosystem services to safeguard human health,2012
W2015167015,https://doi.org/10.2166/ws.2009.696,Advanced oxidation and artificial recharge: a synergistic hybrid system for removal of organic micropollutants,2009
W2402418436,https://doi.org/10.2166/ws.2016.084,"Evolution of rainwater harvesting and use in Crete, Hellas, through the millennia",2016
W3129737966,https://doi.org/10.2166/ws.2021.041,Estimating the groundwater storage for future irrigation schemes,2021
W3205916230,https://doi.org/10.2166/ws.2021.345,Effect of hydrodynamic breakage on floc evolution and turbidity reduction in flocculation and sedimentation processes,2021
W4387088544,https://doi.org/10.2166/ws.2023.249,"Physicochemical and bacteriological quality and safety of packaged drinking water in Ouagadougou, Burkina Faso",2023
W2279443829,https://doi.org/10.2166/ws.2002.0082,"Isolation and characterization of Escherichia coli O157:H7 and shiga toxin-converting bacteriophages from strains of human, bovine and porcine origin",2002
W4317936997,https://doi.org/10.2166/ws.2023.015,Urban water insecurity drivers in the Brazilian semi-arid region,2023
W2073333299,https://doi.org/10.2166/ws.2010.106,The greatest water reservoirs in the ancient Roman world and the “Piscina Mirabilis” in Misenum,2010
W4402693030,https://doi.org/10.2166/ws.2024.215,Conjunctive use in water resource management: current trends and future directions,2024
W2767239395,https://doi.org/10.2166/ws.2017.221,Energy savings using biofuel in a developing-country water distribution system,2017
W2162056777,https://doi.org/10.2166/ws.2009.250,Tea drinking habit for reducing copper concentration in drinking water,2009
W4417506506,https://doi.org/10.2166/ws.2025.102,"Retraction: Water Supply (2022) 22 (12): 8540–8556: Construction of pollution risk early warning model for urban drinking water supply chain, Yongxiao Cao, Xianglong Zhang, Zihan Chen, Zhixiao Zhang, Huaibin Wei, https://dx.doi.org/10.2166/ws.2023.255",2025
W4403605316,https://doi.org/10.2166/ws.2024.229,Assessment of radiological risk to workers and members of the public from the operation of a groundwater treatment plant in Jordan,2024
W2249777574,https://doi.org/10.2166/ws.2004.0110,Removal of natural organic matter using iron oxide-coated membrane systems,2004
W2057241138,https://doi.org/10.2166/ws.2007.146,Strategies to close water supply and demand gap,2007
W2334623681,https://doi.org/10.2166/ws.2004.0091,Natural organic matter – the relationship between character and treatability,2004
W2023851751,https://doi.org/10.2166/ws.2014.112,Confirmation of the correlation between membrane fouling in microfiltration and biopolymer concentrations in various Japanese surface waters,2014
W2267883034,https://doi.org/10.2166/ws.2015.162,Renewal prioritization of multi-regional water supply pipelines through water supply risk assessment,2015
W2341851540,https://doi.org/10.2166/ws.2001.0118,Application of immersed ultrafiltration membranes for organic removal and disinfection by-product reduction,2001
W1878507395,https://doi.org/10.2166/ws.2001.0080,Chemical aspects and by-products of electrolyser,2001
W2090495958,https://doi.org/10.2166/ws.2013.036,Feed-forward coagulant control using online UV/Vis monitoring,2013
W2052752569,https://doi.org/10.2166/ws.2011.028,The application of artificial neural networks for the optimization of coagulant dosage,2011
W2322750101,https://doi.org/10.2166/ws.2004.0106,Benchmarking for water supply services focussing administration,2004
W2336837109,https://doi.org/10.2166/ws.2002.0126,Biofilm formation potentials in drinking waters treated by different advanced treatment processes,2002
W2341840794,https://doi.org/10.2166/ws.2001.0073,Using a comprehensive model to identify the major mechanisms of chloramine decay in distribution systems,2001
W38409298,https://doi.org/10.2166/ws.2015.007,Comparison of a native clay soil and an engineered clay used in experimental ceramic pot filter fabrication,2015
W2055233677,https://doi.org/10.2166/ws.2008.080,Assessment and management of risk associated with bromate formation in drinking water,2008
W2339261851,https://doi.org/10.2166/ws.2006.070,Adsorption kinetics and equilibrium of arsenic onto an iron-based adsorbent and an ion exchange resin,2006
W3011469212,https://doi.org/10.2166/ws.2020.042,Molecular-level comparison of dissolved organic matter in 11 major lakes in Japan by Orbitrap mass spectrometry,2020
W2074300157,https://doi.org/10.2166/ws.2011.008,Detection of bisphenol A in water samples using ELISA determination method,2011
W2335982513,https://doi.org/10.2166/ws.2003.0184,Nanofiltration of endocrine disrupting compounds,2003
W3215882193,https://doi.org/10.2166/ws.2021.401,Uncertain time series forecasting method for the water demand prediction in Beijing,2021
W12129928,https://doi.org/10.2166/ws.2006.045,Estimation of geographical variation of cancer risks in drinking water in Japan,2006
W2064856770,https://doi.org/10.2166/ws.2007.044,"Making the connection between healthy waterways and healthy catchments: South East Queensland, Australia",2007
W4308259547,https://doi.org/10.2166/ws.2022.380,A simple and efficient alternative treatment for different drinking water,2022
W2622917131,https://doi.org/10.2166/ws.2017.110,Energy implications of the millennium drought on urban water cycles in Southeast Australian cities,2017
W2300961929,https://doi.org/10.2166/ws.2002.0140,Creating and optimizing new forms of public-private partnerships in Seattle,2002
W4386496452,https://doi.org/10.2166/ws.2023.231,"A synoptic assessment of groundwater quality in high water-demand regions of coastal Andhra Pradesh, India",2023
W4386496452,https://doi.org/10.2166/ws.2023.231,"A synoptic assessment of groundwater quality in high water-demand regions of coastal Andhra Pradesh, India",2023
W160629559,https://doi.org/10.2166/ws.2001.0083,Hypolimnetic oxygenation: predicting performance using a discrete-bubble model,2001
W2803633293,https://doi.org/10.2166/ws.2002.0018,Long term capacity of biological activated carbon filtration for organics removal,2002
W2803131833,https://doi.org/10.2166/ws.2002.0017,Advanced oxidation technologies for the degradation of pesticides in ground water and surface water,2002
W1980789886,https://doi.org/10.2166/ws.2011.076,"Biological aspects of slow sand filtration: past, present and future",2011
W2929285264,https://doi.org/10.2166/ws.2019.059,Quantification of Giardia and Cryptosporidium in surface water: a risk assessment and molecular characterization,2019
W1532685298,https://doi.org/10.2166/ws.2003.0081,Computer-aided rehabilitation of water networks (CARE-W),2003
W2316748932,https://doi.org/10.2166/ws.2002.0148,Effect of pressure on bubble size in dissolved air flotation,2002
W2066891111,https://doi.org/10.2166/ws.2006.779,Evaluation of treatment methods to reduce the corrosivity of soft waters,2006
W2326536450,https://doi.org/10.2166/ws.2004.0098,Organic THMs precursors removal from surface water with low TOC and high alkalinity by enhanced coagulation,2004
W2804469979,https://doi.org/10.2166/ws.2004.0093,Colour removal by ion exchange and reuse of regenerant by means of nanofiltration,2004
W1967638370,https://doi.org/10.2166/ws.2014.021,Influence of operating parameters on the performance of a household slow sand filter,2014
W1000702858,https://doi.org/10.2166/ws.2001.0053,Corrosion control measures in Sweden and the effect of succession order,2001
W7162396683,https://doi.org/10.2166/ws.2026.154,"Expression of Concerns: <i>Water Supply</i> (2024) 24 (10), 3379–3397: Groundwater contamination source identification based on Rat Swarm Optimizer algorithm with a back-propagation neural network surrogate model, https://dx.doi.org/10.2166/ws.2024.221",2026
W2316646726,https://doi.org/10.2166/ws.2011.119,Removal of dissolved organic matter (DOM) from water with activated carbon and effective microorganisms,2012
W4411642899,https://doi.org/10.2166/ws.2025.067,"Water security evaluation in small-sized cities in Paraíba, Brazil",2025
W2465694013,https://doi.org/10.2166/ws.2015.066,Development of artificial neural networks based confidence intervals and response surfaces for the optimization of coagulation performance,2015
W2290889391,https://doi.org/10.2166/ws.2015.161,Optimal use of chlorine in water distribution networks based on specific locations of booster chlorination: analyzing conditions in Mexico,2015
W990976858,https://doi.org/10.2166/ws.2015.102,"Comparison of O3 + GAC, O3 + H2O2 + GAC, and GAC unit operation on natural organic matter and taste and odor causing compounds removal using a pilot plant study",2015
W2803629017,https://doi.org/10.2166/ws.2003.0155,Development of a new integrity testing system,2003
W2087620987,https://doi.org/10.2166/ws.2013.075,An approach for determining the most critical among a suite of chemical contaminants at a drinking water intake,2013
W3001651332,https://doi.org/10.2166/ws.2020.008,MColiPAT kit for early detection of coliforms in water,2020
W2912639776,https://doi.org/10.2166/ws.2019.025,Risk management and environmental benefits of a prospective system for indirect potable reuse of municipal wastewater in France,2019
W60658011,https://doi.org/10.2166/ws.2002.0048,Development of a new method of measuring bubble size,2002
W4220933143,https://doi.org/10.2166/ws.2022.135,"Study of domestic water consumption in intermittent supply of the Riberas de Sacramento sector in Chihuahua, Mexico",2022
W2001018896,https://doi.org/10.2166/ws.2012.036,Hydraulic transients in plumbing systems,2012
W2019112402,https://doi.org/10.2166/ws.2013.083,Assessment of correlation between physiological states of Escherichia coli cells and their susceptibility to chlorine using flow cytometry,2013
W2339404356,https://doi.org/10.2166/ws.2006.0001,Optimization model for the Aguas Group drinking water production and main distribution network,2006
W2894645937,https://doi.org/10.2166/ws.2018.152,Improved grey prediction method for optimal allocation of water resources: a case study in Beijing in China,2018
W1983361211,https://doi.org/10.2166/ws.2007.060,Characteristics and evaluation of natural attenuation processes for organic micropollutant removal during riverbank filtration,2007
W2783875675,https://doi.org/10.2166/ws.2018.007,"Advancing rainwater harvesting as a strategy to improve water access in Kinondoni municipality, Tanzania",2018
W2084385607,https://doi.org/10.2166/ws.2011.044,Environmental and health concerns regarding the quality of water in a poor suburb of Kinshasa in the Democratic Republic of Congo,2011
W47193005,https://doi.org/10.2166/ws.2001.0123,Monitoring membrane integrity using high sensitivity laser turbidimetry,2001
W2614948845,https://doi.org/10.2166/ws.2002.0105,Comparison of different advanced disinfection systems for wastewater reclamation,2002
W7149007139,https://doi.org/10.2166/ws.2026.135,Emergence of the informal drinking water market in rural Tunisia: reasons and related issues,2026
W1978112224,https://doi.org/10.2166/ws.2010.187,Role of decentralised systems in the transition of urban water systems,2010
W3133567678,https://doi.org/10.2166/ws.2021.059,"A comparison of sodium sulfite, ammonium chloride, and ascorbic acid for quenching chlorine prior to disinfection byproduct analysis",2021
W2104376532,https://doi.org/10.2166/ws.2001.0003,"Artificial mixing to reduce growth of the blue-green alga Microcystis in Lake Nieuwe Meer, Amsterdam: an evaluation of 7 years of experience",2001
W2304812333,https://doi.org/10.2166/ws.2005.0083,Optimization model for the Aguas Group drinking water production and main distribution network,2005
W26047971,https://doi.org/10.2166/ws.2002.0111,Preventing bacterial regrowth in old distribution systems without disinfection,2002
W2046792171,https://doi.org/10.2166/ws.2014.003,Feasibility assessment of surface water disinfection by ultrafiltration,2014
W2804279577,https://doi.org/10.2166/ws.2002.0168,"Integration of water treatment, environmental and information technologies: Amagasaki project",2002
W2341323129,https://doi.org/10.2166/ws.2003.0023,Production of high quality water for reuse purposes: the West Basin experience,2003
W4414247248,https://doi.org/10.2166/ws.2025.082,Gradual transition from intermittent to continuous water supply,2025
W2765579733,https://doi.org/10.2166/ws.2017.212,Removal of tryptophan in drinking water using biological activated carbon filter,2017
W2018793821,https://doi.org/10.2166/ws.2008.060,"Controlling taste and odour events for the city of Philadelphia, USA: a case study",2008
W4393191267,https://doi.org/10.2166/ws.2024.059,"Spatial assessment of groundwater quality for drinking In Souk El Arbaa, Morocco",2024
W4210906261,https://doi.org/10.2166/ws.2022.045,An integrated fuzzy optimization and simulation method for optimal quality-quantity operation of a reservoir-river system,2022
W2312853462,https://doi.org/10.2166/ws.2010.185,Genetic algorithm-based optimization of water resources allocation under drought conditions,2010
W4200182527,https://doi.org/10.2166/ws.2021.413,"Assessment of water resources system in Qena governorate, Upper Egypt under different hydrological and agronomic conditions",2021
W2507652264,https://doi.org/10.2166/ws.2016.092,Implementing tactical plans to improve water-energy loss management,2016
W7165391349,https://doi.org/10.2166/ws.2026.163,"Expression of Concerns: <i>Water Supply</i> (2025) 25 (4), 749–763: The study of water security evaluation indices under climate change impact, Ke Zhou, https://dx.doi.org/10.2166/ws.2025.036",2026
W4324057222,https://doi.org/10.2166/ws.2023.074,Impact of deficit irrigation on citrus production under a sub-humid climate: a case study,2023
W183292967,https://doi.org/10.2166/ws.2002.0160,Family filter with iron-coated sand: solution for arsenic removal in rural areas,2002
W2339599133,https://doi.org/10.2166/ws.2006.069,Keeping residual chlorine and decreasing unpleasant odor caused by disinfection of tap water,2006
W2623945171,https://doi.org/10.2166/ws.2017.095,Evaluation of multiple-locus variable-number tandem repeat analysis (MLVA) for genotyping of Escherichia coli isolated from Karaj River,2017
W7167664986,https://doi.org/10.2166/ws.2026.164,Bacterial community transitions to disinfection-free water in a full-scale drinking water distribution system,2026
W2013060508,https://doi.org/10.2166/ws.2011.069,Managing incidents in the water utility sector – towards high reliability?,2011
W1990505912,https://doi.org/10.2166/ws.2010.102,Water and wastewater management technologies through the centuries,2010
W4395011961,https://doi.org/10.2166/ws.2024.085,Forecasting water scarcity with an optimized Soil and Water Assessment Tool (SWAT) model under representative concentration pathway (RCP) scenarios,2024
W4318987692,https://doi.org/10.2166/ws.2023.025,<i>Moringa oleifera</i>: a sustainable method to treat fluoride-contaminated water,2023
W2307333253,https://doi.org/10.2166/ws.2005.0094,Using measured microcomponent data to model the impact of water conservation strategies on the diurnal consumption profile,2005
W2312477262,https://doi.org/10.2166/ws.2012.021,An expert system for real-time well field management,2012
W2342309208,https://doi.org/10.2166/ws.2006.060,Optimal operations for groundwater denitrification of drinking water using heterotrophic biological denitrification process,2006
W2339549036,https://doi.org/10.2166/ws.2006.082,Stopgap coagulation technology for arsenic removal from rural household drinking water,2006
W2153418070,https://doi.org/10.2166/ws.2007.004,Water purification: from ancient civilization to the XXI Century,2007
W95416281,https://doi.org/10.2166/ws.2003.0107,Prevention of bacterial growth in a long-distance water supply system: control of disinfection capacity,2003
W4220913356,https://doi.org/10.2166/ws.2022.146,"Hydrochemical characteristics and hydraulic connection of shallow and mid-layer water in typical mining area: a case study from Sulin mining area in Northern Anhui, China",2022
W2342076107,https://doi.org/10.2166/ws.2003.0038,"Optimisation of water extraction considering water demands of water supply, agriculture and ecology",2003
W1984528006,https://doi.org/10.2166/ws.2008.062,Transport of nutrients and eutrophication control by an urban runoff diversion system protecting a drinking water reservoir,2008
W1499446254,https://doi.org/10.2166/ws.2004.0109,"A rapid small scale evaluation of ultrafiltration performance for surface water treatment at Alcantarilha's water treatment works (Algarve, Portugal)",2004
W4200120982,https://doi.org/10.2166/ws.2021.436,"Modeling the supply, demand, and stress of water resources using ecosystem services concept in Sirvan River Basin (Kurdistan-Iran)",2021
W2298282544,https://doi.org/10.2166/ws.2002.0197,Comparison of UV and chlorine inactivation of particle and non-particle associated coliform,2002
W3018324058,https://doi.org/10.2166/ws.2020.061,Radon concentration measurement and effective dose assessment in different brands of commercial bottled water produced in China,2020
W2332479476,https://doi.org/10.2166/ws.2011.140,Purification of a coagulant protein from seeds of Moringa concanensis,2012
W2325953626,https://doi.org/10.2166/ws.2004.0132,WaterScope: an innovative water quality information management system,2004
W132582230,https://doi.org/10.2166/ws.2002.0020,Problems related to particulate and dissolved components in water: the importance of organic matter,2002
W2921026929,https://doi.org/10.2166/ws.2019.046,Detection of potentially pathogenic enteric viruses in environmental samples from Kenya using the bag-mediated filtration system,2019
W1965716357,https://doi.org/10.2166/ws.2011.025,Assessing irreversible fouling behavior of membrane foulants in the ultrafiltration of natural water using principal component analysis of fluorescence excitation-emission matrices,2011
W3110561524,https://doi.org/10.2166/ws.2020.335,"Assessment of water resources carrying capacity based on fuzzy comprehensive evaluation – case study of Jinan, China",2020
W7165645715,https://doi.org/10.2166/ws.2026.165,"Groundwater vulnerability and drinking water sustainability under compound hydroclimatic extremes: a spatial analysis of the Magelang volcanic catchment, Indonesia",2026
W2336449270,https://doi.org/10.2166/ws.2001.0035,Trihalomethane (THM) reduction in Istanbul water treatment plants,2001
W2788666339,https://doi.org/10.2166/ws.2007.015,Historical development of the Augustan Aqueduct in Southern Italy: twenty centuries of works from Serino to Naples,2007
W1973743779,https://doi.org/10.2166/ws.2009.749,Survival of Clostridium spores in river water and in sand from a slow sand filter,2009
W2060206499,https://doi.org/10.2166/ws.2011.068,Removal of pharmaceuticals and endocrine disrupting compounds through pilot- and full-scale riverbank filtration,2012
W2088209180,https://doi.org/10.2166/ws.2009.015,Organic characterisation tools for distribution system management,2009
W97544622,https://doi.org/10.2166/ws.2002.0081,Hygienic risk assessment by monitoring pathogens in municipal sewage,2002
W4309316921,https://doi.org/10.2166/ws.2022.395,"Estimating sewage flow rate in Jefferson County, Kentucky, using machine learning for wastewater-based epidemiology applications",2022
W2311757387,https://doi.org/10.2166/ws.2016.016,Biomass development in GAC columns receiving influents with different levels of nutrients,2016
W1991765173,https://doi.org/10.2166/ws.2008.052,Removal of natural organic material by a magnetic ion exchange resin,2008
W2308229869,https://doi.org/10.2166/ws.2015.016,A shared view of the integrated urban water management practices in Malaysia,2015
W2302350701,https://doi.org/10.2166/ws.2002.0200,Application of a fractionation technique for better understanding of the removal of natural organic matter by alum coagulation,2002
W4399667420,https://doi.org/10.2166/ws.2024.143,Qualitative analysis of physico-chemical parameters of packaged drinking water commercially available in India,2024
W4223527452,https://doi.org/10.2166/ws.2022.163,Field solution to produce irrigation-drinking water by condensation irrigation system from seawater,2022
W2337266078,https://doi.org/10.2166/ws.2003.0137,IAFECT™: a management tool to ensure effective technology training in the drinking water industry,2003
W2764527356,https://doi.org/10.2166/ws.2015.159,"Erratum: Water Science and Technology: Water Supply 15(5), 1011–1018: Topological clustering as a tool for planning water quality monitoring in water distribution networks, Jonas Kjeld Kirstein, Hans-Jørgen Albrechtsen and Martin Rygaard",2015
W2521959714,https://doi.org/10.2166/ws.2016.153,Prediction of non-cohesive sediment transport in circular channels in deposition and limit of deposition states using SVM,2016
W2973491543,https://doi.org/10.2166/ws.2019.131,Impact of diffusion and dispersion of contaminants in water distribution networks modelling and monitoring,2019
W2395776307,https://doi.org/10.2166/ws.2016.078,A case study of the conversion of grey water to a flush water source in a Turkish student residence hall,2016
W2329284232,https://doi.org/10.2166/ws.2016.056,Characterisation of biodegradable organic matter in reclaimed water using a bacterial growth fingerprint assay,2016
W4399361191,https://doi.org/10.2166/ws.2024.119,Withdrawn: Optimization of water supply reservoir scheduling with insufficient regulating capacity,2024
W2339300401,https://doi.org/10.2166/ws.2003.0048,Expert system for municipal wastewater management with emphasis in reuse,2003
W2340223357,https://doi.org/10.2166/ws.2003.0044,Wastewater recycling and reuse in the Near East Region: experience and issues,2003
W3087006653,https://doi.org/10.2166/ws.2020.230,Editorial – Introducing Editor's Choice papers to <i>Water Supply</i>,2020
W4401120774,https://doi.org/10.2166/ws.2024.152,"Withdrawn: Forecasting water scarcity with an optimized Soil and Water Assessment Tool (SWAT) model under representative concentration pathway (RCP) scenarios, Cen Li, Xin Guo, Liping Chen, Majid Khayatnezhad and Fatemeh Gholinia, <i>Water Supply</i> ws2024085, https://dx.doi.org/10.2166/ws.2024.085",2024
W4411099290,https://doi.org/10.2166/ws.2025.064,Water provisioning in rural municipalities during the COVID-19 pandemic,2025
W4296354473,https://doi.org/10.2166/ws.2022.329,Assessment of future urban water demand and supply under socioeconomic scenarios: a case of Assosa town,2022
W2589603315,https://doi.org/10.2166/ws.2017.024,Denitrification of nitrate-contaminated groundwater in columns packed with PHBV and ceramsites for application as a permeable reactive barrier,2017
W7163355659,https://doi.org/10.2166/ws.2026.162,Decentralized seawater reverse osmosis for coastal water security: bridging global technological advances with community-scale implementation in Indonesia,2026
W2325762963,https://doi.org/10.2166/ws.2016.008,Financial sustainability of urban water cycle services in developing countries: a case study in Mozambique,2016
W2937727213,https://doi.org/10.2166/ws.2019.063,Water hammer protective performance of a spherical air vessel caused by a pump trip,2019
W2898747547,https://doi.org/10.2166/ws.2018.177,Proximal VIS-NIR spectrometry to retrieve substance concentrations in surface waters using partial least squares modelling,2018
W3106972549,https://doi.org/10.2166/ws.2020.273,"Water consumption forecasting using soft computing – a case study, Trinidad and Tobago",2020
W3195864452,https://doi.org/10.2166/ws.2021.198,Editorial: Integrated water management for enhanced water quality and reuse to create a sustainable future,2021
W2700235374,https://doi.org/10.2166/ws.2001.0100,Nanofiltration for colour removal - 8 years' operational experience in Scotland,2001
W4309089059,https://doi.org/10.2166/ws.2022.388,"Socioeconomic determinants of water delivery satisfaction in a medium sub-Saharan Africa city: A case of Kisumu, Kenya",2022
W2316379407,https://doi.org/10.2166/ws.2011.055,Reuse of alum sludge in clay brick manufacturing,2011
W2071191641,https://doi.org/10.2166/ws.2007.005,A toast to our health: our journey toward safe water,2007
W3111334895,https://doi.org/10.2166/ws.2020.364,The current use and potential of cost benefit analysis in water sector projects,2020
W2308589389,https://doi.org/10.2166/ws.2002.0193,Practical selection of microorganisms indicating the stability of pathogenic removal in water treatment plants,2002
W4399207252,https://doi.org/10.2166/ws.2024.126,"Expression of Concern: Forecasting water scarcity with an optimized Soil and Water Assessment Tool (SWAT) model under representative concentration pathway (RCP) scenarios, Cen Li, Xin Guo, Liping Chen, Majid Khayatnezhad and Fatemeh Gholinia, <i>Water Supply</i> ws2024085, https://dx.doi.org/10.2166/ws.2024.085",2024
W2066988028,https://doi.org/10.2166/ws.2007.095,Water demand management – shifting urban water management towards sustainability,2007
W2898247963,https://doi.org/10.2166/ws.2018.176,Nitrogen species distribution in groundwater of the Haihe River Plain,2018
W2913091490,https://doi.org/10.2166/ws.2019.031,"The impact of irrigation water management techniques on the performance of rice using treated wastewater reuse in Durban, South Africa",2019
W4401636582,https://doi.org/10.2166/ws.2024.191,"Urban water consumption analysis through a spatial panel modeling approach: a case study of Mexico City, 2004–2022",2024
W2060421227,https://doi.org/10.2166/ws.2009.447,Residential water demand in a transition economy: evidence from Poland,2009
W4402887848,https://doi.org/10.2166/ws.2024.221,Expression of Concern: Groundwater contamination source identification based on Rat Swarm Optimizer algorithm with a back-propagation neural network surrogate model,2024
W2735339847,https://doi.org/10.2166/ws.2017.137,Economics of alternative water resources with an emphasis on aquifer storage and recovery,2017
W2328876479,https://doi.org/10.2166/ws.2013.219,Direct pre-treatment of surface water through submerged hollow fibre ultrafiltration membranes,2013
W2803903221,https://doi.org/10.2166/ws.2003.0083,Strategic water network rehabilitation planning,2003
W2002062144,https://doi.org/10.2166/ws.2008.053,Effects of ion exchange resin pre-treatment on GAC adsorption,2008
W2592262209,https://doi.org/10.2166/ws.2017.028,"Investigation of natural organic matter (NOM) character and its removal in a chlorinated and chloraminated system at Rand Water, South Africa",2017
W2337593977,https://doi.org/10.2166/ws.2001.0037,Integrated modelling of ozonation processes in water treatment,2001
W78954644,https://doi.org/10.2166/ws.2003.0193,Use of graft-modified membranes for water treatment,2003
W576328162,https://doi.org/10.2166/ws.2003.0055,Characterisation of volatile organic contaminants after different pretreatment systems in reclaimed wastewater,2003
W2067859985,https://doi.org/10.2166/ws.2013.107,"Ottoman period water structures and water-related architecture: examples in Safranbolu, Turkey",2013
W2591264895,https://doi.org/10.2166/ws.2017.023,Considering energy efficiency in filtration of engineering nanoparticles,2017
W2342195076,https://doi.org/10.2166/ws.2002.0179,Treatment options for the saxitoxin class of cyanotoxins,2002
W2338014420,https://doi.org/10.2166/ws.2004.0114,Natural organic matter fouling and chemical cleaning of nanofiltration membranes,2004
W1487763633,https://doi.org/10.2166/ws.2004.0028,Increased resistance of environmental anaerobic spores to inactivation by UV,2004
W160318086,https://doi.org/10.2166/ws.2006.073,"NGO's “come back ayufish” campaign and preservation of drinking water sources in Murasaki River, Kitakyushu city, Japan",2006
W2336557524,https://doi.org/10.2166/ws.2016.050,Antibiotics in groundwater under locations with high livestock density in Germany,2016
W2327506371,https://doi.org/10.2166/ws.2011.010,The sustainable industrial water cycle - a review of the economics and approach,2011
W2998085179,https://doi.org/10.2166/ws.2019.195,Antibacterial silver-diatomite nanocomposite ceramic with low silver release,2019
W2000265277,https://doi.org/10.2166/ws.2014.084,Photocatalytic and photoelectrochemical inactivation of Escherichia coli and Staphylococcus aureus,2014
W2341362950,https://doi.org/10.2166/ws.2003.0119,Determination of chlorine demand in water and wastewater chlorination by oxidation-reduction potential,2003
W2319834822,https://doi.org/10.2166/ws.2002.0194,Optimum location of an ultraviolet step in a surface water treatment plant,2002
W2503134632,https://doi.org/10.2166/ws.2006.005,Identifying the linkage between particle characteristics and understanding coagulation performance,2006
W2008634053,https://doi.org/10.2166/ws.2013.156,Screening of coagulant proteins from plant material in southern India,2013
W51396397,https://doi.org/10.2166/ws.2005.0095,Technical basis for managing water supply in critical basins: new alternatives applied to the Colombian case,2005
W2738788037,https://doi.org/10.2166/ws.2017.156,Analysis of water budget prediction accuracy using ARIMA models,2017
W2280179220,https://doi.org/10.2166/ws.2002.0110,Assessing the impact of dissolved organic carbon changes on disinfectant stability in a distribution system,2002
W3171070119,https://doi.org/10.2166/ws.2021.180,"Spatial and temporal assessment of groundwater quality and hydrogeochemical processes in Urmia Lake Basin, Iran",2021
W4200063992,https://doi.org/10.2166/ws.2021.414,IoT-based performance analysis of hybrid solar heater-double slope solar still,2021
W4280628741,https://doi.org/10.2166/ws.2022.203,Isolation of napin from <i>Brassica nigra</i> seeds and coagulation activity to turbid pond water,2022
W2313420145,https://doi.org/10.2166/ws.2014.104,Optimization of pumping schedule based on water demand forecasting using a combined model of autoregressive integrated moving average and exponential smoothing,2014
W4317830423,https://doi.org/10.2166/ws.2023.013,Decision-making for the hazard ranking of water distribution networks using the TOPSIS method,2023
W4220728500,https://doi.org/10.2166/ws.2022.154,Multi-step prediction of dissolved oxygen in rivers based on random forest missing value imputation and attention mechanism coupled with recurrent neural network,2022
W2899180002,https://doi.org/10.2166/ws.2020.301,Modification of the H2S test to screen for the detection of sulphur- and sulphate-reducing bacteria of faecal origin in water,2020
W3156325799,https://doi.org/10.2166/ws.2021.118,"Mitigation of the effects of climate change in the agricultural sector of Cyprus, through optimization of benefit",2021
W2800318754,https://doi.org/10.2166/ws.2018.081,The ability of household pitcher-style water purifiers to remove microcystins depends on filtration rate and activated carbon source,2018
W2804870570,https://doi.org/10.2166/ws.2004.0068,Advanced oxidation processes: flowsheet options for bulk natural organic matter removal,2004
W3161609320,https://doi.org/10.2166/ws.2021.143,Groundwater bacteriological quality assessment: impact of urbanization and agricultural activity,2021
W2784726589,https://doi.org/10.2166/ws.2018.015,Bacteriological quality of swimming pool and spa water in northern Greece during 2011–2016: is it time for Pseudomonas aeruginosa to be included in Greek regulation?,2018
W1986988394,https://doi.org/10.2166/ws.2013.160,Fluoride contamination mapping of groundwater in Northern India integrated with geochemical indicators and GIS,2013
W3091848109,https://doi.org/10.2166/ws.2020.247,A study on the phytoplankton community structure in the Diaohe River section of the Middle Route of the South-to-North Water Diversion Project in winter,2020
W2340276984,https://doi.org/10.2166/ws.2003.0036,A new planning method for selecting water supply alternatives in an urbanized watershed with a stochastic approach,2003
W2336849013,https://doi.org/10.2166/ws.2006.071,Chlorine dioxide disinfection by-products in the Nová Bystrica-Čadca-Žilina long distance water supply system,2006
W2172048076,https://doi.org/10.2166/ws.2005.0012,"Hydroponic cultivation of lettuce (Lactuca sativa) using effluents from primary, secondary and tertiary +UV treatments",2005
W2805006936,https://doi.org/10.2166/ws.2002.0119,Selecting and scheduling infrastructure rehabilitation projects,2002
W2324832447,https://doi.org/10.2166/ws.2015.113,Study on Tieling City's water environmental carrying capacity,2015
W2803245711,https://doi.org/10.2166/ws.2005.0044,Repair and regrowth of Escherichia coli after low- and medium-pressure ultraviolet disinfection,2005
W1993424535,https://doi.org/10.2166/ws.2012.015,Effect of biofilms grown at various chloramine residuals on chloramine decay,2012
W2281836961,https://doi.org/10.2166/ws.2003.0031,Benefits of the United States nationwide plumbing efficiency standards,2003
W2309849862,https://doi.org/10.2166/ws.2004.0089,Biodegradation of gasoline compounds (BTEX) in a water works sand filter,2004
W2059292961,https://doi.org/10.2166/ws.2012.018,Effects of ion-exchange treatment on bromate formation and oxidation efficiency during ozonation,2012
W2100827286,https://doi.org/10.2166/ws.2001.0014,Application of the membrane technology to control ammonia in surface water,2001
W2940965444,https://doi.org/10.2166/ws.2019.067,Research on the multi-objective optimal operation of cascade reservoirs in the upper and middle Yellow River basin,2019
W2728929402,https://doi.org/10.2166/ws.2017.142,A novel photobiological process for reverse osmosis concentrate treatment using brackish water diatoms,2017
W189126989,https://doi.org/10.2166/ws.2003.0142,Management strategy of emergencies and events in the monitoring of water distribution in Paris,2003
W3115083788,https://doi.org/10.2166/ws.2020.274,Verification of FPA and PSO algorithms for rule curve extraction and optimization of single- and multi-reservoir systems' operations considering their specific purposes,2020
W4410397870,https://doi.org/10.2166/ws.2025.053,"Erratum: Water Supply 2025; ws2025039. Adaptation pathways for intermittent water supply systems under limited resources, Faten Ayyash, Akbar A. Javadi, Raziyeh Farmani; doi: https://dx.doi.org/10.2166/ws.2025.039",2025
W3197444761,https://doi.org/10.2166/ws.2021.242,Analysis of different condensing surfaces for dew harvesting,2021
W2319593032,https://doi.org/10.2166/ws.2015.053,Tackling rainwater shortages during dry seasons using a socio-technical operational strategy,2015
W2108868468,https://doi.org/10.2166/ws.2013.104,Qualitative analysis and classification of surface water in Bukit Merah Reservoir in Malaysia,2013
W102153610,https://doi.org/10.2166/ws.2002.0070,Characterisation of coated sand from iron removal plants,2002
W2255827011,https://doi.org/10.2166/ws.2006.043,"The 273,000 m/d immersed membrane system at Chestnut Avenue Water Works: its novel design and first year of operation",2006
W2296173334,https://doi.org/10.2166/ws.2002.0199,Application of physico-chemical parameters and particle-bound biomarkers to indicate microbial contamination of aquifers,2002
W2804451726,https://doi.org/10.2166/ws.2002.0002,Arsenic treatment technology for groundwaters,2002
W4366268814,https://doi.org/10.2166/ws.2023.099,Assessment of the sensitivity of water resources in the intertropical zone: a bibliographical study with perspectives,2023
W2339818732,https://doi.org/10.2166/ws.2003.0063,Combining UASB technology and constructed wetland for domestic wastewater reclamation and reuse,2003
W2337510274,https://doi.org/10.2166/ws.2001.0081,Use of a mass balance model for developing guidelines for treatment plant recycle streams,2001
W2027100648,https://doi.org/10.2166/ws.2009.009,"Manganese removal in groundwater treatment: practice, problems and probable solutions",2009
W1564993001,https://doi.org/10.2166/ws.2004.0067,Enhanced biodegradability of UV and VUV pre-treated natural organic matter,2004
W2337694829,https://doi.org/10.2166/ws.2002.0165,Upgrading conventional treatment processes for water quality improvement - a pilot study,2002
W2021045733,https://doi.org/10.2166/ws.2007.021,Analysis of a large-scale water supply system of the Byzantine period using modern fluid mechanics,2007
W3200106772,https://doi.org/10.2166/ws.2021.323,Coupled effect of seawater intrusion on groundwater quality: study of South-West zone of Surat city,2021
W2137967693,https://doi.org/10.2166/ws.2004.0027,Quantitative assessment of the removal of indicator bacteria in full-scale treatment plants,2004
W2058496566,https://doi.org/10.2166/ws.2007.051,Lab-on-a-chip devices for microbial monitoring and detection in water,2007
W3211776958,https://doi.org/10.2166/ws.2021.390,"Groundwater quality assessment using principal component analysis and hierarchical cluster analysis in Alaçam, Turkey",2021
W2907865888,https://doi.org/10.2166/ws.2019.002,Impact of temperature and dissolved oxygen level on the population dynamics of naidids and their reproduction in biological activated carbon filters: a life table demographic study,2019
W2284786589,https://doi.org/10.2166/ws.2004.0056,Size exclusion chromatography (SEC) with multiple detectors: a powerful tool in treatment process selection and performance monitoring,2004
W4206666927,https://doi.org/10.2166/ws.2022.022,Approaches for estimating mixing time in a water storage tank,2022
W2601423241,https://doi.org/10.2166/ws.2017.039,"Hydrochemical characteristics and quality assessment of urban groundwater in Urmia City, NW Iran",2017
W2092912856,https://doi.org/10.2166/ws.2013.109,Removal efficiency calculated beforehand: QSAR enabled predictions for nanofiltration and advanced oxidation,2013
W2299201966,https://doi.org/10.2166/ws.2002.0209,Formation characterization and removal of disinfection by-products in water treatment processes,2002
W2510518533,https://doi.org/10.2166/ws.2010.234,A step towards decentralized wastewater management in the Lower Jordan Rift Valley,2010
W2011505080,https://doi.org/10.2166/ws.2008.001,Research on micro-particles distribution character in water treatment processes,2008
W2804248817,https://doi.org/10.2166/ws.2001.0051,State of the art in organic piping systems: alternative solutions for avoiding internal corrosion,2001
W2336057756,https://doi.org/10.2166/ws.2003.0095,Application of performance indicators to control losses - results from the Portuguese water sector,2003
W50717463,https://doi.org/10.2166/ws.2002.0150,Analysis of a clariflocculation process with a photometric dispersion analyser (PDA2000),2002
W2509285350,https://doi.org/10.2166/ws.2003.0172,Fouling of low-pressure (MF and UF) membranes by wastewater effluent organic matter (EfOM): characterization of EfOM foulants in relation to membrane properties,2003
W1179787561,https://doi.org/10.2166/ws.2004.0001,Urban metabolic system of water for the 21st century,2004
W2093160296,https://doi.org/10.2166/ws.2009.456,The resuspension potential method: Yarra Valley water's novel approach to routine mains cleaning,2009
W3131040353,https://doi.org/10.2166/ws.2021.048,"Spatial distribution, source identification, and health risk assessment of fluoride in the drinking groundwater in the Sulin coal district, northern Anhui Province, China",2021
W2219971535,https://doi.org/10.2166/ws.2015.089,Evaluation of emerging waterborne contaminants in Ireland,2015
W2758387156,https://doi.org/10.2166/ws.2017.188,Intelligent system for control of water distribution networks,2017
W2751812417,https://doi.org/10.2166/ws.2017.166,"Allocation of surface and subsurface water resources to competing uses under climate changing conditions: a case study in Halkidiki, Greece",2017
W2341823331,https://doi.org/10.2166/ws.2016.051,Development of central force optimization for pipe-sizing of water distribution networks,2016
W157782290,https://doi.org/10.2166/ws.2001.0091,Removal of organic matter by the PAC-UF process: first two years of a full-scale application,2001
W2335679584,https://doi.org/10.2166/ws.2011.078,Predictability of fouling-potential of raw water for ultrafiltration membranes,2011
W4399390279,https://doi.org/10.2166/ws.2024.134,Assessment of chemical and bacteriological status of treated wastewater of the Baraki WWTP (Algeria) for agricultural purposes,2024
W3020830391,https://doi.org/10.2166/ws.2020.080,A modelling approach to assess wastewater reuse potential for Delhi city,2020
W3012960940,https://doi.org/10.2166/ws.2020.025,Developing a surface water resources allocation model under risk conditions with a multi-objective optimization approach,2020
W2338329442,https://doi.org/10.2166/ws.2001.0054,Copper corrosion control in the Netherlands,2001
W4387130449,https://doi.org/10.2166/ws.2023.251,Identifying key pipe attributes and locations to best determine chlorine decay coefficients within a water distribution system,2023
W2256597601,https://doi.org/10.2166/ws.2002.0064,The effect of various operating conditions and water quality parameters on the removal of perchlorate in a biologically active carbon filter,2002
W3194397476,https://doi.org/10.2166/ws.2021.268,Determination of groundwater potential distribution of Ceylanpinar Plain (Turkey) in Upper Mesopotamia by using geographical information techniques and Fuzzy-AHP with MCDM,2021
W3015805060,https://doi.org/10.2166/ws.2020.055,"The influence of riverbank filtration on regional water resources: a case study in the Second Songhua River catchment, China",2020
W2316865341,https://doi.org/10.2166/ws.2012.070,Effectiveness of reconstruction of water supply system from the economic viewpoint and affecting factors – case study of a city,2012
W2342296169,https://doi.org/10.2166/ws.2001.0026,The use of nanofiltration for the removal of pesticides from groundwater: an evaluation,2001
W3161663163,https://doi.org/10.2166/ws.2021.137,"Comparing deep learning with several typical methods in prediction of assessing chlorophyll-a by remote sensing: a case study in Taihu Lake, China",2021
W2338417740,https://doi.org/10.2166/ws.2015.123,Disinfection characteristics of the combined ultraviolet radiation and ozone process using Escherichia coli as a probe,2015
W2604032540,https://doi.org/10.2166/ws.2017.042,"Urban waste- and stormwater management in Greece: past, present and future",2017
W2803115615,https://doi.org/10.2166/ws.2001.0021,Field measurement and modelling of two-dimensional river mixing,2001
W4384523735,https://doi.org/10.2166/ws.2023.174,Water footprint assessment and its importance in Indian context: a meta-review,2023
W2329506251,https://doi.org/10.2166/ws.2013.209,Leaching of bisphenol A and F from new and old epoxy coatings: laboratory and field studies,2013
W2785966662,https://doi.org/10.2166/ws.2018.026,"The occurrence and distribution of antibiotics in the Karst river system in Kaiyang, Southwest China",2018
W2895529712,https://doi.org/10.2166/ws.2018.154,Remediation of polluted river water by floating treatment wetlands,2018
W2003534694,https://doi.org/10.2166/ws.2007.011,Aqueducts during the Minoan Era,2007
W4385070278,https://doi.org/10.2166/ws.2023.183,"Retracted: Evaluation of the groundwater recharge potential zone by using GIS and remote sensing in Ziway Abijata sub-basin, Central Rift Valley of Ethiopia",2023
W2334886168,https://doi.org/10.2166/ws.2013.186,Integrated Water Resources Management for meso-scale ungauged river basins in Russia,2013
W2058036255,https://doi.org/10.2166/ws.2006.826,Private participation in China's wastewater service under the constraint of charge rate reform,2006
W2596441853,https://doi.org/10.2166/ws.2017.032,Quality assessment of deep-well recharge applications in the Netherlands,2017
W2290447109,https://doi.org/10.2166/ws.2014.132,Performance indices for water network partitioning and sectorization,2014
W2290894266,https://doi.org/10.2166/ws.2015.175,Optimization of total trihalomethanes' (TTHMs) and their precursors' removal by granulated activated carbon (GAC) and sand dual media by response surface methodology (RSM),2015
W3123813703,https://doi.org/10.2166/ws.2021.013,Size and resin fractionations of dissolved organic matter and characteristics of disinfection by-product precursors in a pilot-scale constructed wetland,2021
W2322890795,https://doi.org/10.2166/ws.2012.071,The response of typical South African raw waters to enhanced coagulation,2012
W4318830490,https://doi.org/10.2166/ws.2023.022,Removal of endocrine-disrupting chemical mixtures in water using chlorination and photolysis,2023
W4200049277,https://doi.org/10.2166/ws.2021.441,"River water turbidity removal using new natural coagulant aids: case study of Euphrates River, Iraq",2021
W2467603548,https://doi.org/10.2166/ws.2016.115,Iron based sustainable greener technologies to treat cyanobacteria and microcystin-LR in water,2016
W80097140,https://doi.org/10.2166/ws.2004.0103,Pilot study of water disinfection using solar concentrators in rural communities,2004
W2046243097,https://doi.org/10.2166/ws.2007.078,Organic micropollutants in the assessment of groundwater quality,2007
W7160931205,https://doi.org/10.2166/ws.2026.152,Long-term rainfall variability and trends in Brazilian state capitals and implications for urban water supply (1958–2024),2026
W2788481417,https://doi.org/10.2166/ws.2018.045,Comparative multi-criteria performance assessment of alternative water infrastructure systems,2018
W2323531313,https://doi.org/10.2166/ws.2012.044,"Delivering an essential and sustainable water plan for Sydney, Australia",2012
W1813075872,https://doi.org/10.2166/ws.2005.0079,Water supply reservoirs vigilance program in Seville (southwest Spain): a useful tool for active water resource management,2005
W2094961770,https://doi.org/10.2166/ws.2007.038,Integrated water management plans towards sustainability: the Taiwan experience,2007
W2332762482,https://doi.org/10.2166/ws.2011.045,Pulsed corona discharge for degradation of aqueous humic substances,2011
W2326241522,https://doi.org/10.2166/ws.2003.0068,The long-term performance of Soil Aquifer Treatment (SAT) for effluent reuse,2003
W2895747082,https://doi.org/10.2166/ws.2018.149,Calculation of water environmental capacity and pollutant sharing rate with water diversion: a case study of Qinhuai River,2018
W4400412702,https://doi.org/10.2166/ws.2024.160,Assessing the environmental impacts of reclaimed and conventional water in hydroponics based on a life cycle assessment approach,2024
W19911471,https://doi.org/10.2166/ws.2003.0066,Economic benefit from irrigation of cotton and corn with treated wastewater,2003
W2323144365,https://doi.org/10.2166/ws.2015.114,An optimization procedure for the sustainable management of water resources,2015
W1970689439,https://doi.org/10.2166/ws.2007.016,Aqueducts in the Hellenic area during the Roman period,2007
W4407958302,https://doi.org/10.2166/ws.2025.002,Development and evaluation of L-THIA sub-daily flow and water quality prediction model,2025
W2141606034,https://doi.org/10.2166/ws.2009.322,Production of assimilable organic carbon (AOC) from bacteria and picophytoplankton by chlorination,2009
W2809745817,https://doi.org/10.2166/ws.2018.112,Assessing impacts of water regulations on alleviating regional water stress with a system dynamics model,2018
W4214926986,https://doi.org/10.2166/ws.2022.120,Illegal connection detection in a viscoelastic pipeline using inverse transient analysis in the time domain,2022
W3045936589,https://doi.org/10.2166/ws.2020.165,"Assessment of cytotoxic and genotoxic effects of Yamuna river water pollutants in an urban metropolis, Delhi (India)",2020
W2030133245,https://doi.org/10.2166/ws.2007.045,An overview of water resources management of the Pearl River,2007
W2895354110,https://doi.org/10.2166/ws.2018.134,Discharge capacity evaluation and hydraulic design of a piano key weir,2018
W2765349391,https://doi.org/10.2166/ws.2017.209,Microbial biodiversity of thermal water and mud in an Italian spa by metagenomics: a pilot study,2017
W2072440474,https://doi.org/10.2166/ws.2011.118,An investigation into a treatment strategy for the Berg River water at the Voëlvlei water treatment plant,2012
W2565350828,https://doi.org/10.2166/ws.2016.187,Comparing the flow dynamics and particle settling in full-scale sedimentation tanks of different lengths,2016
W3010295127,https://doi.org/10.2166/ws.2020.030,Parameter optimization and mechanism research of enhanced coagulation treatment for Yuquan River water,2020
W2898713524,https://doi.org/10.2166/ws.2018.182,Assessment of seasonal differences of ecological state of lotic ecosystems and applicability of some biotic indices in the basin of Lake Sevan (Armenia): case study of Masrik River,2018
W2342094246,https://doi.org/10.2166/ws.2004.0038,"Droughts, risk management and reliability",2004
W3208457155,https://doi.org/10.2166/ws.2021.367,"A study of saltwater intrusion in the Kallada River, southwest coast of Kerala, India",2021
W2789269690,https://doi.org/10.2166/ws.2018.056,Membrane defouling using microbubbles generated by fluidic oscillation,2018
W206822379,https://doi.org/10.2166/ws.2005.0053,"Economic analysis of domestic, industrial and agricultural water demands in China",2005
W2626469316,https://doi.org/10.2166/ws.2017.099,Water loss reduction: a new approach to achieve real water savings and environmental benefits,2017
W2968821506,https://doi.org/10.2166/ws.2019.113,Detecting urban water consumption patterns: a time-series clustering approach,2019
W2016026733,https://doi.org/10.2166/ws.2006.903,Variabilities in the cost equivalency of decentralized treatment units designed to address network-derived water quality degradation,2006
W149413468,https://doi.org/10.2166/ws.2004.0102,"A monitoring study for the impact evaluation of water treatment sludge discharge on Ribeira de Iguape River, São Paulo, Brazil",2004
W2329375368,https://doi.org/10.2166/ws.2010.166,"Preventing trihalomethane formation: the ability of granular activated carbon and brimac media to remove colour and total organic carbons, from drinking water in the north west of Scotland",2010
W2095564351,https://doi.org/10.2166/ws.2006.730,Ozone-enhanced photocatalytic degradation of natural organic matter in water,2006
W4379231005,https://doi.org/10.2166/ws.2023.135,A closer look at the history of the desalination industry: the evolution of the practice of desalination through the course of time,2023
W2274520905,https://doi.org/10.2166/ws.2002.0101,Removal methods of nematoda contained in the effluent of activated carbon,2002
W2282288606,https://doi.org/10.2166/ws.2003.0040,Dynamic management of water distribution networks based on hydraulic performance analysis of the system,2003
W2921538398,https://doi.org/10.2166/ws.2019.043,Rational design of reduced graphene oxide film for solar thermal desalination,2019
W2010608482,https://doi.org/10.2166/ws.2011.043,How much water do we really use? A case study of the city state of Singapore,2011
W4281635961,https://doi.org/10.2166/ws.2022.227,"Specifying optimum water resources based on cost-benefit relationship for settlements by artificial immune systems: Case study of Rutba City, Iraq",2022
W1517380221,https://doi.org/10.2166/ws.2004.0065,Practical application of a combined treatment process for removal of recalcitrant NOM - alum and PAC,2004
W4401462171,https://doi.org/10.2166/ws.2024.186,"Studying the applicability of electrodialysis technology to treat groundwater in CKDu regions, Sri Lanka: operational parameter optimization of the pilot project",2024
W2339252746,https://doi.org/10.2166/ws.2015.124,Antibacterial properties of Ag and Ag/AgCl nanoparticles from radish and tea extracts for water treatment applications,2015
W3092447835,https://doi.org/10.2166/ws.2020.221,"Physicochemical properties of irrigation water in western Himalayas, Pakistan",2020
W2593447997,https://doi.org/10.2166/ws.2017.027,Survey of ancient water technologies in semi-arid and arid regions: traditional knowledge for the future,2017
W2907368714,https://doi.org/10.2166/ws.2019.004,"Environmental monitoring of astrovirus and norovirus in the Rosetta branch of the River Nile and the El-Rahawy drain, Egypt",2019
W2073754456,https://doi.org/10.2166/ws.2012.050,Pharmaceutical removal during managed aquifer recharge with pretreatment by advanced oxidation,2012
W1572787286,https://doi.org/10.2166/ws.2002.0079,"A sensitive, semi-quantitative direct PCR-RFLP assay for simultaneous detection of five Cryptosporidium species in treated drinking waters and mineral waters",2002
W2982128142,https://doi.org/10.2166/ws.2019.107,Effect of inorganic salts on inactivation of Escherichia coli and removal of fulvic acid by ozone in a rotating packed bed,2019
W2336944161,https://doi.org/10.2166/ws.2015.054,Arsenic removal from groundwater by ion exchange and adsorption processes: comparison of two different materials,2015
W4323363835,https://doi.org/10.2166/ws.2023.065,Optimization of the operation of water distribution systems with emphasis on the joint optimization of pumps and reservoirs,2023
W7124439405,https://doi.org/10.2166/ws.2025.107,"<i>Water Supply</i> 1 February 2025; 25 (2): 193–211. Multivariate analysis of inland water quality index in parts of Vapi district, Gujarat, India, Mridul Seth, Mrugen Dholakia, Sanjay Dhiman, U. K. Khare, Jignesh Amin, Pranavkumar Bhangaonkar; https://dx.doi.org/10.2166/ws.2024.264",2026
W2338689982,https://doi.org/10.2166/ws.2004.0134,Residual chlorine management in water distribution systems using network modelling techniques: case study in Seoul City,2004
W2325186321,https://doi.org/10.2166/ws.2013.204,Interaction of silver doped carbon nanotubes-cyclodextrin nanocomposites with Escherichia coli bacteria during water purification,2013
W7165456615,https://doi.org/10.2166/ws.2026.166,"Expression of Concerns: <i>Water Supply</i> (2022) 22 (5), 5575–5588: Spatial heterogeneity of water quality in a small watershed of an ionic rare earth mining area, Yonglin Chen, Yuxin Su, Haitao Li, Linxiu Cheng, Linfeng Guo, Leyao Zhang, and Liying Ling, https://dx.doi.org/10.2166/ws.2022.161",2026
W2245783261,https://doi.org/10.2166/ws.2002.0141,Co-operation of private water management sector with municipalities,2002
W2096106343,https://doi.org/10.2166/ws.2008.108,The yardstick competition regulatory model: discussing the Portuguese experience,2008
W7162684374,https://doi.org/10.2166/ws.2026.153,Impact of hydraulic behavior and modeling uncertainty on the optimization of water quality degradation monitoring in distribution networks,2026
W7133147537,https://doi.org/10.2166/ws.2026.125,Non-optically active water quality parameters prediction by using remote sensing and machine learning,2026
W2330856964,https://doi.org/10.2166/ws.2013.102,A brief history of water filtration/sedimentation,2013
W4312189390,https://doi.org/10.2166/ws.2022.437,Inversion-based identification of DNAPLs-contaminated groundwater based on surrogate model of deep convolutional neural network,2022
W3196162490,https://doi.org/10.2166/ws.2021.257,Fluoride removal efficiency of <i>Tulsi (Ocimum Sanctum)</i> from water,2021
W4406929288,https://doi.org/10.2166/ws.2025.014,"Retraction: <i>Water Supply</i>, 24 (2): 568–584: Assessment of customer satisfaction with the water supply system in low-income countries: A case of Adama City, Ethiopia, Abelkassim Aminu Beshir, Daniel Reddythota and Esayas Alemayehu, https://dx.doi.org/10.2166/ws.2024.006",2025
W2320947332,https://doi.org/10.2166/ws.2014.078,Identifying the key water levels in reservoir operation on ecological objectives,2014
W2058439243,https://doi.org/10.2166/ws.2008.021,Removal of trace organic substances from river bank filtrate – performance study of RO and NF membranes,2008
W2281372080,https://doi.org/10.2166/ws.2015.178,Boron removal from brackish water by reverse osmosis and nanofiltration membranes: application of Spiegler–Kedem model and optimization,2015
W2803702199,https://doi.org/10.2166/ws.2004.0076,Problem of DOC removal during biological treatment of surface water with a high amount of humic substances,2004
W2007601224,https://doi.org/10.2166/ws.2009.245,"Analysis of a Nepalese water resources system: stress, adaptive capacity and vulnerability",2009
W2316966820,https://doi.org/10.2166/ws.2013.152,"Comparison between Rapid ID 32 Strep System, Matrix Assisted Laser Desorption Ionisation–Time of Flight Mass Spectrometry and 16S rRNA gene sequence analysis for the species identification of Enterococcus spp. isolated from water",2013
W2248085463,https://doi.org/10.2166/ws.2015.046,Water–energy–carbon nexus: a case study of Bangkok,2015
W2563941706,https://doi.org/10.2166/ws.2017.002,"Nonylphenol and octylphenol in riverine waters and surface sediments of the Pearl River Estuaries, South China: occurrence, ecological and human health risks",2017
W4286110910,https://doi.org/10.2166/ws.2022.271,Evaluation of climate change effects on flood frequency in arid and semi-arid basins,2022
W2789904326,https://doi.org/10.2166/ws.2018.017,Water resource system vulnerability assessment of the Heihe River Basin based on pressure-state-response (PSR) model under the changing environment,2018
W2027655267,https://doi.org/10.2166/ws.2013.099,"Water resourses management and natural environment changes in ancient Pleurona, Greece",2013
W2005835160,https://doi.org/10.2166/ws.2007.114,Parameter optimization of SWMM for runoff quantity and quality calculation in a eutrophic lake watershed using a genetic algorithm,2007
W2245159070,https://doi.org/10.2166/ws.2002.0123,A comparison of methods and models for the analysis of water distribution pipe biofilms,2002
W2807200353,https://doi.org/10.2166/ws.2018.106,Evaluation of hydraulic conductivity based on grain size distribution parameters using power function model,2018
W2069660997,https://doi.org/10.2166/ws.2013.042,Solar disinfection of natural waters with modified solar concentrators,2013
W2299490212,https://doi.org/10.2166/ws.2015.129,Evaluation of nitrate and perchlorate reduction using sulfur-based autotrophic and mixotrophic denitrifying processes,2015
W2796701690,https://doi.org/10.2166/ws.2018.078,Forecasting failure rate of water pipes,2018
W2297194760,https://doi.org/10.2166/ws.2015.169,Leakage discharge separation from the total water supply flow in water distribution system by constrained independent component analysis (CICA),2015
W2053206630,https://doi.org/10.2166/ws.2011.135,Life cycle cost assessment of a rain water harvesting system for toilet flushing,2012
W2968934680,https://doi.org/10.2166/ws.2019.115,Multi-criteria analysis applied to multi-objective optimal pump scheduling in water systems,2019
W2169831270,https://doi.org/10.2166/ws.2003.0025,The use of levelised cost in comparing supply and demand side options,2003
W2312350532,https://doi.org/10.2166/ws.2012.014,"Non-revenue water: financial model for optimal management in developing countries – application in Aqaba, Jordan",2012
W3159363040,https://doi.org/10.2166/ws.2021.124,Retracted: An agent-based model for water allocation optimization and comparison with the game theory approach,2021
W4281843359,https://doi.org/10.2166/ws.2022.220,Risk assessment of non-point source pollution in karst reservoirs based on ‘source–sink’ landscape theory,2022
W2483161250,https://doi.org/10.2166/ws.2003.0065,Optimisation of the use of nitrogen in the treated wastewater reused for irrigation,2003
W2527909626,https://doi.org/10.2166/ws.2015.019,Desalination of seawater through progressive freeze concentration using a coil crystallizer,2015
W4402133555,https://doi.org/10.2166/ws.2024.201,Water accounting of groundwater over exploited districts in Haryana and Punjab states to analyse impacts of water conservation measures on water availability,2024
W2241208456,https://doi.org/10.2166/ws.2003.0026,Operation of dual drinking and non-potable water networks in Paris: advantages and constraints,2003
W1833763623,https://doi.org/10.2166/ws.2004.0113,Performance of a small solar-powered hybrid membrane system for remote communities under varying feedwater salinities,2004
W3080567579,https://doi.org/10.2166/ws.2020.197,Impact of natural organic matter characteristics and inorganic anions on the performance of ion exchange resins in natural waters,2020
W3109406850,https://doi.org/10.2166/ws.2020.344,Research on water resources dispatch model based on improved genetic algorithm – water resources dispatch model,2020
W7160892583,https://doi.org/10.2166/ws.2026.148,"Impact of water quality parameters on the CCME index: a case study of the Eloor Industrial Belt, Kerala, India",2026
W2341816250,https://doi.org/10.2166/ws.2015.133,Sensitivity analysis for the total nitrogen pollution of the Danjiangkou Reservoir based on a 3-D water quality model,2015
W2788970657,https://doi.org/10.2166/ws.2018.048,Unreported leaks location using pressure and flow sensitivity in water distribution networks,2018
W2061247406,https://doi.org/10.2166/ws.2008.115,Aqueous natural organic matter removal by quaternary-ammonium-compound-modified iron-oxide-coated sand,2008
W2465248228,https://doi.org/10.2166/ws.2015.065,Continuous treatments of synthetic groundwater by an in situ denitrification and oxidation process with injection of electrolytic hydrogen and oxygen,2015
W90013347,https://doi.org/10.2166/ws.2005.0054,Using Bayesian network models to incorporate uncertainty in the economic analysis of pollution abatement measures under the water framework directive,2005
W4224923632,https://doi.org/10.2166/ws.2022.185,Physicochemical analysis of wastewater discharge and impact on Ganges River of major cities of North India,2022
W4214887018,https://doi.org/10.2166/ws.2022.119,Measurements of boron concentration from rivers in northern Basrah Governorate using SSNTDs,2022
W2104512247,https://doi.org/10.2166/ws.2013.174,A novel acoustic imaging tool for monitoring the state of rapid sand filters,2013
W2022107402,https://doi.org/10.2166/ws.2013.072,Total volatile solids may aid in trophic state assessment in subtropical reservoirs,2013
W3125130991,https://doi.org/10.2166/ws.2021.024,Analyzing barriers for stormwater management utilities,2021
W2462172778,https://doi.org/10.2166/ws.2003.0186,Description of different effects of in-line coagulation upon semi-dead-end ultrafiltration,2003
W2804807038,https://doi.org/10.2166/ws.2002.0134,"Benchmarking plant operation and instrumentation, control and automation in the wastewater industry",2002
W3023964693,https://doi.org/10.2166/ws.2020.078,Design characteristics of perforated pooled circular stepped cascade (PPCSC) aeration system,2020
W3095883731,https://doi.org/10.2166/ws.2020.298,Ti3C2/PVDF membrane for efficient seawater desalination based on interfacial solar heating,2020
W2945390952,https://doi.org/10.2166/ws.2019.078,Environmentally friendly interlocking concrete paver blocks produced with treated wastewater,2019
W4407615718,https://doi.org/10.2166/ws.2025.023,"Hydrogeochemical processes, water–rock interactions, and the suitability of groundwater in a semi-arid region, Northeastern Algeria",2025
W2160716203,https://doi.org/10.2166/ws.2013.175,"Use of PCA-RBF model for prediction of chlorophyll-a in Yuqiao Reservoir in the Haihe River Basin, China",2013
W3137013134,https://doi.org/10.2166/ws.2021.064,Multi-objective optimal operation of reservoir group in Jialing River based on DREAM algorithm,2021
W4312000826,https://doi.org/10.2166/ws.2022.415,"An assessment methodology for drought severity and vulnerability using precipitation-based indices for the arid, semi-arid and humid districts of Tamil Nadu, India",2022
W2626288495,https://doi.org/10.2166/ws.2017.085,Defluoridation of synthetic and natural waters by polyaluminum chloride-chitosan (PACl-Ch) composite coagulant,2017
W2768924984,https://doi.org/10.2166/ws.2017.227,"Diversity of fungi in bottled water in Jeddah, Saudi Arabia",2017
W2292800690,https://doi.org/10.2166/ws.2002.0046,"In the (adsorption) competition between NOM and MIB, who is the winner, and why?",2002
W3137515186,https://doi.org/10.2166/ws.2021.076,Prediction of groundwater trends for irrigation in Northern Bangladesh,2021
W2511424109,https://doi.org/10.2166/ws.2008.081,The price-setting process and a potential role for economic regulation in a water scarce developing country,2008
W2323164873,https://doi.org/10.2166/ws.2011.024,Intrinsic properties and performances of NF270 and XLE membranes for water filtration,2011
W2299072014,https://doi.org/10.2166/ws.2004.0007,Towards sustainable urban stormwater management,2004
W4400913164,https://doi.org/10.2166/ws.2024.168,"Water quality analysis, treatment, and economic feasibility of water services of the Neora River in the fringe area of Neora-Valley National Park, India",2024
W4392613543,https://doi.org/10.2166/ws.2024.024,Integrated Assessment of Kirala Kele Wetland Health: Bridging the Gap between Water Quality Parameters and Biotic Components,2024
W2273123703,https://doi.org/10.2166/ws.2004.0017,Performance of membrane bioreactor combined with pre-coagulation/sedimentation,2004
W3115252555,https://doi.org/10.2166/ws.2020.271,Effect of water compounds on photo-disinfection efficacy of TiO2 NP-embedded cellulose acetate film in natural water,2020
W4403804204,https://doi.org/10.2166/ws.2024.237,Multi-stage ecological pond and reservoir system to enhance river water quality: demonstration study on Periurban River,2024
W4200490032,https://doi.org/10.2166/ws.2021.331,"The optimal allocation of water resources oriented to prioritizing ecological needs using multiple schemes in the Shaying River Basin (Henan Section), China",2021
W3205376339,https://doi.org/10.2166/ws.2021.349,An efficient low-cost–low-technology whole-household water collection and treatment system,2021
W4388292143,https://doi.org/10.2166/ws.2023.293,Expression of Concern: Construction of a rural water environment management system from the perspective of ecocivilization,2023
W2602517861,https://doi.org/10.2166/ws.2017.040,Performance evaluation of metal impregnated activated carbon composite for removal of fluoride under varying solution chemistry,2017
W4378213965,https://doi.org/10.2166/ws.2023.128,Evaluation of soil water losses under irrigation saving techniques in a semi-arid region in Tunisia,2023
W4220974790,https://doi.org/10.2166/ws.2022.130,"Impacts of land-use/land-cover changes on nutrient losses in agricultural catchment, southern Ethiopia",2022
W113235481,https://doi.org/10.2166/ws.2005.0002,Assessing the relevance of intervening parameters on the per capita water consumption rates in Brazilian urban communities,2005
W1988202047,https://doi.org/10.2166/ws.2014.008,"What does rebounding water use look like? An examination of post-drought and post-flood water end-use demand in Queensland, Australia",2014
W201788057,https://doi.org/10.2166/ws.2001.0134,Process water treatment and recovery of product from the refinement of inorganic basic chemicals by means of membrane filtration,2001
W2551951257,https://doi.org/10.2166/ws.2016.182,Assessment of the value of NOM treatment processes based on a matter-element model,2016
W2511681943,https://doi.org/10.2166/ws.2006.018,Membrane fouling in water treatment: effect of solution composition on resistance and compressibility of gel-forming filter cakes,2006
W3211533451,https://doi.org/10.2166/ws.2021.380,Study on the streamflow compensation characteristics of reservoirs in Luanhe River Basin based on Copula function,2021
W2525152950,https://doi.org/10.2166/ws.2016.071,"Promoted ozonation for the decomposition of 1,4-dioxane by activated carbon",2016
W2556238309,https://doi.org/10.2166/ws.2016.175,Numerical routing of tracer concentrations in rivers with stagnant zones,2016
W3040830061,https://doi.org/10.2166/ws.2020.104,Prediction of nitrate concentration in Danube River water by using artificial neural networks,2020
W3208531221,https://doi.org/10.2166/ws.2021.371,Retracted: Dynamic evaluation of regional water resources carrying capacity based on set pair analysis and partial connection number,2021
W4200140680,https://doi.org/10.2166/ws.2021.442,Genotyping and phylogenetic analysis of free-living amoeba (<i>Acanthamoeba</i> and <i>Naegleria</i>) in treated and untreated water in the northeastern provinces of Iran,2021
W4214940294,https://doi.org/10.2166/ws.2022.118,"People's participation in using treated wastewater as an approach for sustainability of ecosystem services, green spaces, and farmlands in peri-urban areas: the case study of Kalak-e Bala, Karaj, Iran",2022
W2340444577,https://doi.org/10.2166/ws.2015.112,Using magnetic powder to enhance coagulation membrane filtration for treating micro-polluted surface water,2015
W2333947016,https://doi.org/10.2166/ws.2011.098,Anion exchange pretreatment for the removal of natural organic matter from humic rich water,2011
W2336856355,https://doi.org/10.2166/ws.2003.0045,"Agriculture, water and the environment: future challenges",2003
W2895504208,https://doi.org/10.2166/ws.2018.124,"Spatial and temporal variation of salt ions in the surface water of Shule River Valley in Gansu Province, China",2018
W2302106984,https://doi.org/10.2166/ws.2005.0007,Color removal and disinfection with UV/H2O2 system for wastewater reclamation and reuse,2005
W3042268924,https://doi.org/10.2166/ws.2020.151,Removal of nitrate from groundwater by eggshell biowaste,2020
W17705081,https://doi.org/10.2166/ws.2002.0124,Biofilms in copper plumbing systems: sensitivity to copper and chlorine and implications for corrosion,2002
W2773215013,https://doi.org/10.2166/ws.2017.233,Managing cyanobacterial toxin risks to recreational users: a case study of inland lakes in South East Queensland,2017
W3147026591,https://doi.org/10.2166/ws.2021.084,"Ground water toxicity due to fluoride contamination in Southwestern Lahore, Punjab, Pakistan",2021
W4396529929,https://doi.org/10.2166/ws.2024.094,"Secondary risks induced by polyethylene microplastics during the disinfection processes of chlorination, UV irradiation, and ozone treatment",2024
W4414244276,https://doi.org/10.2166/ws.2025.084,Development of a land management model for evaluating the effect of point pollutants on well water quality using mathematical modeling and GIS,2025
W2311862724,https://doi.org/10.2166/ws.2016.019,Evaluation of consumers’ preferences on drinking waters considering the information provision effect,2016
W2009791645,https://doi.org/10.2166/ws.2011.003,Removal of algogenic organic matter by magnetic ion exchange resin pre-treatment and its effect on fouling in ultrafiltration,2011
W1993318305,https://doi.org/10.2166/ws.2009.292,Use of GAC after enhanced coagulation for the removal of natural organic matter from water for purification,2009
W2329432889,https://doi.org/10.2166/ws.2013.077,"The biological safety of distribution systems following UV disinfection in rural areas in Beijing, China",2013
W1481662788,https://doi.org/10.2166/ws.2003.0043,Some examples of water recycling in Australian urban environments: a step towards environmental sustainability,2003
W2321257990,https://doi.org/10.2166/ws.2002.0185,Fouling of microfiltration membranes by the fractional components of natural organic matter in surface water,2002
W2980724616,https://doi.org/10.2166/ws.2019.146,Evaluation of treated municipal wastewater effluent for agricultural irrigation purposes using the fuzzy effluent quality index (FEQI),2019
W3106481812,https://doi.org/10.2166/ws.2020.249,An investigation on the adaptability of residential rainwater harvesting system in Tamil Nadu – techno-economic considerations and the way forward,2020
W1997581274,https://doi.org/10.2166/ws.2012.091,UV/H2O2 treatment: an essential process in a multi barrier approach against trace chemical contaminants,2012
W4385761870,https://doi.org/10.2166/ws.2023.204,Recent advances in heavy metal removal by thin film nanocomposite membrane,2023
W2004586518,https://doi.org/10.2166/ws.2011.063,Microbial community structure of a slow sand filter schmutzdecke: a phylogenetic snapshot based on rRNA sequence analysis,2011
W1530214026,https://doi.org/10.2166/ws.2003.0032,Minimum performance standards for showerheads in Australia: the benefits and the barriers,2003
W4392907401,https://doi.org/10.2166/ws.2024.053,Assessment of many WQI models and development of new WQI model,2024
W3210567158,https://doi.org/10.2166/ws.2021.361,Retracted: The relationships and trends of interregional virtual water trade based on an MRIO model,2021
W2507917723,https://doi.org/10.2166/ws.2016.138,A non-phosphorus water treatment agent in water injection system: inhibiting strontium sulfate and dispersing ferric oxide,2016
W2073025631,https://doi.org/10.2166/ws.2006.954,Stability of inorganic arsenic species in simulated raw waters with the presence of NOM,2006
W4313416353,https://doi.org/10.2166/ws.2022.440,Investigation of cellular structure and metabolic activity of <i>Microcystis</i> cells treated by chlorination,2022
W2232657814,https://doi.org/10.2166/ws.2015.182,Division method for water distribution networks in hilly areas,2015
W2804072068,https://doi.org/10.2166/ws.2002.0152,Preliminary investigation of electrocoagulation as a substitute for chemical coagulation,2002
W4376954720,https://doi.org/10.2166/ws.2023.123,Retracted: Impact of water–tourism–ecosystem nexus on the sustainable development of eco-city,2023
W4281714478,https://doi.org/10.2166/ws.2022.216,"Comparative study for assessing vulnerability to pollution in El Asnam plain, North of Algeria",2022
W2779804595,https://doi.org/10.2166/ws.2017.206,Water storage variations and their relation to climate factors over Central Asia and surrounding areas over 30 years,2017
W2601877015,https://doi.org/10.2166/ws.2017.052,"Geostatistics-based spatial variation characteristics of groundwater levels in a wastewater irrigation area, northern China",2017
W3091799349,https://doi.org/10.2166/ws.2020.218,"Feasibility of water desalination for irrigation: the case of the coastal irrigated area of Dyiar-Al-Hujjej, Tunisia",2020
W2322315410,https://doi.org/10.2166/ws.2013.076,A mathematical model to evaluate apparent losses due to meter under-registration in intermittent water distribution networks,2013
W3204575242,https://doi.org/10.2166/ws.2021.341,"Variable fuzzy evaluation model for water resources carrying capacity in the Tarim River Basin, China",2021
W2556492247,https://doi.org/10.2166/ws.2016.188,Extended performance analysis of polyurethane–iron oxide nanocomposite for efficient removal of arsenic species from water,2016
W3109349832,https://doi.org/10.2166/ws.2020.338,"Baseflow estimation in typical catchments in the Yellow River Basin, China",2020
W7161269579,https://doi.org/10.2166/ws.2026.129,Enhanced water quality prediction of biochemical oxygen demand in water bodies using hybrid machine learning models and explainable AI,2026
W3141727472,https://doi.org/10.2166/ws.2021.105,Effect of operational parameters and material properties on hardness removal efficiency by electrochemical technique,2021
W2337683041,https://doi.org/10.2166/ws.2003.0149,Solar thermal driven desalination plants based on membrane distillation,2003
W4392199446,https://doi.org/10.2166/ws.2024.035,"An ordered multi-objective fuzzy stochastic approach to sustainable water resources management: a case study from Taiyuan City, China",2024
W4400370012,https://doi.org/10.2166/ws.2024.157,Research on urban water demand prediction based on machine learning and feature engineering,2024
W4210578718,https://doi.org/10.2166/ws.2022.043,Prediction of hydraulic conductivity of porous media using a statistical grain-size model,2022
W190049774,https://doi.org/10.2166/ws.2004.0035,Using DNA microarrays to detect multiple pathogen threats in water,2004
W2316158849,https://doi.org/10.2166/ws.2011.092,"A GIS-based water distribution model for Zhengzhou city, China",2011
W2339300013,https://doi.org/10.2166/ws.2003.0072,"Secondary effluent disinfection by peracetic acid (PAA): microrganism inactivation and regrowth, preliminary results",2003
W3082806146,https://doi.org/10.2166/ws.2020.206,Quantitative analysis of trace metals in the Raritan River with inductively coupled plasma mass spectrometer,2020
W40582406,https://doi.org/10.2166/ws.2002.0057,Using percentile analysis for determination of alarm values,2002
W1969508747,https://doi.org/10.2166/ws.2007.028,Pymatuning earthquake in Pennsylvania and Late Minoan Crisis on Crete,2007
W2803535937,https://doi.org/10.2166/ws.2018.099,Sustainable water financing and lean cost approaches as essentials for integrated water resources management and water governance: lessons learnt from the Southern African context,2018
W2004803309,https://doi.org/10.2166/ws.2010.154,Looking for efficiency through integrated water management between agriculture and urban uses,2010
W2748771999,https://doi.org/10.2166/ws.2017.169,Constructed wetlands for improving stormwater quality and health of urban lakes,2017
W2016326599,https://doi.org/10.2166/ws.2012.056,The water governance challenge: the discrepancy between what is and what should be,2012
W2600213517,https://doi.org/10.2166/ws.2017.038,"The effect of human activities on the pollution of water in southwest Giza area, Egypt",2017
W4312189357,https://doi.org/10.2166/ws.2022.435,"Hydrogeochemistry, solute source identification, and health risk assessment of groundwater of cancer-prone region in India",2022
W3151747039,https://doi.org/10.2166/ws.2021.099,Optimal water allocation method for joint operation of a reservoir and pumping station under insufficient irrigation,2021
W4392847603,https://doi.org/10.2166/ws.2024.049,"Chloride ion sequestration by vetiver root biosorption: isotherm, kinetic, and thermodynamic analyses and ANN prediction",2024
W2321696285,https://doi.org/10.2166/ws.2012.097,Experimental evaluations of water treatment systems using a pilot-scale plant for adaptations to a sharp increase in raw-water turbidity caused by climate change,2012
W2935566340,https://doi.org/10.2166/ws.2019.052,Water purification in a solar reactor incorporating TiO2 coated mesh structures,2019
W2110391999,https://doi.org/10.2166/ws.2013.168,Technical inefficiency effects in a stochastic production function for managerial incentives in public water utilities,2013
W2010856037,https://doi.org/10.2166/ws.2010.120,Integrated water resource planning in the context of climate uncertainty,2010
W2328150479,https://doi.org/10.2166/ws.2012.052,"Toxic metal ions in water and their prevalence in Uttarakhand, India",2012
W2980373076,https://doi.org/10.2166/ws.2019.145,Role of evaporation in NH4-N transformations in soils artificially contaminated with blackwater,2019
W2313171268,https://doi.org/10.2166/ws.2013.215,The effects of irrigation modernization on the cost recovery of water in the Valencia Region (Spain),2013
W2903361070,https://doi.org/10.2166/ws.2018.187,"Synthesis, characterization and filtration performance of the polyvinylidene fluoride membrane modified by poly(methyl ethacrylate-co-2-acrylamido-2-methylpropane sulfonic acid)",2018
W2315881122,https://doi.org/10.2166/ws.2013.097,Factors affecting formation of haloacetonitriles and haloketones during chlorination/monochloramination of Jinlan Reservoir water,2013
W2339619861,https://doi.org/10.2166/ws.2015.030,Effect of NaCl on antimony and phthalate compounds leached from PET bottles,2015
W3031236047,https://doi.org/10.2166/ws.2020.110,"Distribution and characteristics of geosmin and 2-MIB-producing actinobacteria in the Han River, Korea",2020
W2471988477,https://doi.org/10.2166/ws.2015.041,"Utilizing structural equation modeling as an evaluation tool for critical parameters of the biosand filter in a pilot study in Para, Brazil",2015
W4312177971,https://doi.org/10.2166/ws.2022.418,Flow behaviour concerning bank stability in the presence of spur dike – A review,2022
W4382239241,https://doi.org/10.2166/ws.2023.155,Molecular dynamic simulations of the desalination process through membrane technology: a review,2023
W2035786000,https://doi.org/10.2166/ws.2006.767,Influence of porosity and surface chemistry of commercially available powdered activated carbons for the removal of dissolved organic carbon,2006
W2806553872,https://doi.org/10.2166/ws.2018.103,Optimal rainwater tank design for control of particulate contaminants,2018
W3202600771,https://doi.org/10.2166/ws.2021.330,"Achievements, challenges and opportunities of rainwater harvesting in the Ethiopia context: a review",2021
W1990940421,https://doi.org/10.2166/ws.2007.108,Local water independency ratio (LWIR) as an index to define the sustainability of major cities in Asia,2007
W2282247188,https://doi.org/10.2166/ws.2002.0087,Algae as surrogate indices for the removal of Cryptosporidium oocysts by direct filtration,2002
W3132352157,https://doi.org/10.2166/ws.2021.043,"Historical evolution of urban water conservancy projects in Xi'an, China in the past 3,000 years and its revelations",2021
W3090976917,https://doi.org/10.2166/ws.2020.237,Simulation of nitrogen and phosphorus pollution in typical agricultural and forested basins as well as relevant reduction effect based on SWAT model,2020
W2319087122,https://doi.org/10.2166/ws.2012.115,Monitoring of biofouling on ultrafiltration hollow fiber membranes by rapid enzyme activity assays,2012
W2903879797,https://doi.org/10.2166/ws.2018.190,"Seasonal changes of the concentrations of mineral forms of nitrogen and phosphorus in watercourses in the agricultural catchment area (Bay of Puck, Baltic Sea, Poland)",2018
W1963880936,https://doi.org/10.2166/ws.2011.027,Nitrosamine formation from the oxidation of secondary amines,2011
W4200344675,https://doi.org/10.2166/ws.2021.443,Comparison of commercial disinfectants and an <i>in loco</i>-produced solution: free residual chlorine decay in human supply waters,2021
W2337456145,https://doi.org/10.2166/ws.2001.0135,The dewatering of a mining sludge containing hexavalent chromium using a tubular filter press - a South African development,2001
W1710902595,https://doi.org/10.2166/ws.2004.0055,Characterization of the changes in polarity of natural organic matter using solid-phase extraction: introducing the NOM polarity rapid assessment method (NOM-PRAM),2004
W3169225088,https://doi.org/10.2166/ws.2021.181,"Community perspectives on conservation of water sources in Tarkeshwar sacred groves, Himalaya, India",2021
W2553901782,https://doi.org/10.2166/ws.2016.184,Identification of the bacterial population in manganese removal filters,2016
W4392168889,https://doi.org/10.2166/ws.2024.032,Risks and farmers' behavior change towards water conservation: a study in the Southeast of Iran,2024
W2095563367,https://doi.org/10.2166/ws.2013.155,Application of conventional and O3-BAC processes to treat organic matter and antibiotic pollutants in a lake in East China,2013
W2030244223,https://doi.org/10.2166/ws.2012.034,Changing of the water recycling paradigm in Australia,2012
W3083449809,https://doi.org/10.2166/ws.2020.207,"Radiological and chemical risk assessment from uranium concentrations in groundwater samples collected from Al-Kufa area, Iraq",2020
W2003737822,https://doi.org/10.2166/ws.2013.011,Prediction of water and wastewater networks rehabilitation based current age and material distribution,2013
W3178187702,https://doi.org/10.2166/ws.2021.216,"222Rn,226Ra and 238U concentration in water samples for some marshes in Dhi-Qar governorate, Iraq",2021
W2604681094,https://doi.org/10.2166/ws.2017.053,The Byzantine cisterns of Constantinople,2017
W2895184542,https://doi.org/10.2166/ws.2018.146,Intensive monitoring of conventional and surrogate quality parameters in a highly urbanized river affected by multiple combined sewer overflows,2018
W4415616868,https://doi.org/10.2166/ws.2025.094,Investigating the sources of perfluorobutanesulfonic acid in a watershed of the Chugoku region in Japan,2025
W4285092318,https://doi.org/10.2166/ws.2022.257,"Corrigendum: Water Supply (2022) 22 (5): 4781–4797: Equity – performance trade-off in water rationing regimes with domestic storage, https://doi.org/10.2166/ws.2022.188",2022
W4379179462,https://doi.org/10.2166/ws.2023.130,"Corrigendum: <i>Water Supply</i> 22 (12), 9023–9040: Optimization of convergent angle of the Venturi meter for best coefficient of discharge, https://doi.org/10.2166/ws.2022.381",2023
W4366277673,https://doi.org/10.2166/ws.2023.098,Prague Water Net Zero Strategy 2025: methodology and roadmap,2023
W4293149751,https://doi.org/10.2166/ws.2022.310,Multi-objective water resources optimum allocation scheme based on an improved standard cuckoo search algorithm (ISCSA),2022
W2091434948,https://doi.org/10.2166/ws.2013.196,Groundwater quality assessment of a freshwater wetland in the Selangor (Malaysia) using electrical resistivity and chemical analysis,2013
W4407524451,https://doi.org/10.2166/ws.2025.022,Impact of types of water source on pipeline corrosion: a comprehensive electrochemical and microscopic analysis,2025
W2334729599,https://doi.org/10.2166/ws.2010.503,"Study on migration modes and correlative factors of Tubifex tubifex (Oligochaeta, Tubificidae) in source water",2010
W4321079107,https://doi.org/10.2166/ws.2023.046,"Effective dose (ingestion and inhalation) due to radon from tap water samples in children at primary schools in Najaf city, Iraq",2023
W2093168171,https://doi.org/10.2166/ws.2010.179,Pilot plant trials: management of membrane concentrate,2010
W2342007569,https://doi.org/10.2166/ws.2003.0001,A decision support system for municipal wastewater reclamation and reuse,2003
W2307825652,https://doi.org/10.2166/ws.2016.022,Study on the water footprint and external water dependency of Beijing,2016
W2507651779,https://doi.org/10.2166/ws.2010.631,Life cycle assessment of three water systems in Copenhagen - a management tool of the future,2010
W2018057367,https://doi.org/10.2166/ws.2009.120,Optimizing treatment for reduction of disinfection by-product (DBP) formation,2009
W4389390897,https://doi.org/10.2166/ws.2023.316,"Groundwater management in the face of climate change: enhancing groundwater storage in the alluvium aquifer of Wadi Araba, Jordan, through GIS-based managed aquifer recharge and groundwater MODFLOW",2023
W4213381394,https://doi.org/10.2166/ws.2021.209,Optimization of operational parameters for the treatment of roof-harvested rainwater with biologically synthesised nanosilver coated on sand,2021
W2485131188,https://doi.org/10.2166/ws.2016.126,Multiplex PCR for detection of water-borne bacteria,2016
W4399772105,https://doi.org/10.2166/ws.2024.148,"Origin of spring water chemistry and its appropriateness for drinking requirements in a semi-arid environment (Ain Larbi, Algeria)",2024
W4221127476,https://doi.org/10.2166/ws.2022.131,Study on aeration performance of different types of piano key weir,2022
W176728650,https://doi.org/10.2166/ws.2006.079,Development of a simple defect-detector of water distribution system in buildings,2006
W2332371057,https://doi.org/10.2166/ws.2013.191,Impact of rainwater harvesting systems on nutrient and sediment concentrations in roof runoff,2013
W2337423036,https://doi.org/10.2166/ws.2006.061,Pilot study on the effect of removing anion-surfactant by general coagulation-settlement process,2006
W2341385625,https://doi.org/10.2166/ws.2003.0075,UV disinfection of water: the need for UV reactor validation,2003
W2088649730,https://doi.org/10.2166/ws.2006.828,Application of modern financial portfolio theory to water resource portfolios,2006
W2022753253,https://doi.org/10.2166/ws.2012.066,Removal of DOM and THM formation potential of tropical surface water by ceramic microfiltration,2012
W1980013915,https://doi.org/10.2166/ws.2012.105,Efficacy of ceramic water purifiers coated with colloidal Ag doped TiO2 against polyaromatic hydrocarbons and pathogens in Sierra Leone,2012
W2993405444,https://doi.org/10.2166/ws.2019.180,"Research on wind-induced nutrient release in Yangshapao Reservoir, China",2019
W4396613346,https://doi.org/10.2166/ws.2024.098,Impact of efficiency on affordability: A study of the Brazilian new water loss goals,2024
W2907285455,https://doi.org/10.2166/ws.2019.003,"Water management problems and solutions in a residential community of Al-Mafraq city, Jordan",2019
W2803525058,https://doi.org/10.2166/ws.2002.0053,Characterization and destabilization of spent filter backwash water particles,2002
W2806688041,https://doi.org/10.2166/ws.2018.108,Fouling prediction method using TOC and EEM analysis,2018
W2027531193,https://doi.org/10.2166/ws.2009.387,Temperature dependence of chemical and microbiological chloramine decay in bulk waters of distribution system,2009
W3107739890,https://doi.org/10.2166/ws.2020.334,Release of nitrogenous disinfection by-product precursors in algae-laden water under UV radiation,2020
W7119745212,https://doi.org/10.2166/ws.2025.105,"Retraction: Water Supply (2023) 23 (10): 4178–4190: Evaluation of agricultural wetland utilization and landscape design, Wanli Gu, Yang Jiang, https://dx.doi.org/10.2166/ws.2023.255",2026
W2912697031,https://doi.org/10.2166/ws.2019.033,"Corrigendum: Water Science and Technology: Water Supply 18 (2), 357–370: Hydrogeochemistry and groundwater mixing close to an oil field: an example from Asmari karstic aquifer, Khuzestan, Iran",2019
W4200075142,https://doi.org/10.2166/ws.2021.447,Vulnerability of water distribution networks with real-life pipe failure statistics,2021
W2002139603,https://doi.org/10.2166/ws.2008.073,Modeling disinfection by-products: coupling hydraulicand chemical models,2008
W2325258609,https://doi.org/10.2166/ws.2014.046,A comparison between different techniques for water network sectorization,2014
W2146164619,https://doi.org/10.2166/ws.2013.178,Antagonism between clinical and environmental isolates of Pseudomonas aeruginosa against coliforms,2013
W2524162520,https://doi.org/10.2166/ws.2016.161,Exploring the effects of domestic water management measures to water conservation attitudes using agent based modelling,2016
W3185095465,https://doi.org/10.2166/ws.2021.211,Hydrochemical study of bottled water in Rwanda and relationship with their origin,2021
W2295915860,https://doi.org/10.2166/ws.2002.0159,A comparison of conventional and non-conventional treatment technologies on arsenic removal from water,2002
W2602039305,https://doi.org/10.2166/ws.2017.051,"Genetic diversity and antimicrobial resistance of Escherichia coli as microbial source tracking tools of Karaj River, Iran",2017
W2327325366,https://doi.org/10.2166/ws.2011.080,"New inorganic (an)ion exchangers with a higher affinity for arsenate and a competitive removal capacity towards fluoride, bromate, bromide, selenate, selenite, arsenite and borate",2011
W4306194333,https://doi.org/10.2166/ws.2022.360,"Retracted: Spatial distribution characteristics and pollution levels of heavy metals in surface water and sediments of the Heihe cascade reservoir system, China",2022
W2057792183,https://doi.org/10.2166/ws.2008.056,Treatment of trace organics in membrane concentrates I: pesticide elimination,2008
W2093223940,https://doi.org/10.2166/ws.2012.028,Mineral water: a microbiological approach,2012
W2279077220,https://doi.org/10.2166/ws.2015.073,Water conservation education as a tool to empower water users to reduce water use,2015
W4220899188,https://doi.org/10.2166/ws.2022.144,Impact of climate change on groundwater potential and recharge in the drought prone Runde catchment of Zimbabwe,2022
W4391445160,https://doi.org/10.2166/ws.2024.013,The economic impact of water diversion: evidence from China,2024
W4401886345,https://doi.org/10.2166/ws.2024.195,A synoptic review of deficit irrigation methods: sustainable water-saving strategies in vegetable cultivation,2024
W2339883352,https://doi.org/10.2166/ws.2003.0175,Biological treatment of wastewater from fruit juice production using a membrane bioreactor: parameters limiting membrane performance,2003
W4406988133,https://doi.org/10.2166/ws.2025.016,Modified sustainable water management strategy in batch process plants: a case study on reducing freshwater consumption,2025
W2145984667,https://doi.org/10.2166/ws.2013.180,Hand-pump subsurface arsenic removal: the effect of groundwater conditions and intermittent operation,2013
W2906555313,https://doi.org/10.2166/ws.2018.194,Simultaneous adsorption/reduction of bromate in water using nano zero-valent iron supported on ordered mesoporous silica,2018
W2072618467,https://doi.org/10.2166/ws.2013.029,Micro-component survey of residential water consumption in Hanoi,2013
W3157223431,https://doi.org/10.2166/ws.2021.127,Spatial-temporal pattern study on water conservation function using the SWAT model,2021
W2000677075,https://doi.org/10.2166/ws.2008.030,Use of district metered areas coupled with pressure optimisation to reduce leakage,2008
W2331041005,https://doi.org/10.2166/ws.2013.190,Water demand: the Austrian end-use study and conclusions for the future,2013
W4399365017,https://doi.org/10.2166/ws.2024.131,"Retraction: <i>Water Supply</i> 23 (3), 1362–1374: Integrated modeling of food–water–energy nexus for maximizing water productivity, Majid Khayatnezhad, Ebrahim Fataei and Aliakbar Imani",2024
W2567662001,https://doi.org/10.2166/ws.2017.001,Chemically modified chitosan polymers for bromate removal,2017
W2792205776,https://doi.org/10.2166/ws.2018.052,Three-dimensional modeling of steady-state flow in lake bank filtration – Brazil,2018
W4312079430,https://doi.org/10.2166/ws.2022.411,Application of encapsulated and immobilized nano zero-valent iron for iron removal from roof-harvested rainwater,2022
W2314383731,https://doi.org/10.2166/ws.2013.206,Virus removal efficiency of ceramic water filters: effects of bentonite turbidity,2013
W2731830638,https://doi.org/10.2166/ws.2017.127,The joint distribution of reference crop evapotranspiration and irrigation water in the irrigation district,2017
W3207596139,https://doi.org/10.2166/ws.2021.346,Assessment of sustainability index for rural water management using ANN,2021
W2604877530,https://doi.org/10.2166/ws.2017.054,Conjunctive effect of water productivity and cultivation pattern on agricultural water management,2017
W2844899738,https://doi.org/10.2166/ws.2018.128,Research on treating algae-polluted reservoir water by the process of pre-oxidation/dissolved air flotation/carbon sand filter,2018
W3197580984,https://doi.org/10.2166/ws.2021.285,The applicability of LID facilities as an adaptation strategy of urban CSOs management for climate change,2021
W2781983013,https://doi.org/10.2166/ws.2018.006,Preparation and characterization and application of activated alumina (AA) from alum sludge for the adsorption of fluoride from aqueous solutions: new approach to alum sludge recycling,2018
W2803692649,https://doi.org/10.2166/ws.2002.0112,Evaluation of magnetic ion exchange resin (MIEX®) and alum treatment for formation of disinfection by-products and bacterial regrowth,2002
W2693277511,https://doi.org/10.2166/ws.2017.068,"Effects of reservoir operation and climate change on thermal stratification of a canyon-shaped reservoir, in northwest China",2017
W3103644609,https://doi.org/10.2166/ws.2020.256,Agricultural fertiliser from brewery effluent – the recovery of nutrients from the biomass of activated sludge and high rate algal pond treatment systems,2020
W3044399999,https://doi.org/10.2166/ws.2020.161,Assessing the contribution of biofilm to bacterial growth during stagnation in shower hoses,2020
W2803913208,https://doi.org/10.2166/ws.2002.0094,Automated event sampling for microbiological and related analytes in remote sites: a comprehensive system,2002
W4281857627,https://doi.org/10.2166/ws.2022.215,Flow characteristics of a tangential vortex intake with steep-slope tapering section,2022
W4404257487,https://doi.org/10.2166/ws.2024.249,Water demand and supply under future water development and climate change scenarios in the upper Blue Nile basin,2024
W4416060107,https://doi.org/10.2166/ws.2025.095,"Retraction: Water Supply (2023) 23 (10): 4272–4285: Evaluation on the application mode of blockchain technology in water transportation engineering project management, Liyu Lu, https://dx.doi.org/10.2166/ws.2023.255",2025
W3129884698,https://doi.org/10.2166/ws.2021.044,The impact of COVID-19 on households’ water use in Uganda,2021
W2945282719,https://doi.org/10.2166/ws.2019.072,Consistency in efficiency benchmarking: urban water utility regulation with performance improvement,2019
W4213414957,https://doi.org/10.2166/ws.2022.106,"Corrigendum: <i>Water Supply</i> (2022) 22 (1): 156–169: Ca2+ removal from water by the use of Na-palygorskite for potential water softening, https://doi.org/10.2166/ws.2021.283",2022
W2029088810,https://doi.org/10.2166/ws.2010.104,"Pimpama-Coomera dual reticulation end use study: pre-commission baseline, context and post-commission end use prediction",2010
W4416060096,https://doi.org/10.2166/ws.2025.098,"Retraction: <i>Water Supply</i> , 23 (5), 2233–2247: Impact of water–tourism–ecosystem nexus on the sustainable development of eco-city, Kun Zhu https:dx.//doi.org/10.2166/ws.2023.123",2025
W4281626625,https://doi.org/10.2166/ws.2022.224,Optimization of cropping pattern under seasonal fluctuations of surface water using multistage stochastic programming,2022
W2079873964,https://doi.org/10.2166/ws.2007.071,Chemistry and treatment of ground water in the Vojvodina,2007
W4393319110,https://doi.org/10.2166/ws.2024.064,New approach to domestic grey water footprinting: country-scale accounting using statistical methods in Türkiye,2024
W2832263586,https://doi.org/10.2166/ws.2018.123,Preparation of alumina-zirconia (Al-Zr) ceramic nanofiltration (NF) membrane for the removal of uranium in aquatic system,2018
W2163480863,https://doi.org/10.2166/ws.2001.0005,Enhanced coagulation: a viable option to advance treatment technologies in the South African context,2001
W4385416089,https://doi.org/10.2166/ws.2023.194,"Spatial distribution, formation mechanism, and health risk assessment of high-fluoride groundwater at the largest antimony mine in Hunan Province, China",2023
W4385396881,https://doi.org/10.2166/ws.2023.193,Exploring efficient photocatalytic degradation of humic acid from aqueous solution with plant-based ZnFe2O4@TiO2 magnetic nanocomposite using <i>Elaeagnus angustifolia</i> tree bark methanolic extract,2023
W4308966869,https://doi.org/10.2166/ws.2022.385,Detection of beta-lactam antibiotic resistance in aquatic Enterobacteriaceae isolates,2022
W3178580398,https://doi.org/10.2166/ws.2021.204,Migration characteristics of atrazine in porous media during managed aquifer recharge,2021
W2317640517,https://doi.org/10.2166/ws.2014.101,"Utilizing structural equation modeling to correlate biosand filter performance and occurrence of diarrhea in the village of Enseado do Aritapera in Para, Brazil",2014
W3177491979,https://doi.org/10.2166/ws.2021.202,BOD5 prediction using machine learning methods,2021
W3091993770,https://doi.org/10.2166/ws.2020.223,Application of high-frequency spring discharge data: a case study of Mathamali spring rejuvenation in the Garhwal Himalaya,2020
W3010521021,https://doi.org/10.2166/ws.2020.031,Influence of water diversion on spatial and temporal distribution of flow field and total phosphorus (TP) concentration field in Taihu Lake,2020
W1996114816,https://doi.org/10.2166/ws.2009.499,Potable water production by membrane processes: membrane characterization using a series of bacterial strains,2009
W2800809093,https://doi.org/10.2166/ws.2018.086,Effectiveness of methods for selecting pumps as turbines to operate in water distribution networks,2018
W2261147694,https://doi.org/10.2166/ws.2002.0068,Fenton process for the combined removal of iron and organic micropollutants in groundwater treatment,2002
W4380875969,https://doi.org/10.2166/ws.2023.146,Removal of fluoride and pathogens from water using the combined electrocoagulation-inline-electrolytic disinfection process,2023
W4402546285,https://doi.org/10.2166/ws.2024.209,"Assessing the sustainability of small hydropower sites in the Citarum Watershed, Indonesia employing CA-Markov and SWAT models",2024
W4399730930,https://doi.org/10.2166/ws.2024.147,"Evaluating rooftop rainwater harvesting potential to satisfy urban water demand in Hosaena City, South Central Ethiopia",2024
W4205830934,https://doi.org/10.2166/ws.2022.001,Water-food-energy nexus for transboundary cooperation in Eastern Africa,2022
W7160648069,https://doi.org/10.2166/ws.2026.150,"Retraction: <i>Water Supply</i> (2022) 22 (8): 6631–6647: Fuzzy risk-based allocation of pollution load using extended trading-ratio system, https://dx.doi.org/10.2166/ws.2022.247",2026
W7143508440,https://doi.org/10.2166/ws.2026.133,"Retraction: <i>Water Supply</i> , 23 (5), 2188–2196: Developing policy-making for maximizing the water productivity in agricultural lands, Jiangtao Fang and Liyuan Tang, https://dx.doi.org/10.2166/ws.2023.091",2026
W4416060101,https://doi.org/10.2166/ws.2025.099,"Retraction: <i>Water Supply</i> 24 (4), 972–982: Dynamic nexus between agricultural water consumption, economic growth and food security, Fang Zhou, https:dx.//doi.org/10.2166/ws.2024.025",2025
W2522243545,https://doi.org/10.2166/ws.2006.014,Evaluation of the rapid filtration system with particle size distribution and Cryptosporidium in different operating conditions,2006
W4394914475,https://doi.org/10.2166/ws.2024.062,Geospatial technique for the delineation of groundwater potential zones using multi-criteria-based AHP and MIF methods,2024
W2275129152,https://doi.org/10.2166/ws.2001.0065,Assessing pathogen removal efficiency of microfiltration by monitoring membrane integrity,2001
W177727463,https://doi.org/10.2166/ws.2001.0094,Demonstrating the integrity of a large scale microfiltration plant using a Bacillus spore challenge test,2001
W4237107030,https://doi.org/10.2166/ws.2016.038,"Corrigendum: Water Science and Technology: Water Supply 16 (1), 97–103: Importance of maintenance in rainwater harvesting systems: a case study, Ju Young Lee et al., doi: 10.2166/ws.2015.115",2016
W4366826768,https://doi.org/10.2166/ws.2023.111,"Corrigendum: Water Supply (2022) 22 (12): 8907–8922: Impact evaluation and analysis at a river basin scale under projected climate and land-use change, Saranya M. S., Vinish V. Nair",2023
W4406933084,https://doi.org/10.2166/ws.2025.012,"Retraction: Water Supply 1 August 2022; 22 (8): 6516–6531: Design and development of an integrated environmental waste management system with a sustainable solution, Xinman Wang, https://dx.doi.org/10.2166/ws.2022.241",2025
W2970287795,https://doi.org/10.2166/ws.2019.119,"The influence of ecological restoration projects on groundwater in Yongding River Basin in Beijing, China",2019
W2342323240,https://doi.org/10.2166/ws.2015.032,"Application of a GIS-based DRASTIC model and groundwater quality index method for evaluation of groundwater vulnerability: a case study, Sefid-Dasht",2015
W2320312202,https://doi.org/10.2166/ws.2013.187,Determination of antimony in bottled water and polyethylene terephthalate bottles: a routine laboratory quality check,2013
W2468499687,https://doi.org/10.2166/ws.2016.098,"A real-time, rapid emergency control model for sudden water pollution accidents in long-distance water transfer projects",2016
W4225409025,https://doi.org/10.2166/ws.2022.188,Equity – performance trade-off in water rationing regimes with domestic storage,2022
W2296889029,https://doi.org/10.2166/ws.2002.0127,The role of algae in causing coliform problems within the distribution system,2002
W3108541737,https://doi.org/10.2166/ws.2020.351,Water loss control practices in developing countries: a case study of a Brazilian region,2020
W2790141947,https://doi.org/10.2166/ws.2018.043,Water–energy nexus in Shaanxi province of China,2018
W2278908309,https://doi.org/10.2166/ws.2001.0129,Membrane filtration of high turbidity sources,2001
W1560238047,https://doi.org/10.2166/ws.2004.0105,Influence of ozonation and adsorption processes onto the chlorine demand of surface natural water,2004
W2274681794,https://doi.org/10.2166/ws.2004.0016,Performance of a pilot scale membrane bioreactor coupled with SBR (SM-SBR) - experiences in seasonal temperature changes,2004
W2328768115,https://doi.org/10.2166/ws.2001.0092,"Ultrafiltration membrane full-scale experience: status after 10 years of operation and large-scale plant capacity 100,000 m3/day",2001
W2086675180,https://doi.org/10.2166/ws.2008.150,Relating organic matter character to trihalomethanes formation potential: a data mining approach,2008
W2043159736,https://doi.org/10.2166/ws.2011.005,Influence of particle size and operating parameters on virus ultrafiltration efficiency,2011
W2309318657,https://doi.org/10.2166/ws.2015.170,Evaluation of novel hollow fibre membranes for NOM removal by advanced membrane autopsy,2015
W1963863934,https://doi.org/10.2166/ws.2013.071,Assessment of Escherichia coli reactivation after photocatalytic water disinfection using flow cytometry: comparison with a culture-based method,2013
W4403047378,https://doi.org/10.2166/ws.2024.224,Sensing volatile organic compounds in aquatic samples: a review,2024
W7130401646,https://doi.org/10.2166/ws.2026.122,"Expression of Concerns: <i>Water Supply</i> (2023) 23 (11): 4479–4488: Sustainable ecosystem management based on optimal water allocation and equity measures, Guo Li, https://dx.doi.org/10.2166/ws.2023.276",2026
W2028770563,https://doi.org/10.2166/ws.2008.141,Recent advances in structure and reactivity of dissolved organic matter in natural waters,2008
W4416060116,https://doi.org/10.2166/ws.2025.097,"Retraction: <i>Water Supply</i> , 23 (1), 277–287: Land cover change evaluation based on eco-economic balance modelling, Taorui Tian and Shibin Zhang, https://dx.doi.org/10.2166/ws.2022.419",2025
W7165383062,https://doi.org/10.2166/ws.2026.161,"Expression of Concerns: <i>Water Supply</i> (2024) 24 (1), 162–175: Construction of a rural water environment management system from the perspective of ecocivilization, Feng Chen, https://dx.doi.org/10.2166/ws.2023.293",2026
W2069387583,https://doi.org/10.2166/ws.2011.013,Degradation of humic acid from water by advanced electrochemical oxidation method,2011
W4323569406,https://doi.org/10.2166/ws.2023.067,Influence of the number of residents and climatic factors on residential water consumption,2023
W4400412484,https://doi.org/10.2166/ws.2024.158,Expression of Concern: Study on the sustainable utilisation of water resources in semi-arid megacities of China based on water footprint,2024
W1835032933,https://doi.org/10.2166/ws.2005.0016,A benchmarking study for reforming a Korean water department,2005
W189474592,https://doi.org/10.2166/ws.2004.0025,Prioritisation of catchment management in the Sydney catchment - construction of a pathogen budget,2004
W2316290371,https://doi.org/10.2166/ws.2001.0103,Development of advanced ceramic membrane filtration system combined with ozonation and powdered activated carbon treatment,2001
W2298075942,https://doi.org/10.2166/ws.2015.153,"Study on the dynamic relation between spring discharge and precipitation in Fusong County, Changbai Mountain, Jilin Province of China",2015
W4404245124,https://doi.org/10.2166/ws.2024.245,Atmospheric water harvesting as a sustainable and resilient resource in arid climates: gaining insights from ancient techniques,2024
W3210101024,https://doi.org/10.2166/ws.2021.366,Engineered hyporheic zones: design and applications in stream health restoration – a review,2021
W2522902977,https://doi.org/10.2166/ws.2016.157,Defluoridation of groundwater using mixed Mukondeni clay soils,2016
W2804218711,https://doi.org/10.2166/ws.2003.0180,Optimisation of water savings and membrane processes,2003
W2788852944,https://doi.org/10.2166/ws.2018.041,"Groundwater quality mapping using geographic information system in Trichy district, Tamilnadu, India",2018
W4395049558,https://doi.org/10.2166/ws.2024.087,"Site-specific condition evaluation for managed aquifer recharge (MAR) site selection in granitic aquifers, Ghana",2024
W2525617734,https://doi.org/10.2166/ws.2016.135,"Application of set pair analysis based on the improved five-element connectivity in the evaluation of groundwater quality in XuChang, Henan Province, China",2016
W4409084377,https://doi.org/10.2166/ws.2025.044,Can UVC-LEDs mitigate biofouling in community-scale photovoltaic-powered reverse osmosis systems?,2025
W2857575361,https://doi.org/10.2166/ws.2018.130,Novel composite sorbents based on carbon fibers decorated with ferric hydroxides – simultaneous removal of antimonate and arsenate from aqueous solutions,2018
W2513651024,https://doi.org/10.2166/ws.2016.010,Multi-year optimal operation strategy of Danjiangkou Reservoir after dam heightening for the middle route of the south–north water transfer project,2016
W2803872237,https://doi.org/10.2166/ws.2005.0074,Source identification of groundwater pollution with the aid of multivariate statistical analysis,2005
W2328179793,https://doi.org/10.2166/ws.2002.0034,Comparative performance of an electrocoagulation/flotation system with chemical coagulation/dissolved air flotation: a pilot-scale trial,2002
W2502886833,https://doi.org/10.2166/ws.2016.128,The spatial and temporal variation of water use efficiency in the Huai River Basin using a comprehensive indicator,2016
W4280576178,https://doi.org/10.2166/ws.2022.198,Water criteria evaluation for drinking and irrigation purposes: a case study in one of the largest rivers of Sundarbans World Heritage region,2022
W2320059768,https://doi.org/10.2166/ws.2014.077,Verification of automatic coagulant dosage control technology based on aluminum concentration at a water purification plant,2014
W4387301030,https://doi.org/10.2166/ws.2023.255,Retracted: Evaluation on the application mode of blockchain technology in water transportation engineering project management,2023
W4408043439,https://doi.org/10.2166/ws.2025.030,"Pathways of major ion chemistry and evaluation of contaminants in the River Ajay, India",2025
W2312218198,https://doi.org/10.2166/ws.2014.017,Control of trichloramine formation by two-step chlorination in water purification processes,2014
W3212454116,https://doi.org/10.2166/ws.2021.381,Removal of arsenic from polluted water through adsorption onto selected soil,2021
W2018390902,https://doi.org/10.2166/ws.2007.067,State and problems of using alluvial groundwater in Great Morava Valley,2007
W7130843594,https://doi.org/10.2166/ws.2026.121,"Expression of Concerns: <i>Water Supply</i> (2023) 23 (10): 4137–4148: Innovative integration of environmental and economic development related to water–food–energy relations, Qianhe Xiang, https://dx.doi.org/10.2166/ws.2023.253",2026
W2318308088,https://doi.org/10.2166/ws.2013.003,Water and wastewater management in the treatment process of a Roman fullonica,2013
W3048041415,https://doi.org/10.2166/ws.2020.176,Open-channel landslide hazard assessment based on AHP and fuzzy comprehensive evaluation,2020
W7127506761,https://doi.org/10.2166/ws.2026.115,"Expression of Concerns: Water Supply (2023) 23 (8): 3140–3155: Water resource management based on wireless virtualization in wastewater reclamation and utilization in dryland botanical garden, Guanyu Chen https://dx.doi.org/10.2166/ws.2023.151",2026
W2032648730,https://doi.org/10.2166/ws.2013.082,Artificial destratification of Dipotamos reservoir in Northern Greece by low energy air injection,2013
W3044126727,https://doi.org/10.2166/ws.2020.163,Optimal allocation model of the water resources in Harbin under representative concentration pathway scenarios,2020
W4413195718,https://doi.org/10.2166/ws.2025.073,"Retraction: <i>Water Supply</i> 1 September 2023; 23 (9): 3899–3911. Ecosystem governance of rural water ecosystem services under sustainable utilization, Shujie Yang, https://dx.doi.org/10.2166/ws.2023.230",2025
W2314221949,https://doi.org/10.2166/ws.2014.041,Special features of drip-sprinkler irrigation technology,2014
W7160314794,https://doi.org/10.2166/ws.2026.149,Retraction: <i>Water Supply (2023) 23 (7): 2907–2918</i> : Evaluation of the willingness and behavior of family farm water resource financing based on the Internet of Things SEM model https://dx.doi.org/10.2166/ws.2023.157,2026
W2315937556,https://doi.org/10.2166/ws.2012.010,"Corrigendum: Water Science and Technology: Water Supply 11(1), 7–14: Impact of magnetic ion exchange resin pretreatment on alleviating UF membrane fouling, H. Xu, W. Chen, J. Sun and Z. Yuan",2012
W2335943220,https://doi.org/10.2166/ws.2004.0096,Neural networks: an efficient approach to predict on-line the optimal coagulant dose,2004
W2301195168,https://doi.org/10.2166/ws.2002.0211,Relationship between trihalomethanes and haloacetic acids with total organic halogen during chlorination,2002
W2480032006,https://doi.org/10.2166/ws.2016.129,Investigation and control of seawater intrusion in the Eastern Nile Delta aquifer considering climate change,2016
W2297300744,https://doi.org/10.2166/ws.2002.0138,"Business partners for development-KwaZulu-Natal pilot project, South Africa: a new approach to the delivery of sustainable water and sanitation services in poor peri-urban areas",2002
W4378228880,https://doi.org/10.2166/ws.2023.126,"Spatiotemporal characteristics of hydro-meteorological droughts and their connections to large-scale atmospheric circulations in the Kelantan River Basin, Malaysia",2023
W2802869519,https://doi.org/10.2166/ws.2018.087,"Total dissolved solid and dissolved oxygen modeling, thermocline calculation and applying reservoir salinity reduction scenarios in Shahid Rajaee reservoir using CE-QUAL-W2",2018
W1985184223,https://doi.org/10.2166/ws.2011.035,Integrated water management and environmental justice – public acceptability and fairness in adopting water innovations,2011
W2050027396,https://doi.org/10.2166/ws.2007.054,Health aspects of freshwater cyanobacterial toxins,2007
W2256042565,https://doi.org/10.2166/ws.2015.076,Efficient generation of mixed oxidant disinfectants: parametric study on electrode materials and operating conditions,2015
W2029234047,https://doi.org/10.2166/ws.2010.125,Understanding drivers and barriers: the key to water use behaviour change,2010
W4223913446,https://doi.org/10.2166/ws.2022.173,Determination of mercury concentration by a new spectrophotometric method and evaluation of bacterial diversity in river water samples from Brazil,2022
W2319521968,https://doi.org/10.2166/ws.2001.0138,Ultrafiltration combined with ozone for domestic laundry wastewater reclamation and reuse,2001
W2319865296,https://doi.org/10.2166/ws.2012.038,The characterisation of natural organic matter (NOM) in South African waters,2012
W3092109909,https://doi.org/10.2166/ws.2020.220,"Mitigate water shortage by improving hydropower generation strategy of the cascade reservoir system in the Be River Basin, Vietnam",2020
W4411030606,https://doi.org/10.2166/ws.2025.054,Characterizing spatial variability of groundwater quality indices using GIS for Palar Basin,2025
W2507894393,https://doi.org/10.2166/ws.2016.132,Use of multi-objective analysis to reveal the benefits of a water transfer project,2016
W3199164803,https://doi.org/10.2166/ws.2021.312,Parameters for effective sand filtration of <i>Schistosoma mansoni</i> cercariae from water,2021
W2803581004,https://doi.org/10.2166/ws.2003.0034,Watersmart - developing a sustainable water resources strategy for Melbourne,2003
W3100055650,https://doi.org/10.2166/ws.2020.324,Synthesis and characterization of adsorbents for the elimination of nitrates and bromates from water aiming to develop a continuous oxyanion water elimination system,2020
W7165396236,https://doi.org/10.2166/ws.2026.160,"Expression of Concerns: <i>Water Supply</i> (2022) 22 (1), 1047–1061: Comprehensive evaluation of water resources security of the Huaihe Eco-economic Belt, Jun Ruan and Gang He, https://dx.doi.org/10.2166/ws.2021.218",2026
W7168393742,https://doi.org/10.2166/ws.2026.158,"Corrigendum: <i>Water Supply</i> , June 2023; 23 (6): 2539–2552. Spatial-temporal evolution of water resources utilization efficiency in Jiangsu Province, Menghua Deng, Tianshu Zhang. https://dx.doi.org/10.2166/ws.2023.124",2026
W4413195756,https://doi.org/10.2166/ws.2025.074,"Retraction: <i>Water Supply</i> 1 October 2023; 23 (10): 4214–4226. Maximizing ecological environment benefits from the perspective of agricultural water resource transformation, Yuan Fang, https://dx.doi.org/10.2166/ws.2023.250",2025
W4401114811,https://doi.org/10.2166/ws.2024.150,"Retraction: <i>Water Supply</i> 21 (4): 1514–1524: Evaluating the stormwater management model to improve urban water allocation system in drought conditions, Jiaping Ren and Majid Khayatnezhad, https://dx.doi.org/10.2166/ws.2021.027",2024
W4417325863,https://doi.org/10.2166/ws.2025.101,"Expression of Concern: Water Supply (2024) 24 (1): 142–151: Multipurpose optimization of yield production in agriculture using fuzzy self-reproducing automata theory, Defu He, Nan Liu, https://dx.doi.org/10.2166/ws.2023.326",2025
W4414308515,https://doi.org/10.2166/ws.2025.086,"Retraction: <i>Water Supply</i> 1 January 2024; 24 (1): 103–111. Dynamic probabilistic analytical modeling for estimating rainfall–runoff transformation rates in drylands, Yiyuan Shao https://dx.doi.org/10.2166/ws.2023.339",2025
W3110732731,https://doi.org/10.2166/ws.2020.354,Improved fuzzy chance-constrained optimization of booster strategy for water distribution system under uncertainty,2020
W4399167889,https://doi.org/10.2166/ws.2024.120,"Assessment of irrigation suitability of water in Hirakud reservoir and Bargarh main canal, Odisha, India: A multivariate analysis",2024
W3195666406,https://doi.org/10.2166/ws.2021.266,Smart metering technology and community participation: investigating household water usage and perceived value of hybrid water systems,2021
W2007288954,https://doi.org/10.2166/ws.2006.705,Adsorption test of semi-volatile di-(2-ethylhexyl) phthalate in coagulation and flocculation processes with/without bubble in closed jar tester,2006
W4311181556,https://doi.org/10.2166/ws.2022.402,Study on the water eutrophication evolution characteristics of Junshan Lake,2022
W4414059879,https://doi.org/10.2166/ws.2025.076,Assessing groundwater salinity and nitrate variability due to drought in Mahdia's aquifers,2025
W2284613819,https://doi.org/10.2166/ws.2015.078,Baseline groundwater quality in unconventional oil and gas fields,2015
W2267208290,https://doi.org/10.2166/ws.2015.081,The effect of length of free-surface gated circular conduit on air-demand ratio and aeration efficiency,2015
W2077621233,https://doi.org/10.2166/ws.2008.091,Monitoring and control of biofouling in nanofiltration and reverse osmosis membranes,2008
W40120621,https://doi.org/10.2166/ws.2003.0005,Shoalhaven Reclaimed Water Management Scheme: clever planning delivers bigger environmental benefits,2003
W2059620035,https://doi.org/10.2166/ws.2007.037,Sustainable management of urban water resources in China,2007
W2465550475,https://doi.org/10.2166/ws.2016.086,Disinfection effect of pressurized carbon dioxide on Escherichia coli and Enterococcus sp. in seawater,2016
W1969159475,https://doi.org/10.2166/ws.2011.102,A joint power and desalination plant for Sinai and the Gaza Strip,2011
W166335030,https://doi.org/10.2166/ws.2001.0062,Assessment of membrane processes for taste and odour removal,2001
W3028262782,https://doi.org/10.2166/ws.2020.100,Biodegradation of 2-methylisoborneol by enzyme separated from Pseudomonas mandelii,2020
W1964945373,https://doi.org/10.2166/ws.2013.194,Long-term studies on hybrid ceramic microfiltration for treatment of surface water containing high dissolved organic matter,2013
W1979589638,https://doi.org/10.2166/ws.2014.040,Impact of water volume on operating cost,2014
W4388096275,https://doi.org/10.2166/ws.2023.285,"Assessing the quality of the municipal wastewater used for irrigation in Jodhpur, Rajasthan, India",2023
W1980215271,https://doi.org/10.2166/ws.2010.153,Integrating quality and cost of surface raw water: Upper and Middle Vaal Water Management Areas South Africa,2010
W2329530871,https://doi.org/10.2166/ws.2016.021,"Calcium removal by softening of water affects biofilm formation on PVC, glass and membrane surfaces",2016
W4398177835,https://doi.org/10.2166/ws.2024.112,"Expression of Concern: <i>Water Supply</i> 23 (3), 1362–1374: Integrated modeling of food–water–energy nexus for maximizing water productivity, Majid Khayatnezhad, Ebrahim Fataei and Aliakbar Imani, https://dx.doi.org/10.2166/ws.2023.038",2024
W4399207402,https://doi.org/10.2166/ws.2024.124,"Expression of Concern: <i>Water Supply</i> 21 (4): 1514–1524: Evaluating the stormwater management model to improve urban water allocation system in drought conditions, Jiaping Ren and Majid Khayatnezhad, https://dx.doi.org/10.2166/ws.2021.027",2024
W4401813921,https://doi.org/10.2166/ws.2024.183,"Corrigendum: <i>Water Supply</i> 1 March 2022; 22 (3): 2946–2958. Research on application of ecohydrology to disaster prevention and mitigation in China: a review. Guangli Fan, Jun Xia, Jinxi Song, Haotian Sun, Dong Liang",2024
W2013551788,https://doi.org/10.2166/ws.2006.967,"Cultivation, granulation and characteristics of anaerobic ammonium-oxidizing sludge in sequencing batch reactor",2006
W4406934324,https://doi.org/10.2166/ws.2025.011,"Retraction: Water Supply 1 March 2022; 22 (3): 2395–2406: The relationships and trends of interregional virtual water trade based on an MRIO model, Bin Li, Mingfang Zhou, Yameng Bai, https://dx.doi.org/10.2166/ws.2021.361",2025
W2895190176,https://doi.org/10.2166/ws.2018.151,"Corrigendum: Water Science and Technology: Water Supply 18 (4), 1183-1195: Bottom-to-top continuous irrigation of treated municipal wastewater for effective nitrogen removal and high quality rice for animal feeding, Dong Duy Pham et al.",2018
W4408719196,https://doi.org/10.2166/ws.2025.031,"Retraction: <i>Water Supply</i>, 21 (7): 3584–3601: An agent-based model for water allocation optimization and comparison with the game theory approach, Mahsa Noori, Alireza Emadi and Ramin Fazloula, https://dx.doi.org/10.2166/ws.2021.124",2025
W3036697815,https://doi.org/10.2166/ws.2020.127,Assessing the benefits of improving the resilience of water distribution networks,2020
W3196807193,https://doi.org/10.2166/ws.2021.208,Review and prospects of groundwater pollution control in shale gas exploitation,2021
W2008902187,https://doi.org/10.2166/ws.2014.031,Mean values of water pipe breakage rates around the world and in geographical areas,2014
W2400944246,https://doi.org/10.2166/ws.2016.088,Control of disinfection byproduct (DBP) precursors by soil aquifer treatment (SAT): what length of hydraulic retention time (HRT) is necessary?,2016
W2325540525,https://doi.org/10.2166/ws.2012.007,Characterization and variations of dissolved organic matter in the Lake Taihu area of China,2012
W3166140950,https://doi.org/10.2166/ws.2021.172,Cyanobacterial biomass: a striking factor to decrease polyaluminium chloride (PACl) coagulation efficiency during a successive bloom,2021
W2327267902,https://doi.org/10.2166/ws.2004.0004,Compact high-rate treatment of wastewater,2004
W4213042459,https://doi.org/10.2166/ws.2022.050,Quantifying the resilience of the water-energy nexus for a reservoir-pump station system,2022
W2973173668,https://doi.org/10.2166/ws.2019.126,Designing of pressure-free filtration system integrating polyvinyl alcohol/chitosan-silver nanoparticle membrane for purification of microbe-containing water,2019
W4317035154,https://doi.org/10.2166/ws.2023.001,Groundwater quality assessment using the WQI and GIS mapping: Suitability for drinking and irrigation usage in the Sirdala block of Nawada district,2023
W1965789708,https://doi.org/10.2166/ws.2010.579,Graph-based approach for generating virtual water distribution systems in the software VIBe,2010
W4200304695,https://doi.org/10.2166/ws.2021.430,An expert system for predicting the infiltration characteristics,2021
W2204158831,https://doi.org/10.2166/ws.2015.079,Electrolytic denitrification with an ion-exchange membrane in groundwater,2015
W3122510926,https://doi.org/10.2166/ws.2021.017,"Water storage practices for small-scale irrigation systems in East Hararghe zone, Ethiopia",2021
W2065117510,https://doi.org/10.2166/ws.2013.084,Water resource management in ancient Iran with emphasis on technological approaches: a cultural heritage,2013
W4206410467,https://doi.org/10.2166/ws.2021.454,Groundwater quality assessment for irrigation use in the Godavari Delta region of east coast India using IRWQI and GIS,2021
W4387572361,https://doi.org/10.2166/ws.2023.272,"Corrigendum: <i>Water Supply</i> 1 June 2023; 23 (6): 2404–2425. Spatio-temporal evaluation of water-energy-food nexus system risk from the provincial perspective: A case study of China. Tonghui Ding, Junfei Chen",2023
W2763049758,https://doi.org/10.2166/ws.2017.201,Comparison of trihalomethanes in the air of two indoor swimming pool facilities using different type of chlorination and different types of water,2017
W4307167210,https://doi.org/10.2166/ws.2022.332,"Corrigendum: Water Supply 22 (8), 6821–6832: Distribution feature of heavy metals in the system of sediment-submerged plant-water in Xuanwu Lake Yu Liu, Chun OU, Nan Zhang, Xiaoli Wang, https://doi.org/10.2166/ws.2022.270",2022
W2321708687,https://doi.org/10.2166/ws.2013.124,Development of point-of-use water disinfection technology using ceramic water filter and electrochemical hybrid system,2013
W4405859798,https://doi.org/10.2166/ws.2024.259,"Corrigendum: <i>Water Supply</i>, 24 (10), 3617–3638: Groundwater potential mapping and its sustainable management using AHP and FR models in the Jedeb watershed, Upper Blue Nile Basin, Ethiopia, https://dx.doi.org/10.2166/ws.2024.226",2024
W4389948331,https://doi.org/10.2166/ws.2023.312,"Corrigendum: <i>Water Supply</i> 21 (7), 3698–3709: Thermal efficiency improvement of a solar desalination process by parabolic trough collector, Randha Bellatreche, Maamar Ouali, Mourad Balistrou and Djilali Tas, https://dx.doi.org/10.2166/ws.2021.131",2023
W4401222348,https://doi.org/10.2166/ws.2024.167,"Erratum: <i>Water Supply</i> 24 (6), 2172–2184: Fluoride removal by hydroxyapatite modified with anhydrous aluminum chloride, Mengyue Ren, Xiangling Jia, Tianyin Huang, Bingdang Wu and Jingjing Yang, https://dx.doi.org/10.2166/ws.2024.117",2024
W4401116456,https://doi.org/10.2166/ws.2024.151,"Retraction: <i>Water Supply</i> 21 (8), 4145–4152: Application of probability decision system and particle swarm optimization for improving soil moisture content, Panpan Zhu, Hossein Saadati and Majid Khayatnezhad, https://dx.doi.org/10.2166/ws.2021.169",2024
W7167931123,https://doi.org/10.2166/ws.2026.172,"Retraction: <i>Water Supply</i> (2022) 22 (6), 5739–5752: Coupling research on spatio-temporal differentiation of water resources carrying capacity in mature mining cities, Shuhang Zhao and Gang He, https://dx.doi.org/10.2166/ws.2022.213",2026
W4399207400,https://doi.org/10.2166/ws.2024.125,"Expression of Concern: <i>Water Supply</i> 21 (8): 4391–4403: Fuzzy-probabilistic modeling the flood characteristics using bivariate frequency analysis and α-cut decomposition, Xiaozhou Sun and Majid Khayatnezhad, https://dx.doi.org/10.2166/ws.2021.186",2024
W4243849468,https://doi.org/10.2166/ws.2019.161,"Corrigendum: Water Supply 19 (6), 1841–1850: Experimental research on the maximum backwater height in front of a permeable spur dike in the bend on a spillway chute, Jinmeng Yang, Jing Zhang, Qinghua Zhang, Xiaomin Teng, Wei Chen and Xuemei Li",2019
W3211054483,https://doi.org/10.2166/ws.2021.373,Reducing the conflict of interest in the optimal operation of reservoirs by linking mesohabitat hydraulic modeling and metaheuristic optimization,2021
W3196729305,https://doi.org/10.2166/ws.2021.291,Socioeconomic potential for rainwater harvesting systems in southern Brazilian municipalities,2021
W2997431916,https://doi.org/10.2166/ws.2019.204,Self-optimizer data-mining method for aquifer level prediction,2019
W4283657691,https://doi.org/10.2166/ws.2022.241,Retracted: Design and development of an integrated environmental waste management system with a sustainable solution,2022
W1982250754,https://doi.org/10.2166/ws.2014.066,Assessing water resources carrying capacity based on integrated system dynamics modeling in a semiarid river basin of northern China,2014
W4318700574,https://doi.org/10.2166/ws.2023.020,Full-scale determination of pipe wall and bulk chlorine degradation coefficients for different pipe categories,2023
W1987117586,https://doi.org/10.2166/ws.2008.051,Risk management approach for monitoring UF membrane integrity and experimental validation using MS2-phages,2008
W3102924161,https://doi.org/10.2166/ws.2020.311,Comparison of crushed rock sand and natural river sand as filter media for rapid filtration,2020
W4295127481,https://doi.org/10.2166/ws.2022.323,Study on key technology of identification of mine water inrush source by PSO-LightGBM,2022
W3119196189,https://doi.org/10.2166/ws.2020.330,Effect of pH on nutrient removal and crop production of hydroponic systems treating brewery effluent,2020
W2013752429,https://doi.org/10.2166/ws.2013.218,Virus removal by an in-line coagulation–ceramic microfiltration process with high-basicity polyaluminum coagulation pretreatment,2013
W2068449156,https://doi.org/10.2166/ws.2008.117,Enhancing boron rejection in seawater reverse osmosis facilities,2008
W2772818968,https://doi.org/10.2166/ws.2017.235,"Investigation of humic acids concentration in different seasons in a raw water canal, Bangkok, Thailand",2017
W3035599536,https://doi.org/10.2166/ws.2020.124,Evaluation of solar light inactivation on multidrug-resistant Escherichia coli CGMCC 1.1595,2020
W2830353923,https://doi.org/10.2166/ws.2018.125,Chlorine-age based booster chlorination optimization in water distribution network considering the uncertainty of residuals,2018
W3141709609,https://doi.org/10.2166/ws.2021.083,An assessment of groundwater quality in South-West zone of Surat city,2021
W4281648138,https://doi.org/10.2166/ws.2022.212,"Corrigendum: <i>Water Supply</i> 22 (4), 4744–4755: Experimental investigation of the abnormal rise of water-wings downstream of a step-type aerator, Hu Han, Huang Guobing, Wang Zhixin, Huang Lu, https://doi.org/10.2166/ws.2022.137",2022
W2287867127,https://doi.org/10.2166/ws.2015.192,Bacterial adaptation and performance of household biosand water filters in differing temperatures,2015
W4401114689,https://doi.org/10.2166/ws.2024.149,"Retraction: <i>Water Supply</i> 21 (8): 4391–4403<i>:</i> Fuzzy-probabilistic modeling the flood characteristics using bivariate frequency analysis and α-cut decomposition, Xiaozhou Sun and Majid Khayatnezhad, https://dx.doi.org/10.2166/ws.2021.186",2024
W4388233026,https://doi.org/10.2166/ws.2023.294,"Corrigendum: <i>Water Supply</i> 23 (8), 2999–3012: Performance evaluation of pilot-scale reverse osmosis spiral wound membrane for water desalination systems, Mohamed Allam, Hoda Soussa and Ezzat Elalfy, https://dx.doi.org/10.2166/ws.2023.172",2023
W4415295869,https://doi.org/10.2166/ws.2025.089,"Retraction: <i>Water Supply</i> 24 (1), 152–161: Sensitivity analysis of estimated evapotranspiration using soil moisture content, energy balance model of SEBAL algorithm, Yunzhong Dai and Kuan-yu Chen, https://dx.doi.org/10.2166/ws.2023.327",2025
W4399208340,https://doi.org/10.2166/ws.2024.123,"Expression of Concern: <i>Water Supply</i> 21 (8), 4145–4152: Application of probability decision system and particle swarm optimization for improving soil moisture content, Panpan Zhu, Hossein Saadati and Majid Khayatnezhad, https://dx.doi.org/10.2166/ws.2021.169",2024
W3049364224,https://doi.org/10.2166/ws.2020.189,Comparisons and improvements of eco-compensation standards for water resource protection in the Middle Route of the South-to-North Water Diversion Project,2020
W4214718984,https://doi.org/10.2166/ws.2021.003,"Erratum: <i>Water Supply</i> 20 (7), 2484–2498: Historic hydraulic works: paradigms of traditional good water governance, integrity and sustainability, Feirouz Megdiche-Kharrat, Xiao Yun Zheng, Mohamed Moussa, Zhang Famin and Andreas N. Angelakis",2021
W7131664958,https://doi.org/10.2166/ws.2026.111,"Expression of Concern: <i>Water Supply</i> (2023) 23 (11), 4436–4448: Assessment of forest food–water resources nexus and its utilization efficiency based on the Gaussian model, Weiguang Xie and Huaquan Ma, https://dx.doi.org/10.2166/ws.2023.267",2026
W4313363028,https://doi.org/10.2166/ws.2022.424,Optimal allocation of irrigation water in a single-reservoir and a single-pumping-station system under deficit irrigation conditions,2022
W7130856292,https://doi.org/10.2166/ws.2026.120,"Retraction: <i>Water Supply</i> (2023) 23 (8), 3192–3204: Quantitative analysis of regional water resources and secure development of economic and social coupling systems, Jinghui Zhen, Jianghao Nan and Jianghua Hou, https://dx.doi.org/10.2166/ws.2023.198",2026
W7153556237,https://doi.org/10.2166/ws.2026.142,"Retraction: <i>Water Supply</i> (2023) 23 (9), 3881–3898: Ecological restoration process of watershed land space with intelligent IoT technology, Li Wang, Kai Wang, Jianhui Xu and Jingjie Liu, https://dx.doi.org/10.2166/ws.2023.202",2026
W3046169381,https://doi.org/10.2166/ws.2020.167,Application of solid phase extraction (SPE) coupled to dispersive liquid–liquid micro-extraction (DLLME) and sensory evaluation technique for the study of taste and odor active compounds in water,2020
W4364379691,https://doi.org/10.2166/ws.2023.096,Impact of water resources pricing mechanism on global agricultural economy based on CGE model,2023
W4362519301,https://doi.org/10.2166/ws.2023.082,"Spatiotemporal variations of hydrochemical characteristics of irrigation water: a case study of the Lower Rio Grande Valley, USA",2023
W4379520213,https://doi.org/10.2166/ws.2023.136,Improving secondary settling tanks performance by applying CFD models for design and operation,2023
W2581022031,https://doi.org/10.2166/ws.2017.003,Adsorption/reduction of N-dimethylnitrosamine from aqueous solution using nano zero-valent iron nanoparticles supported on ordered mesoporous silica,2017
W2039885839,https://doi.org/10.2166/ws.2006.830,"Customer committees, economic regulation and the Water Framework Directive",2006
W4389490028,https://doi.org/10.2166/ws.2023.321,Water environment response of urban water networks in the Pearl River Delta (China) under the influence of typhoon rain events,2023
W4367176122,https://doi.org/10.2166/ws.2023.108,Norfloxacin removal efficiency by a carbon filtration column under the influence of nanoplastics: mechanistic analysis and prediction model,2023
W2247430924,https://doi.org/10.2166/ws.2003.0062,Comparative design and performance analysis of three different in configuration waste stabilization ponds pilot units in a Mediterranean-temperate climate,2003
W2080778364,https://doi.org/10.2166/ws.2007.030,"The Water in the Royal Monastery of Santa Maria De Poblet, Tarragona, Spain",2007
W2769399816,https://doi.org/10.2166/ws.2017.228,Pervaporative desalination of seawater using a polyvinylidene fluoride based membrane,2017
W3131590718,https://doi.org/10.2166/ws.2021.052,Long-term evaluation of soil salinization risks under different climate change scenarios in a semi-arid region of Tunisia,2021
W2061180997,https://doi.org/10.2166/ws.2010.103,Ancient water management techniques to counteract drought and desertification in the Mediterranean,2010
W2253466055,https://doi.org/10.2166/ws.2004.0048,"Saragossa, 50 examples of efficient water use in the city",2004
W4294141359,https://doi.org/10.2166/ws.2022.282,"The transformation mechanism of ofloxacin (OFL) by chlorine dioxide disinfection in water distribution system: kinetics, byproducts and toxicity",2022
W2520254479,https://doi.org/10.2166/ws.2015.022,Human health risk assessment related to blue-green algae mass development in the Kuibyshev Reservoir,2015
W4405860073,https://doi.org/10.2166/ws.2024.258,"Retraction: <i>Water Supply</i>, 23 (8): 3345–3358: The application of nanoparticles on the yield and nutritional quality of rice under different irrigation regimes, Mehrnaz Zarei, Hormoz Fallah, Yosoof Niknejad and Davood Barari Tari, https://dx.doi.org/10.2166/ws.2023.206",2024
W7133121046,https://doi.org/10.2166/ws.2026.124,"Expression of Concern: <i>Water Supply</i> (2023) 23 (3), 1478–1494: Status quo and change characteristics of groundwater resources pollution in the Hami region based on sustainable development strategies, Yan Wu and Shajunyi Zhao, https://dx.doi.org/10.2166/ws.2023.063",2026
W4391139610,https://doi.org/10.2166/ws.2023.341,"Corrigendum: <i>Water Supply</i> 23 (10), 4242–4251: Poly-<i>γ</i>-glutamic acid affects NH3 volatilization, soil nitrogen content, and soybean seedling growth, Lu Liu and Wenjuan Shi, https://dx.doi.org/10.2166/ws.2023.228",2023
W3160545632,https://doi.org/10.2166/ws.2021.149,A holistic reliability system approach of a water distribution network in Saudi Arabia,2021
W4390004964,https://doi.org/10.2166/ws.2023.332,Ground water availability assessment for a data-scarce river basin in Nepal using SWAT hydrological model,2023
W2797545855,https://doi.org/10.2166/ws.2018.077,Monitoring seasonal variations of colored dissolved organic matter for the Saginaw River based on Landsat-8 data,2018
W2252587111,https://doi.org/10.2166/ws.2015.023,Effectiveness of priority PAH removal in a water coagulation process,2015
W2773402805,https://doi.org/10.2166/ws.2017.234,Comparing inhalation and ingestion exposure to chemical contaminants and odorants in mixtures,2017
W3038589606,https://doi.org/10.2166/ws.2020.147,Monitoring point optimization in lake waters,2020
W3084106683,https://doi.org/10.2166/ws.2020.212,Sensitivity of contaminant spread to decay rate in water distribution systems with implications for the spread of emerging contaminants,2020
W3138012738,https://doi.org/10.2166/ws.2020.359,"Sensitivity analysis of external conditions based on the MARS-Sobol method: case study of Tai Lake, China",2020
W2062874338,https://doi.org/10.2166/ws.2013.173,Impact of kaolinite clay particles on the filtration of Cryptosporidium-sized microspheres,2013
W2472567367,https://doi.org/10.2166/ws.2016.094,Testing monolithic activated carbon adsorbers for in-line removal of organic micropollutants,2016
W4400352214,https://doi.org/10.2166/ws.2024.156,Integrated multi-objective chance-constrained fuzzy interval linear programming model with principal component analysis for optimizing agricultural water resource management under uncertainties,2024
W2897666814,https://doi.org/10.2166/ws.2018.169,An assessment of the operational freeware management tools for multi-reservoir systems,2018
W2318422878,https://doi.org/10.2166/ws.2014.059,A preliminary water footprint assessment of copper production in China,2014
W4200216120,https://doi.org/10.2166/ws.2021.456,A multi-method integrated simulation system for water resources allocation,2021
W2333864914,https://doi.org/10.2166/ws.2014.022,Assessing the viability of microhydropower generation from the stormwater flow of the detention outlet in an urban area,2014
W1990922557,https://doi.org/10.2166/ws.2007.009,Water management in the Bronze Age: Greece and Anatolia,2007
W3084106683,https://doi.org/10.2166/ws.2020.212,Sensitivity of contaminant spread to decay rate in water distribution systems with implications for the spread of emerging contaminants,2020
W4392157394,https://doi.org/10.2166/ws.2024.034,Improving the performance of a condensation water production system through support vector machine modeling and genetic algorithm optimization,2024
W2748965040,https://doi.org/10.2166/ws.2017.160,"Management of the saltwater intrusion phenomenon in the alluvial aquifer of Katapola, Amorgos, Greece",2017
W2336681571,https://doi.org/10.2166/ws.2016.032,Defluoridation of water by chemical impregnated Artocarpus hirsutus sawdust,2016
W2802205066,https://doi.org/10.2166/ws.2018.076,Hygienic quality of public natural swimming pools (NSP),2018
W3080226341,https://doi.org/10.2166/ws.2020.195,Preparation of multilayer polyelectrolyte ceramic membrane for water disinfection,2020
W2332791583,https://doi.org/10.2166/ws.2013.064,"Reduction of Escherichia coli bacteria from contaminated water by combining hydrogen peroxide, ozone and ultraviolet light",2013
W4282008189,https://doi.org/10.2166/ws.2022.218,Distribution pattern and ecological risk assessment of heavy metals in Henan section of the Yellow River,2022
W3118314066,https://doi.org/10.2166/ws.2021.015,Variation of total phosphorus concentration and loads in the upper Yangtze River and contribution of non-point sources,2021
W2283056330,https://doi.org/10.2166/ws.2003.0165,Nanofiltration membrane fouling by conventionally treated surface water,2003
W2338711242,https://doi.org/10.2166/ws.2002.0186,The role of membrane ξ-potential in solute rejection by low-pressure reverse osmosis membrane,2002
W4407625804,https://doi.org/10.2166/ws.2025.019,"Retraction: Water Supply 1 January 2024; 24 (1): 26–38: Visual design of water-based landscape environment based on the sustainable utilization of water resources, Bin Hu, Yuxin Wang, Yuanxu Liu, Lihong Zheng, https://dx.doi.org/10.2166/ws.2023.331",2025
W4281963318,https://doi.org/10.2166/ws.2022.211,"Corrigendum: <i>Water Supply</i> 22 (4), 4606–4623: Spatiotemporal characteristics analysis of water saving potential and economic effectiveness of rainwater harvesting system in China, Chen Shiguang, Zhang Yu, Lin Xinkuang and Lu Xiaochun, http://dx.doi.org/10.2166/ws.2022.121",2022
W2026593950,https://doi.org/10.2166/ws.2012.049,"Sustainable water resources management in the Long Bien district of Hanoi, Vietnam",2012
W2948595972,https://doi.org/10.2166/ws.2019.080,Estimation of chlorophyll-a concentration using Landsat 8 in the Cassaffousth reservoir,2019
W4285090304,https://doi.org/10.2166/ws.2022.261,Water footprint of food production and consumption in China,2022
W1988019215,https://doi.org/10.2166/ws.2012.005,Effects of chlorine and pipe material on biofilm development and structure in a reclaimed water distribution system,2012
W2912292749,https://doi.org/10.2166/ws.2019.015,"Spatial distribution of physico-chemical parameters for groundwater quality evaluation in a part of Satluj River Basin, India",2019
W3005716673,https://doi.org/10.2166/ws.2020.020,Investigation of polar mobile organic compounds (PMOC) removal by reverse osmosis and nanofiltration: rejection mechanism modelling using decision tree,2020
W2314216979,https://doi.org/10.2166/ws.2012.065,Applicability of ion exchange for NOM removal from a sulfate-rich surface water incorporating full reuse of the brine,2012
W3093746040,https://doi.org/10.2166/ws.2020.281,Characteristics and evaluations of heavy metal contents in irrigation water sources on a suburb farmland in the lower reaches of Xijiang River in the early busy season of farming,2020
W2074580915,https://doi.org/10.2166/ws.2009.407,"Dynamic programming of capacity expansion for reverse osmosis desalination plant: Sharm El Sheikh, Egypt",2009
W4409284103,https://doi.org/10.2166/ws.2025.045,Closing the loop: model-predictive control for a closed-circuit reverse osmosis system,2025
W2300382554,https://doi.org/10.2166/ws.2016.003,Environmental growth of the faecal indicator Enterococcus moraviensis,2016
W4308713837,https://doi.org/10.2166/ws.2022.383,Arsenic removal using electrocoagulation followed by hematite granular filter,2022
W3092322795,https://doi.org/10.2166/ws.2020.229,Design of up-flow aerated filters for the removal of iron from groundwater,2020
W3167749148,https://doi.org/10.2166/ws.2021.185,Chlorination contributes to multi-antibiotic resistance in a pilot-scale water distribution system,2021
W2521201027,https://doi.org/10.2166/ws.2004.0059,Influence of UV irradiation and UV/hydrogen peroxide oxidation process on natural organic matter fluorescence characteristics,2004
W4396925855,https://doi.org/10.2166/ws.2024.110,"Retracted: Spatial and temporal distribution of nitrogen, phosphorus, and heavy metals loads in Guanshan River Basin based on SWAT modeling",2024
W2513562960,https://doi.org/10.2166/ws.2008.098,Evidence of specialized bromate-reducing bacteria in a hollow fiber membrane biofilm reactor,2008
W2323308679,https://doi.org/10.2166/ws.2013.078,Removal of DOC and its fractions from surface waters of the Canadian Prairie containing high levels of DOC and hardness,2013
W2317856229,https://doi.org/10.2166/ws.2013.057,How supply system design can reduce the energy footprint of rainwater supply in urban areas in Australia,2013
W3038933423,https://doi.org/10.2166/ws.2020.146,"Historic hydraulic works: paradigms of traditional good water governance, integrity and sustainability",2020
W2803539182,https://doi.org/10.2166/ws.2005.0080,Simple tertiary treatment systems,2005
W2109212434,https://doi.org/10.2166/ws.2009.563,Predicting the formation of trihalomethanes and haloacetic acids in water treated with chlorine dioxide,2009
W7161054570,https://doi.org/10.2166/ws.2026.155,"Expression of Concern: <i>Water Supply</i> (2023) 23 (2), 779–795: Development process and height of the mining-induced water fractured zone over the longwall goaf, Kaifang Fan, Qiqing Wang, Wenping Li, and Yuanyi Chen https://dx.doi.org/10.2166/ws.2023.010",2026
W2325532094,https://doi.org/10.2166/ws.2014.079,Optimal operation efficiency and control of water pumps in multiple water reservoir system: case study in Korea,2014
W2917633032,https://doi.org/10.2166/ws.2019.035,Inhibition effect of dissolved organic matter in secondary-treated municipal wastewater on corrosion of N80 carbon steel,2019
W1183234682,https://doi.org/10.2166/ws.2015.088,Evaluation of groundwater qualities in a paddy-dominated alluvial fan,2015
W2037861970,https://doi.org/10.2166/ws.2006.968,Protein profiles of extracellular polymeric substances and activated sludge in a membrane biological reactor by 2-dimensional gel electrophoresis,2006
W1974795955,https://doi.org/10.2166/ws.2010.348,Investigation of the use of TiO2 doped with metal ions in water disinfection,2010
W2317479895,https://doi.org/10.2166/ws.2012.009,"Diversity and characteristics of yeasts from water sources in the North West Province, South Africa",2012
W2004309190,https://doi.org/10.2166/ws.2007.014,Roman aqueduct and hydraulic engineering: case of Nîmes aqueduct and its Pont du Gard bridge,2007
W3196421762,https://doi.org/10.2166/ws.2021.251,Release flux of heavy metals from river sediments at different flow rates,2021
W2339037743,NA,The effect of mineralization and silicate addition for corrosion control in soft low carbonate waters,2001
W4319724883,https://doi.org/10.2166/ws.2023.032,Hydraulic investigation of stilling basins of the barrage before and after remodelling using FLOW-3D,2023
W4205277478,https://doi.org/10.2166/ws.2020.133,"Corrigendum: Water Supply 20 (3), 909–921: Comparison study of artificial intelligence method for short term groundwater level prediction in the northeast Gachsaran unconfined aquifer, https://iwaponline.com/ws/article/20/3/909/72227/Comparison-study-of-artificial-intelligence-method?searchresult = 1",2020
W200596836,https://doi.org/10.2166/ws.2005.0019,A study on appropriate investment of pipeline rehabilitation for water distribution network,2005
W4407625706,https://doi.org/10.2166/ws.2025.024,"Erratum: <i>Water Supply,</i> 24 (10): 3398–3422: Flow measurement mechanism and hydraulic characteristics analysis of the airfoil weir-orifice facility in a rectangular channel, Bin Sun, Peng Su, Zhiwei Li, Feifei Wang and Xiangyang Liu, https://dx.doi.org/10.2166/ws.2024.222",2025
W7127413033,https://doi.org/10.2166/ws.2026.116,"Expression of Concerns: Water Supply (2023) 23 (5): 2162–2174: Methods of improving rural water ecological environment and promoting the development of ecological economy from the perspective of the digital economy, Jingyi Wang, Hong Yin, Jiaming Jin, Luoyuan Cui https://dx.doi.org/10.2166/ws.2023.103",2026
W7153503486,https://doi.org/10.2166/ws.2026.141,"Retraction: <i>Water Supply</i> (2024) 24 (5), 1658–1675: Comprehensive evaluation and analysis of water resource characteristics in Lixiahe Plain, China, Liang He, Liwen Yang, Ling Chen, Yabin Ye, Shuo Zhang and Chenfang Xu, https://dx.doi.org/10.2166/ws.2024.076",2026
W3215882855,https://doi.org/10.2166/ws.2021.408,"Mechanisms controlling major ion chemistry and its suitability for irrigation of Narmada River, India",2021
W2965182872,https://doi.org/10.2166/ws.2019.109,Effective water quantity of multi-source water recharging aquifers in Yufuhe River based on groundwater and surface water semi-coupled modelling,2019
W4389347553,https://doi.org/10.2166/ws.2023.318,Occurrence and diversity of nontuberculous mycobacteria affected by water stagnation in building plumbing,2023
W2059780428,https://doi.org/10.2166/ws.2006.905,Application of computational fluid dynamics (CFD) to ozone contactor optimization,2006
W165791527,https://doi.org/10.2166/ws.2001.0072,Chlorinated solvents cometabolism by an enriched nitrifying bacterial consortium,2001
W4231905769,https://doi.org/10.2166/ws.2003.0091,Dynamic management of water distribution networks based on hydraulic performance analysis of the system,2003
W2291999782,https://doi.org/10.2166/ws.2015.093,3D model evolution of a leak based on GPR image interpretation,2015
W2050814983,https://doi.org/10.2166/ws.2008.148,Significance of flocculation for NOM removal by coagulation–ceramic membrane microfiltration,2008
W3032556319,https://doi.org/10.2166/ws.2020.114,High air flotation efficiency of multiphase flow pump with the addition of dodecyl dimethyl benzyl ammonium chloride (DDBAC),2020
W2320059797,https://doi.org/10.2166/ws.2013.060,Implementation of a process internal control to monitor the performance of real-time PCR assays for the detection of Vibrio cholerae in water,2013
W2327735849,https://doi.org/10.2166/ws.2014.068,Influence of pyrolytic seeds on ZnO nanorod growth onto rigid substrates for photocatalytic abatement of Escherichia coli in water,2014
W2241396581,https://doi.org/10.2166/ws.2005.0001,"Estimating regional water demand in Seoul, South Korea, using principal component and cluster analysis",2005
W4224277198,https://doi.org/10.2166/ws.2022.167,"Corrigendum: <i>Water Supply</i> 22 (2), 1557–1574: Experimental and numerical investigation of flow over a spillway bend with different combinations of permeable spur dikes, Jinmeng Yang, Zhenzhong Shen, Jing Zhang, Xiaomin Teng, Wenbing Zhang and Jie Dai, doi: 10.2166/ws.2021.335",2022
W4386242460,https://doi.org/10.2166/ws.2023.225,"Corrigendum: <i>Water Supply</i> 23 (7), 2662–2675: A quantitative and qualitative investigation of ball and foam covers coated with cement slurry and their composition on reducing evaporation and choosing the best coating by the AHP method, Hojat Karami, Alireza Sobhi and Ramazan Vagheei, https://dx.doi.org/10.2166/ws.2023.160",2023
W4292057444,https://doi.org/10.2166/ws.2022.294,"Erratum: Water Supply (2022) 22 (7): 6230–6244: Streamflow forecasting in Tocantins river basins using machine learning, Victor Braga Rodrigues Duarte, Marcelo Ribeiro Viola, Marcos Giongo, Eduardo Morgan Uliana, Carlos Rogério de Mello, https://doi.org/10.2166/ws.2022.155",2022
W1981428367,https://doi.org/10.2166/ws.2010.384,Microbiological quality of bottled water brands sold in retail outlets in New Zealand,2010
W3035514722,https://doi.org/10.2166/ws.2020.126,Integrated allocation model of water quantity and quality and its application in the Yellow River,2020
W2140399891,https://doi.org/10.2166/ws.2005.0004,Investigation of introducing water from an artificial recharge plant to an existing groundwater distribution system,2005
W2592280508,https://doi.org/10.2166/ws.2017.017,A method for estimating watershed restoration feasibility under different treatment levels,2017
W4205800993,https://doi.org/10.2166/ws.2022.024,"Assessment of the groundwater quality by using multivariate approach and non-carcinogenic risk of uranium in the inhabitants of the Bastar district, Chhattisgarh, Central India",2022
W4309754332,https://doi.org/10.2166/ws.2022.401,"Horizontal and vertical distribution of microplastics in Gehu Lake, China",2022
W4393382521,https://doi.org/10.2166/ws.2024.066,Practical design of reservoirs for rainwater use in buildings in Brazil: behavioural analysis and modelling,2024
W2339468239,https://doi.org/10.2166/ws.2004.0099,Natural organic matter fractionation: XAD resins versus UF membranes. An investigation into THM formation,2004
W2955780727,https://doi.org/10.2166/ws.2019.092,Assessing vertical and horizontal movements of algal blooms in a coastal water using satellite remote sensing for optimal operation of desalination plants,2019
W2782224239,https://doi.org/10.2166/ws.2018.005,Suppression of nutrient release from freshwater lake sediments using granulated coal ash,2018
W2321240274,https://doi.org/10.2166/ws.2014.053,Visible and solar light photocatalytic disinfection of bacteria by N-doped TiO2,2014
W2317589849,https://doi.org/10.2166/ws.2016.054,Evolution of underground aqueducts in the Hellenic world,2016
W2316754172,https://doi.org/10.2166/ws.2014.028,High-speed filtration using highly porous fiber media for advanced and compact particle removal,2014
W4296828725,https://doi.org/10.2166/ws.2022.336,"An optimisation approach for the operating rule curves of the A Vuong reservoir, Vietnam",2022
W4392358777,https://doi.org/10.2166/ws.2024.025,"Retracted: Dynamic nexus between agricultural water consumption, economic growth and food security",2024
W2319926728,https://doi.org/10.2166/ws.2014.048,Evaluation of an intrusive technology to diagnose buried pipelines,2014
W2734489581,https://doi.org/10.2166/ws.2017.151,"Phosphorus fractions and its summer flux from sediments of deep reservoirs located at a phosphate-rock watershed, Central China",2017
W3038992491,https://doi.org/10.2166/ws.2020.135,Distribution of fluoride in groundwater around Chagan Lake and its risk assessment under the influence of human activities,2020
W2620452045,https://doi.org/10.2166/ws.2017.090,"Hydrogeochemistry and groundwater mixing close to an oil field: an example from Asmari karstic aquifer, Khuzestan, Iran",2017
W1998673773,https://doi.org/10.2166/ws.2014.092,Natural attenuation potential of selected hydrokarst systems in the Carpathian Mountains (Romania),2014
W2327189982,https://doi.org/10.2166/ws.2012.046,Investigating the performance of a UV/H2O2 integrated flow-through system followed by free chlorine,2012
W2944077345,https://doi.org/10.2166/ws.2019.071,Source separation and apportionment of surface water pollution in the Luanhe River Basin based on non-negative matrix factorization,2019
W4385396892,https://doi.org/10.2166/ws.2023.192,"Dynamic cluster analysis of urban river ecosystem using water, climate, and economy nexus",2023
W4406928353,https://doi.org/10.2166/ws.2025.013,"Retraction: <i>Water Supply</i>, 23 (10): 3997–4014: Multi-energy system smart tool for ecological water body restoration using an AI-based decision-making framework, Shu Xu, Ching-Hsien Hsu and Carlos Enrique Montenegro-Marin, https://dx.doi.org/10.2166/ws.2023.223",2025
W2262264253,https://doi.org/10.2166/ws.2004.0049,Accuracy in water losses estimation in the distribution network - the Paris case,2004
W2896912549,https://doi.org/10.2166/ws.2018.175,"Effects of chlorination, ultraviolet and ozone disinfection on the biotoxicity of triclosan",2018
W2283931967,https://doi.org/10.2166/ws.2002.0106,Back to pre-disinfection of highly polluted waters,2002
W2341047134,https://doi.org/10.2166/ws.2015.008,Nitrate reduction in reactive swales at low temperatures: full-size field system vs. technical scale,2015
W2335590957,https://doi.org/10.2166/ws.2014.072,Fluoride removal by a hybrid fluoride-selective adsorbent,2014
W2300827301,https://doi.org/10.2166/ws.2002.0137,Measuring the effectiveness of multi-sector approaches to service provision,2002
W2340677693,https://doi.org/10.2166/ws.2003.0059,"Modelling of bacterial removal in wastewater storage reservoir for irrigation purposes: a case study in Sicily, Italy",2003
W2804413664,https://doi.org/10.2166/ws.2004.0058,Enhanced removal of natural organic matter via peroxidase-mediated oxidative coupling,2004
W4386349812,https://doi.org/10.2166/ws.2023.230,Retracted: Ecosystem governance of rural water ecosystem services under sustainable utilization,2023
W4386563005,https://doi.org/10.2166/ws.2023.235,Development of water resources protection planning and environmental design in urban water conservancy landscape based on ecological concept,2023
W7165368273,https://doi.org/10.2166/ws.2026.159,"Expression of Concerns: <i>Water Supply</i> (2022) 22 (12), 8923–8941: Synthesis and evaluation of amino acid modified polyepoxysuccinic acid as inhibitor of calcium carbonate scale, Haojie Zhao, Yuhua Yang, Changrui Miao, Wenjun Huang, Sikai Wang, and Yunfei Wang, https://dx.doi.org/10.2166/ws.2022.374",2026
W2788404806,https://doi.org/10.2166/ws.2018.027,The oasis of Moghrar (southwest Algeria): water resources and management,2018
W4392365807,https://doi.org/10.2166/ws.2024.040,Optimizing performance assessment of multi-reservoir operations for sustainable water management in a semi-arid region,2024
W2472856627,https://doi.org/10.2166/ws.2006.030,Application of improved rapid mixing for enhanced removal of dissolved organic matter and DBPFP (disinfection by-product formation potential) control,2006
W4362664004,https://doi.org/10.2166/ws.2023.091,Retracted: Developing policy-making for maximizing the water productivity in agricultural lands,2023
W2297975890,https://doi.org/10.2166/ws.2002.0184,Monitoring and maintaining the integrity of immersed ultrafiltration membranes used for pathogen protection,2002
W2070075043,https://doi.org/10.2166/ws.2013.094,Arsenic removal using novel combined Fe/Mn adsorbent modified with silica,2013
W2327805148,https://doi.org/10.2166/ws.2012.043,"Biodegradation of MIB, geosmin and microcystin-LR in sand columns containing Taihu lake sediment",2012
W2158729101,https://doi.org/10.2166/ws.2013.063,The effect of seasonal climate on bottled water distribution in rural Cambodia,2013
W3183607524,https://doi.org/10.2166/ws.2021.236,Optimal water allocation method based on the genetic algorithm for a system of a reservoir and two pumping stations,2021
W3081923942,https://doi.org/10.2166/ws.2020.188,Modified particle swarm algorithm for the optimal water allocation of reservoir,2020
W2245893535,https://doi.org/10.2166/ws.2006.011,Removal of clay and blue-green algae particles through zeta potential and particle size distribution in the dissolved air flotation process,2006
W2894629783,https://doi.org/10.2166/ws.2018.150,Fiber filter built with polypropylene fibers applied to water clarification,2018
W2319400428,https://doi.org/10.2166/ws.2002.0133,International Report: Performance assessment in the water industry,2002
W4385698470,https://doi.org/10.2166/ws.2023.202,Retracted: Ecological restoration process of watershed land space with intelligent IoT technology,2023
W4387089844,https://doi.org/10.2166/ws.2023.234,Retracted: Evaluation of agricultural wetland utilization and landscape design,2023
W2315815573,https://doi.org/10.2166/ws.2013.122,Identification of treatment by-products of the ozonation of estrone sulfate,2013
W2322358274,https://doi.org/10.2166/ws.2015.001,READ-As and GEH sorption materials for the removal of antimony from water,2015
W2606836494,https://doi.org/10.2166/ws.2017.050,The Augustan aqueduct of Capua and its historical evolution,2017
W7153640416,https://doi.org/10.2166/ws.2026.144,"Expression of Concern: <i>Water Supply</i> (2024) 24 (7), 2473–2486: Study on the sustainable utilisation of water resources in semi-arid megacities of China based on water footprint, Na Li, Rui Zhang, HePing Shu, AnRong He, XiaoYan Zhang and XinYuan Wang, https://dx.doi.org/10.2166/ws.2024.158",2026
W2949279189,https://doi.org/10.2166/ws.2008.110,An integrated approach to water conservation for large users,2008
W3177209669,https://doi.org/10.2166/ws.2021.203,Operational and technical performance of a water distribution network in Oman,2021
W1964590725,https://doi.org/10.2166/ws.2009.451,"Development of strategic water reserve for the Holy City of Makkah, Saudi Arabia",2009
W7148767878,https://doi.org/10.2166/ws.2026.138,"Retraction: <i>Water Supply</i> (2024) 24 (5), 1714–1733: GIS-based water inrush risk evaluation of the 10th coal seam floor in Zhuxianzhuang Coal Mine, northern Anhui Province, China, Qilin Jiang, Qimeng Liu, Huichan Chai, and Xianxiang Hu https://dx.doi.org/10.2166/ws.2024.077",2026
W4385550072,https://doi.org/10.2166/ws.2023.198,Retracted: Quantitative analysis of regional water resources and secure development of economic and social coupling systems,2023
W2072716223,https://doi.org/10.2166/ws.2007.046,Modeling the nitrobenzene spill in the Songhua River,2007
W4389935811,https://doi.org/10.2166/ws.2023.331,Retracted: Visual design of water-based landscape environment based on the sustainable utilization of water resources,2023
W2793618537,https://doi.org/10.2166/ws.2018.028,Ceramic microfiltration; a novel and compact process for the treatment of surface water,2018
W2000177125,https://doi.org/10.2166/ws.2014.075,"Application of West Java water sustainability index to Citarum catchment in West Java, Indonesia",2014
W2608841732,https://doi.org/10.2166/ws.2017.067,Study of fouling in two-stage reverse osmosis desalination unit operating without an inlet pH adjustment: diagnosis and implications,2017
W2260152354,https://doi.org/10.2166/ws.2015.013,"Contributions of spatial, temporal, and treatment impacts on natural organic matter character using fluorescence-based measures",2015
W4313410606,https://doi.org/10.2166/ws.2022.431,"Physico-Chemical and microbiological analysis of the loopspruit river, north west province: A metagenomic approach",2022
W2496641222,https://doi.org/10.2166/ws.2003.0145,Nanofiltration of colored surface water: Quebec's experience,2003
W3083930936,https://doi.org/10.2166/ws.2020.215,Effect of electric field and Mg2+ doping on calcium carbonate scaling shown in experiments and first principle calculations,2020
W2986963941,https://doi.org/10.2166/ws.2019.166,"Effect of dew-irrigation on seed germination in flax, fenugreek, and fennel",2019
W4317904049,https://doi.org/10.2166/ws.2023.014,Research on leakage area detection method in water distribution network based on gray wolf optimization,2023
W2339743287,https://doi.org/10.2166/ws.2001.0012,Occurrence and removal of Giardia and Cryptosporidium at the Goreangab reclamation plant,2001
W1492944169,https://doi.org/10.2166/ws.2003.0057,Partial nitrification activated sludge operation as an appropriate nitrogen removal scheme for the Mediterranean region,2003
W4310516131,https://doi.org/10.2166/ws.2022.409,Hydrochemical assessment of groundwater quality in the Narmada River Basin (Central India),2022
W4392456059,https://doi.org/10.2166/ws.2024.046,Multi-criteria decision-making methods for optimal design of intermittent water distribution network,2024
W3098647220,https://doi.org/10.2166/ws.2020.305,An ecological stability-oriented model for the conjunctive allocation of surface water and groundwater in oases in arid inland river basins,2020
W4313410983,https://doi.org/10.2166/ws.2022.432,A new multi-scalar framework for quantifying the impacts of climate change and human activities on streamflow variation,2022
W2301107899,https://doi.org/10.2166/ws.2002.0207,"Excitation-emission fluorescence spectra and trihalomethane formation potential in the Tama River, Japan",2002
W2278900747,https://doi.org/10.2166/ws.2002.0066,Improved ultraviolet spectrophotometric method for determination of nitrate in natural waters,2002
W4410629261,https://doi.org/10.2166/ws.2025.059,"Corrigendum: <i>Water Supply</i>, 25 (4), 727–748: Closing the loop: model-predictive control for a closed-circuit reverse osmosis system, Dhrubajit Chowdhury, Aurora Kuras, Derek Weix, Tani Cath, Alexander Melin, Yarom Polsky, Amanda S. Hering, Tzahi Cath and Kris Villez, https://dx.doi.org/10.2166/ws.2025.045",2025
W2766210964,https://doi.org/10.2166/ws.2017.213,MIB and geosmin removal during adsorption and biodegradation phases of GAC filtration,2017
W7149026097,https://doi.org/10.2166/ws.2026.139,"Retraction: <i>Water Supply</i> (2024) 24 (5), 1498–1514: Spatial and temporal distribution of nitrogen, phosphorus, and heavy metals loads in Guanshan River Basin based on SWAT modeling, Zheng Li, Juliang Jin, Yi Cui, Libing Zhang, Chengguo Wu, Shaowei Ning, and Yuliang Zhou https://dx.doi.org/10.2166/ws.2024.110",2026
W4317039719,https://doi.org/10.2166/ws.2023.003,Determination of pollution status of Nilüfer river by water and bottom sediment analysis,2023
W4286210648,https://doi.org/10.2166/ws.2022.268,"Corrigendum: <i>Water Supply</i> 22 (6), 6013–6031: Equilibrium simulation and driving factors of dissolved oxygen in a shallow eutrophic Inner Mongolian lake (UL) during open-water period, Fan Zhang, Xiaohong Shi, Shengnan Zhao, Lauri Arvola, Jussi Huotari and Ruonan Hao, https://doi.org/10.2166/ws.2022.217",2022
W7160269069,https://doi.org/10.2166/ws.2026.151,"Expression of Concerns: <i>Water Supply</i> (2023) 23 (8), 3377–3391: Tunnel water burst disaster management engineering based on artificial intelligence technology–taking Yonglian Tunnel in Jiangxi Province as the object in China, Dandan Li, Haowen Xu, Ting Jiang, Hong Ding and Yong Xiang, https://dx.doi.org/10.2166/ws.2023.170",2026
W7153618605,https://doi.org/10.2166/ws.2026.140,"Retraction: <i>Water Supply</i> (2022) 22 (3), 2407–2423: Dynamic evaluation of regional water resources carrying capacity based on set pair analysis and partial connection number, Zheng Li, Juliang Jin, Yi Cui, Libing Zhang, Chengguo Wu, Shaowei Ning and Yuliang Zhou, https://dx.doi.org/10.2166/ws.2021.371",2026
W2042354560,https://doi.org/10.2166/ws.2009.433,"Issues of trust, fairness and efficacy: a qualitative study of information provision for newly metered households in England",2009
W3028319584,https://doi.org/10.2166/ws.2020.097,An optimal design strategy of decentralized storage tank locations for multi-objective control of initial rainwater quality,2020
W4387397718,https://doi.org/10.2166/ws.2023.271,"Corrigendum: <i>Water Supply</i> 1 May 2023; 23 (5): 2197–2209. Evaluation on real-time self-organization algorithm of forest cultivation, tea planting, and tea processing for sustainable ecosystem management of agricultural water resources. Zhenhong Wang, Liyong Zhang, Minfeng Song, Sangjie Luobu, Jiumei, Danzhen, Hong Peng",2023
W4393931406,https://doi.org/10.2166/ws.2024.072,Development of a user-friendly hydraulic model for simulating hybrid water distribution networks: a transition toward sector sustainability,2024
W2341038498,https://doi.org/10.2166/ws.2015.105,Developing a joint operation framework for complex multiple reservoir systems,2015
W2803227871,https://doi.org/10.2166/ws.2001.0016,Development of a bio-monitoring system for toxicants in water with fish,2001
W3183877333,https://doi.org/10.2166/ws.2021.227,A standardized method to measure the longitudinal UV emittance of low-pressure-lamps in dependence of water temperature,2021
W4280522033,https://doi.org/10.2166/ws.2022.209,Long-term monitoring of Mn and Fe removal in biofilters from a converted plant,2022
W2600093855,https://doi.org/10.2166/ws.2017.071,Evaluation of water efficiency programs in single-family households in the UK: a case study,2017
W4309753380,https://doi.org/10.2166/ws.2022.399,"Water conservation capacity under climate and land use change scenarios in Changbai Mountain, China",2022
W2804449342,https://doi.org/10.2166/ws.2002.0129,Influence of corrosion scales on copper corrosion by-product release,2002
W2329205064,https://doi.org/10.2166/ws.2014.119,Coagulation performance and floc properties of Microcystis aeruginosa in the presence of humic acid,2014
W2248968795,https://doi.org/10.2166/ws.2002.0047,Flow structures in a dissolved air flotation pilot tank and the influence on the separation of MBBR floc,2002
W4220987228,https://doi.org/10.2166/ws.2022.141,Composite membrane of polyguanidine cationic surface for desalination,2022
W1996300449,https://doi.org/10.2166/ws.2010.121,Concentrating primary reverse osmosis concentrate by direct contact membrane distillation,2010
W2050158753,https://doi.org/10.2166/ws.2012.002,"Removal of arsenic from dilute solutions using steric reticular poly(N1,N1,N3,N3-tetraallylpropane-1,3-diaminium chloride)",2012
W2479079528,https://doi.org/10.2166/ws.2016.121,Inactivation of particle-associated Escherichia coli with chlorine dioxide,2016
W2803344110,https://doi.org/10.2166/ws.2005.0111,"Geographic Information System (GIS), leakage detection, mathematical modeling project for the validation of the investment planning at Valles del Tuy adduction water network (Venezuela)",2005
W2040036159,https://doi.org/10.2166/ws.2012.073,Competitive removal of DOM and bromide in raw waters by MIEX and iron coagulation,2012
W4210698511,https://doi.org/10.2166/ws.2022.040,Fluoride-leaching simulation of aquifer sediment and its influence on groundwater fluoride levels along coastal plains,2022
W2797780562,https://doi.org/10.2166/ws.2018.066,Biomass production and nutrient removal efficiency of Suaeda salsa in eutrophic saline water using a floating mat treatment system,2018
W2041743877,https://doi.org/10.2166/ws.2011.067,Risk analysis of rich–poor rainfall encounter in inter-basin water transfer projects based on Bayesian networks,2011
W2155979903,https://doi.org/10.2166/ws.2004.0039,Washroom behaviour and users' perceptions of “novel” water-efficient appliances,2004
W2262471946,https://doi.org/10.2166/ws.2015.097,Corn starch-based treatment improves rainwater quality,2015
W3160453689,https://doi.org/10.2166/ws.2021.136,Identification and behavioral characteristics of stakeholders of a water diversion project based on ‘sustainable supply chain theory’,2021
W7167495317,https://doi.org/10.2166/ws.2026.171,"Expression of Concerns: <i>Water Supply</i> (2023) 23 (11), 4539–4553: Water resource utilization efficiency and driving factors in northern Anhui (China) based on the DEA-Malmquist model, Shuxin Han, Tonni Agustiono Kurniawan, Tiantian Xu, Qian Li, Mohd Hafiz Dzarfan Othman, and Dun Fu, https://dx.doi.org/10.2166/ws.2023.298",2026
W4285388178,https://doi.org/10.2166/ws.2022.249,Removal of Cu(II) by MgAl–OH LDHs/birch leaves composites prepared by ball-milling hydrothermal method and mechanism insight,2022
W2803526458,https://doi.org/10.2166/ws.2001.0113,A study on the PP hollow fiber membrane contactor and its performances for removing ammonia from wastewater or mixed gas: I. Removal and recovery of ammonia from wastewater,2001
W3089793562,https://doi.org/10.2166/ws.2020.236,Purifying polluted water through hemodialysis filters for poor villages without electricity: the Easy Water for Everyone approach and experience,2020
W2342150396,https://doi.org/10.2166/ws.2003.0106,Effect of a combined chlorine-monochloramine process on the inhibition of biofilm regrowth in potable water systems,2003
W2943727617,https://doi.org/10.2166/ws.2019.070,A carbon black floating film for seawater desalination based on interfacial solar heating,2019
W3011379311,https://doi.org/10.2166/ws.2020.044,Spatial–temporal variation of nitrogen and diffusion flux across the water–sediment interface at the hydro-fluctuation belt of Danjiangkou reservoir in China,2020
W2971410059,https://doi.org/10.2166/ws.2019.124,Water efficiency and economic assessment of domestic rainwater harvesting systems in buildings with one- to three-floor elevations,2019
W2318000452,https://doi.org/10.2166/ws.2016.027,Redox conditions and groundwater quality issues of selected alluvial aquifers in Serbia,2016
W2341423487,https://doi.org/10.2166/ws.2016.037,Features of impulse sprinkling technology,2016
W4391329282,https://doi.org/10.2166/ws.2024.011,Stochastic model applied to water demand management in Brazil,2024
W2336685360,https://doi.org/10.2166/ws.2001.0041,Model of leak inspection and repair of water distribution network,2001
W4289317526,https://doi.org/10.2166/ws.2022.287,"Identifying the effects of environmental factors on benthic diatom assemblages in typical tributaries of Taizi River, northeast China using the CCA method",2022
W4404227293,https://doi.org/10.2166/ws.2024.247,Literature review on optimization of transboundary water for irrigation,2024
W7153602373,https://doi.org/10.2166/ws.2026.143,"Retraction: <i>Water Supply</i> (2022) 22 (11), 8353–8371: Spatial distribution characteristics and pollution levels of heavy metals in surface water and sediments of the Heihe cascade reservoir system, China, Yu Wang, Bao-long Li, Jin-ping Li, Zhe-hui Wang, Feng-yun Xian and Yi-yang Fan, https://dx.doi.org/10.2166/ws.2022.360",2026
W2015149552,https://doi.org/10.2166/ws.2006.785,Structure and function of slow release organic carbon source in groundwater in-situ denitrification,2006
W2064116656,https://doi.org/10.2166/ws.2011.073,Biological AsIII oxidation and arsenic sequestration onto ZVI-coated sand in an up-flow fixed-bed reactor,2012
W2760227472,https://doi.org/10.2166/ws.2017.176,Development and evaluation of ArcGIS based watershed-scale L-THIA ACN-WQ system for watershed management,2017
W2467733888,https://doi.org/10.2166/ws.2016.083,Application of recycled sludge to stabilize coagulation process,2016
W2576435108,https://doi.org/10.2166/ws.2017.005,Effective natural organic matter removal in pond water by carbon nanotube membrane with flocculation/adsorption,2017
W4295763125,https://doi.org/10.2166/ws.2022.254,"The role of degree of opening in comprehensive water efficiency, derived from SHAN model",2022
W2792457584,https://doi.org/10.2166/ws.2018.024,Extraction and application of energy storage operation chart in Yangtze River cascade reservoirs,2018
W2345305475,https://doi.org/10.2166/ws.2016.070,Enhanced performance and mechanism of KMnO4 pre-oxidation to coagulation on the removal of the DON and proteins,2016
W3215864136,https://doi.org/10.2166/ws.2021.409,Water Poverty Indices of three rural communities in the southern Caribbean,2021
W2314613865,https://doi.org/10.2166/ws.2015.145,On the weaknesses and limitations of EPANET as regards energy,2015
W94183594,https://doi.org/10.2166/ws.2004.0080,The effect of dissolved natural organic matter on the rate of removal of ferrous iron in fresh waters,2004
W3132951604,https://doi.org/10.2166/ws.2021.051,Effects of magnetized fresh water on seed germination and seeding growth of cotton,2021
W4388593056,https://doi.org/10.2166/ws.2023.296,Evaluation of the yield and photosynthetic parameters of corn by some amendatory materials under deficit irrigation conditions,2023
W4320723428,https://doi.org/10.2166/ws.2023.036,Capacity characteristics of the underground water reservoir of an open-pit coalmine: a case study in Baorixile,2023
W1964157772,https://doi.org/10.2166/ws.2009.226,A comparative study of chromium(VI) removal using sawdust and eucalyptus bark,2009
W3217219733,https://doi.org/10.2166/ws.2021.406,Impact of ionic composition of groundwater on oxidative iron precipitation,2021
W2286043019,https://doi.org/10.2166/ws.2002.0191,The effect of particulate material and the loading of bacteria on a high dose PAC-MF system,2002
W2324195322,https://doi.org/10.2166/ws.2013.200,"Assessment of a rainwater harvesting system for pollutant mitigation at a commercial location in Raleigh, NC, USA",2013
W3129789885,https://doi.org/10.2166/ws.2021.046,A neural network-based prediction model in water monitoring networks,2021
W4386031874,https://doi.org/10.2166/ws.2023.216,Seasonal dynamics and diversity of cyanobacteria in a eutrophied Urban River in Brazil,2023
W3059244764,https://doi.org/10.2166/ws.2020.191,Study on pollution traceability based on the optimized hydrodynamic model of Tai Lake,2020
W4390197150,https://doi.org/10.2166/ws.2023.339,Retracted: Dynamic probabilistic analytical modeling for estimating rainfall–runoff transformation rates in drylands,2023
W4386325141,https://doi.org/10.2166/ws.2023.227,How different regional approaches to the network design result in key differences in burst event severity and failure vulnerability,2023
W3017833850,https://doi.org/10.2166/ws.2020.065,"Spatial variability of ammonium, nitrite and nitrate concentrations in water of Batang Arau River, West Sumatera, Indonesia",2020
W4395676751,https://doi.org/10.2166/ws.2024.093,Prediction of water consumption in Beijing based on the multi-variable grey model with adjacent accumulation,2024
W2317018228,https://doi.org/10.2166/ws.2015.155,The influence of aeration on the change in corrosiveness and aggressiveness of groundwater,2015
W4311866972,https://doi.org/10.2166/ws.2022.419,Retracted: Land cover change evaluation based on eco-economic balance modeling,2022
W4362663286,https://doi.org/10.2166/ws.2023.088,"Detection of antibiotic-resistant bacteria and resistance genes <i>SHV</i>, <i>TEM</i>, and <i>CTX</i>-<i>M</i> in drinking waters in Tehran, Iran",2023
W4394892339,https://doi.org/10.2166/ws.2024.083,Spatial analysis of dynamic groundwater potential maps of Nagpur district of Maharashtra using the AHP and RS-GIS tools,2024
W2040696218,https://doi.org/10.2166/ws.2007.150,Removal of fuel oxygenates by advanced oxidation processes,2007
W4382239122,https://doi.org/10.2166/ws.2023.157,Retracted: Evaluation of the willingness and behavior of family farm water resource financing based on the Internet of Things SEM model,2023
W3106338847,https://doi.org/10.2166/ws.2020.321,"Comprehensive water testing analyses for improved water management: coliforms, coliphage and cholesterol",2020
W4200293051,https://doi.org/10.2166/ws.2021.444,Runoff optimization and control for basin water allocation,2021
W4229038305,https://doi.org/10.2166/ws.2022.190,Insights into the enhanced fluoranthene degradation in citric acid coupled Fe(II)-activated sodium persulfate system,2022
W2310826223,https://doi.org/10.2166/ws.2015.116,Quantifying the robustness of optimal reservoir operation for the Xinanjiang-Fuchunjiang Reservoir Cascade,2015
W4296838069,https://doi.org/10.2166/ws.2022.335,Scaling trend of coal chemical saline wastewater in falling film evaporator: experimental solid–liquid equilibrium and numerical simulation,2022
W2323339573,https://doi.org/10.2166/ws.2011.090,Removal of arsenic and selenium compounds from aqueous media by using TiO2 photocatalytic reaction,2012
W4389555911,https://doi.org/10.2166/ws.2023.327,"Retracted: Sensitivity analysis of estimated evapotranspiration using soil moisture content, energy balance model of SEBAL algorithm",2023
W3197110618,https://doi.org/10.2166/ws.2021.282,Non-perpendicular incidence angle of cold atmospheric-pressure plasma treatment for fabrication of silver-based surface plasmon resonance biosensor for detection of <i>Escherichia coli</i> in water,2021
W3161987189,https://doi.org/10.2166/ws.2021.145,Case study of leak detection based on Gaussian function in experimental viscoelastic water pipeline,2021
W2906621236,https://doi.org/10.2166/ws.2018.195,The effectiveness of disinfection and flushing procedures to prevent coliform persistence in aircraft water systems,2018
W4394599793,https://doi.org/10.2166/ws.2024.077,"Retracted: GIS-based water inrush risk evaluation of the 10th coal seam floor in Zhuxianzhuang Coal Mine, northern Anhui Province, China",2024
W2025234971,https://doi.org/10.2166/ws.2013.114,"Remote sensing of cyanobacterial blooms in Lake Champlain, USA",2013
W3129155668,https://doi.org/10.2166/ws.2021.034,"Integrated RAGA-PP water demand forecast model (case study: Shaanxi Province, China)",2021
W3104729325,https://doi.org/10.2166/ws.2020.310,Non-point source pollution and long-term effects of best management measures simulated in the Qifeng River Basin in the karst area of Southwest China,2020
W2334795255,https://doi.org/10.2166/ws.2010.181,"Monitoring the effects on the water balance of the Garzweiler open pit mine: concepts, methods and experience",2010
W2243920462,https://doi.org/10.2166/ws.2002.0130,Fouling and accuracy drift of water meters,2002
W4211116591,https://doi.org/10.2166/ws.2022.047,Economic impacts of water market simulation in agriculture,2022
W76477377,https://doi.org/10.2166/ws.2002.0176,Photo-Fenton oxidation of pesticides,2002
W2322253703,https://doi.org/10.2166/ws.2012.037,Competitive removal of dissolved organic matter (DOM) and inorganic anions by anion exchange resins (AERs),2012
W4388658267,https://doi.org/10.2166/ws.2023.302,Disinfection performance and synthesis conditions of the EGCG–Cu complex,2023
W2049894370,https://doi.org/10.2166/ws.2009.713,Persistent organic pollutants (POPs) degradation in natural waters using a V-UV/UV/TiO2 reactor,2009
W3156659657,https://doi.org/10.2166/ws.2021.104,Study on association solubilization and inhibition of scale in recirculating cooling water system under S-HGMF,2021
W2340704489,https://doi.org/10.2166/ws.2001.0099,Removal of natural organic matter (NOM) using ozonation and ultrafiltration,2001
W3017782651,https://doi.org/10.2166/ws.2020.071,"Effects of capillary wicking irrigation on soil moisture, plant growth and surface temperature of green roof with rain storage",2020
W4321495197,https://doi.org/10.2166/ws.2023.049,Selecting renewable desalination using uncertain data: an MCDM framework combining mixed objective weighting and interval MARCOS,2023
W4285394577,https://doi.org/10.2166/ws.2022.265,"Hydrogeochemistry mechanism contrasts between low and high sulfate in limestone aquifers at the massive coalfield in Anhui province, China",2022
W4397002817,https://doi.org/10.2166/ws.2024.115,Coordinated emission reduction strategy of water pollution and carbon emissions in the South-to-North Water Diversion Project based on a differential game model,2024
W2258227028,https://doi.org/10.2166/ws.2006.057,Photocatalytic hybrid system in degradation of herbicide (metsulfuron–methyl),2006
W2073069995,https://doi.org/10.2166/ws.2006.952,Factors affecting bromate removal capacity of zerovalent iron packed columns,2006
W4281708046,https://doi.org/10.2166/ws.2022.217,Equilibrium simulation and driving factors of dissolved oxygen in a shallow eutrophic Inner Mongolian lake (UL) during open-water period,2022
W3158526602,https://doi.org/10.2166/ws.2021.087,"Update of river health assessment indicator system, weight, and assignment criteria in China",2021
W7127594302,https://doi.org/10.2166/ws.2026.117,"Retraction: Water Supply (2023) 23 (8): 3416–3431: Evaluation of the groundwater recharge potential zone by using GIS and remote sensing in Ziway Abijata sub-basin, Central Rift Valley of Ethiopia, Mitiku Badasa Moisa, Mengistu Muleta Gurmessa, Geda Feyera Negasa, Dereje Geleta Oljira, Misgana Lamessa Dinsa, Kiros Tsegay Deribew, Zenebe Reta Roba, Dessalegn Obsi Gemeda https://dx.doi.org/10.2166/ws.2023.183",2026
W4396515547,https://doi.org/10.2166/ws.2024.096,Assessment of hydrochemical characteristics and trace metals of Punpun River water – a tributary of the Ganga River,2024
W4322495131,https://doi.org/10.2166/ws.2023.058,Evaluating the multi-dimensional resilience of water distribution networks to contamination events,2023
W2508138989,https://doi.org/10.2166/ws.2002.0001,Actual problems related to inorganic water compounds,2002
W2319761467,https://doi.org/10.2166/ws.2011.046,A UASB bioreactor using silage as a carbon source to reduce sulfate,2011
W4323567567,https://doi.org/10.2166/ws.2023.066,Effect of orifice plates on the flow over stepped spillways,2023
W193163570,https://doi.org/10.2166/ws.2002.0062,Pilot plant study on the performance and optimization of submerged membranes for taste and odor removal,2002
W2740869825,https://doi.org/10.2166/ws.2017.157,Use of ceramic pot filter (CPF) technology under pressure in an in-line pumping system,2017
W4322492006,https://doi.org/10.2166/ws.2023.042,The growth characteristics of algae in the presence of N-acylhomoserine lactones,2023
W2323569096,https://doi.org/10.2166/ws.2013.199,Modification of jar testing protocol combined with mEnCo model predicted dose to predict dissolved organic matter removal for surface water,2013
W4307412783,https://doi.org/10.2166/ws.2022.368,Fine soil particle aggregation in ultra-fine bubble irrigated paddy fields,2022
W3204383651,https://doi.org/10.2166/ws.2021.241,"Hydrochemical characteristics and groundwater quality appraisal for irrigation uses in the Lan-gan region, Northern Anhui Province, East China",2021
W2002154161,https://doi.org/10.2166/ws.2008.147,Comparison between magnetic ion exchange resin-ultrafiltration and enhanced coagulation–filtration for the treatment of an NOM loaded surface water,2008
W2144604082,https://doi.org/10.2166/ws.2013.183,Disinfection performance of nanosilver and impacts of environmental conditions on viral inactivation by nanosilver,2013
W4386067340,https://doi.org/10.2166/ws.2023.218,Estimating discharge coefficient of triangular free overfall using the GMDH technique,2023
W2320526356,https://doi.org/10.2166/ws.2011.047,Growth characteristics of Microcystis aeruginosa and their effects on coagulation process efficiency,2012
W1994190314,https://doi.org/10.2166/ws.2014.015,Flocculation performance of magnetic particles with high-turbidity surface water,2014
W2037007254,https://doi.org/10.2166/ws.2007.065,Finite element modeling of underground water flow with Ranney wells,2007
W2034852036,https://doi.org/10.2166/ws.2008.111,The use of alternative water sources on urban playing fields: are they acceptable from a community stance?,2008
W2336307902,https://doi.org/10.2166/ws.2002.0022,Monitoring for Cryptosporidium risk: do particle counters help?,2002
W1984079185,https://doi.org/10.2166/ws.2009.779,The analysis of influential factors on the frequency of pipeline failures,2009
W3015668172,https://doi.org/10.2166/ws.2020.054,"Study on spatial distribution of pollutants and total amount reduction in the Duliujian River (Tianjin, China)",2020
W3197062861,https://doi.org/10.2166/ws.2021.226,A comparative framework to impact assessment of objective function structure and supply/demand scenario on hydropower operation,2021
W2319502381,https://doi.org/10.2166/ws.2015.025,Greenhouse based desalination for brackish water management using bittern evaporative cooling technique,2015
W4297500589,https://doi.org/10.2166/ws.2022.338,Effect of hydraulic conditions on manganese accumulation by physical and chemical pathways in chlorinated water distribution system: A preliminary laboratory study,2022
W4400573506,https://doi.org/10.2166/ws.2024.161,"Optimizing the number, locations, and chlorine dosages of booster chlorination stations in water distribution networks",2024
W4386537696,https://doi.org/10.2166/ws.2023.236,Incorporating economy and water demand rate uncertainty into decision-making for agricultural water allocation during droughts,2023
W4385283021,https://doi.org/10.2166/ws.2023.185,"Effects of water-saving irrigation planning on the underground water in the low area of Yellow River, China",2023
W4387451246,https://doi.org/10.2166/ws.2023.262,Water productivity maximization and ecosystem monitoring to estimate tourism economic value,2023
W4293368613,https://doi.org/10.2166/ws.2022.309,Analysis and classification of bottled waters in the Maghreb Arab region,2022
W2804224046,https://doi.org/10.2166/ws.2005.0065,Efficient use of subsidies in the financing of water and wastewater investments,2005
W2555244219,https://doi.org/10.2166/ws.2016.183,Prediction of the permeability-reducing effect of cement infiltration into sandy soils,2016
W2337680036,https://doi.org/10.2166/ws.2004.0044,Efficiency in water planning and management (an implementation experience),2004
W2120020288,https://doi.org/10.2166/ws.2002.0174,Binding of estrone to hollow fibre membranes in microfiltration of solutions containing trace estrone,2002
W2037661497,https://doi.org/10.2166/ws.2013.150,The contribution of a spring water source to the water needs of the botanical garden of the University of Coimbra,2013
W4393055089,https://doi.org/10.2166/ws.2024.058,Analysis of the factors influencing willingness to pay and payout level for watershed eco-compensation of the Huangbai river basin,2024
W2340470606,https://doi.org/10.2166/ws.2002.0010,Development of a prototype treatment works management based on real-time process simulation,2002
W97998234,https://doi.org/10.2166/ws.2001.0132,Comparison of surface water pre-treatments for ultrafiltration,2001
W4229370557,https://doi.org/10.2166/ws.2022.192,Simulation analysis of UF membrane filtration process based on magnetic field characteristics,2022
W2005119841,https://doi.org/10.2166/ws.2007.080,Removal of geosmin and algae by ceramic membrane filtration with super-powdered activated carbon adsorption pretreatment,2007
W1970256983,https://doi.org/10.2166/ws.2007.040,Water resource policies and management in Korea,2007
W2320628323,https://doi.org/10.2166/ws.2011.108,Detection of Pseudomonas aeruginosa by PCR in tap-water and bottled mineral water in the Isfahan province of Iran,2011
W1971688464,https://doi.org/10.2166/ws.2006.955,Detection and removal of estrogencity in membrane biological reactors,2006
W2948807505,https://doi.org/10.2166/ws.2019.085,"Impact factor analysis of aquatic species diversity in the Huai River Basin, China",2019
W4401276888,https://doi.org/10.2166/ws.2024.178,A comprehensive analysis of institutional wastewater for irrigating ornamental plants,2024
W4225093365,https://doi.org/10.2166/ws.2022.184,"Simulations of the climate change and its effect on water resources in the Palma River basin, Brazil",2022
W113696950,https://doi.org/10.2166/ws.2002.0206,Effect of natural organic compounds on the removal of organic carbon in coagulation and flocculation processes,2002
W2803952426,https://doi.org/10.2166/ws.2002.0147,Dealing with large particle counting data sets,2002
W2041932029,https://doi.org/10.2166/ws.2010.170,Effects of mixing on chloramination process,2010
W4382239121,https://doi.org/10.2166/ws.2023.160,A quantitative and qualitative investigation of ball and foam covers coated with cement slurry and their composition on reducing evaporation and choosing the best coating by the AHP method,2023
W4388219483,https://doi.org/10.2166/ws.2023.291,"Modeling the total outflow of reservoirs using Wavelet-developed approaches: a case study of the Mahabad Dam reservoir, Iran",2023
W2785348257,https://doi.org/10.2166/ws.2018.019,Prominent features of the Augustan aqueduct in the Naples Bay area,2018
W2066255072,https://doi.org/10.2166/ws.2013.198,"Removal of arsenic from contaminated groundwater with application of iron electrodissolution, aeration and sand filtration",2013
W2558752542,https://doi.org/10.2166/ws.2016.191,"Evaluation of contaminants in fluorosilicic acid used for public water fluoridation in the Santos region, Brazil",2016
W1986084242,https://doi.org/10.2166/ws.2014.076,Traditional qanat related jurisprudence in Algeria,2014
W4408693887,https://doi.org/10.2166/ws.2025.038,Assessing the future water potential of Istanbul and the need for inter-basin water transfer and the trade-offs for water allocation,2025
W4200183849,https://doi.org/10.2166/ws.2021.429,Removal of As(V) from aqueous solutions using calcium-alginate microspheres with encapsulated iron nanoparticles,2021
W2328036232,https://doi.org/10.2166/ws.2013.222,Novel method of stabilizing water pretreatment for reverse osmosis desalination,2013
W2341635857,https://doi.org/10.2166/ws.2001.0131,Pretreatment processes for membrane filtration of raw water containing manganese,2001
W4386250019,https://doi.org/10.2166/ws.2023.226,"Assessment, classification and mapping of groundwater quality for agriculture in selected farm settlements of southwestern Nigeria",2023
W2327197906,https://doi.org/10.2166/ws.2013.073,Removal of NO3– from groundwater by PP-g-AA-Am non-woven fabric using fixed-bed column reactors,2013
W4415258763,https://doi.org/10.2166/ws.2025.092,Using surface nuclear magnetic resonance for the hydrodynamic characterization of groundwater in semi-arid areas,2025
W1992660847,https://doi.org/10.2166/ws.2013.002,What lessons can be learnt from studying a Roman hydraulic structure in a little village in Southern Italy?,2013
W4292178089,https://doi.org/10.2166/ws.2022.299,"Hydrogeochemical assessment of streamwater quality for its suitability for irrigation: the case of Manthong village, Kanglung (Bhutan)",2022
W4396706439,https://doi.org/10.2166/ws.2024.105,Optimal determination of valve setting coefficient for the multi-tank water feeder system,2024
W3145600516,https://doi.org/10.2166/ws.2021.089,An inverse design method for determining the optimal tributary flow into a main stream in a rainstorm period,2021
W2142954823,https://doi.org/10.2166/ws.2015.072,Effective production of rapid filters with polystyrene granules as a media filter,2015
W4307167408,https://doi.org/10.2166/ws.2022.363,"Hydrogeochemical evolution of Taiyuan Formation limestone water under the disturbance of water inrush from karst collapse column in Taoyuan Coal Mine, China",2022
W3168775438,https://doi.org/10.2166/ws.2021.182,Nutrient's response to water transfer in an urban river-network,2021
W2059698900,https://doi.org/10.2166/ws.2013.161,Towards more resilient and adaptable water distribution systems under future demand uncertainty,2013
W4288035273,https://doi.org/10.2166/ws.2022.275,Prediction of chlorine concentration of flows exiting pipe in cross junctions: experimental and numerical study,2022
W2937435833,https://doi.org/10.2166/wcc.2019.171,Assessment of runoff treatment operations with combined rainwater treatment system in the old city zone,2019
W2793695466,https://doi.org/10.2166/ws.2018.054,The All Towns Reconciliation Strategies a partnership between water resource management and water services,2018
W2804792229,https://doi.org/10.2166/ws.2002.0027,Modelling and pilot plant investigations of high rate deep bed filtration with permeable synthetic filter media,2002
W2070063081,https://doi.org/10.2166/ws.2010.632,Adsorption of humic and fulvic acid on copper surfaces,2010
W2332230056,https://doi.org/10.2166/ws.2014.058,Risk-based planning for water recycling in an Australian context,2014
W87510653,https://doi.org/10.2166/ws.2004.0024,Salmonella: relations with indicators in recreational waters affected by sewage discharges,2004
W2610986391,https://doi.org/10.2166/ws.2017.059,Effect of pH on selective decomposition of target water contaminants onto porous TiO2 photocatalyst,2017
W1978875153,https://doi.org/10.2166/ws.2009.874,Supply of blends of desalinated seawater: effects on the flavour,2009
W2250080961,https://doi.org/10.2166/ws.2002.0178,Adsorption of MIB by activated carbons produced using several activation techniques,2002
W2756034451,https://doi.org/10.2166/ws.2017.189,Evaluating the spatiotemporal variations of nutrients and their effects on Chl-a using deviation rate method in a stratified reservoir,2017
W2315113616,https://doi.org/10.2166/ws.2004.0131,Influence of algal organic matter on Escherichia coli behaviour,2004
W2460595230,https://doi.org/10.2166/ws.2002.0024,Improving the efficiency of rapid sandfilters by adding small amounts of ferric salts (βFe ≤ 0.1 mg·L-1),2002
W2337339525,https://doi.org/10.2166/ws.2006.056,Application of O3/GAC process for advanced and selective removal of natural organic matter from conventionally treated water,2006
W3135238043,https://doi.org/10.2166/ws.2021.061,Systems analysis<scp>–</scp>complex interactions of factors that influence the sustainability of access to improved water services in a rural municipality in South Africa,2021
W4392004890,https://doi.org/10.2166/ws.2024.026,Evaluating of the environmental risks of natural water sources in the Alkalaa municipal community area – South Lebanon,2024
W4312178008,https://doi.org/10.2166/ws.2022.438,Diffusion of point source pollution at the cross joint,2022
W4319746562,https://doi.org/10.2166/ws.2023.030,"Synergistic bactericidal activity of ultraviolet radiation, ozone, and liquid-thin-film technology against <i>Escherichia coli</i> in water",2023
W3205777774,https://doi.org/10.2166/ws.2021.352,Hydraulic transients for a pipe line network of treated effluent rising main using SAP 2R,2021
W4220972110,https://doi.org/10.2166/ws.2022.149,"Evolutionary mechanisms and shifting trends in water circulation patterns in a tributary of the Three Gorges Reservoir, China",2022
W3044380459,https://doi.org/10.2166/ws.2020.158,Algorithm for sustainable water source and treatment selection process,2020
W2524829701,https://doi.org/10.2166/ws.2003.0166,Effect of ozonated water on membrane fouling,2003
W4402600536,https://doi.org/10.2166/ws.2024.211,Water hammer protection of one-way surge tanks considering the effect of check valve,2024
W4388192594,https://doi.org/10.2166/ws.2023.280,Operating inlet pressure head assessment for multi-outlet submain manifolds in a low-pressurized water distribution network system,2023
W2337270938,https://doi.org/10.2166/ws.2001.0020,Phosphorus mass-quantity change in Lake Biwa,2001
W4395662994,https://doi.org/10.2166/ws.2024.091,"Reusing drainage water for leaching of saline and sodic soils in the Khuzestan province, Iran",2024
W3096621977,https://doi.org/10.2166/ws.2020.291,Resource-based agricultural non-point source pollution control using biological agents,2020
W2082701154,https://doi.org/10.2166/ws.2008.112,Water auditing: the case for statutory requirements,2008
W2032288805,https://doi.org/10.2166/ws.2007.090,Characteristics of Total Maximum Daily Loads management system in Korea: status and future,2007
W1976801721,https://doi.org/10.2166/ws.2013.100,Water management in a city of southwest China before the 17th century,2013
W4396660529,https://doi.org/10.2166/ws.2024.100,"Estimating groundwater resources in an equatorial forested basin using geographic information system and remote sensing techniques (case of Nyong, South Cameroon)",2024
W2281957924,https://doi.org/10.2166/ws.2002.0198,Managing chloramination - success story for Sydney water,2002
W4403983588,https://doi.org/10.2166/ws.2024.242,Application of geospatial and machine learning algorithms to predict (under certain limitations) the quality of groundwater used for irrigation purposes,2024
W2987995010,https://doi.org/10.2166/ws.2019.165,Effect of container geometry on colloids removal from water in oscillation-based flocculation,2019
W2336947308,https://doi.org/10.2166/ws.2006.055,Photocatalytic oxidation of aquatic humic substances using TiO2/UV in a rotating photoreactor,2006
W127341614,https://doi.org/10.2166/ws.2002.0042,"The removal of Cu (II), Cd (II), Ni (II) and Pb (II) from dilute aqueous solution by a poly(acrylic acid) flocculant and its cross-linked analogue",2002
W1974041051,https://doi.org/10.2166/ws.2006.899,Research on design parameters of rapid mixing in turbulence,2006
W2809909837,https://doi.org/10.2166/ws.2018.121,An evaluation model for the effect of adsorption boundary on pollutant degradation in water areas,2018
W2244747505,https://doi.org/10.2166/ws.2005.0105,"Sacramento implements guidance for river, growth and demand management",2005
W2035140531,https://doi.org/10.2166/ws.2013.151,Editorial: Probing the past and facing the future,2013
W2344244214,https://doi.org/10.2166/ws.2016.064,"Potential soil characteristics for riverbank filtration using 2-D ground resistivity in Kota Lama Kiri, Kuala Kangsar",2016
W3017155241,https://doi.org/10.2166/ws.2020.060,A new backwash strategy for reducing the cost of an immersed ultrafiltration system by restricting cake layer breakage,2020
W3163211566,https://doi.org/10.2166/ws.2021.148,Sources and routes from terrestrial exogenous pollutants affect phytoplankton biomass in reservoir bays,2021
W2531648551,https://doi.org/10.2166/ws.2016.173,Cause of rapid monochloramine decay observed in treated water,2016
W4212875884,https://doi.org/10.2166/ws.2022.053,Contaminants of emerging concern (CECs) adsorption on superfine activated carbon,2022
W2789631502,https://doi.org/10.2166/ws.2018.060,Estimation of annual reference condition of Chlorophyll-a based on the segmental linear regression and power-law relationship in Taihu Lake,2018
W2325733684,https://doi.org/10.2166/ws.2013.212,Potential impact of heterogeneity on groundwater age,2013
W2997934047,https://doi.org/10.2166/ws.2019.197,Tailoring electronic configurations in adsorptive sites for the enhancement of As(V) removal from groundwater,2019
W4394822071,https://doi.org/10.2166/ws.2024.080,The hydraulic characteristics of a subsurface flow stone biofilter for treating polluted runoff from an informal settlement,2024
W4293825642,https://doi.org/10.2166/ws.2022.274,"Implications of evolution of circulation patterns on nutrients regime from 2008–2018, in Xiangxi Bay of the Three Gorges Reservoir, China",2022
W3113018672,https://doi.org/10.2166/ws.2020.358,Study on mechanism and application of water resources system adaptability under changing environment,2020
W2780877857,https://doi.org/10.2166/ws.2017.238,Desorption behavior of ammonia nitrogen from sediment in cellar rainfall collection in a typical village in Northwest China,2017
W2283130016,https://doi.org/10.2166/ws.2004.0063,Effect of multiple GAC reactivations on disinfection byproduct precursor removal,2004
W146121422,https://doi.org/10.2166/ws.2001.0074,Kinetic analysis of nitrifying biofilm growing on the rotating membrane disk,2001
W2338909930,https://doi.org/10.2166/ws.2001.0028,Pre-treatment with dissolved air flotation considering an integrated process design,2001
W4251311295,https://doi.org/10.2166/ws.2010.940,Matching alternative water services to industry type: an eco-industrial approach,2010
W2241076700,https://doi.org/10.2166/ws.2002.0084,Cryptosporidiosis and hotel swimming pools - a multifaceted challenge,2002
W3127959173,https://doi.org/10.2166/ws.2021.032,Suppression of hydraulic transients for desalination plants based on active control synthesis,2021
W2737165244,https://doi.org/10.2166/ws.2017.153,Development of an efficient approach for separating bubbles and flocs in a submerged membrane ultrafiltration process,2017
W4398131901,https://doi.org/10.2166/ws.2024.111,"Hydrogeochemical evolution and processes based on multivariable statistical and inverse simulation modeling: A coal mine in the Northern Coalfield, China",2024
W4410561847,https://doi.org/10.2166/ws.2025.061,"Appraisal of groundwater quality and its suitability for drinking purposes: the case of Damot Gale Woreda, Wolaita Zone, Ethiopia",2025
W4395048557,https://doi.org/10.2166/ws.2024.086,"Pilot studies on the application of triple media filtration at Morton Jaffray Water Works, Harare, Zimbabwe",2024
W4385977766,https://doi.org/10.2166/ws.2023.214,"Determining the factors controlling the chemical composition of groundwater using geochemical methods and groundwater health assessment in Qixing Town, southwest China",2023
W2519701583,https://doi.org/10.2166/ws.2005.0032,Low-pressure membrane filtration with unconventional coagulation regimes,2005
W2283563402,https://doi.org/10.2166/ws.2003.0199,Effects of characteristics of softening as a pretreatment for ultrafiltration,2003
W2482329008,https://doi.org/10.2166/ws.2006.026,The influence of agitation on aggregates formed during treatment of water with a content of humic substances,2006
W4282830338,https://doi.org/10.2166/ws.2022.235,Composite radial filter for removal of agrochemicals from agricultural runoff,2022
W2196647790,https://doi.org/10.2166/ws.2002.0189,"Method for evaluating antiscalants, as applied to the treatment of water from the River Oise",2002
W2063220055,https://doi.org/10.2166/ws.2007.073,Diagrams for evaluating groundwater quality,2007
W3095320664,https://doi.org/10.2166/ws.2020.296,Identifying feasible nonpoint source pollutant sampling intervals for watersheds with paddy field and urban land uses,2020
W4386845124,https://doi.org/10.2166/ws.2023.223,Multi-energy system smart tool for ecological water body restoration using an AI-based decision-making framework,2023
W2120913686,https://doi.org/10.2166/ws.2013.169,Rapid inactivation of Salmonella by a quaternized biopolymeric flocculant,2013
W2026305667,https://doi.org/10.2166/ws.2009.506,Variations of DBPs precursors according to location within the distribution system,2009
W1966717221,https://doi.org/10.2166/ws.2009.238,A study on the efficiency of the DAF (dissolved air flotation) process using ozone injection,2009
W4405324015,https://doi.org/10.2166/ws.2024.256,"Groundwater remediation action plan of polluted aquifer by heavy fuel oil, Northern Jordan",2024
W2804518741,https://doi.org/10.2166/ws.2003.0114,A methodology for assessing the operational potential of the urban wastewater system using integrated modelling,2003
W2324863778,https://doi.org/10.2166/ws.2014.064,In-situ comparison of phosphorus losses between organic and inorganic fertilizers,2014
W4390196434,https://doi.org/10.2166/ws.2023.338,Characterization of dissolved organic matter and disinfection by-product formation potentials during the metalimnetic oxygen minimum in deep reservoirs,2023
W2341677620,https://doi.org/10.2166/ws.2003.0018,Soil and water changes after sewage irrigation practice in semi-arid region of Northeast Brazil,2003
W1984093757,https://doi.org/10.2166/ws.2008.152,Oxidation efficiencies of natural organic matter by the different ozone contact systems,2008
W3212162258,https://doi.org/10.2166/ws.2021.355,Hydrus-1D simulation of two-stage cross-flow pre-filtration of turbid river water,2021
W2467115821,https://doi.org/10.2166/ws.2003.0161,Optimising dose of antiscalant in membrane filtration systems using a desupersaturation unit,2003
W4387737636,https://doi.org/10.2166/ws.2023.270,Experimental study on the performance of the dielectric barrier discharge technique in the treatment of simulated groundwater with high iron and manganese content,2023
W2013031321,https://doi.org/10.2166/ws.2007.072,Groundwater protection and diffuse nitrogen emissions to surface waters – which catchment areas have to be considered?,2007
W2321332350,https://doi.org/10.2166/ws.2012.129,The development of species-specific probes for a quantitative estimation of non-cultured bacteria in groundwater samples,2012
W2080860863,https://doi.org/10.2166/ws.2006.898,Aspects of particle attachment in filtration,2006
W2332863070,https://doi.org/10.2166/ws.2003.0132,"Hydrology, hydraulics and economics: a case study of abstracting water from an estuary",2003
W3209163315,https://doi.org/10.2166/ws.2021.370,Removal performance and mechanism of typical amino acids in water by the peroxymonosulfate/Fe3O4 nanoparticles,2021
W7135407987,https://doi.org/10.2166/ws.2026.127,Optimisation of groundwater exploration through integrated geospatial and hydro-geophysical approaches in semi-arid basement aquifers of Zimbabwe,2026
W7167827639,https://doi.org/10.2166/ws.2026.173,"Identification of groundwater potential zones in Agago district, northern Uganda using GIS-based multicriteria decision analysis",2026
W4387089839,https://doi.org/10.2166/ws.2023.246,The use of water allocation efficiency in optimizing crop production in drylands using a fuzzy trading model,2023
W2804710698,https://doi.org/10.2166/ws.2003.0127,Optimisation meets the manager: a case study of the La Paz reservoir system,2003
W2045987520,https://doi.org/10.2166/ws.2009.453,Application of a model-based HACCP system to turbidity control in a conventional waterworks,2009
W2794220361,https://doi.org/10.2166/ws.2018.020,Vertical distribution pattern of naidids in granular activated carbon filters and potential technology to control their penetration risk,2018
W4321371793,https://doi.org/10.2166/ws.2023.045,Start-up of non-bioaugmented pumice biofilters in flow-through and recirculating flow regime for Mn removal,2023
W4283645419,https://doi.org/10.2166/ws.2022.247,Fuzzy risk-based allocation of pollution load using extended trading-ratio system,2022
W2512742370,https://doi.org/10.2166/ws.2006.737,Optimizing operation rules of waterworks by analysing probability of plant data in north China,2006
W2335218801,https://doi.org/10.2166/ws.2001.0137,The new concept of flux enhancement during cell separation with MF/UF processes,2001
W2333012525,https://doi.org/10.2166/ws.2013.081,Domestic well database development and integration into a GIS: an approach for managing ground water resources,2013
W2321000272,https://doi.org/10.2166/ws.2014.120,Improved efficiency of reactor startup in biological aerated filter by poly(lactic acid),2014
W2045986009,https://doi.org/10.2166/ws.2007.066,"Revitalization of an artificially recharged groundwater source: Mediana in the city of Niš, Serbia",2007
W2464949153,https://doi.org/10.2166/ws.2003.0191,Combining lab results and full-scale plant experience for the optimisation of dead-end ultrafiltration - an integrated approach,2003
W1989544341,https://doi.org/10.2166/ws.2007.143,Head loss performance and modeling of burnt oil palm shell in deep bed filtration,2007
W4310159215,https://doi.org/10.2166/ws.2022.406,Design optimization of hilly water distribution network under different operation conditions,2022
W1976825245,https://doi.org/10.2166/ws.2010.190,Experimental study on colour removal from textile wastewaters using the H2O2/UV process with low- and medium-pressure lamps,2010
W2293803780,https://doi.org/10.2166/ws.2002.0118,EDP-supported development of economically optimized line renewal strategies by damage analyses,2002
W4400158643,https://doi.org/10.2166/ws.2024.155,Multi-objective optimization design of integrated pump station based on NSGA-III,2024
W2014458260,https://doi.org/10.2166/ws.2009.674,Disinfection optimization by a better control of ozonation process,2009
W2336328687,https://doi.org/10.2166/ws.2004.0112,A study on the fouling phenomena of a microfiltration membrane,2004
W2316599458,https://doi.org/10.2166/ws.2013.159,Editorial: New techniques and tools for improving efficiency in leakage detection and management,2013
W4399732472,https://doi.org/10.2166/ws.2024.145,Study on river channel rainwater and flood resources utilization,2024
W2337307720,https://doi.org/10.2166/ws.2003.0102,The assessment of biofilm community composition on plumbing materials in filtered and unfiltered water distribution systems,2003
W158222717,https://doi.org/10.2166/ws.2002.0050,Investigations on the filtration of natural aquatic suspensions supported by dosing small amounts of Fe(III)-salts (βFe ≤ 0.1 mg.L-1): mode of action and basic design criteria,2002
W4399303806,https://doi.org/10.2166/ws.2024.128,Remediation potential of arsenic in the alluvial aquifers in the Bengal Basin: insights from simulations and time estimates,2024
W207767112,https://doi.org/10.2166/ws.2005.0028,Duly diligent utilities,2005
W4399346612,https://doi.org/10.2166/ws.2024.129,Quantitative evaluation of runoff drivers based on the MLLR-Budyko framework,2024
W102930290,https://doi.org/10.2166/ws.2015.021,"Customization of the OSSEM model for application to annual data from the Talar aquifer, Northern Iran",2015
W2000551802,https://doi.org/10.2166/ws.2007.099,Identification of opportunities to improve efficiency by water consumption assessment,2007
W4403804229,https://doi.org/10.2166/ws.2024.238,Effect of chemical modification on hydraulic conductivity of stratified porous media,2024
W1985602070,https://doi.org/10.2166/ws.2014.039,How a franchise approach to water services could look based on successes in South Africa,2014
W4387130420,https://doi.org/10.2166/ws.2023.250,Retracted: Maximizing ecological environment benefits from the perspective of agricultural water resource transformation,2023
W100051397,https://doi.org/10.2166/ws.2004.0012,Cyclic bioreactors - a discussion on technology application and possible future developments,2004
W152063931,https://doi.org/10.2166/ws.2005.0103,Filtration of biological suspension: membrane performance,2005
W2759413589,https://doi.org/10.2166/ws.2017.192,Using a three-tier model to optimize the allocation of river water resources to meet eco-environmental water requirement targets,2017
W4400451694,https://doi.org/10.2166/ws.2024.159,"Groundwater modeling and estimation of the safe pumping rate for the sustainable use of groundwater resources in Kombolcha town, upper Borkena watershed, Ethiopia",2024
W3208284521,https://doi.org/10.2166/ws.2021.375,Comparing the effect of tailwater replenishment at different time intervals on eutrophic surface freshwater: a mesocosm simulation study,2021
W2296984803,https://doi.org/10.2166/ws.2002.0142,The role of communication in the delivery of water services to communities,2002
W4394621095,https://doi.org/10.2166/ws.2024.076,"Retracted: Comprehensive evaluation and analysis of water resource characteristics in Lixiahe Plain, China",2024
W2804448731,https://doi.org/10.2166/ws.2001.0031,From basic investigations to pilot plant tests of depth filtration with permeable synthetic collectors,2001
W4417397667,https://doi.org/10.2166/ws.2025.103,Governance of transboundary basins: proposal for integration into Algerian University curricula,2025
W2338582570,https://doi.org/10.2166/ws.2003.0006,Membrane filtration retentate thickening efficiency using electrolytic ion products instead of chemical coagulants,2003
W1199589627,https://doi.org/10.2166/ws.2003.0141,Water management of big events,2003
W4250601683,https://doi.org/10.2166/ws.2009.9_2_erratum,Adsorption kinetics and isotherm characteristics of selected endocrine disrupting compounds on activated carbon in natural waters,2009
W2521786467,https://doi.org/10.2166/ws.2006.013,Influence of denitrification on suspended solids and phosphorus removal in multimedia filters,2006
W4412406724,https://doi.org/10.2166/ws.2025.070,Identification of potential zones for water detention reservoirs in a semi-arid environment: a sustainability perspective,2025
W2043349937,https://doi.org/10.2166/ws.2006.836,Determination of design capacity for water transmission systems based on the characteristics of regional peak factors,2006
W2275040574,https://doi.org/10.2166/ws.2004.0129,Network analysis models – the secret for success,2004
W4402842452,https://doi.org/10.2166/ws.2024.218,PhiX-174 phage concentration in rainwater by skimmed-milk flocculation,2024
W3193661485,https://doi.org/10.2166/ws.2021.256,Preparation of activated charcoal adsorbent from pitombeira seeds (<i>Talisia esculenta</i>) and its application for Ca2+ ions removal,2021
W3127731263,https://doi.org/10.2166/ws.2021.028,"System for controlled distribution of non-demand-covering water availability: concept, design and modelling",2021
W2342121137,https://doi.org/10.2166/ws.2006.059,New systematic data utilization for monitoring surveys in Lake Biwa,2006
W4226481716,https://doi.org/10.2166/ws.2022.159,"Effective dilution rate to suppress the risk of <i>Microcystis</i> blooms in Lake Tega, Japan, based on a competitive growth simulation model",2022
W2279731965,https://doi.org/10.2166/ws.2004.0032,Applications of in-vitro cell culture for measuring infectivity and inactivation of Cryptosporidium parvum,2004
W2082612276,https://doi.org/10.2166/ws.2009.409,Trihalomethane formation potential in selected drinking waters of Lebanon,2009
W2254555510,https://doi.org/10.2166/ws.2005.0093,Improving operational efficiency by interconnecting regional water distribution systems,2005
W4387705335,https://doi.org/10.2166/ws.2023.273,Developing a primal-dual algorithm for optimal planning of groundwater resources,2023
W4414248339,https://doi.org/10.2166/ws.2025.083,Development of PSO-SVR and ANN models to evaluate the effect of cross-sectional shape on denitrifying bioreactors,2025
W2276559325,https://doi.org/10.2166/ws.2005.0087,Investment strategy for California Water,2005
W7155531643,https://doi.org/10.2166/ws.2026.118,"Non-revenue water in the urban water utility of Hawassa city, in the Ethiopian rift valley",2026
W2278485107,https://doi.org/10.2166/ws.2005.0100,Identification of key local factors influencing revenue water ratio of Korean cities using principal component analysis and clustering analysis,2005
W2804225030,https://doi.org/10.2166/ws.2002.0132,Evaluation of a package plant for small communities in Mexico,2002
W4388828462,https://doi.org/10.2166/ws.2023.305,Supplying demands of aquatic ecosystems using bivariate optimization of water depletion strategies under uncertainty,2023
W4391614346,https://doi.org/10.2166/ws.2024.019,Developing a management and operation model for water and wastewater components using the equilibrium optimization algorithm,2024
W7147086641,https://doi.org/10.2166/ws.2026.137,"Estimates of the peak daily water demand: a case study at district 5, Ho Chi Minh City, Viet Nam",2026
W197863087,https://doi.org/10.2166/ws.2003.0109,Investigation into the implementation of chloramination at Sedibeng Water,2003
W4389558181,https://doi.org/10.2166/ws.2023.326,Multipurpose optimization of yield production in agriculture using fuzzy self-reproducing automata theory,2023
W2314777184,https://doi.org/10.2166/ws.2012.001,"Assessing the impact of saline intrusion with density dependent flow modelling for the fractured Peninsula Aquifer in Hermanus, South Africa",2012
W4413283665,https://doi.org/10.2166/ws.2025.075,Strategies for optimizing resource efficiency in the laundry process,2025
W7160044458,https://doi.org/10.2166/ws.2026.146,Methodological challenges in applying the infrastructure leakage index (ILI) to water utilities in Rhineland-Palatinate (Germany),2026
W4318773659,https://doi.org/10.2166/ws.2023.023,Longitudinally and laterally trench-supported subsurface dam innovative design procedures,2023
W2804714801,https://doi.org/10.2166/ws.2005.0099,Defining the conservation potential for San Francisco's 28 wholesale customers,2005
W2308992926,https://doi.org/10.2166/ws.2005.0090,Evaluation program as a driving force for efficient operation and maintenance of waterworks,2005
W2262593844,https://doi.org/10.2166/ws.2015.109,Hydrodynamic evaluation of the influence of outlet configuration for mechanical flocculation facilities,2015
W4321371753,https://doi.org/10.2166/ws.2023.053,The influence of main channel velocity and water depth changes on the hydrodynamic characteristics of lateral water intake in a tidal channel,2023
W4411714270,https://doi.org/10.2166/ws.2025.068,Water management resilience analysis tool – a software for criticality analysis in water distribution networks,2025
W2048346347,https://doi.org/10.2166/ws.2013.019,Measurements of assimilable organic carbon (AOC) in high saline conditions using P17,2013
W3109174064,https://doi.org/10.2166/ws.2020.346,Sustainable life-cycle assessment of mixing approaches in water storage tanks,2020
W2155676656,https://doi.org/10.2166/ws.2009.449,"Radon removal by aeration: observations on testing, installation and maintenance of domestic treatment units",2009
W4362737323,https://doi.org/10.2166/ws.2023.094,Risk-based decision-making systems in water and food security of global drylands,2023
W7134244630,https://doi.org/10.2166/ws.2026.130,"Classification and chemical characterization of groundwater of the 335-m-thick multilayered aquifer system in the Bengal Basin, Bangladesh",2026
W2121507392,https://doi.org/10.2166/ws.2006.024,The effects of filtration temperature and alum dosing on Cryptosporidium sized particle breakthrough,2006
W4401549698,https://doi.org/10.2166/ws.2024.187,Investigating incomplete mixing models in cross junctions under real-world conditions of water distribution networks,2024
W2281395546,https://doi.org/10.2166/ws.2006.074,A case study for process optimization of direct filtration in Korea,2006
W2337254663,https://doi.org/10.2166/ws.2015.002,Adsorption and photocatalytic degradation of metaldehyde in aqueous solution,2015
W2315836644,https://doi.org/10.2166/ws.2013.030,Optimisation of sugar cane activated carbon for arsenic(V) and arsenic(III) removal from water,2013
W2005577132,https://doi.org/10.2166/ws.2006.746,Evaluation of microfiltration system performance as pre-treatment for reverse osmosis seawater desalination through pilot-plant operation,2006
W7167603495,https://doi.org/10.2166/ws.2026.167,Membrane autopsy of reverse osmosis membrane module used for deionize brackish water,2026
W2283860406,https://doi.org/10.2166/ws.2015.185,Characterization of recombinant norovirus virus-like particles and evaluation of their applicability to the investigation of norovirus removal performance in membrane filtration processes,2015
