work_id,doi,title,publication_year
W1488799902,https://doi.org/10.2166/wh.2003.0013,Faecal contamination of drinking water during collection and household storage: the need to extend protection to the point of use,2003
W2171706443,https://doi.org/10.2166/wh.2007.009,Global cost-benefit analysis of water supply and sanitation interventions,2007
W179907159,https://doi.org/10.2166/wh.2003.0008,Drinking water and diarrhoeal disease due to Escherichia coli,2003
W2055553384,https://doi.org/10.2166/wh.2012.105,Global costs and benefits of reaching universal coverage of sanitation and drinking-water supply,2012
W2117552883,https://doi.org/10.2166/wh.2007.010,Cost-effectiveness of water quality interventions for preventing diarrhoeal disease in developing countries,2007
W1595357746,https://doi.org/10.2166/wh.2006.0043,"Global challenges in water, sanitation and health",2006
W2037838246,https://doi.org/10.2166/wh.2009.007,Microbiological effectiveness of locally produced ceramic filters for drinking water treatment in Cambodia,2009
W2112432197,https://doi.org/10.2166/wh.2004.0007,Diarrhoeal diseases in Nepal vis-à-vis water supply and sanitation status,2004
W2161089585,https://doi.org/10.2166/wh.2005.0012,Deficiencies in drinking water distribution systems in developing countries,2005
W2129811009,https://doi.org/10.2166/wh.2012.102,Unsealed tubewells lead to increased fecal contamination of drinking water,2012
W2326002130,https://doi.org/10.2166/wh.2013.213,"Improving service delivery of water, sanitation, and hygiene in primary schools: a cluster-randomized trial in western Kenya",2013
W2991414241,https://doi.org/10.2166/wh.2020.088,"Water, sanitation and hygiene risk factors for the transmission of cholera in a changing climate: using a systematic review to develop a causal process diagram",2020
W2146241649,https://doi.org/10.2166/wh.2009.129,"Free-living amoebae, Legionella and Mycobacterium in tap water supplied by a municipal drinking water utility in the USA",2009
W2131568410,https://doi.org/10.2166/wh.2009.032,"Child dysentery in the Limpopo Valley: a cohort study of water, sanitation and hygiene risk factors",2009
W2018597727,https://doi.org/10.2166/wh.2008.055,HACCP and water safety plans in Icelandic water supply: Preliminary evaluation of experience,2008
W2109005874,https://doi.org/10.2166/wh.2011.114,Bacteriological assessment of drinking water supply options in coastal areas of Bangladesh,2011
W1502844937,https://doi.org/10.2166/wh.2004.0001,A systematic review of the health outcomes related to household water quality in developing countries,2004
W2103501563,https://doi.org/10.2166/wh.2007.008,Estimating the costs and health benefits of water and sanitation improvements at global level,2007
W1998915369,https://doi.org/10.2166/wh.2013.152,Quantitative analysis of microbial contamination in private drinking water supply systems,2013
W1964075702,https://doi.org/10.2166/wh.2009.094,"Is fecal contamination of drinking water after collection associated with household water handling and hygiene practices? A study of urban slum households in Hyderabad, India",2008
W2335634866,https://doi.org/10.2166/wh.2015.248,"Water, sanitation and hygiene for homeless people",2015
W2533974381,https://doi.org/10.2166/wh.2016.103,Safe drinking water and waterborne outbreaks,2016
W2905151093,https://doi.org/10.2166/wh.2018.243,"The association between water, sanitation and hygiene (WASH) conditions and drowning in Bangladesh",2018
W2140804709,https://doi.org/10.2166/wh.2003.0009,Evaluation of a new water treatment for point-of-use household applications to remove microorganisms and arsenic from drinking water,2003
W2095361985,https://doi.org/10.2166/wh.2008.050,Faecal contamination of a municipal drinking water distribution system in association with Campylobacter jejuni infections,2008
W175712196,https://doi.org/10.2166/wh.2006.0038,Aesthetic issues for drinking water,2006
W2034054044,https://doi.org/10.2166/wh.2010.047,An international review of the challenges associated with securing buy-in for water safety plans within providers of drinking water supplies,2010
W2092138753,https://doi.org/10.2166/wh.2009.143,Rainfall and outbreaks of drinking water related disease and in England and Wales,2008
W2037487760,https://doi.org/10.2166/wh.2012.107,An exploration of multilevel modeling for estimating access to drinking-water and sanitation,2012
W2156772810,https://doi.org/10.2166/wh.2007.045,Development and implementation of water safety plans for small water supplies in Bangladesh: benefits and lessons learned,2007
W2149707888,https://doi.org/10.2166/wh.2009.081,Faecal contamination of drinking water in a Brazilian shanty town: importance of household storage and new human faecal marker testing,2009
W2249310771,https://doi.org/10.2166/wh.2014.090,Critical parameters in the production of ceramic pot filters for household water treatment in developing countries,2014
W2285654922,https://doi.org/10.2166/wh.2014.119,Impact of cemeteries on groundwater contamination by bacteria and viruses – a review,2014
W1495689869,https://doi.org/10.2166/wh.2003.0003,A novel technology to improve drinking water quality: a microbiological evaluation of in-home flocculation and chlorination in rural Guatemala,2003
W1991218670,https://doi.org/10.2166/wh.2014.018,Removal of the cyanotoxin anatoxin-a by drinking water treatment processes: a review,2014
W1252625488,https://doi.org/10.2166/wh.2014.173,"A rapid assessment of drinking water quality in informal settlements after a cholera outbreak in Nairobi, Kenya",2014
W1602446509,https://doi.org/10.2166/wh.2004.0018,Assessment of drinking water quality using indicator bacteria and bacteriophages,2004
W2031471400,https://doi.org/10.2166/wh.2010.156,A critical evaluation of two point-of-use water treatment technologies: can they provide water that meets WHO drinking water guidelines?,2010
W2083032348,https://doi.org/10.2166/wh.2014.010,An assessment of boiling as a method of household water treatment in South India,2014
W4387451417,https://doi.org/10.2166/wh.2023.045,"Water, sanitation and hygiene challenges of forcibly displaced Myanmar nationals in Rohingya camps in Bangladesh",2023
W2147222853,https://doi.org/10.2166/wh.2007.032,"After the flood: an evaluation of in-home drinking water treatment with combined flocculent-disinfectant following Tropical Storm Jeanne — Gonaives, Haiti, 2004",2007
W2129949737,https://doi.org/10.2166/wh.2006.0032,"Quantitative detection of E. coli, E. coli O157 and other shiga toxin producing E. coli in water samples using a culture method combined with real-time PCR",2006
W2094290519,https://doi.org/10.2166/wh.2009.122,A sea change ahead for recreational water quality criteria,2008
W4214752580,https://doi.org/10.2166/wh.2022.264,Impacts of climate change on drinking water quality in Norway,2022
W649979634,https://doi.org/10.2166/wh.2014.242,Evolution of regulatory targets for drinking water quality,2014
W1532342142,https://doi.org/10.2166/wh.2005.036,Drinking water quality and solar disinfection: Effectiveness in peri-urban households in Nepal,2005
W2315271262,https://doi.org/10.2166/wh.2013.215,Potable water scarcity: options and issues in the coastal areas of Bangladesh,2013
W2987144279,https://doi.org/10.2166/wh.2019.059,Linking water quality monitoring and climate-resilient water safety planning in two urban drinking water utilities in Ethiopia,2019
W2336766270,https://doi.org/10.2166/wh.2015.224,"Occurrence of antibiotics in pharmaceutical industrial wastewater, wastewater treatment plant and sea waters in Tunisia",2015
W1047797153,https://doi.org/10.2166/wh.2015.131,Removal of Cryptosporidium by wastewater treatment processes: a review,2015
W1984944163,https://doi.org/10.2166/wh.2010.150,A strategic approach for Water Safety Plans implementation in Portugal,2011
W3080084833,https://doi.org/10.2166/wh.2020.220,"Variability of water, sanitation, and hygiene conditions and the potential infection risk following cesarean delivery in rural Rwanda",2020
W3044840189,https://doi.org/10.2166/wh.2020.162,"COVID-19: urgent actions, critical reflections and future relevance of ‘WaSH’: lessons for the current and future pandemics",2020
W3036253061,https://doi.org/10.2166/wh.2020.052,Water quality aspects related to domestic drinking water storage tanks and consideration in current standards and guidelines throughout the world – a review,2020
W2511007581,https://doi.org/10.2166/wh.2016.214,Fecal indicator and Ascaris removal from double pit latrine content,2016
W2097530346,https://doi.org/10.2166/wh.2007.139,Evaluation of the microbial risk reduction due to selective closure of the raw water intake before drinking water treatment,2007
W2268848052,https://doi.org/10.2166/wh.2016.247,"Measuring the willingness to pay for drinking water quality improvements: results of a contingent valuation survey in Songzi, China",2016
W155923359,https://doi.org/10.2166/wh.2005.037,The importance of domestic water quality management in the context of faecal–oral disease transmission,2005
W1492714154,https://doi.org/10.2166/wh.2003.0021,Use of viral pathogens and indicators to differentiate between human and non-human fecal contamination in a microbial source tracking comparison study,2003
W2330091894,https://doi.org/10.2166/wh.2016.262,QMRA and water safety management: review of application in drinking water systems,2016
W2245258717,https://doi.org/10.2166/wh.2015.187,Evaluation of potential human health risk and investigation of drinking water quality in Isparta city center (Turkey),2015
W2077044945,https://doi.org/10.2166/wh.2006.048,Assessment of the chemical quality of drinking water in Cambodia,2006
W2284719094,https://doi.org/10.2166/wh.2015.194,An evaluation of the readability of drinking water quality reports: a national assessment,2015
W2948687261,https://doi.org/10.2166/wh.2019.004,"Drinking water quality and risk for human health in Pelengana commune, Segou, Mali",2019
W262485354,https://doi.org/10.2166/wh.2015.275,Incidence of waterborne lead in private drinking water systems in Virginia,2015
W1994811258,https://doi.org/10.2166/wh.2009.040,The association of drinking water quality and sewage disposal with Helicobacter pylori incidence in infants: the potential role of water-borne transmission,2009
W4229051497,https://doi.org/10.2166/wh.2022.065,"Estimating global water, sanitation, and hygiene levels and related risks on human health, using global indicators data from 1990 to 2020",2022
W2885613826,https://doi.org/10.2166/wh.2007.004b,Prevalence of bacterial pathogens in biofilms of drinking water distribution systems,2007
W2154490764,https://doi.org/10.2166/wh.2011.135,Removal of estrogens and estrogenicity through drinking water treatment,2011
W2803557196,https://doi.org/10.2166/wh.2018.009,Access to drinking water: time matters,2018
W2108612916,https://doi.org/10.2166/wh.2006.0004,Quantitative microbial risk assessment to estimate health risks attributable to water supply: Can the technique be applied in developing countries with limited data?,2006
W3092357762,https://doi.org/10.2166/wh.2020.085,"Water, sanitation, and hygiene (WASH) factors associated with growth between birth and 1 year of age in children in Soweto, South Africa: results from the Soweto Baby WASH study",2020
W2770983528,https://doi.org/10.2166/wh.2017.175,A systematic literature review of the enabling environment elements to improve implementation of water safety plans in high-income countries,2017
W2954343258,https://doi.org/10.2166/wh.2019.216,Estimated burden of disease from arsenic in drinking water supplied by domestic wells in the United States,2019
W4390704381,https://doi.org/10.2166/wh.2024.324,"Assessment of current water, sanitation, and hygiene (WASH) practices in the third and ninth districts of N'Djamena, Chad",2024
W2160664221,https://doi.org/10.2166/wh.2007.040,Urbanisation effects on groundwater chemical quality: findings focusing on the nitrate problem from 2 African cities reliant on on-site sanitation,2007
W1981910728,https://doi.org/10.2166/wh.2009.043,"Natural and technical factors in faecal contamination incidents of drinking water in small distribution networks, France, 2003–2004: a geographical study",2009
W2245685537,https://doi.org/10.2166/wh.2015.134,Assessing clarity of message communication for mandated USEPA drinking water quality reports,2015
W1992499865,https://doi.org/10.2166/wh.2008.035,Water safety plans: planning for adverse events and communicating with consumers,2008
W1999720029,https://doi.org/10.2166/wh.2006.024,An approach for developing a national estimate of waterborne disease due to drinking water and a national estimate model application,2006
W4307241832,https://doi.org/10.2166/wh.2022.203,"Water, sanitation, and hygiene access in Senegal and its impact on the occurrence of diarrhea in children under 5 years old",2022
W2125679311,https://doi.org/10.2166/wh.2006.018,A review of household drinking water intervention trials and an approach to the estimation of endemic waterborne gastroenteritis in the United States,2006
W1496494276,https://doi.org/10.2166/wh.2006.0039,Drinking water and health research: a look to the future in the United States and globally,2006
W1972358914,https://doi.org/10.2166/wh.2011.165,Long-term study of migration of volatile organic compounds from cross-linked polyethylene (PEX) pipes and effects on drinking water quality,2011
W2167106533,https://doi.org/10.2166/wh.2008.054,A systematic review of analytical observational studies investigating the association between cardiovascular disease and drinking water hardness,2008
W3117556619,https://doi.org/10.2166/wh.2020.179,A systematic review of microorganisms as indicators of recreational water quality in natural and drinking water systems,2020
W2007716359,https://doi.org/10.2166/wh.2007.002,Biodegradation of six haloacetic acids in drinking water,2007
W2158776737,https://doi.org/10.2166/wh.2006.0036,An attempt to estimate the global burden of disease due to fluoride in drinking water,2006
W2050526835,https://doi.org/10.2166/wh.2007.134,Quantitative microbial risk assessment of distributed drinking water using faecal indicator incidence and concentrations,2007
W2068155623,https://doi.org/10.2166/wh.2013.238,Estimating effects of improved drinking water and sanitation on cholera,2013
W2005032013,https://doi.org/10.2166/wh.2008.057,Community and household determinants of water quality in coastal Ghana,2008
W2147449127,https://doi.org/10.2166/wh.2009.310,Assessment of E. coli and Salmonella spp. infection risks associated with different fecal sludge disposal practices in Thailand,2009
W2312091069,https://doi.org/10.2166/wh.2016.137,"Fecal contamination of drinking water in Kericho District, Western Kenya: role of source and household water handling and hygiene practices",2016
W2768315890,https://doi.org/10.2166/wh.2017.147,Soil-transmitted helminth eggs assessment in wastewater in an urban area in India,2017
W1973003268,https://doi.org/10.2166/wh.2009.073,Health impacts of long-term exposure to disinfection by-products in drinking water in Europe: HIWATE,2009
W572406942,https://doi.org/10.2166/wh.2014.101,"Risk assessment and water safety plan: case study in Beijing, China",2014
W2914011545,https://doi.org/10.2166/wh.2019.114,Turbidity reduction in drinking water by coagulation-flocculation with chitosan polymers,2019
W2250791653,https://doi.org/10.2166/wh.2015.066,"Role of mafic and ultramafic rocks in drinking water quality and its potential health risk assessment, Northern Pakistan",2015
W2115405258,https://doi.org/10.2166/wh.2013.104,"Drinking water quality and source reliability in rural Ashanti region, Ghana",2013
W2167364389,https://doi.org/10.2166/wh.2005.0003,Home water treatment by direct filtration with natural coagulant,2005
W2154611645,https://doi.org/10.2166/wh.2006.0011,Optimization of regenerated bone char for fluoride removal in drinking water: a case study in Tanzania,2006
W203629395,https://doi.org/10.2166/wh.2006.0034,Drinking water consumption patterns in Sweden,2006
W2399173307,https://doi.org/10.2166/wh.2006.011,"Abundance of pathogenic Escherichia coli, Salmonella typhimurium and Vibrio cholerae in Nkonkobe drinking water sources",2006
W1547815926,https://doi.org/10.2166/wh.2003.0004,Storm effects on regional beach water quality along the southern California shoreline,2003
W2467337270,https://doi.org/10.2166/wh.2016.009,Pathogenic features of heterotrophic plate count bacteria from drinking-water boreholes,2016
W183890281,https://doi.org/10.2166/wh.2004.0021,Chlorination by-products (CBPs) in drinking water and adverse pregnancy outcomes in Italy,2004
W2010824740,https://doi.org/10.2166/wh.2009.111,Modelling latrine diffusion in Benin: towards a community typology of demand for improved sanitation in developing countries,2009
W1982310316,https://doi.org/10.2166/wh.2009.110,Is there still a problem with lead in drinking water in the European Union?,2009
W2887783857,https://doi.org/10.2166/wh.2007.008b,A comparison of ten USEPA approved total coliform/E. coli tests,2007
W2162600955,https://doi.org/10.2166/wh.2012.071,A community-based approach to promote household water treatment in Rwanda,2012
W2962541950,https://doi.org/10.2166/wh.2019.005,Spatial distribution of water quality in the Amazonian region: implications for drinking water treatment procedures,2019
W2433084715,https://doi.org/10.2166/wh.2016.011,Water safety plans: bridges and barriers to implementation in North Carolina,2016
W1515817107,https://doi.org/10.2166/wh.2006.0010,Drinking water consumption patterns of residents in a Canadian community,2006
W4230443822,https://doi.org/10.2166/wh.2007.013b,Development of a process-based model to predict pathogen budgets for the Sydney drinking water catchment,2007
W2068730990,https://doi.org/10.2166/wh.2010.128,An assessment of microbiological water quality of six water source categories in north-east Uganda,2010
W2150401984,https://doi.org/10.2166/wh.2007.004,Combining targeted sampling and fluorometry to identify human fecal contamination in a freshwater creek,2007
W4413836954,https://doi.org/10.2166/wh.2025.028,"Climate adaptation in water, sanitation, and hygiene (WASH) in humanitarian crises: research and innovation priorities",2025
W2616978099,https://doi.org/10.2166/wh.2017.316,"Verification of an alternative sludge treatment process for pathogen reduction at two wastewater treatment plants in Victoria, Australia",2017
W2061114096,https://doi.org/10.2166/wh.2009.021,Endocrine disrupting compounds (EDCs) and pharmaceuticals and personal care products (PPCPs) in the aquatic environment: implications for the drinking water industry and global environmental health,2009
W4404111889,https://doi.org/10.2166/wh.2024.277,Water safety planning application for aesthetic quality of drinking water,2024
W2905883474,https://doi.org/10.2166/wh.2018.266,Advancing performance evaluation standards for household water treatment technologies,2018
W2333872750,https://doi.org/10.2166/wh.2016.258,"Inequalities in microbial contamination of drinking water supplies in urban areas: the case of Lilongwe, Malawi",2016
W2557196844,https://doi.org/10.2166/wh.2016.158,Psychosocial impacts of the lack of access to water and sanitation in low- and middle-income countries: a scoping review,2016
W2955328824,https://doi.org/10.2166/wh.2019.016,Faecal contamination of groundwater in rural Vanuatu: prevalence and predictors,2019
W2580718188,https://doi.org/10.2166/wh.2017.124,"Towards a research agenda for water, sanitation and antimicrobial resistance",2017
W4200062964,https://doi.org/10.2166/wh.2021.063,"Water, sanitation, and hygiene services in health care facilities in the Autonomous Province of Vojvodina, Serbia",2021
W2166596367,https://doi.org/10.2166/wh.2003.0006,"A large cholera outbreak in Kano City, Nigeria: the importance of hand washing with soap and the danger of street-vended water",2003
W2231930550,https://doi.org/10.2166/wh.2015.138,"Quantification of exposure to fecal contamination in open drains in four neighborhoods in Accra, Ghana",2015
W2058107628,https://doi.org/10.2166/wh.2008.066,Improved methods for modelling drinking water treatment in quantitative microbial risk assessment; a case study of Campylobacter reduction by filtration and ozonation,2008
W2157355864,https://doi.org/10.2166/wh.2005.0004,Effective water supply surveillance in urban areas of developing countries,2005
W2304862066,https://doi.org/10.2166/wh.2015.127,Effect of increasing bromide concentration on toxicity in treated drinking water,2015
W2995533734,https://doi.org/10.2166/wh.2019.153,"Impact of fecal contamination on surface water quality in the São Francisco River hydrographic basin in Minas Gerais, Brazil",2019
W2800086619,https://doi.org/10.2166/wh.2018.206,Consumer water quality evaluation of private and public drinking water sources,2018
W2560008908,https://doi.org/10.2166/wh.2016.148,Assessment of groundwater quality and health risk in drinking water basin using GIS,2016
W2340935001,https://doi.org/10.2166/wh.2016.330,Early warning of changing drinking water quality by trend analysis,2016
W2016256612,https://doi.org/10.2166/wh.2011.133,Water quality indices based on bioassessment: The biotic indices,2011
W3154132462,https://doi.org/10.2166/wh.2021.264,Chemical contaminants in Brazilian drinking water: a systematic review,2021
W4309124520,https://doi.org/10.2166/wh.2022.165,Effect-based monitoring to integrate the mixture hazards of chemicals into water safety plans,2022
W1552141733,https://doi.org/10.2166/wh.2004.0014,The prominence of health in donor policy for water supply and sanitation: a review,2004
W2802352129,https://doi.org/10.2166/wh.2018.013,Use of bacterial spores in monitoring water quality and treatment,2018
W2082359979,https://doi.org/10.2166/wh.2008.061,Application of a risk management system to improve drinking water safety,2008
W2080304172,https://doi.org/10.2166/wh.2007.030,Estimation of the total daily oral intake of NDMA attributable to drinking water,2007
W1986632017,https://doi.org/10.2166/wh.2007.005,"Speeding up solar disinfection (SODIS): effects of hydrogen peroxide, temperature, pH, and copper plus ascorbate on the photoinactivation of E. coli",2007
W2775711024,https://doi.org/10.2166/wh.2017.012,Sodium hypochlorite dosage for household and emergency water treatment: updated recommendations,2017
W2126133015,https://doi.org/10.2166/wh.2011.154,Culture-based indicators of fecal contamination and molecular microbial indicators rarely correlate with Campylobacter spp. in recreational waters,2011
W2148979879,https://doi.org/10.2166/wh.2012.183,Estimation of pathogen concentrations in a drinking water source using hydrodynamic modelling and microbial source tracking,2012
W2897265482,https://doi.org/10.2166/wh.2018.107,Critical elements for local Indigenous water security in Canada: a narrative review,2018
W2051906642,https://doi.org/10.2166/wh.2013.075,Drinking water quality monitoring using trend analysis,2013
W2306355840,https://doi.org/10.2166/wh.2016.265,Blending as the best compliance option for the management of radioactivity in drinking water supplied from the deep sandstone aquifer in Southern Jordan,2016
W2133111218,https://doi.org/10.2166/wh.2007.137,Identification and management of microbial contaminations in a surface drinking water source,2007
W2081093356,https://doi.org/10.2166/wh.2013.023,"Mechanisms of post-supply contamination of drinking water in Bagamoyo, Tanzania",2013
W2073814311,https://doi.org/10.2166/wh.2008.123,Water contamination events in UK drinking-water supply systems,2008
W1985597068,https://doi.org/10.2166/wh.2009.207,Vulnerability of Quebec drinking-water treatment plants to cyanotoxins in a climate change context,2009
W4225090616,https://doi.org/10.2166/wh.2022.199,"Climate variability, water supply, sanitation and diarrhea among children under five in Sub-Saharan Africa: a multilevel analysis",2022
W2612703724,https://doi.org/10.2166/wh.2017.283,The risk of cancer as a result of elevated levels of nitrate in drinking water and vegetables in Central India,2017
W2584780019,https://doi.org/10.2166/wh.2017.141,Effect of sodium hypochlorite on typical biofilms formed in drinking water distribution systems,2017
W2054548743,https://doi.org/10.2166/wh.2007.011b,The effectiveness of large household water storage tanks for protecting the quality of drinking water,2007
W1990621109,https://doi.org/10.2166/wh.2008.033,Drinking-water safety – challenges for community-managed systems,2008
W2065792139,https://doi.org/10.2166/wh.2006.052,"The health-related microbiological quality of bottled drinking water sold in Dar es Salaam, Tanzania",2006
W4387088524,https://doi.org/10.2166/wh.2023.262,"Assessing water, sanitation and hygiene (WASH) practices and their association with diarrhoea in under-five children in urban Chandernagore: Community-based evidence from a small municipal corporation in Hooghly District of West Bengal, India",2023
W1982359250,https://doi.org/10.2166/wh.2009.015,Measuring the benefit of orthophosphate treatment on lead in drinking water,2008
W2273629292,https://doi.org/10.2166/wh.2015.171,Social representations of drinking water: subsidies for water quality surveillance programmes,2015
W2319819355,https://doi.org/10.2166/wh.2016.144,The effect of chlorine and combined chlorine/UV treatment on coliphages in drinking water disinfection,2016
W2060180197,https://doi.org/10.2166/wh.2008.136,"Impacts of rainfall on the water quality of the Newport River Estuary (Eastern North Carolina, USA)",2008
W2031650304,https://doi.org/10.2166/wh.2014.160,"High prevalence of multidrug-resistant Escherichia coli and Enterococcus spp. in river water, upstream and downstream of a wastewater treatment plant",2014
W2505714410,https://doi.org/10.2166/wh.2016.054,Household greywater treatment methods using natural materials and their hybrid system,2016
W4243786651,https://doi.org/10.2166/wh.2011.157b,Retronasal perception and flavour thresholds of iron and copper in drinking water,2011
W2776054249,https://doi.org/10.2166/wh.2017.069,Drivers of microbiological quality of household drinking water – a case study in rural Ethiopia,2017
W1982032282,https://doi.org/10.2166/wh.2013.212,Water quality perceptions and willingness to pay for clean water in peri-urban Cambodian communities,2013
W2120466411,https://doi.org/10.2166/wh.2008.048,"Nitrogen-nitrate exposure from drinking water and colorectal cancer risk for rural women in Wisconsin, USA",2008
W2982423011,https://doi.org/10.2166/wh.2019.046,Implementation and evaluation of the water safety plan approach for buildings,2019
W4283816581,https://doi.org/10.2166/wh.2022.021,Monitoring the exposure and emissions of antibiotic resistance: Co-occurrence of antibiotics and resistance genes in wastewater treatment plants,2022
W2347195833,https://doi.org/10.2166/wh.2015.282,Characterizing the concentration of Cryptosporidium in Australian surface waters for setting health-based targets for drinking water treatment,2015
W2974908386,https://doi.org/10.2166/wh.2019.300,Factors influencing the relationship between fluoride in drinking water and dental fluorosis: a ten-year systematic review and meta-analysis,2019
W2147481938,https://doi.org/10.2166/wh.2011.051,Drinking water consumption patterns in Canadian communities (2001–2007),2011
W2140608693,https://doi.org/10.2166/wh.2006.524,Effects of temperature and sand on E. coli survival in a northern lake water microcosm,2006
W2945151934,https://doi.org/10.2166/wh.2019.122,Prevalence and public health implications of mycotoxigenic fungi in treated drinking water systems,2019
W2328804026,https://doi.org/10.2166/wh.2016.290,"Public health risk assessment of groundwater contamination in Batman, Turkey",2016
W2033093408,https://doi.org/10.2166/wh.2007.046,Multipathway risk assessment of trihalomethane exposure in drinking water of Lebanon,2007
W2259921825,https://doi.org/10.2166/wh.2016.192,"Human infective potential of Cryptosporidium spp., Giardia duodenalis and Enterocytozoon bieneusi in urban wastewater treatment plant effluents",2016
W2269566070,https://doi.org/10.2166/wh.2015.220,Reduction of microbial risk associated with greywater by disinfection processes for irrigation,2015
W2058141449,https://doi.org/10.2166/wh.2009.075,"Optimising water treatment practices for the removal of Anabaena circinalis and its associated metabolites, geosmin and saxitoxins",2009
W1998328552,https://doi.org/10.2166/wh.2013.097,"The first recorded outbreak of cryptosporidiosis due to Cryptosporidium cuniculus (formerly rabbit genotype), following a water quality incident",2013
W4213329895,https://doi.org/10.2166/wh.2022.272,"Evaluation of formation and health risks of disinfection by-products in drinking water supply of Ggaba waterworks, Kampala, Uganda",2022
W4293221190,https://doi.org/10.2166/wh.2022.159,A study on drinking water quality in different income groups of Vizianagaram region of India,2022
W2404448235,https://doi.org/10.2166/wh.2016.015,An assessment of the use of native and denatured forms of okra seed proteins as coagulants in drinking water treatment,2016
W4317743498,https://doi.org/10.2166/wh.2023.215,Assessing drinking water quality and health risks of contaminants in the coastal areas of Cambodia,2023
W2113448178,https://doi.org/10.2166/wh.2013.003,Community-based wastewater treatment systems and water quality of an Indonesian village,2013
W1969988207,https://doi.org/10.2166/wh.2014.057,Bacterial composition in a metropolitan drinking water distribution system utilizing different source waters,2014
W4391616554,https://doi.org/10.2166/wh.2024.283,Analyses of drinking water quality during a protracted cholera epidemic in Malawi – a cross-sectional study of key physicochemical and microbiological parameters,2024
W2160252535,https://doi.org/10.2166/wh.2007.007,First investigations into the prevalence of Cryptosporidium and Giardia spp. in Hungarian drinking water,2007
W2208877659,https://doi.org/10.2166/wh.2015.243,The cleaning method selected for new PEX pipe installation can affect short-term drinking water quality,2015
W2601090297,https://doi.org/10.2166/wh.2017.311,Sick leave due to diarrhea caused by contamination of drinking water supply with Cryptosporidium hominis in Sweden: a retrospective study,2017
W2089903052,https://doi.org/10.2166/wh.2009.233,"Microbial and metal water quality in rain catchments compared with traditional drinking water sources in the East Sepik Province, Papua New Guinea",2009
W2405613452,https://doi.org/10.2166/wh.2015.273,"Analysis of physico-chemical and bacteriological quality of drinking water in Mafikeng, South Africa",2015
W2151329782,https://doi.org/10.2166/wh.2012.092,Composition and stability of bacterial communities associated with granular activated carbon and anthracite filters in a pilot scale municipal drinking water treatment facility,2012
W2027377104,https://doi.org/10.2166/wh.2013.051,"Quantitative microbial risk assessment related to urban wastewater and lagoon water reuse in Abidjan, Côte d'Ivoire",2013
W3146968921,https://doi.org/10.2166/wh.2021.217,Evaluation of the drinking water quality surveillance system in the metropolitan region of Rio de Janeiro,2021
W2044785017,https://doi.org/10.2166/wh.2009.172,Detection of Giardia and Cryptosporidium cysts/oocysts in watersheds and drinking water sources in Brazil urban areas,2009
W2167149894,https://doi.org/10.2166/wh.2013.110,Magnesium in drinking water – a case for prevention?,2013
W1963534443,https://doi.org/10.2166/wh.2007.143,Incidence of faecal contaminations in chlorinated and non-chlorinated distribution systems of neighbouring European countries,2007
W2788849479,https://doi.org/10.2166/wh.2018.167,Drinking water disinfection by-products exposure and health effects on pregnancy outcomes: a systematic review,2018
W2007833235,https://doi.org/10.2166/wh.2012.148,"Opportunistic pathogens and faecal indicators in drinking water associated biofilms in Cluj, Romania",2012
W3044067102,https://doi.org/10.2166/wh.2020.042,Staphylococcus aureus and methicillin-resistant Staphylococcus aureus (MRSA) in drinking water fountains in urban parks,2020
W4378714222,https://doi.org/10.2166/wh.2023.265,Microplastic pollution of drinking water in a metropolis,2023
W1569725074,https://doi.org/10.2166/wh.2005.0011,An estimation of the global burden of disease due to skin lesions caused by arsenic in drinking water,2005
W2117180941,https://doi.org/10.2166/wh.2008.070,An investigation of bacteriological and chemical water quality and the barriers to private well water sampling in a Southwestern Ontario Community,2008
W4390451927,https://doi.org/10.2166/wh.2023.102,Water safety planning for healthcare facilities for extreme events,2023
W4308393163,https://doi.org/10.2166/wh.2022.062,Current understanding on antibacterial mechanisms and research progress of tea polyphenols as a supplementary disinfectant for drinking water,2022
W1986597205,https://doi.org/10.2166/wh.2009.022,"Drinking water residence time in distribution networks and emergency department visits for gastrointestinal illness in Metro Atlanta, Georgia",2009
W3102793088,https://doi.org/10.2166/wh.2020.033,"Updated research agenda for water, sanitation and antimicrobial resistance",2020
W2794666938,https://doi.org/10.2166/wh.2018.203,"Assessment of drinking water suitability in low income rural areas: a case study in Sixaola, Costa Rica",2018
W4200365183,https://doi.org/10.2166/wh.2021.192,"Water sanitation, hygiene and the prevalence of diarrhea in the rural areas of the delta region of Myanmar",2021
W253834489,https://doi.org/10.2166/wh.2015.011,"Arsenic and heavy metals contamination, risk assessment and their source in drinking water of the Mardan District, Khyber Pakhtunkhwa, Pakistan",2015
W3096793926,https://doi.org/10.2166/wh.2020.152,Compliance with a boil water advisory after the contamination of a municipal drinking water supply system in Norway,2020
W4397014238,https://doi.org/10.2166/wh.2024.109,Analysing the interlinkage between diarrhoea and drinking water faecal contamination in India,2024
W1983685880,https://doi.org/10.2166/wh.2013.247,Microbial quality and bacteria pathogens in private wells used for drinking water in northeastern Ohio,2013
W2097556494,https://doi.org/10.2166/wh.2007.019,A review of water and sanitation provision in refugee camps in association with selected health and nutrition indicators – the need for integrated service provision,2007
W2164331032,https://doi.org/10.2166/wh.2007.047,Water quality assessment of Lebanese coastal rivers during dry season and pollution load into the Mediterranean Sea,2007
W1987094441,https://doi.org/10.2166/wh.2010.138,Pathogen destruction and solids decomposition in composting latrines: study of fundamental mechanisms and user operation in rural Panama,2011
W2904368704,https://doi.org/10.2166/wh.2018.226,Low cost drinking water treatment using nonwoven engineered and woven cloth fabrics,2018
W1988187926,https://doi.org/10.2166/wh.2010.063,Variability of E. coli density and sources in an urban watershed,2011
W2025490916,https://doi.org/10.2166/wh.2010.003,"Health gains from solar water disinfection (SODIS): evaluation of a water quality intervention in Yaoundé, Cameroon",2010
W3217577018,https://doi.org/10.2166/wh.2021.211,Evaluation of an alternative household water treatment system based on slow filtration and solar disinfection,2021
W2023044279,https://doi.org/10.2166/wh.2008.044,Experience in Wales (UK) of the optimisation of ortho-phosphate dosing for controlling lead in drinking water,2008
W2021796029,https://doi.org/10.2166/wh.2014.054,Arsenic in private drinking water wells: an assessment of jurisdictional regulations and guidelines for risk remediation in North America,2014
W2761584984,https://doi.org/10.2166/wh.2017.090,Heterotrophic monitoring at a drinking water treatment plant by matrix-assisted laser desorption/ionization–time of flight (MALDI-TOF) mass spectrometry after different drinking water treatments,2017
W2086452497,https://doi.org/10.2166/wh.2009.101,Comparing probabilistic microbial risk assessments for drinking water against daily rather than annualised infection probability targets,2009
W2221348869,https://doi.org/10.2166/wh.2015.078,Integrating surveillance data on water-related diseases and drinking-water quality; action-research in a Brazilian municipality,2015
W2920468744,https://doi.org/10.2166/wh.2019.282,"Influence of container cleanliness, container disinfection with chlorine, and container handling on recontamination of water collected from a water kiosk in a Kenyan slum",2019
W2171859377,https://doi.org/10.2166/wh.2011.031,Water supply services for Africa's urban poor: the role of resale,2011
W2798182250,https://doi.org/10.2166/wh.2018.214,Faecal contamination and visual clarity in New Zealand rivers: correlation of key variables affecting swimming suitability,2018
W2169485770,https://doi.org/10.2166/wh.2012.118,Assessment of waterborne protozoan passage through conventional drinking water treatment process in Venezuela,2012
W4386890309,https://doi.org/10.2166/wh.2023.101,lmplementation of a national regulatory framework for drinking water safety plans in Uruguay,2023
W2315701022,https://doi.org/10.2166/wh.2011.018,Virus contamination from operation and maintenance events in small drinking water distribution systems,2011
W2771838496,https://doi.org/10.2166/wh.2017.139,Caries affected by calcium and fluoride in drinking water and family income,2017
W4285730906,https://doi.org/10.2166/wh.2022.286,Microbial source tracking of fecal contamination in stormwater runoff,2022
W2123515469,https://doi.org/10.2166/wh.2011.053,"Microbiological assessment of private drinking water supplies in Co. Cork, Ireland",2011
W2604432959,https://doi.org/10.2166/wh.2017.261,Measuring sporadic gastrointestinal illness associated with drinking water – an overview of methodologies,2017
W2135366018,https://doi.org/10.2166/wh.2006.029,Monitoring source and domestic water quality in parallel with sanitary risk identification in Northern Mozambique to prioritise protection interventions,2006
W2049992397,https://doi.org/10.2166/wh.2014.096,Monitoring of chlorination disinfection by-products and their associated health risks in drinking water of Pakistan,2014
W2161613947,https://doi.org/10.2166/wh.2012.210,UK experience in the monitoring and control of lead in drinking water,2012
W1997868620,https://doi.org/10.2166/wh.2013.056,Survey of human pharmaceuticals in drinking water in the Czech Republic,2013
W2334156797,https://doi.org/10.2166/wh.2011.057,Spatial variation of waterborne Escherichia coli – implications for routine water quality monitoring,2011
W2331532416,https://doi.org/10.2166/wh.2016.296,Comparative microbial source tracking methods for identification of fecal contamination sources at Sunnyside Beach in the Toronto region area of concern,2016
W1968675447,https://doi.org/10.2166/wh.2009.159,Genes encoding tetracycline resistance in a full-scale municipal wastewater treatment plant investigated during one year,2009
W4400134286,https://doi.org/10.2166/wh.2024.096,"Water, sanitation, and hygiene (WASH) practices of mothers and the health status of under-five children: a study from Rural Nayagarh, Odisha",2024
W4293239268,https://doi.org/10.2166/wh.2022.087,"Contamination level, source identification and health risk assessment of potentially toxic elements in drinking water sources of mining and non-mining areas of Khyber Pakhtunkhwa, Pakistan",2022
W2895537223,https://doi.org/10.2166/wh.2018.129,Drinking water in West Virginia (USA): tap water or bottled water – what is the right choice for college students?,2018
W1994939960,https://doi.org/10.2166/wh.2009.009,Validation of urinary trichloroacetic acid as a biomarker of exposure to drinking water disinfection by-products,2009
W2622295301,https://doi.org/10.2166/wh.2017.215,Microbial source tracking in highly vulnerable karst drinking water resources,2017
W2344315766,https://doi.org/10.2166/wh.2015.193,Quantification of pathogen inactivation efficacy by free chlorine disinfection of drinking water for QMRA,2015
W2803193700,https://doi.org/10.2166/wh.2006.026,Estimating the infectious disease risks associated with drinking water in the United States,2006
W2015605838,https://doi.org/10.2166/wh.2009.108,"Where's the pump? Associating sporadic enteric disease with drinking water using a geographic information system, in British Columbia, Canada, 1996–2005",2009
W2137981435,https://doi.org/10.2166/wh.2011.158,"Outbreak of acute gastroenteritis due to a washwater-contaminated water supply, Switzerland, 2008",2011
W3156955999,https://doi.org/10.2166/wh.2021.059,"Molecular surveillance of <i>Cryptosporidium</i> spp. for microbial source tracking of fecal contamination in Laguna Lake, Philippines",2021
W2143372007,https://doi.org/10.2166/wh.2011.189,Combining modeling and monitoring to study fecal contamination in a small rural catchment,2011
W1529851243,https://doi.org/10.2166/wh.2007.018,Aeromonas detection and their toxins from drinking water from reservoirs and drinking fountains,2007
W2097055251,https://doi.org/10.2166/wh.2012.205,Commentary on community-led total sanitation and human rights: should the right to community-wide health be won at the cost of individual rights?,2012
W3198437183,https://doi.org/10.2166/wh.2021.119,"Microbial source tracking of fecal contamination in Laguna Lake, Philippines using the library-dependent method, rep-PCR",2021
W2126292137,https://doi.org/10.2166/wh.2009.303,Effects of phosphorus on biofilm disinfections in model drinking water distribution systems,2009
W2931593114,https://doi.org/10.2166/wh.2019.250,"Occurrence and distribution of pharmaceuticals in raw, finished, and drinking water from seven large river basins in China",2019
W2136699957,https://doi.org/10.2166/wh.2005.0016,"A pilot randomized, controlled trial of an in-home drinking water intervention among HIV+ persons",2005
W2267001314,https://doi.org/10.2166/wh.2014.209,Determination of total vanadium and vanadium(V) in groundwater from Mt. Etna and estimate of daily intake of vanadium(V) through drinking water,2014
W2336556904,https://doi.org/10.2166/wh.2015.117,A water quality index for recreation in Brazilian freshwaters,2015
W2005212338,https://doi.org/10.2166/wh.2009.184,A Cryptosporidium hominis outbreak in North-West Wales associated with low oocyst counts in treated drinking water,2009
W2013359845,https://doi.org/10.2166/wh.2010.099,Environmental health aspects of drinking water-borne outbreak due to karst flooding: case study,2010
W1973909912,https://doi.org/10.2166/wh.2010.140,Dynamics of Aeromonas species isolated from wastewater treatment system,2010
W4399264657,https://doi.org/10.2166/wh.2024.288,"Impact of Water, Sanitation, and Hygiene (WaSH) interventions on diarrhoeal infections among children in the tribal regions of Palghar: a quasi-experimental study",2024
W4386731511,https://doi.org/10.2166/wh.2023.077,Misjudging drinking water quality risk: Adopting a barrier approach for meaningful risk assessment to address latent risks,2023
W4399750861,https://doi.org/10.2166/wh.2024.026,"The nexus between household water insecurity, mother's handwashing practices, and diarrheal diseases among under-five children",2024
W4388540480,https://doi.org/10.2166/wh.2023.174,<i>E. coli</i> contamination of drinking water sources in rural and urban settings: an analysis of 38 nationally representative household surveys (2014–2021),2023
W4244787502,https://doi.org/10.2166/wh.2006.024b,Effects of temperature and sand on E. coli survival in a northern lake water microcosm,2006
W2114915013,https://doi.org/10.2166/wh.2011.198,Water and sanitation issues for persons with disabilities in low- and middle-income countries: a literature review and discussion of implications for global health and international development,2011
W2141456195,https://doi.org/10.2166/wh.2006.022,Use of microbial risk assessment to inform the national estimate of acute gastrointestinal illness attributable to microbes in drinking water,2006
W2883069708,https://doi.org/10.2166/wh.2007.005b,Water systems and urban sanitation: A historical comparison of Tokyo and Singapore,2007
W2213162365,https://doi.org/10.2166/wh.2015.283,"Giardiasis in the United States – an epidemiologic and geospatial analysis of county-level drinking water and sanitation data, 1993–2010",2015
W3190480643,https://doi.org/10.2166/wh.2007.011,"Drinking water microbiological survey of the Northwestern State of Sinaloa, Mexico",2007
W2334011990,https://doi.org/10.2166/wh.2014.139,Water quality and microbial diversity in cisterns from semiarid areas in Brazil,2014
W4400134311,https://doi.org/10.2166/wh.2024.093,"Knowledge, attitude and practice towards water, sanitation and hygiene (WASH) among holy water users in Amhara regional state Orthodox churches, Ethiopia, 2024: institutional based cross-sectional study",2024
W2150456365,https://doi.org/10.2166/wh.2010.136,A preliminary Ames fluctuation assay assessment of the genotoxicity of drinking water that has been solar disinfected in polyethylene terephthalate (PET) bottles,2010
W2107810071,https://doi.org/10.2166/wh.2011.169,Occurrence of Aeromonas spp. in a random sample of drinking water distribution systems in the USA,2011
W1985828879,https://doi.org/10.2166/wh.2014.084,Removal of bromide and bromate from drinking water using granular activated carbon,2014
W2303014775,https://doi.org/10.2166/wh.2015.159,Removal of arsenic and iron removal from drinking water using coagulation and biological treatment,2015
W2105131517,https://doi.org/10.2166/wh.2012.138,Municipal wastewater treatment plants as pathogen removal systems and as a contamination source of noroviruses and Enterococcus faecalis,2012
W4385629750,https://doi.org/10.2166/wh.2023.027,Ecological and human health risk assessments of cyanotoxins and heavy metals in a drinking water supply reservoir,2023
W2762794062,https://doi.org/10.2166/wh.2017.294,Biofilm forming ability of Sphingomonas paucimobilis isolated from community drinking water systems on plumbing materials used in water distribution,2017
W2136466017,https://doi.org/10.2166/wh.2013.017,Is drinking water from ‘improved sources’ really safe? A case study in the Logone valley (Chad-Cameroon),2013
W2308768187,https://doi.org/10.2166/wh.2016.204,"Neighborhood diversity of potentially pathogenic bacteria in drinking water from the city of Maroua, Cameroon",2016
W2154557202,https://doi.org/10.2166/wh.2007.140,How can the UK statutory Cryptosporidium monitoring be used for Quantitative Risk Assessment of Cryptosporidium in drinking water?,2007
W2282901393,https://doi.org/10.2166/wh.2005.0014,Seasonal virus removal by alternative onsite wastewater treatment systems,2005
W2043159344,https://doi.org/10.2166/wh.2012.087,Drinking water standards in South American countries: convergences and divergences,2012
W2556365475,https://doi.org/10.2166/wh.2016.177,Updating national standards for drinking-water: a Philippine experience,2016
W2052098246,https://doi.org/10.2166/wh.2014.157,"Evaluation of corrosion and scaling tendency indices in a drinking water distribution system: a case study of Bandar Abbas city, Iran",2014
W4403047370,https://doi.org/10.2166/wh.2024.166,Incorporating taste and odour problems in water safety plans,2024
W2133927787,https://doi.org/10.2166/wh.2010.162,"Catchment process affecting drinking water quality, including the significance of rainfall events, using factor analysis and event mean concentrations",2010
W4403183952,https://doi.org/10.2166/wh.2024.223,"Evaluating water, sanitation, and hygiene in schools of Bangladesh: progress toward SDG compliance",2024
W4382583891,https://doi.org/10.2166/wh.2023.063,Assessment of groundwater and surface water quality in a typical mining community: application of water quality indices and hierarchical cluster analyses,2023
W2109170787,https://doi.org/10.2166/wh.2007.028,"Identification of Escherichiacoli from groups A, B1, B2 and D in drinking water in Brazil",2007
W4200592902,https://doi.org/10.2166/wh.2021.312,Indications of recent warm and dry summers' impact on private wells for drinking-water supply in Germany: a review of press articles,2021
W4413310198,https://doi.org/10.2166/wh.2025.082,Drinking water quality surveillance in Bhutan: trend and compliance (2017–2024),2025
W2998613859,https://doi.org/10.2166/wh.2019.042,"Selecting rep-PCR markers to source track fecal contamination in Laguna Lake, Philippines",2019
W2770524258,https://doi.org/10.2166/wh.2017.162,"Exploring links between water quality and E. coli O157:H7 survival potential in well waters from a rural area of southern Changchun City, China",2017
W4386923509,https://doi.org/10.2166/wh.2023.188,When the implementation of water safety plans fail: rethinking the approach to water safety planning following a serious waterborne outbreak and implications for subsequent water sector reforms,2023
W4390751564,https://doi.org/10.2166/wh.2024.276,"Impact of source water quality on total organic carbon and trihalomethane removal efficiency in a water treatment plant: A case study of Upper Awash, Ethiopia",2024
W2069067826,https://doi.org/10.2166/wh.2013.150,"High frequency of Helicobacter pylori DNA in drinking water in Kermanshah, Iran, during June–November 2012",2013
W2935943479,https://doi.org/10.2166/wh.2019.015,Perceptions of drinking water safety and their associations with plain water intake among US Hispanic adults,2019
W4225100553,https://doi.org/10.2166/wh.2022.028,"Water quality of springs and lakes in the Kumaon Lesser Himalayan Region of Uttarakhand, India",2022
W2604679330,https://doi.org/10.2166/wh.2017.258,Staphylococcus aureus isolated from wastewater treatment plants in Tunisia: occurrence of human and animal associated lineages,2017
W2290978741,https://doi.org/10.2166/wh.2014.327,Virulence and plasmidic resistance determinants of Escherichia coli isolated from municipal and hospital wastewater treatment plants,2014
W2135078320,https://doi.org/10.2166/wh.2008.025,"Exploring intra-household factors for diarrhoeal diseases: a study in slums of Delhi, India",2008
W3111394468,https://doi.org/10.2166/wh.2020.123,Trend in river water quality: tracking the overall impacts of climate change and human activities on water quality in the Dez River Basin,2020
W4210595393,https://doi.org/10.2166/wh.2022.230,Occurrence of pathogenic microorganisms in small drinking-water systems in Costa Rica,2022
W2057460809,https://doi.org/10.2166/wh.2013.112,"Status of free-living amoebae (Acanthamoeba spp., Naegleria fowleri, Balamuthia mandrillaris) in drinking water supplies in Karachi, Pakistan",2013
W1968574272,https://doi.org/10.2166/wh.2013.185,"Ceramic water filters impregnated with silver nanoparticles as a point-of-use water-treatment intervention for HIV-positive individuals in Limpopo Province, South Africa: a pilot study of technological performance and human health benefits",2013
W2072945567,https://doi.org/10.2166/wh.2012.028,Association of blood pressure and metabolic syndrome components with magnesium levels in drinking water in some Serbian municipalities,2012
W4385454040,https://doi.org/10.2166/wh.2023.099,"Drinking water quality management progress in Ontario, two decades after Walkerton",2023
W647409954,https://doi.org/10.2166/wh.2014.206,Microbial quality of improved drinking water sources: evidence from western Kenya and southern Vietnam,2014
W4388532823,https://doi.org/10.2166/wh.2023.129,A critical review of risk matrices used in water safety planning: improving risk matrix construction,2023
W2888737467,https://doi.org/10.2166/wh.2007.009b,Quaternary ammonium compounds: an alternative disinfection method for fresh produce wash water,2007
W2142277773,https://doi.org/10.2166/wh.2009.115,"Hand–mouth transfer and potential for exposure to E. coli and F+ coliphage in beach sand, Chicago, Illinois",2009
W3207568206,https://doi.org/10.2166/wh.2021.140,"Determinants of hand-hygiene practices in India: reflections from the 76th round National Sample Survey, 2018",2021
W2275775601,https://doi.org/10.2166/wh.2015.227,Removal of Giardia spp. and Cryptosporidium spp. from water supply with high turbidity: analytical challenges and perspectives,2015
W2110801665,https://doi.org/10.2166/wh.2006.047,Health impact of water and sanitation infrastructure reconstruction programmes in eight Central American communities affected by Hurricane Mitch,2006
W4212926807,https://doi.org/10.2166/wh.2022.233,"Influences of anthropogenic activities on water quality in the Saigon River, Ho Chi Minh City",2022
W2053980033,https://doi.org/10.2166/wh.2009.014,"A water contamination incident in Oslo, Norway during October 2007; a basis for discussion of boil-water notices and the potential for post-treatment contamination of drinking water supplies",2008
W1992679980,https://doi.org/10.2166/wh.2012.119,Application of solar disinfection for treatment of contaminated public water supply in a developing country: field observations,2012
W2617063081,https://doi.org/10.2166/wh.2017.005,Tracking the downstream impacts of inadequate sanitation in central Appalachia,2017
W2272977470,https://doi.org/10.2166/wh.2015.211,Trihalomethanes formation in Iranian water supply systems: predicting and modeling,2015
W1998177555,https://doi.org/10.2166/wh.2007.037,"Somatic coliphages and bacterial indicators of bathing water quality in the beaches of Gipuzkoa, Spain",2007
W2107120075,https://doi.org/10.2166/wh.2010.048,Biofilm bacterial communities and abundance in a full-scale drinking water distribution system in Shanghai,2010
W2132117613,https://doi.org/10.2166/wh.2011.150,Disinfection efficacy of chlorine and peracetic acid alone or in combination against Aspergillus spp. and Candida albicans in drinking water,2011
W2169092836,https://doi.org/10.2166/wh.2010.169,"PCR assay targeting virulence genes of Helicobacter pylori isolated from drinking water and clinical samples in Lahore metropolitan, Pakistan",2011
W2098870397,https://doi.org/10.2166/wh.2012.035,"The bacteriological quality of drinking water in Haldwani Block of Nainital District, Uttarakhand, India",2012
W4388500800,https://doi.org/10.2166/wh.2023.088,Implementing risk-based approaches to improve drinking water quality in small water supplies in the Nordic region – barriers and solutions,2023
W2048408722,https://doi.org/10.2166/wh.2014.221,Urban water reuse: microbial pathogens control by direct filtration and ultraviolet disinfection,2014
W2161647033,https://doi.org/10.2166/wh.2005.028,Contrasting occurrence of Chromobacterium violaceum in tropical drinking water springs of Uganda,2005
W2095505243,https://doi.org/10.2166/wh.2009.201,"Social-epidemiological study for evaluation of water supply and sanitation systems of low-income urban community in Dhaka, Bangladesh",2009
W2752816585,https://doi.org/10.2166/wh.2017.100,Associations between extreme precipitation and acute gastro-intestinal illness due to cryptosporidiosis and giardiasis in an urban Canadian drinking water system (1997–2009),2017
W2311890270,https://doi.org/10.2166/wh.2015.201,Adoption of a microbial health-based target for Australian drinking water regulation,2015
W2305837863,https://doi.org/10.2166/wh.2016.259,"Survival of Helicobacter pylori in the wastewater treatment process and the receiving river in Michigan, USA",2016
W3005272115,https://doi.org/10.2166/wh.2020.133,Developing a forecasting model for cholera incidence in Dhaka megacity through time series climate data,2020
W1966560692,https://doi.org/10.2166/wh.2009.156,Evaluating a composite cartridge for small system drinking water treatment,2009
W2021055051,https://doi.org/10.2166/wh.2014.056,Methods for microbiological quality assessment in drinking water: a comparative study,2014
W2153002485,https://doi.org/10.2166/wh.2012.003,Decontamination of a drinking water pipeline system contaminated with adenovirus and Escherichia coli utilizing peracetic acid and chlorine,2012
W4391567190,https://doi.org/10.2166/wh.2024.144,"Strengthening rural community water safety planning in Pacific Island countries: evidence and lessons from Solomon Islands, Vanuatu, and Fiji",2024
W4396963459,https://doi.org/10.2166/wh.2024.122,"Endotoxin, a novel biomarker for the rapid risk assessment of faecal contamination of coastal and transitional waters",2024
W2112677544,https://doi.org/10.2166/wh.2006.0022,PFGE analysis of enterococci isolates from recreational and drinking water in Greece,2006
W2894999788,https://doi.org/10.2166/wh.2018.210,Interaction between typical sulfonamides and bacterial diversity in drinking water,2018
W2613666132,https://doi.org/10.2166/wh.2017.373,"Water, sanitation and hygiene practice and associated factors among HIV infected people in Arba Minch town, Southern Ethiopia",2017
W4220725073,https://doi.org/10.2166/wh.2022.217,Assessing the drinking water quality in the Inner Mongolia Autonomous Region from 2014 to 2018,2022
W2969286599,https://doi.org/10.2166/wh.2019.075,"Environmental monitoring of Aichi virus and human bocavirus in samples from wastewater treatment plant, drain, and River Nile in Egypt",2019
W2000635667,https://doi.org/10.2166/wh.2014.060,"Evaluation of quantitative polymerase chain reaction assays targeting Mycobacterium avium, M. intracellulare, and M. avium subspecies paratuberculosis in drinking water biofilms",2014
W1973802765,https://doi.org/10.2166/wh.2014.048,"Outbreak of acute gastroenteritis caused by contamination of drinking water in a factory, the Basque Country",2014
W4391984398,https://doi.org/10.2166/wh.2024.124,Natural hazard risk analysis in the framework of water safety plans,2024
W2080841782,https://doi.org/10.2166/wh.2011.021,Increased information on waterborne outbreaks through efficient notification system enforces actions towards safe drinking water,2011
W4221043460,https://doi.org/10.2166/wh.2022.002,"Characterization of reported legionellosis outbreaks associated with buildings served by public drinking water systems: United States, 2001–2017",2022
W2024578774,https://doi.org/10.2166/wh.2011.006,Does calcium in drinking water modify the association between nitrate in drinking water and risk of death from colon cancer?,2011
W1966785541,https://doi.org/10.2166/wh.2009.089,Quantifying the burden of disease associated with inadequate provision of water and sanitation in selected sub-Saharan refugee camps,2009
W2044561049,https://doi.org/10.2166/wh.2014.009,Issues in access to safe drinking water and basic hygiene for persons with physical disabilities in rural Cambodia,2014
W3197180100,https://doi.org/10.2166/wh.2021.058,"Library-independent source tracking of fecal contamination in selected stations and tributaries of Laguna Lake, Philippines",2021
W3040757420,https://doi.org/10.2166/wh.2020.192,Coliform bacteria and salt content as drinking water challenges at sand dams in Kenya,2020
W2810209384,https://doi.org/10.2166/wh.2018.293,Categorical performance characteristics of method ISO 7899-2 and indicator value of intestinal enterococci for bathing water quality monitoring,2018
W4393376521,https://doi.org/10.2166/wh.2024.384,Compliance and adherence to hand hygiene practices for effective infection control,2024
W2758008315,https://doi.org/10.2166/wh.2017.101,Spatiotemporal variation of bacterial water quality and the relationship with pasture land cover,2017
W1995569714,https://doi.org/10.2166/wh.2013.192,Microbial source tracking and spatial analysis of E. coli contaminated private well waters in southeastern Ontario,2013
W2785488953,https://doi.org/10.2166/wh.2018.149,Water treatment and handwashing practices in rural Kenyan health care facilities and households six years after the installation of portable water stations and hygiene training,2018
W2866553611,https://doi.org/10.2166/wh.2018.267,Faecal contamination in public pools in Barcelona province: Cryptosporidium spp. and bacterial indicators,2018
W2167789777,https://doi.org/10.2166/wh.2005.042,"Comparison of two methods for evaluating the quality of stored drinking water in Abidjan, Côte d'Ivoire, and review of other comparisons in the literature",2005
W2323385581,https://doi.org/10.2166/wh.2014.197,A novel point-of-use water treatment method by antimicrobial nanosilver textile material,2014
W2003265634,https://doi.org/10.2166/wh.2014.237,Assessing bottled water nitrate concentrations to evaluate total drinking water nitrate exposure and risk of birth defects,2014
W2068574330,https://doi.org/10.2166/wh.2009.097,The case for re-evaluating the upper limit value for selenium in drinking water in Europe,2009
W2320503348,https://doi.org/10.2166/wh.2013.241,Microbial reduction in wastewater treatment using Fe3+ and Al3+ coagulants and PAA disinfectant,2013
W1993499053,https://doi.org/10.2166/wh.2009.063,Increasing equity of access to point-of-use water treatment products through social marketing and entrepreneurship: a case study in western Kenya,2009
W4414059713,https://doi.org/10.2166/wh.2025.056,Comparing cultural perceptions of drinking water safety with water quality in urban and rural Guatemalan communities,2025
W2918230798,https://doi.org/10.2166/wh.2019.295,Application of high-throughput 16S rRNA sequencing to identify fecal contamination sources and to complement the detection of fecal indicator bacteria in rural groundwater,2019
W4317830348,https://doi.org/10.2166/wh.2023.235,How effective are water treatment processes in removing toxic effects of micropollutants? A literature review of effect-based monitoring data,2023
W4309570705,https://doi.org/10.2166/wh.2022.262,The forgotten threat of cholera in Syria,2022
W2097962623,https://doi.org/10.2166/wh.2005.044,Significance of private water supply wells in a rural Nevada area as a route of exposure to aqueous arsenic,2005
W1979199232,https://doi.org/10.2166/wh.2008.031,Drinking water public right-to-know requirements in the United States,2008
W4223455795,https://doi.org/10.2166/wh.2022.312,Polycyclic aromatic hydrocarbons (PAHs) in Greater Cairo water supply systems,2022
W2021047308,https://doi.org/10.2166/wh.2008.036,Unintentional drinking-water contamination events of unknown origin: surrogate for terrorism preparedness,2008
W2805201672,https://doi.org/10.2166/wh.2018.055,"Sachet water quality and product registration: a cross-sectional study in Accra, Ghana",2018
W2155594619,https://doi.org/10.2166/wh.2009.171,Reducing the impact of summer cattle grazing on water quality in the Sierra Nevada Mountains of California: a proposal,2009
W3012267977,https://doi.org/10.2166/wh.2020.047,Identifying the primary sources of fecal contamination along the beaches and rivers of Trinidad,2020
W4387398571,https://doi.org/10.2166/wh.2023.130,Dual system of water safety plan auditing in Hungary: benefits and lessons learnt,2023
W4386141946,https://doi.org/10.2166/wh.2023.178,Inactivation of coxsackievirus B5 by free chlorine under conditions relevant to drinking water treatment,2023
W3099327858,https://doi.org/10.2166/wh.2020.095,"Household water quality in areas irrigated with wastewater in the Mezquital Valley, Mexico",2020
W3044990787,https://doi.org/10.2166/wh.2020.092,Bacterial community evolution along full-scale municipal wastewater treatment processes,2020
W2839139641,https://doi.org/10.2166/wh.2018.113,A review of potential factors contributing to epidemic cholera in Yemen,2018
W4313427607,https://doi.org/10.2166/wh.2022.192,Evaluation of water safety plan implementation at provincial water utilities in Vietnam,2022
W2965817854,https://doi.org/10.2166/wh.2019.081,"Effects of 2,2-dichloroacetamide (DCAcAm), an emerging disinfection by-product in drinking water, on the intestinal microbiota of adult zebrafish",2019
W1987624247,https://doi.org/10.2166/wh.2006.0037,Research needs in drinking water: a basis in regulations in the United States,2006
W3092144438,https://doi.org/10.2166/wh.2020.069,Trends in access to water and sanitation in Malawi: progress and inequalities (1992–2017),2020
W2093133017,https://doi.org/10.2166/wh.2013.077,Improving water quality communications at beaches: input from stakeholders,2013
W2463490082,https://doi.org/10.2166/wh.2016.256,Cyto- and genotoxic profile of groundwater used as drinking water supply before and after disinfection,2016
W1990536002,https://doi.org/10.2166/wh.2011.122,"Evaluation of pot-chlorination of wells during a cholera outbreak, Bissau, Guinea-Bissau, 2008",2011
W2113275834,https://doi.org/10.2166/wh.2012.072,Synergistic effect of heat and solar UV on DNA damage and water disinfection of E. coli and bacteriophage MS2,2012
W2074501188,https://doi.org/10.2166/wh.2009.056,Household characteristics associated with home water treatment: an analysis of the Egyptian Demographic and Health Survey,2008
W4395073884,https://doi.org/10.2166/wh.2024.337,Exploring the drinking water supply in Rwanda with panel data analysis,2024
W2034496578,https://doi.org/10.2166/wh.2014.061,Nosocomial pseudo-outbreak of Mycobacterium gordonae associated with a hospital's water supply contamination: a case series of 135 patients,2014
W2058547330,https://doi.org/10.2166/wh.2013.208,Fate of Salmonella Typhimurium in laboratory-scale drinking water biofilms,2013
W2144746357,https://doi.org/10.2166/wh.2006.0008,A study of the efficacy of various home filtration substrates in the removal of microcystin-LR from drinking water,2006
W3092510198,https://doi.org/10.2166/wh.2020.301,Microbiological evaluation of constructed wetlands and solar disinfection in wastewater treatment and reuse,2020
W3102246803,https://doi.org/10.2166/wh.2020.111,Cost-benefit analysis of point-of-use devices for health risks reduction from pathogens in drinking water,2020
W4210429183,https://doi.org/10.2166/wh.2021.184,Water use behaviors and water access in intermittent and continuous water supply areas during the COVID-19 pandemic,2021
W4388207139,https://doi.org/10.2166/wh.2023.131,Operationalising water safety plans for Melbourne – a large city case study,2023
W2077421563,https://doi.org/10.2166/wh.2008.00034,Making sustainable water and sanitation in the Peruvian Andes: an intervention model,2008
W4382585405,https://doi.org/10.2166/wh.2023.078,"Assessing the social and economic implications on water security in the Nelson Mandela Bay Metropolitan Municipality, Eastern Cape of South Africa",2023
W4413196211,https://doi.org/10.2166/wh.2025.059,Warming drinking water distribution systems in the context of climate change: a scoping review on health-related microbial and chemical water quality effects,2025
W2224130545,https://doi.org/10.2166/wh.2015.129,Drinking water contributes to high salt consumption in young adults in coastal Bangladesh,2015
W2471210503,https://doi.org/10.2166/wh.2016.014,Policy intervention for arsenic mitigation in drinking water in rural habitations in India: achievements and challenges,2016
W2945225946,https://doi.org/10.2166/wh.2019.019,"Molecular identification of biological contaminants in different drinking water resources of the Jazan region, Saudi Arabia",2019
W1814592466,https://doi.org/10.2166/wh.2014.025,Assessment of a membrane drinking water filter in an emergency setting,2014
W267259962,https://doi.org/10.2166/wh.2015.132,"Surveillance of bacteriological quality of drinking water in Chandigarh, northern India",2015
W2065089194,https://doi.org/10.2166/wh.2014.163,"Experience, training and confidence among small, non-community drinking water system operators in Ontario, Canada",2014
W4322730775,https://doi.org/10.2166/wh.2023.280,Is the presence of mosquitoes an indicator of poor environmental sanitation?,2023
W4404839037,https://doi.org/10.2166/wh.2024.371,Ghana's water safety journey: A review of efforts toward a risked-based water quality management,2024
W2801524687,https://doi.org/10.2166/wh.2018.202,A gastroenteritis outbreak associated with drinking water in a college in northwest China,2018
W2805619952,https://doi.org/10.2166/wh.2018.003,"Hydrogeochemistry, water quality and health risk assessment of water resources contaminated by agricultural activities in Korkuteli (Antalya, Turkey) district center",2018
W15384721,NA,"Africa's informal workers : Collective agency, alliances and transnational organizing in urban Africa",2010
W4288736458,https://doi.org/10.2166/wh.2022.055,Phosphate drinking water softeners promote <i>Legionella</i> growth,2022
W1994979899,https://doi.org/10.2166/wh.2009.123,Comparative analysis of the composition of bacterial communities from two constructed wetlands for municipal and swine wastewater treatment,2009
W1979916608,https://doi.org/10.2166/wh.2014.016,Fluoride adsorption properties of three modified forms of activated alumina in drinking water,2014
W2143888736,https://doi.org/10.2166/wh.2006.0007,Association of Cryptosporidium with bovine faecal particles and implications for risk reduction by settling within water supply reservoirs,2006
W2106874077,https://doi.org/10.2166/wh.2011.115,Away-from-home drinking water consumption practices and the microbiological quality of water consumed in rural western Kenya,2011
W2161974515,https://doi.org/10.2166/wh.2013.076,Broader incubation temperature tolerances for microbial drinking water testing with enzyme substrate tests,2013
W2586029181,https://doi.org/10.2166/wh.2017.183,Comparative study of physico-chemical parameters of drinking water from some longevity and non-longevity areas of China,2017
W2056536122,https://doi.org/10.2166/wh.2013.050,Uptake of household disinfection kits as an additional measure in response to a cholera outbreak in urban areas of Haiti,2013
W2803481686,https://doi.org/10.2166/wh.2006.0045,"Drinking water in Michigan: source, quality, and contaminants",2006
W4225086381,https://doi.org/10.2166/wh.2022.266,Water quality modelling and quantitative microbial risk assessment for uMsunduzi River in South Africa,2022
W4288753474,https://doi.org/10.2166/wh.2022.276,"Detection of <i>Escherichia coli</i>, rotavirus, and <i>Cryptosporidium</i> spp. from drinking water, kitchenware, and flies in a periurban community of Lusaka, Zambia",2022
W3128389794,https://doi.org/10.2166/wh.2021.274,"Irrigation water quality and its impact on the physicochemical and microbiological contamination of vegetables produced from market gardening: a case of the Vea Irrigation Dam, U.E.R., Ghana",2021
W1989204778,https://doi.org/10.2166/wh.2014.212,Perceived agricultural runoff impact on drinking water,2014
W3082609684,https://doi.org/10.2166/wh.2020.018,High-throughput profiling of antibiotic resistance genes in wastewater: comparison between a pond system in Namibia and an activated sludge treatment in Germany,2020
W4391651887,https://doi.org/10.2166/wh.2024.290,Bacterial community assessment of drinking water and downstream distribution systems in highland localities of Ecuador,2024
W3106844304,https://doi.org/10.2166/wh.2020.139,Shungite application for treatment of drinking water – is it the right choice?,2020
W2513954457,https://doi.org/10.2166/wh.2016.153,Antibacterial and antiviral effectiveness of two household water treatment devices that use monobrominated hydantoinylated polystyrene,2016
W2016051462,https://doi.org/10.2166/wh.2014.213,"Parental decisions, child health and valuation of avoiding arsenic in drinking water in rural Bangladesh",2014
W2059971899,https://doi.org/10.2166/wh.2009.203,"Supply system factors associated with microbiological drinking water safety in regional New South Wales, Australia, 2001–2007",2009
W2121374757,https://doi.org/10.2166/wh.2012.142,Methods for assessing long-term mean pathogen count in drinking water and risk management implications,2012
W4294703613,https://doi.org/10.2166/wh.2022.085,Health impacts of water and sanitation insecurity in the Global North: a scoping literature review for U.S. colonias on the Mexico border,2022
W2786727118,https://doi.org/10.2166/wh.2018.258,Learning from water treatment and hygiene interventions in response to a hepatitis E outbreak in an open setting in Chad,2018
W4389912432,https://doi.org/10.2166/wh.2023.201,Molecular detection of waterborne pathogens in infants' drinking water and their relationship with water quality determinants in eastern Ethiopia: loop-mediated isothermal amplification (LAMP)-based study,2023
W651974107,https://doi.org/10.2166/wh.2014.275,"Microbial indicators, pathogens and methods for their monitoring in water environment",2014
W4321500734,https://doi.org/10.2166/wh.2023.293,A bibliometric analysis of global research on drinking water and health in low- and lower-middle-income countries,2023
W2801446431,https://doi.org/10.2166/wh.2018.254,"Uranium natural levels in soil, rock and water: assessment of the quality of drinking water in Singida Urban District, Tanzania",2018
W2038044671,https://doi.org/10.2166/wh.2010.023,"Knowledge, attitudes, practices and implications of safe water management and good hygiene in rural Bangladesh: assessing the impact and scope of the BRAC WASH programme",2011
W2050633791,https://doi.org/10.2166/wh.2012.121,"The distributions, removals and estrogenic effects of selected endocrine disrupting chemicals in two drinking water factories in China",2012
W2262229766,https://doi.org/10.2166/wh.2015.034,"Assessing protozoan risks for surface drinking water supplies in Nova Scotia, Canada",2015
W4408051832,https://doi.org/10.2166/wh.2025.316,"Natural radionuclides in drinking water and annual effective dose to infant, child, and adult",2025
W4362455844,https://doi.org/10.2166/wh.2023.316,Spatial and socioeconomic inequalities in the access to safe drinking water in Peruvian households,2023
W2291614751,https://doi.org/10.2166/wh.2015.183,Modeling benzene permeation through drinking water high density polyethylene (HDPE) pipes,2015
W1994026658,https://doi.org/10.2166/wh.2014.214,"Comparing the microbial risks associated with household drinking water supplies used in peri-urban communities of Phnom Penh, Cambodia",2014
W4309614215,https://doi.org/10.2166/wh.2022.177,Diversity and dynamics of bacterial communities in the drinking water distribution network of a mid-sized city in Brazil,2022
W2973161510,https://doi.org/10.2166/wh.2019.239,"Response and remediation actions following the detection of Naegleria fowleri in two treated drinking water distribution systems, Louisiana, 2013–2014",2019
W4384199824,https://doi.org/10.2166/wh.2023.073,Antimicrobial resistome and mobilome in the urban river affected by combined sewer overflows and wastewater treatment effluent,2023
W2050025079,https://doi.org/10.2166/wh.2006.003,"Microbial counts and pesticide concentrations in drinking water after alum flocculation of channel feed water at the household level, in Vinh Long Province, Vietnam",2006
W4404592785,https://doi.org/10.2166/wh.2024.126,Characterization and comparative analysis of antimicrobial resistance in <i>Escherichia coli</i> from hospital and municipal wastewater treatment plants,2024
W4382239111,https://doi.org/10.2166/wh.2023.035,Legionella in drinking water: the detection method matters,2023
W4293469485,https://doi.org/10.2166/wh.2022.151,Tap water quality: in the eye of the beholder,2022
W2905341192,https://doi.org/10.2166/wh.2018.367,Occurrence and reduction of F-specific RNA bacteriophage genotypes as indicators of human norovirus at a wastewater treatment plant,2018
W4382988826,https://doi.org/10.2166/wh.2023.109,"Community health impacts after a jet fuel leak contaminated a drinking water system: Oahu, Hawaii, November 2021",2023
W2744348196,https://doi.org/10.2166/wh.2017.055,"Removal of model viruses, E. coli and Cryptosporidium oocysts from surface water by zirconium and chitosan coagulants",2017
W4387781835,https://doi.org/10.2166/wh.2023.121,Effect of handwashing on the reduction of <i>Escherichia coli</i> on children's hands in an urban slum Indonesia,2023
W4224947480,https://doi.org/10.2166/wh.2022.018,"Associations between extreme precipitation, drinking water, and protozoan acute gastrointestinal illnesses in four North American Great Lakes cities (2009–2014)",2022
W2322115040,https://doi.org/10.2166/wh.2012.213,Removal and relationships of microbial indicators in a water treatment and reclamation facility,2012
W2963362255,https://doi.org/10.2166/wh.2019.025,Assessing lead-contaminated drinking water in a large academic institution: a case study,2019
W4210856683,https://doi.org/10.2166/wh.2022.251,"The effect of household practices on the deterioration of microbial quality of drinking water between source and point of use in Murewa district, Zimbabwe",2022
W4387089589,https://doi.org/10.2166/wh.2023.182,Water quality monitoring in southern Brazil and the assessment of risk factors related to contamination by coliforms and <i>Escherichia coli</i>,2023
W1992557853,https://doi.org/10.2166/wh.2012.046,"Characteristics of small residential and commercial water systems that influence their likelihood of being on drinking water advisories in rural British Columbia, Canada: a cross-sectional study using administrative data",2012
W3202573172,https://doi.org/10.2166/wh.2021.187,Evaluating water quality using social media and federal agency data,2021
W3021770790,https://doi.org/10.2166/wh.2020.221,"A risk-based evaluation of onsite, non-potable reuse systems developed in compliance with conventional water quality measures",2020
W2035980915,https://doi.org/10.2166/wh.2014.063,Detection of Legionella by cultivation and quantitative real-time polymerase chain reaction in biological waste water treatment plants in Norway,2014
W2136397687,https://doi.org/10.2166/wh.2013.105,Seasonal variation of acute gastro-intestinal illness by hydroclimatic regime and drinking water source: a retrospective population-based study,2013
W4401722140,https://doi.org/10.2166/wh.2024.376,Determinants of adoption of household water treatment in Haiti using two analysis methods: logistic regression and machine learning,2024
W155710653,https://doi.org/10.2166/wh.2005.0013,Recreational water quality in the Caspian Sea,2005
W2788287948,https://doi.org/10.2166/wh.2018.220,Locally produced hydrogen sulphide detecting water quality test kits increase household level monitoring in rural Tanzania,2018
W2206798235,https://doi.org/10.2166/wh.2015.012,Comparison of commercial analytical techniques for measuring chlorine dioxide in urban desalinated drinking water,2015
W2048216527,https://doi.org/10.2166/wh.2014.158,Influence of solar water disinfection on immunity against cholera – a review,2014
W2085626134,https://doi.org/10.2166/wh.2012.199,"Calibrating an optimal condition model for solar water disinfection in peri-urban household water treatment in Kampala, Uganda",2012
W1574215089,https://doi.org/10.2166/wh.2006.0002,"Neurosensory effects of chronic exposure to arsenic via drinking water in Inner Mongolia: I. signs, symptoms and pinprick testing",2006
W2068582676,https://doi.org/10.2166/wh.2012.014,Comparison of biofilm formation and water quality when water from different sources was stored in large commercial water storage tanks,2012
W2800458497,https://doi.org/10.2166/wh.2018.278,Water quality modelling: microbial risks associated with manure on pasture and arable land,2018
W4239702026,https://doi.org/10.2166/wh.2010.127b,"Drinking water incidents due to chemical contamination in England and Wales, 2006–2008",2010
W4386032054,https://doi.org/10.2166/wh.2023.164,<i>Legionella</i> detection in wastewater treatment plants with increased risk for <i>Legionella</i> growth and emission,2023
W2167422404,https://doi.org/10.2166/wh.2007.034,Cost and financial sustainability of a household-based water treatment and storage intervention in Zambia,2007
W2984222496,https://doi.org/10.2166/wh.2019.151,Translating pathogen knowledge to practice for sanitation decision-making,2019
W2979726952,https://doi.org/10.2166/wh.2019.137,Occurrence and molecular characterization of Torque teno virus (TTV) in a wastewater treatment plant in Tehran,2019
W2110974066,https://doi.org/10.2166/wh.2008.049,Use of the ISO 9308-1 procedure for the detection of E. coli in water utilizing two incubation temperatures and two confirmation procedures and comparison with defined substrate technology,2008
W3108159711,https://doi.org/10.2166/wh.2020.075,The effect of different drinking water in culture medium on feces microbiota diversity,2020
W4327727181,https://doi.org/10.2166/wh.2023.153,Endocrine-disrupting substances: I. Relative risks of PFAS in drinking water,2023
W4403983599,https://doi.org/10.2166/wh.2024.388,Safe drinking water: to what extent are shallow wells reliable?,2024
W562430700,https://doi.org/10.2166/wh.2014.100,"Extraction, characterization and application of malva nut gum in water treatment",2014
W4408231861,https://doi.org/10.2166/wh.2025.289,Evaluation of drinking water quality test kits for home use in the United States,2025
W2895101251,https://doi.org/10.2166/wh.2018.087,"Enterococci as a key parameter for water quality index: Purires River, Costa Rica",2018
W2139762037,https://doi.org/10.2166/wh.2006.051,Occurrence of Cryptosporidium oocysts and Giardia cysts in the Nakdong River and their removal during water treatment,2006
W1548177259,https://doi.org/10.2166/wh.2005.0001,Effect of alternative on-site wastewater treatment on the viability and culturability of Salmonella choleraesuis,2005
W1495500504,https://doi.org/10.2166/wh.2005.0019,An assessment of water quality and microbial risk in Rio Grande basin in the United States–Mexican border region,2005
W4318310513,https://doi.org/10.2166/wh.2023.246,"Assessment of physicochemical and bacteriological quality of drinking water in Sapele local government area of Delta State, South-South, Nigeria",2023
W3089348114,https://doi.org/10.2166/wh.2020.147,Human water contact patterns in active schistosomiasis endemic areas,2020
W126400824,https://doi.org/10.2166/wh.2006.0003,Neurosensory effects of chronic exposure to arsenic via drinking water in Inner Mongolia: II. Vibrotactile and visual function,2006
W2295233029,https://doi.org/10.2166/wh.2015.001,Pioneering water quality data on the Lake Victoria watershed: effects on human health,2015
W3047527840,https://doi.org/10.2166/wh.2020.086,"Prevalence, antibiotic resistance and virulence of Enterococcus spp. from wastewater treatment plant effluent and receiving waters in South Africa",2020
W3114580799,https://doi.org/10.2166/wh.2020.214,Association between exposure to drinking water disinfection byproducts and adverse pregnancy outcomes in South Africa,2020
W4386957469,https://doi.org/10.2166/wh.2023.149,"Temporal and spatial variations of disinfection by-products in South Taihu's drinking water, Zhejiang Province, China",2023
W578801730,https://doi.org/10.2166/wh.2014.039,"Socio-economic factors influencing the spread of drinking water diseases in rural Africa: case study of Bondo sub-county, Kenya",2014
W3045843357,https://doi.org/10.2166/wh.2020.019,"Antibiotic-resistant staphylococci from the wastewater treatment plant and grey-water samples in Obafemi Awolowo University, Ile-Ife, Nigeria",2020
W4293084996,https://doi.org/10.2166/wh.2022.035,The drinking water crises of Flint and Havelock North: a failure of public health risk management,2022
W2087894549,https://doi.org/10.2166/wh.2014.126,"Microbial water quality communication: public and practitioner insights from British Columbia, Canada",2014
W2025621770,https://doi.org/10.2166/wh.2009.103,"A study of ecological sanitation as an integrated urban water supply system: case study of sustainable strategy for Kuching City, Sarawak, Malaysia",2008
W4206619116,https://doi.org/10.2166/wh.2022.256,"Parasitological, microbiological, and antimicrobial resistance profiles of raw and drinking water in a tourist city in the tri-border region of South America",2022
W3089552335,https://doi.org/10.2166/wh.2020.087,Association between concentrations of chromium in drinking water and mortality due to suicide in Alabama,2020
W4399103859,https://doi.org/10.2166/wh.2024.057,Dietary risk assessment of drinking water and fish from cultivated wetlands of Ndop,2024
W3199032778,https://doi.org/10.2166/wh.2021.141,Identifying challenges in drinking water supplies: assessment of boil water advisories in Norway (2008–2019),2021
W2260753570,https://doi.org/10.2166/wh.2004.0012,Optimal reconstruction of historical water supply to a distribution system: A. Methodology,2004
W4307843878,https://doi.org/10.2166/wh.2022.100,Risk perception from the consumption of untreated drinking water in a small island community,2022
W2925531552,https://doi.org/10.2166/wh.2019.001,Sign-constrained linear regression for prediction of microbe concentration based on water quality datasets,2019
W4210352408,https://doi.org/10.2166/wh.2022.267,Identification and assessment of antimicrobial resistance bacteria in a hemodialysis water treatment system,2022
W2528708855,https://doi.org/10.2166/wh.2016.096,Evaluation of virus reduction efficiency in wastewater treatment unit processes as a credit value in the multiple-barrier system for wastewater reclamation and reuse,2016
W4388567189,https://doi.org/10.2166/wh.2023.100,Development of a tool to support operationalising water safety plans: experiences from a national water utility in Ghana,2023
W4390004976,https://doi.org/10.2166/wh.2023.103,Climate-related risk assessment in water safety plans: the case study of Acque Bresciane (Italy),2023
W2327699556,https://doi.org/10.2166/wh.2014.127,Risk factors and monitoring for water quality to determine best management practices for splash parks,2014
W2324337158,https://doi.org/10.2166/wh.2010.074,Incorporation of the Multiple Barrier Approach in drinking water risk assessment tools,2010
W2135937897,https://doi.org/10.2166/wh.2009.141,"Influencing factors in the occurrence of injured coliforms in the drinking water distribution system in the city of La Plata, Argentina",2009
W2169699627,https://doi.org/10.2166/wh.2009.085,Sustained use of a household-scale water filtration device in rural Cambodia,2009
W2125434086,https://doi.org/10.2166/wh.2011.125,Microbiological and chemical indicators of water quality in indoor hotel swimming pools before and after training of swimming pool operators,2011
W4406926102,https://doi.org/10.2166/wh.2025.267,"A study on <i>Escherichia coli</i> contamination in drinking water sources to combat waterborne diseases effectively in Bist Doab, Punjab, India",2025
W2013728375,https://doi.org/10.2166/wh.2013.057,"Microbial water quality of recreational lakes near Tbilisi, Georgia",2013
W2766029401,https://doi.org/10.2166/wh.2017.150,Pool water quality and prevalence of microbes in filter backwash from metro-Atlanta swimming pools,2017
W2809708571,https://doi.org/10.2166/wh.2018.207,"Association of water quality with soil-transmitted helminthiasis and diarrhea in Nueva Santa Rosa, Guatemala, 2010",2018
W4392989771,https://doi.org/10.2166/wh.2024.312,Examining the efficacy of the legal framework governing the management of greywater in South Africa's informal settlements,2024
W2038512158,https://doi.org/10.2166/wh.2009.134,Decline in recycled water quality during short-term storage in open ponds,2009
W2894761525,https://doi.org/10.2166/wh.2018.007,"Water quality, availability, and acute gastroenteritis on the Navajo Nation – a pilot case-control study",2018
W2767824062,https://doi.org/10.2166/wh.2017.152,Inhibition of Daphnia magna's occurrence in drinking water treatment process by controlling its phototactic behavior,2017
W2242375320,https://doi.org/10.2166/wh.2003.0002,The potential for health risks from intrusion of contaminants into the distribution system from pressure transients,2003
W3028818415,https://doi.org/10.2166/wh.2020.248,"Predicting children's blood lead levels from exposure to school drinking water in Addis Ababa, Ethiopia",2020
W4413949356,https://doi.org/10.2166/wh.2025.073,Comparing in-home and bottled drinking water quality: regulated and emerging contaminants in rural Central Appalachia,2025
W2788916910,https://doi.org/10.2166/wh.2018.187,In-situ electrochemical Fe(VI) for removal of microcystin-LR from drinking water: comparing dosing of the ferrate ion by electrochemical and chemical means,2018
W4225091941,https://doi.org/10.2166/wh.2022.144,Adapting sanitary inspections for the monitoring of small drinking water supplies in Iceland,2022
W2139382559,https://doi.org/10.2166/wh.2004.0013,Optimal reconstruction of historical water supply to a distribution system: B. Applications,2004
W2953786248,https://doi.org/10.2166/wh.2019.061,High serological response to Cryptosporidium-specific antigens in the Czech Republic and its association with water supply,2019
W4281774370,https://doi.org/10.2166/wh.2022.060,Interlaboratory comparison of the intensity of drinking water odor and taste by two-way ordinal analysis of variation without replication,2022
W3022287956,https://doi.org/10.2166/wh.2020.262,"Child undernutrition in households with microbiologically safer drinking water and ‘improved water’ in Tanna, Vanuatu",2020
W2227010837,https://doi.org/10.2166/wh.2015.075,Well water quality in rural Nicaragua using a low-cost bacterial test and microbial source tracking,2015
W2785367230,https://doi.org/10.2166/wh.2018.002,Characterization by fluorescence of dissolved organic matter in rural drinking water storage tanks in Morocco,2018
W4308437156,https://doi.org/10.2166/wh.2022.129,Understanding the gap between knowledge and practice of handwashing in rural India: evidence from a cross-sectional study,2022
W4403570503,https://doi.org/10.2166/wh.2024.116,"Efficiency evaluation of wastewater treatment by three macrophytes using a pilot-constructed wetland system in Ota, Nigeria",2024
W3096413472,https://doi.org/10.2166/wh.2020.143,"Identification and inactivation of <i>Gordonia,</i> a new chlorine-resistant bacterium isolated from a drinking water distribution system",2020
W4403637476,https://doi.org/10.2166/wh.2024.275,Long-term effects of wildfires on river water quality: a comprehensive review of the variability of water quality in South Korea,2024
W4220719686,https://doi.org/10.2166/wh.2022.216,"Antibiotic resistance pattern and molecular detection of ESBL-associated genes in <i>E. coli</i> from surface and wastewater of Islamabad capital territory, Pakistan",2022
W4410324326,https://doi.org/10.2166/wh.2025.274,Heavy metals in drinking water sources in northern Mexico: a review of concentrations and human health risks assessment,2025
W1976499832,https://doi.org/10.2166/wh.2009.208,Applicability of quantitative PCR for determination of removal efficacy of enteric viruses and Cryptosporidium by water treatment processes,2009
W2030223147,https://doi.org/10.2166/wh.2011.156,New USEPA water quality criteria by 2012: GOMA concerns and recommendations,2011
W4401762496,https://doi.org/10.2166/wh.2024.319,"Antibiotic resistance of<i>E. coli</i>isolates from different water sources in Mbarara, Uganda",2024
W3209586727,https://doi.org/10.2166/wh.2021.139,"Knowledge on and preventive practices of cholera in Al-Mahweet – Yemen, 2018: a cross-sectional study",2021
W2894806862,https://doi.org/10.2166/wh.2018.040,Molecular surveillance of Cryptosporidium and Giardia duodenalis in sludge and spent filter backwash water of a water treatment plant,2018
W2903816452,https://doi.org/10.2166/wh.2018.256,Fecal coliform concentrations in effluent from ultraviolet disinfection units installed in onsite wastewater treatment systems,2018
W4389209506,https://doi.org/10.2166/wh.2023.070,Ecotoxicological and human health risk assessment of triclosan antibacterial agent from municipal wastewater treatment plants,2023
W4391592218,https://doi.org/10.2166/wh.2024.207,Detection of endotoxins from selected drinking water microbiota using an LAL-based assay and its implications for human health,2024
W4385416989,https://doi.org/10.2166/wh.2023.089,Culturable mycobiota of drinking water in Göteborg (Sweden) in comparison to Ljubljana (Slovenia) with implications on human health,2023
W2268941605,https://doi.org/10.2166/wh.2015.186,Effectiveness of solar disinfection (SODIS) in rural coastal Bangladesh,2015
W4403620520,https://doi.org/10.2166/wh.2024.394,Influence of the physiochemical parameters on the occurrence of <i>E. coli</i> bacteria in a small and shallow reservoir,2024
W4386082804,https://doi.org/10.2166/wh.2023.059,Performance evaluation of biocoagulant for the effective removal of turbidity and microbial pathogens from drinking water,2023
W3200833517,https://doi.org/10.2166/wh.2021.021,Microbial water quality at contrasting recreational areas in a mixed-use watershed in eastern Canada,2021
W3143803371,https://doi.org/10.2166/wh.2021.203,Evaluating the impact of hydrometeorological conditions on <i>E. coli</i> concentration in farmed mussels and clams: experience in Central Italy,2021
W2938122995,https://doi.org/10.2166/wh.2019.041,Comparison of five point-of-use drinking water technologies using a specialized comparison framework,2019
W2276089187,https://doi.org/10.2166/wh.2015.094,Predicting ‘very poor’ beach water quality gradings using classification tree,2015
W4404244838,https://doi.org/10.2166/wh.2024.094,Zambia's battle against cholera outbreaks and the path to public health resilience: a narrative review,2024
W4200217941,https://doi.org/10.2166/wh.2021.064,"Lacustrine, wastewater, interstitial and fluvial water quality in the Southern Lake Baikal region",2021
W4401114738,https://doi.org/10.2166/wh.2024.090,Metagenomic evaluation of bacteria in drinking water using full-length 16S rRNA amplicons,2024
W4322767587,https://doi.org/10.2166/wh.2023.287,Coliphages as indicators of primary wastewater treatment efficiency by constructed wetlands,2023
W2768805388,https://doi.org/10.2166/wh.2017.160,Sorbent-embedded sheets for safe drinking water in developing countries: a case study of lead(II) removal by a zeolite-embedded sheet,2017
W2151337193,https://doi.org/10.2166/wh.2006.0024,The treatment of hospital wastewater: an appraisal,2006
W2334923396,https://doi.org/10.2166/wh.2013.198,Laboratory validation of an ozone device for recreational water treatment,2013
W4400134221,https://doi.org/10.2166/wh.2024.091,Drinking water intake of adults in typical cities in the major river basins of China,2024
W3045499013,https://doi.org/10.2166/wh.2020.125,Evaluation of bottled water quality by determining nitrate concentration,2020
W2106341793,https://doi.org/10.2166/wh.2007.013,Disinfection by-product formation and mitigation strategies in point-of-use chlorination of turbid and non-turbid waters in western Kenya,2007
W4392463742,https://doi.org/10.2166/wh.2024.299,"Occurrence and concentrations of traditional and emerging contaminants in onsite wastewater systems and water supply wells in eastern North Carolina, USA",2024
W3199567359,https://doi.org/10.2166/wh.2021.094,"Justice and sanitation well-being: an analysis of frameworks in the context of slippage, based on findings from Shravasti, Uttar Pradesh, India",2021
W2028224713,https://doi.org/10.2166/wh.2010.067,Relationship (or its lack) between population and a water and sanitation service: a study of users' perception in Vitória (ES) Brazil,2010
W4392353062,https://doi.org/10.2166/wh.2024.286,Change in water quality in an Amazonian microbasin: ecological and human health implications,2024
W3097287892,https://doi.org/10.2166/wh.2020.193,Evaluation of bacterial contamination and mutagenic potential of treated wastewater from Al-Samra wastewater treatment plant in Jordan,2020
W4403829674,https://doi.org/10.2166/wh.2024.313,"Cancer incidence associations with drinking water arsenic levels and disinfection methods in Maine, USA",2024
W3098136840,https://doi.org/10.2166/wh.2020.160,Molecular detection of beta-lactamase <i>bla</i> CTX-M group 1 in <i>Escherichia coli</i> isolated from drinking water in Khartoum State,2020
W4302425078,https://doi.org/10.2166/wh.2022.114,Current assumptions for quantitative microbial risk assessment (QMRA) of Norovirus contamination of drinking water catchments due to recreational activities: an update,2022
W4383295073,https://doi.org/10.2166/wh.2023.283,Non-potable water reuse and the public health risks from protozoa and helminths: a case study from a city with a semi-arid climate,2023
W2106720111,https://doi.org/10.2166/wh.2010.124,Demonstration and evaluation of germicidal UV-LEDs for point-of-use water disinfection,2010
W4362699621,https://doi.org/10.2166/wh.2023.298,Water treatment membranes embedded with a stable and bactericidal nanodiamond material,2023
W2252762822,https://doi.org/10.2166/wh.2016.218,The South Australian Safe Drinking Water Act: summary of the first year of operation,2016
W2072979475,https://doi.org/10.2166/wh.2008.071,"Large-scale freshwater microbiological study: rationale, results and risks",2008
W3169736675,https://doi.org/10.2166/wh.2021.038,"Genomic detection of waterborne enteric viruses as water quality indicators in Al-Zarqa River, Jordan",2021
W1515739040,https://doi.org/10.2166/wh.2005.043,Setting priorities for environmental sanitation interventions based on epidemiological criteria:A Brazilian study,2005
W4404524484,https://doi.org/10.2166/wh.2024.476,Laying the groundwork for a <i>Legionella pneumophila</i> risk management program for public drinking water systems,2024
W3214514389,https://doi.org/10.2166/wh.2021.123,Examination of the Cameroon DHS data to investigate how water access and sanitation services are related to diarrhea and nutrition among infants and toddlers in rural households,2021
W4407135870,https://doi.org/10.2166/wh.2025.281,Removal capacities of wastewater treatment plants to minimize spread of enteroviruses,2025
W4403117136,https://doi.org/10.2166/wh.2024.256,"Assessment of the potability and carcinogenic and non-carcinogenic health risks of drinking water in rural areas of the Amhara region, Ethiopia",2024
W2138326512,https://doi.org/10.2166/wh.2006.001,Waterborne pathogens in urban watersheds,2006
W4306803277,https://doi.org/10.2166/wh.2022.163,Microbial contamination and quantitative microbial risk assessment of high-density polyethylene (HDPE) film sachet drinking water in Ghana,2022
W2511484140,https://doi.org/10.2166/wh.2016.007,"Exploring the relationships between small non-community drinking water system characteristics and water system performance in Ontario, Canada",2016
W4388219468,https://doi.org/10.2166/wh.2023.204,Experiences from integrating water and sanitation safety planning in small systems in rural Serbia,2023
W4200523449,https://doi.org/10.2166/wh.2021.152,Persistence of fecal indicator bacteria and associated genetic markers from wastewater treatment plant effluents in freshwater microcosms,2021
W4224100884,https://doi.org/10.2166/wh.2022.252,"Enrichment of drinking water with Ca and Mg by a fluidized bed recarbonization reactor: a case study of Devičie, Slovak Republic",2022
W2316345346,https://doi.org/10.2166/wh.2016.178,"Refined assessment of associations between drinking water residence time and emergency department visits for gastrointestinal illness in Metro Atlanta, Georgia",2016
W2330917009,https://doi.org/10.2166/wh.2014.203,Development of an Escherichia coli K12-specific quantitative polymerase chain reaction assay and DNA isolation suited to biofilms associated with iron drinking water pipe corrosion products,2014
W4322494824,https://doi.org/10.2166/wh.2023.274,"Microbiological monitoring of coagulase-negative <i>Staphylococcus</i> in public drinking water fountains: Pathogenicity factors, antimicrobial resistance and potential health risks",2023
W2329004553,https://doi.org/10.2166/wh.2013.025,"Quantification of human norovirus GII, human adenovirus, and fecal indicator organisms in wastewater used for irrigation in Accra, Ghana",2013
W1976544736,https://doi.org/10.2166/wh.2010.112,Computational modelling methods for assessing the risks from lead in drinking water,2010
W2905814733,https://doi.org/10.2166/wh.2018.085,Investigation of the water quality of daily used surface-sources for drinking and irrigation by the population of Segou in the center of Mali,2018
W3044182395,https://doi.org/10.2166/wh.2020.097,Retracted: Detection of virulence genes of diarrheagenic <i>Escherichia coli</i> strains from drinking water in Khartoum State,2020
W4404926581,https://doi.org/10.2166/wh.2024.225,The new map of Argentine population exposed to arsenic in drinking water,2024
W4398184199,https://doi.org/10.2166/wh.2024.002,Ensuring safe drinking water: converting commitment into action and foresight,2024
W2064118027,https://doi.org/10.2166/wh.2014.180,"Direct injection ion chromatography for the control of chlorinated drinking water: simultaneous estimation of nine haloacetic acids and quantitation of bromate, chlorite and chlorate along with the major inorganic anions",2014
W4385879165,https://doi.org/10.2166/wh.2023.071,Community intervention trial for estimating risk of acute gastrointestinal illness from groundwater-supplied non-disinfected drinking water,2023
W4383294852,https://doi.org/10.2166/wh.2023.207,Engaging the health sector in climate-resilient WASH development,2023
W2248512483,https://doi.org/10.2166/wh.2015.054,Standardised survey method for identifying catchment risks to water quality,2015
W4384933656,https://doi.org/10.2166/wh.2023.125,"Supporting the implementation of drinking water management systems in New South Wales, Australia",2023
W7133133575,https://doi.org/10.2166/wh.2026.197,Applying weighted quantile sum regression to wastewater surveillance: enteric viral mixtures and diarrheal disease trends in Costa Rica,2026
W4411566141,https://doi.org/10.2166/wh.2025.353,Occurrence of Shiga-toxigenic and enteropathogenic <i>E. coli</i> contaminations and assessment of water quality in the southern coastal belt in Sri Lanka,2025
W2021366359,https://doi.org/10.2166/wh.2009.116,Enteric illness risks before and after water treatment improvements,2009
W2074131868,https://doi.org/10.2166/wh.2010.151,"Coping with poor water supplies: empirical evidence from Kathmandu, Nepal",2011
W4393259941,https://doi.org/10.2166/wh.2024.059,Heavy metal profile with health risk peculiarities in Enugu State and their long-term challenges in drinking water,2024
W4207083935,https://doi.org/10.2166/wh.2022.228,A scientometric study on quantitative microbial risk assessment in water quality analysis across 6 years (2016–2021),2022
W4388592089,https://doi.org/10.2166/wh.2023.236,Chemical risks in drinking water of inhabitants in the basin of the Tonle Sap Great Lake,2023
W2314330423,https://doi.org/10.2166/wh.2013.035,Comparison of extracts and toxicities of organic compounds in drinking water concentrated by single and composite XAD resins,2013
W2140621751,https://doi.org/10.2166/wh.2008.062,Factors determining vulnerability to diarrhoea during and after severe floods in Bangladesh,2008
W4416541680,https://doi.org/10.2166/wh.2025.036,Risk factors for well contamination in urban Indonesia: evidence to inform siting of wells and sanitation systems,2025
W4224086097,https://doi.org/10.2166/wh.2022.014,Development of a qPCR assay for the detection of naturalized wastewater <i>E. coli</i> strains,2022
W4406694029,https://doi.org/10.2166/wh.2025.386,Beyond the faucet: social-geographic disparities and trends in intermittent water supply in Peru,2025
W3000813337,https://doi.org/10.2166/wh.2020.082,Physico-chemical and bacteriological quality of groundwater in a rural area of Western Niger: a case study of Bonkoukou,2020
W2119653951,https://doi.org/10.2166/wh.2006.042,Population similarity of enterococci and Escherichia coli in surface waters: A predictive tool to trace the sources of fecal contamination,2006
W4402600683,https://doi.org/10.2166/wh.2024.196,Impacts of illegal mining activities on water quality for irrigation and implications for public health: A case study of the Oda River in the Ashanti Region of Ghana,2024
W2970649115,https://doi.org/10.2166/wh.2019.224,Do domestic animals contribute to bacterial contamination of infant transmission pathways? Formative evidence from Ethiopia,2019
W4225415087,https://doi.org/10.2166/wh.2022.064,Novel water treatment system in a low-resource community,2022
W4401255187,https://doi.org/10.2166/wh.2024.177,How does the citizens' choice of water use actions based on their empirical knowledge affect the water quality in a rural community of the Philippines?,2024
W4378908369,https://doi.org/10.2166/wh.2023.309,Waterborne exposure during non-consumptive domestic use of surface water: a population study across WASH service levels in rural India,2023
W4390001485,https://doi.org/10.2166/wh.2023.026,How can machine learning predict cholera: insights from experiments and design science for action research,2023
W2895704559,https://doi.org/10.2166/wh.2018.032,Natural organic matter as precursor to disinfection byproducts and its removal using conventional and advanced processes: state of the art review,2018
W2124141144,https://doi.org/10.2166/wh.2007.039,The efficiency of ozonated water from a water treatment plant to inactivate Cryptosporidium oocysts during two seasonal temperatures,2007
W2109506695,https://doi.org/10.2166/wh.2009.071,Turbidity and chlorine demand reduction using locally available physical water clarification mechanisms before household chlorination in developing countries,2009
W4391142964,https://doi.org/10.2166/wh.2024.231,"An evaluation of properly operated NSF/ANSI-53 Pb certified drinking water filters in Benton Harbor, MI",2024
W4291964075,https://doi.org/10.2166/wh.2022.128,"Virulence markers, adhesion and biofilm formation of <i>Escherichia coli</i> strains isolated from drinking water supplies of north Paraná State, Brazil",2022
W4318567397,https://doi.org/10.2166/wh.2023.189,Assessing biosolids quality at the Mu'ta-Mazar wastewater treatment plant for the years 2016–2019,2023
W4246728197,https://doi.org/10.2166/wh.2007.007b,Effect of specialized bathing systems on resident cleanliness and water quality in nursing homes: a randomized controlled trial,2007
W4399500083,https://doi.org/10.2166/wh.2024.344,Occurrence of antibiotic-resistant bacteria in household greywater discharged into the environment in Burkina Faso's Sahel region,2024
W4322767459,https://doi.org/10.2166/wh.2023.008,"<i>Naegleria australiensis</i> isolated from a wastewater treatment station in Santiago Island, Cape Verde",2023
W4388141796,https://doi.org/10.2166/wh.2023.234,"Comparison of 17β-estradiol, bisphenol-A and caffeine concentration levels before and after the water treatment plant",2023
W4402802460,https://doi.org/10.2166/wh.2024.179,The significance of calcium and magnesium content in drinking water for arterial stiffness among residents of the Slovak Republic,2024
W2128136081,https://doi.org/10.2166/wh.2011.255,"Microbiologic effectiveness of boiling and safe water storage in South Sulawesi, Indonesia",2011
W4410742101,https://doi.org/10.2166/wh.2025.140,Spatial distribution and determinants of unimproved sources of drinking water among Somali households: spatial and multilevel analysis using nationwide survey data,2025
W2154317011,https://doi.org/10.2166/wh.2009.210,Turbidity and chlorine demand reduction using alum and moringa flocculation before household chlorination in developing countries,2009
W4293493092,https://doi.org/10.2166/wh.2022.201,"Determinants of diarrhoeal infections among users of shared sanitation in informal settlements in Durban, South Africa",2022
W4407529003,https://doi.org/10.2166/wh.2025.339,Health and economic consequences due to inadequate water quality: a case study from Eastern India,2025
W1535200797,https://doi.org/10.2166/wh.2006.0044,Emerging issues in water and health research,2006
W4391167158,https://doi.org/10.2166/wh.2024.273,"Field study of an arsenic removal plant for drinking water using activated carbon and iron in a rural community in the province of Pisco, Peru",2024
W4220913511,https://doi.org/10.2166/wh.2022.292,Resistome characterization of extended-spectrum beta-lactamase (ESBL)-producing <i>Escherichia coli</i> isolated from wastewater treatment utilities in Oregon,2022
W4414799498,https://doi.org/10.2166/wh.2025.103,"Trends of adenovirus occurrence in drinking and wastewater treatment plants of the city of Hamadan, Iran",2025
W3217195856,https://doi.org/10.2166/wh.2021.249,Cleanliness preference behind the choice of drinking water at home: an analysis of online survey results in the Tokyo area,2021
W4410406234,https://doi.org/10.2166/wh.2025.027,"Multipathway health risk assessment on disinfection byproducts of drinking water in central China: a study of 15,280 samples",2025
W2885336116,https://doi.org/10.2166/wh.2007.010b,Pathogen and indicator variability in a heavily impacted watershed,2007
W1997295241,https://doi.org/10.2166/wh.2011.117,Are microbial indicators and pathogens correlated? A statistical analysis of 40 years of research,2011
W7130519047,https://doi.org/10.2166/wh.2026.233,Recurrent outbreaks of cholera in Nigeria: a narrative review on the role of conflict and climate change,2026
W4399326411,https://doi.org/10.2166/wh.2024.352,"Identification of antibiotic-resistant, gram-negative bacteria in sewage and bioaerosols from a wastewater treatment plant: A genotypic and phenotypic study",2024
W2276195494,https://doi.org/10.2166/wh.2016.245,"Results of heavy metals and other water quality levels in tap water from Çan sourced from Ağı Dağı (Mt. Ağı) (Çanakkale, Turkey)",2016
W1515936492,https://doi.org/10.2166/wh.2005.052,Quantifying the impact of runoff events on microbiological contaminant concentrations entering surface drinking source waters,2005
W4408340149,https://doi.org/10.2166/wh.2025.258,"Bacteriological assessment of water quality in Barishal, Bangladesh: potability testing and antibiogram profiling",2025
W2008417269,https://doi.org/10.2166/wh.2010.109,Water- and wastewater-related disease and infection risks: what is an appropriate value for the maximum tolerable additional burden of disease?,2010
W2144632436,https://doi.org/10.2166/wh.2011.138,Efficacy of alcohol-based hand sanitizer on hands soiled with dirt and cooking oil,2011
W2122465096,https://doi.org/10.2166/wh.2011.126,"Occurrence of water-borne enteric viruses in two settlements based in Eastern Chad: analysis of hepatitis E virus, hepatitis A virus and human adenovirus in water sources",2011
W3156135845,https://doi.org/10.2166/wh.2021.205,Multiple water source use in low- and middle-income countries: a systematic review,2021
W4410561754,https://doi.org/10.2166/wh.2025.392,Sharp decline of diarrhea hospitalizations despite historical drought in Brazil: The potential role of local water supply and public health measures,2025
W2100650988,https://doi.org/10.2166/wh.2011.106,Hand-pumps as reservoirs for microbial contamination of well water,2011
W4404754645,https://doi.org/10.2166/wh.2024.311,Evaluation of the drinking water parameters in primary and secondary schools located in the Gaziantep Province Center,2024
W4401429031,https://doi.org/10.2166/wh.2024.115,"Is the Tigray region, Ethiopia also affected by fluoride in drinking water affecting public health?",2024
W2040095315,https://doi.org/10.2166/wh.2010.110,‘Hom’: a simple point of use water treatment device,2010
W1480964994,https://doi.org/10.2166/wh.2003.0017,Evaluation of microbial source tracking methods using mixed fecal sources in aqueous test samples,2003
W4317781445,https://doi.org/10.2166/wh.2023.241,Trends and patterns of cholera epidemic in West Africa: a statistical modeling study,2023
W4410230478,https://doi.org/10.2166/wh.2025.020,Particulate contaminants and treatment decision-making: maximizing the value of raw water pathogen monitoring for drinking water safety,2025
W3092442178,https://doi.org/10.2166/wh.2020.027,"Microbiological investigations of two thermal baths in Budapest, Hungary. Report: effect of bathing and pool operation type on water quality",2020
W1974336328,https://doi.org/10.2166/wh.2009.058,"Environmental risk factors for diarrhoea among male schoolchildren in Jeddah City, Saudi Arabia",2009
W4408104615,https://doi.org/10.2166/wh.2025.323,Efficacy of anaerobic digestion wastewater treatment systems in reducing antimicrobial resistance bacteria in wastewater from swine farms in Thailand,2025
W2113984705,https://doi.org/10.2166/wh.2006.055,Health risks in wastewater irrigation: Comparing estimates from quantitative microbial risk analyses and epidemiological studies,2006
W2586169776,https://doi.org/10.2166/wh.2017.019,From urban municipalities to polar bioremediation: the characterisation and contribution of biogenic minerals for water treatment,2017
W4313416337,https://doi.org/10.2166/wh.2022.186,"Risk factors affecting the occurrence of urinary schistosomiasis and urinary tract infections in some communities of Ondo State, Nigeria",2022
W4404044796,https://doi.org/10.2166/wh.2024.407,Effectiveness of the upscaled use of a silver–ceramic (silver ionization) technology to disinfect drinking water in tanks at schools in rural India,2024
W2113716605,https://doi.org/10.2166/wh.2004.0010,Non-point source pollution: Determination of replication versus persistence of Escherichia coli in surface water and sediments with correlation of levels to readily measurable environmental parameters,2004
W4405324817,https://doi.org/10.2166/wh.2024.399,Influence of sewage effluent discharge on putative pathogen community in drinking water sources: insights from full-length 16S rRNA gene amplicon sequencing,2024
W2017634325,https://doi.org/10.2166/wh.2013.222,Perceptions of bottled water consumers in three Brazilian municipalities,2013
W4411056062,https://doi.org/10.2166/wh.2025.057,The impact of land use on water quality at different spatial scales in the area around Chaohu Lake region,2025
W2160821038,https://doi.org/10.2166/wh.2009.185,Detection of Cryptosporidium species and sources of contamination with Cryptosporidium hominis during a waterborne outbreak in north west Wales,2009
W2172263044,https://doi.org/10.2166/wh.2011.142,Occurrence of norovirus and other enteric viruses in untreated groundwaters of Korea,2011
W2025239419,https://doi.org/10.2166/wh.2014.026,Associations between fecal indicator bacteria prevalence and demographic data in private water supplies in Virginia,2014
W4297996913,https://doi.org/10.2166/wh.2022.103,Factors predicting proper handwashing practice amidst the COVID-19 pandemic in India: a field-based cross-sectional study,2022
W3137391595,https://doi.org/10.2166/wh.2021.212,Detection of enteric bacteria in two groundwater sources and associated microbial health risks,2021
W2293577804,https://doi.org/10.2166/wh.2006.0021,Delineation of a chemical and biological signature for stormwater pollution in an urban river,2006
W4396952274,https://doi.org/10.2166/wh.2024.076,"Evaluation of phosphate insecticides and common herbicides: monitoring and risk assessment in water treatment plant, distribution networks, and underground water wells",2024
W1586343790,https://doi.org/10.2166/wh.2005.0007,"Aspects of health-related microbiology of the Subin, an urban river in Kumasi, Ghana",2005
W4408651134,https://doi.org/10.2166/wh.2025.486,Changing climate and socio-economic conditions as part of quantitative microbial risk assessment of surface drinking water sources: a review,2025
W2734390765,https://doi.org/10.2166/wh.2017.185,Total coliform and Escherichia coli contamination in rural well water: analysis for passive surveillance,2017
W4401992436,https://doi.org/10.2166/wh.2024.230,"Seasonal natural organic matter removal and implications for disinfection by-product formation at the Koka water treatment plant: Upper Awash, Ethiopia",2024
W1985685806,https://doi.org/10.2166/wh.2014.155,A waterborne outbreak of campylobacteriosis in the South Island of New Zealand due to a failure to implement a multi-barrier approach,2014
W1974584423,https://doi.org/10.2166/wh.2007.036,A comparison of DNA repair and survival of Escherichia coli O157:H7 following exposure to both low- and medium-pressure UV irradiation,2007
W2044224590,https://doi.org/10.2166/wh.2008.023,Current status and future trends in Cryptosporidium and Giardia epidemiology in Malaysia,2008
W2047075748,https://doi.org/10.2166/wh.2006.056,Disease burden estimation to support policy decision-making and research prioritization for arsenic mitigation,2006
W74207707,https://doi.org/10.2166/wh.2003.0020,"A comparative study of culture-independent, library-independent genotypic methods of fecal source tracking",2003
W2774367199,https://doi.org/10.2166/wh.2017.077,The effect of sodium thiosulfate dechlorination on fecal indicator bacteria enumeration: laboratory and field data,2017
W204888212,https://doi.org/10.2166/wh.2011.157,An estimate of the cost of acute health effects from food- and water-borne marine pathogens and toxins in the USA,2011
W4285012256,https://doi.org/10.2166/wh.2022.117,"Potentially pathogenic <i>Escherichia coli</i> from household water in peri-urban Ibadan, Nigeria",2022
W2150796450,https://doi.org/10.2166/wh.2014.149,"Factors influencing householders' access to improved water in low-income urban areas of Accra, Ghana",2014
W2524937514,https://doi.org/10.2166/wh.2016.024,Microbial source tracking of private well water samples across at-risk regions in southern Ontario and analysis of traditional fecal indicator bacteria assays including culture and qPCR,2016
W7167943399,https://doi.org/10.2166/wh.2026.271,"Water, Sanitation, and Hygiene (WASH) crisis in Gaza: a case study of public health collapse and governance failure",2026
W2029726224,https://doi.org/10.2166/wh.2010.097,Estimation of norovirus and Ascaris infection risks to urban farmers in developing countries using wastewater for crop irrigation,2010
W4390822951,https://doi.org/10.2166/wh.2024.298,Priority setting for global WASH challenges in the age of wastewater-based epidemiological surveillance,2024
W2170515709,https://doi.org/10.2166/wh.2010.163,"Nitrification, denitrification and ammonification in point-of-use biosand filters in rural Cambodia",2010
W4408051710,https://doi.org/10.2166/wh.2025.165,"WASH for everyone, everywhere: marketplaces as a multiplex pathway for improving inclusive access to water, sanitation, and hygiene in Vanuatu",2025
W4400134212,https://doi.org/10.2166/wh.2024.062,Assessment of the presence of <i>Vibrio cholera</i> and detection of toxigenic <i>Vibrio cholerae</i> in river sources within the Vhembe District Municipality Limpopo province of South Africa,2024
W2053755612,https://doi.org/10.2166/wh.2008.072,Impact of jerry can disinfection in a camp environment – experiences in an IDP camp in Northern Uganda,2008
W4416046724,https://doi.org/10.2166/wh.2025.171,"Water, sanitation, and hygiene challenges and disease burden in eastern India",2025
W4402966632,https://doi.org/10.2166/wh.2024.392,"Environmental impacts of cement production in Ewekoro, Ogun State, southwestern Nigeria from 2005 to 2006 on surface water quality, vegetation, and workers' health",2024
W4415153981,https://doi.org/10.2166/wh.2025.045,Tap water quality from surface and groundwater sources in rural and urban communities evaluated in contrasting climatic seasons and its implications for public health,2025
W2335778943,https://doi.org/10.2166/wh.2014.226,"Antibiotic-resistant heterotrophic plate count bacteria and amoeba-resistant bacteria in aquifers of the Mooi River, North West province, South Africa",2014
W2122227308,https://doi.org/10.2166/wh.2011.002,"Comparison of ubiquitous antibiotic-resistant Enterobacteriaceae populations isolated from wastewaters, surface waters and drinking waters",2011
W4388697127,https://doi.org/10.2166/wh.2023.111,"Sanitary inspection and microbial health risks associated with enteric bacteria in groundwater sources in Ilara-Mokin and Ibule-Soro, Nigeria",2023
W2311992885,https://doi.org/10.2166/wh.2014.175,Comparison of four β-glucuronidase and β-galactosidase-based commercial culture methods used to detect Escherichia coli and total coliforms in water,2014
W4401640356,https://doi.org/10.2166/wh.2024.086,Application of miniaturized most probable number method for bacterial detection in water samples: detection of multi-drug-resistant <i>Ralstonia insidiosa</i> in drinking water,2024
W4256015997,https://doi.org/10.2166/wh.2006.0027,Water consumption patterns in rural Bangladesh: are we underestimating total arsenic load?,2006
W2055649345,https://doi.org/10.2166/wh.2011.139,Influences on the water testing behaviors of private well owners,2011
W3025081743,https://doi.org/10.2166/wh.2020.264,"Fate of Ascaris at various pH, temperature and moisture levels",2020
W2312471112,https://doi.org/10.2166/wh.2011.148,"Quality assessment of roof-harvested rainwater in the West Bank, Palestinian Authority",2011
W7164736390,https://doi.org/10.2166/wh.2026.136,Latrine surface contamination and hygiene practices in rural Nepal: implications for diarrhoeal diseases and urinary tract infections,2026
W1523517913,https://doi.org/10.2166/wh.2004.0002,A comparison of the survival of F+RNA and F+DNA coliphages in lake water microcosms,2004
W2290624339,https://doi.org/10.2166/wh.2015.240,Microbial source markers assessment in the Bogotá River basin (Colombia),2015
W4416204015,https://doi.org/10.2166/wh.2025.077,Transmission of fecal contamination to stored drinking water in unplanned settlements in Lusaka,2025
W4402575253,https://doi.org/10.2166/wh.2024.120,Comprehensive insight on multidrug resistance and virulence genes of ESBL-producing <i>E. coli</i> from different surface water sources in Bangladesh,2024
W2149522645,https://doi.org/10.2166/wh.2006.0023,Bottled water versus tap water: understanding consumers' preferences,2006
W564116685,https://doi.org/10.2166/wh.2014.135,Performance of three pilot-scale hybrid constructed wetlands for total coliforms and Escherichia coli removal from primary effluent – a 2-year study in a subtropical climate,2014
W4416815369,https://doi.org/10.2166/wh.2025.128,Comparison of antimicrobial-resistant <i>E. coli</i> and other coliforms from the upstream to estuary sections in three rivers with different basin characteristics,2025
W7165636880,https://doi.org/10.2166/wh.2026.227,Integrating electrical and automation risks into water safety plans: A semi-quantitative framework and application to the Negrisiola drinking water supply system,2026
W2394753326,https://doi.org/10.2166/wh.2016.041,Assessing the microbial quality of a tropical watershed with an urbanization gradient using traditional and alternate fecal indicators,2016
W2040783256,https://doi.org/10.2166/wh.2007.020,"Microbial groundwater quality and its health implications for a border-strip irrigated dairy farm catchment, South Island, New Zealand",2007
W3212818061,https://doi.org/10.2166/wh.2021.126,"Variants of <i>ctx</i>B alleles of <i>Vibrio cholerae</i> O1 caused sequential cholera outbreaks in the tribal areas of Odisha, India",2021
W2315434139,https://doi.org/10.2166/wh.2014.036,"Risk of diarrhoea from shallow groundwater contaminated with enteropathogens in the Kathmandu Valley, Nepal",2014
W2012459585,https://doi.org/10.2166/wh.2013.151,"Assessment of endocrine disruptors – DDTs and DEHP (plasticizer) in source water: a case study from Selangor, Malaysia",2013
W2101730782,https://doi.org/10.2166/wh.2006.016,Waterborne outbreaks reported in the United States,2006
W1563389945,https://doi.org/10.2166/wh.2004.0004,Detection of human enteric viruses in stream water with RT-PCR and cell culture,2004
W173464818,https://doi.org/10.2166/wh.2006.0009,Variation of microorganism concentrations in urban stormwater runoff with land use and seasons,2006
W3143513472,https://doi.org/10.2166/wh.2021.263,"Characterization of <i>V. cholerae</i> O1 biotype El Tor serotype Ogawa possessing the <i>ctxB</i> gene of the classical biotype isolated from well water associated with the cholera outbreak in Kerala, South India",2021
W4402131866,https://doi.org/10.2166/wh.2024.108,"Environmental factors associated with <i>Oncomelania hupensis lindoensis</i> snails in a schistosomiasis-endemic area in Napu, Central Sulawesi",2024
W1989155479,https://doi.org/10.2166/wh.2010.021,"Quantitative Microbial Risk Analysis to evaluate health effects of interventions in the urban water system of Accra, Ghana",2010
W2106443660,https://doi.org/10.2166/wh.2005.041,Heterogeneity of uidA gene in environmental Escherichia coli populations,2005
W4412524555,https://doi.org/10.2166/wh.2025.050,Assessment of <i>Escherichia coli</i> contamination risk across different environmental media in rural Ethiopia,2025
W2038808544,https://doi.org/10.2166/wh.2009.037,Rainwater harvesting: quality assessment and utilization in The Netherlands,2009
W2307084094,https://doi.org/10.2166/wh.2016.257,"Dynamics of cyanobacteria and cyanobacterial toxins and their correlation with environmental parameters in Tri An Reservoir, Vietnam",2016
W2317025976,https://doi.org/10.2166/wh.2014.202,"Human adenovirus (HAdV), human enterovirus (hEV), and genogroup A rotavirus (GARV) in tap water in southern Brazil",2014
W2337618233,https://doi.org/10.2166/wh.2015.266,Waterborne diseases classification and relationship with social-environmental factors in Florianópolis city – Southern Brazil,2015
W2913939545,https://doi.org/10.2166/wh.2019.165,Survey of US wastewater for carbapenem-resistant <i>Enterobacteriaceae</i>,2019
W7128766179,https://doi.org/10.2166/wh.2026.243,"Prevalence of enteric pathogens in mothers and children from communities in the La Paz River Basin Bolivia; associations with water, sanitation, and hygiene conditions",2026
W4414345963,https://doi.org/10.2166/wh.2025.092,Adherence to solar disinfection water treatment reduces diarrheal incidence among children in Malawi: a secondary analysis of a cluster quasi-experimental study,2025
W2327299615,https://doi.org/10.2166/wh.2014.049,A systematic review of waterborne disease burden methodologies from developed countries,2014
W2111546044,https://doi.org/10.2166/wh.2006.518,Seasonal persistence and population characteristics of Escherichia coli and enterococci in deep backshore sand of two freshwater beaches,2006
W2020293625,https://doi.org/10.2166/wh.2007.015,"Assessment of a low-cost, point-of-use, ultraviolet water disinfection technology",2007
W2213427496,https://doi.org/10.2166/wh.2015.166,"Household water insecurity, depression and quality of life among postnatal women living in urban Nepal",2015
W2161324644,https://doi.org/10.2166/wh.2012.131,"Identifying host sources, human health risk and indicators of Cryptosporidium and Giardia in a Canadian watershed influenced by urban and rural activities",2012
W2006323937,https://doi.org/10.2166/wh.2014.109,"Factors involved in sustained use of point-of-use water disinfection methods: a field study from Flores Island, Indonesia",2014
W2128763232,https://doi.org/10.2166/wh.2011.193,Assessing the potential risks of burial practices on groundwater quality in rural north-central Nigeria,2011
W2895009879,https://doi.org/10.2166/wh.2018.117,Assessment of the parasitological quality of water stored in private cisterns in rural areas of Tunisia,2018
W2168944003,https://doi.org/10.2166/wh.2006.019,Estimates of endemic waterborne risks from community-intervention studies,2006
W2895527149,https://doi.org/10.2166/wh.2018.047,River water analysis using a multiparametric approach: Portuguese river as a case study,2018
W2037842389,https://doi.org/10.2166/wh.2010.165,Novel Bacteroides host strains for detection of human- and animal-specific bacteriophages in water,2011
W3060883918,https://doi.org/10.2166/wh.2020.013,Fate and seasonal change of <i>Escherichia coli</i> resistant to different antibiotic classes at each stage of conventional activated sludge process,2020
W2153093391,https://doi.org/10.2166/wh.2012.005,Holy springs and holy water: underestimated sources of illness?,2012
W2016228668,https://doi.org/10.2166/wh.2010.143,"Differences in water consumption choices in Canada: the role of socio-demographics, experiences, and perceptions of health risks",2010
W2130428695,https://doi.org/10.2166/wh.2005.047,"Comparison of disinfectants for biofilm, protozoa and Legionella control",2005
W2017839088,https://doi.org/10.2166/wh.2013.118,Safety of packaged water distribution limited by household recontamination in rural Cambodia,2013
W2106523416,https://doi.org/10.2166/wh.2006.0031,Application of microbial risk assessment on a residentially-operated Bio-toilet,2006
W4379511756,https://doi.org/10.2166/wh.2023.306,"Occurrence of bisphenol A, nonylphenol, octylphenol and heavy metals in groundwater from selected communities in Ibadan, Nigeria",2023
W2095050778,https://doi.org/10.2166/wh.2012.114,Sources of variation of Escherichia coli concentrations in bivalve molluscs,2012
W2092611170,https://doi.org/10.2166/wh.2007.042,The microbiological quality of seven large commercial private water supplies in the United Kingdom,2007
W2138194854,https://doi.org/10.2166/wh.2009.070,Transmission of Helicobacter pylori and the role of water and biofilms,2009
W2128728817,https://doi.org/10.2166/wh.2009.019,Plasmid-mediated multiple antibiotic resistance of Escherichia coli in crude and treated wastewater used in agriculture,2009
W1987220588,https://doi.org/10.2166/wh.2013.257,Effects of ultraviolet light disinfection on tetracycline-resistant bacteria in wastewater effluents,2013
W1964763751,https://doi.org/10.2166/wh.2014.178,Microbiological assessment of private groundwater-derived potable water supplies in the Mid-West Region of Ireland,2014
W1550127782,https://doi.org/10.2166/wh.2003.0018,Phenotypic library-based microbial source tracking methods: Efficacy in the California collaborative study,2003
W2102492156,https://doi.org/10.2166/wh.2012.016,Research considerations for more effective groundwater monitoring,2012
W3095805452,https://doi.org/10.2166/wh.2020.093,"Heavy metal assessment in drinking waters of Ecuador: Quito, Ibarra and Guayaquil",2020
W2092152135,https://doi.org/10.2166/wh.2014.079,A systematic review and meta-analysis of the effects of extreme weather events and other weather-related variables on Cryptosporidium and Giardia in fresh surface waters,2014
W2103663255,https://doi.org/10.2166/wh.2007.031,"Sunlight inactivation of Campylobacter jejuni and Salmonella enterica, compared with Escherichia coli, in seawater and river water",2007
W2027229393,https://doi.org/10.2166/wh.2008.045,The microbiological quality of potable water on board ships docking in the UK and the Channel Islands: an association of Port Health Authorities and Health Protection Agency Study,2008
W2125397661,https://doi.org/10.2166/wh.2009.170,Diversity and antifungal susceptibility of yeasts isolated by multiple-tube fermentation from three freshwater lakes in Brazil,2009
W2156658360,https://doi.org/10.2166/wh.2006.0013,Evaluating Cryptosporidium and Giardia concentrations in combined sewer overflow,2006
W2342852208,https://doi.org/10.2166/wh.2015.254,Global occurrence of Torque teno virus in water systems,2015
W2144727069,https://doi.org/10.2166/wh.2003.0010,Relationship between rainfall and beach bacterial concentrations on Santa Monica Bay beaches,2003
W2143993116,https://doi.org/10.2166/wh.2011.086,Characterization of microbial communities distributed in the groundwater pumped from deep tube wells in the Kathmandu Valley of Nepal,2011
W2800680526,https://doi.org/10.2166/wh.2018.042,Reservoirs of faecal indicator bacteria in well-head hand pumps in Bangladesh,2018
W2162233086,https://doi.org/10.2166/wh.2012.190,"Surveillance of human and swine adenovirus, human norovirus and swine circovirus in water samples in Santa Catarina, Brazil",2012
W2009315548,https://doi.org/10.2166/wh.2013.130,Resistance of Escherichia coli and Enterococcus spp. to selected antimicrobial agents present in municipal wastewater,2013
W4312217349,https://doi.org/10.2166/wh.2022.214,Toxic chromium in water and the effects on the human body: a systematic review,2022
W2166821258,https://doi.org/10.2166/wh.2010.061,Differential behaviour of Escherichia coli and Campylobacter spp. in a stream draining dairy pasture,2011
W2361776,https://doi.org/10.2166/wh.2010.127,Detection and subtype identification of Blastocystis isolates from wastewater samples in the Philippines,2010
W2211830324,https://doi.org/10.2166/wh.2015.291,"Sensitivity of antibiotic resistant and antibiotic susceptible Escherichia coli, Enterococcus and Staphylococcus strains against ozone",2015
W2090514101,https://doi.org/10.2166/wh.2013.179,Influence of wastewater disinfection on densities of culturable fecal indicator bacteria and genetic markers,2013
W579825595,https://doi.org/10.2166/wh.2014.001,Point-of-use chlorination of turbid water: results from a field study in Tanzania,2014
W4250130255,https://doi.org/10.2166/wh.2006.018b,Seasonal persistence and population characteristics of Escherichia coli and enterococci in deep backshore sand of two freshwater beaches,2006
W2231695147,https://doi.org/10.2166/wh.2014.297,Elevated levels of iron in groundwater in Prey Veng province in Cambodia: a possible factor contributing to high iron stores in women,2015
W2069586371,https://doi.org/10.2166/wh.2007.043,Estimation of endotoxin inhalation from shower and humidifier exposure reveals potential risk to human health,2007
W2736104855,https://doi.org/10.2166/wh.2017.257,Characterization of extended spectrum β-lactamase (ESBL)-producing Escherichia coli in Asi (Orontes) River in Turkey,2017
W50970989,https://doi.org/10.2166/wh.2006.0030,Rural communities' preferences for arsenic mitigation options in Bangladesh,2006
W4367310187,https://doi.org/10.2166/wh.2023.284,"Health risk assessment of the heavy metals at wastewater discharge points of textile industries in Tongi, Shitalakkhya, and Dhaleshwari, Bangladesh",2023
W2101542136,https://doi.org/10.2166/wh.2010.116,Sorbitol-fermenting Bifidobacteria are indicators of very recent human faecal pollution in streams and groundwater habitats in urban tropical lowlands,2010
W2270562848,https://doi.org/10.2166/wh.2015.071,Comparison of Colilert-18 with miniaturised most probable number method for monitoring of Escherichia coli in bathing water,2015
W1977445195,https://doi.org/10.2166/wh.2013.226,Short-term microbial release during rain events from on-site sewers and cattle in a surface water source,2013
W2969509328,https://doi.org/10.2166/wh.2019.111,Enteric viruses in municipal wastewater effluent before and after disinfection with chlorine and ultraviolet light,2019
W3114006380,https://doi.org/10.2166/wh.2020.216,The status of freshwater and reused treated wastewater for agricultural irrigation in the Occupied Palestinian Territories,2020
W2554284314,https://doi.org/10.2166/wh.2016.073,Radon-222 from different sources of water and the assessment of health hazard,2016
W2046628366,https://doi.org/10.2166/wh.2007.017,A study of the quality and hygienic conditions of spring water in Mongolia,2007
W2998017822,https://doi.org/10.2166/wh.2019.100,Occurrence of endocrine-disrupting chemicals (EDCs) in river water and sediment of the Mahakam River,2019
W3096413030,https://doi.org/10.2166/wh.2020.121,"Groundwater quality and non-carcinogenic health risk assessment of nitrate in the semi-arid region of Punjab, India",2020
W2142891792,https://doi.org/10.2166/wh.2006.050,Field scale quantification of microbial transport from bovine faeces under simulated rainfall events,2006
W1963912818,https://doi.org/10.2166/wh.2007.133,Assessment of source water pathogen contamination,2007
W3083895654,https://doi.org/10.2166/wh.2020.065,"Extended-spectrum beta-lactamase (ESBL)-positive Escherichia coli presence in urban aquatic environments in Kanpur, India",2020
W2042114968,https://doi.org/10.2166/wh.2011.134,Microbial safety of air-dried and rewetted biosolids,2011
W2330590061,https://doi.org/10.2166/wh.2014.145,"Water used to moisten vegetables is a source of Escherichia coli and protozoan parasite contamination at markets in Hanoi, Vietnam",2014
W4415516597,https://doi.org/10.2166/wh.2025.053,"The linkages between water supply, sanitation and hygiene and small-scale irrigation: insights from rural Ethiopia",2025
W2141381372,https://doi.org/10.2166/wh.2006.020,"Observational epidemiologic studies of endemic waterborne risks: cohort, case-control, time-series, and ecologic studies",2006
W2748143065,https://doi.org/10.2166/wh.2017.281,Genetic diversity of Escherichia coli isolates from surface water and groundwater in a rural environment,2017
W2150114552,https://doi.org/10.2166/wh.2005.0005,Ferrates (iron(VI) and iron(V)): Environmentally friendly oxidants and disinfectants,2005
W3199978650,https://doi.org/10.2166/wh.2021.068,Systematic review of the relative concentrations of noroviruses and fecal indicator bacteria in wastewater: considerations for use in quantitative microbial risk assessment,2021
W2033128240,https://doi.org/10.2166/wh.2009.105,Population dynamics and genetic variability of Escherichia coli in a mixed land-use watershed,2009
W1977343354,https://doi.org/10.2166/wh.2008.021,Identification of the sources of Escherichia coli in a watershed using carbon-utilization patterns and composite data sets,2008
W2599919248,https://doi.org/10.2166/wh.2017.159,Microbiological quality of ice and ice machines used in food establishments,2017
W2305045106,https://doi.org/10.2166/wh.2015.110,Impact of providing in-home water service on the rates of infectious diseases: results from four communities in Western Alaska,2015
W1988942693,https://doi.org/10.2166/wh.2014.027,Chlorine inactivation of hepatitis E virus and human adenovirus 2 in water,2014
W4240373142,https://doi.org/10.2166/wh.2009.232,Comparison of the presence and partitioning behavior of indicator organisms and Salmonella spp. in an urban watershed,2009
W3049744431,https://doi.org/10.2166/wh.2020.271,Molecular detection of opportunistic pathogens and insights into microbial diversity in private well water and premise plumbing,2020
W1980661865,https://doi.org/10.2166/wh.2010.044,Inactivation of human adenovirus by sequential disinfection with an alternative UV technology and free chlorine,2011
W2027040289,https://doi.org/10.2166/wh.2014.148,Efficacy of arsenic filtration by Kanchan Arsenic Filter in Nepal,2014
W2139364880,https://doi.org/10.2166/wh.2006.516,Watershed issues associated with Clostridium botulinum: A literature review,2006
W4414472361,https://doi.org/10.2166/wh.2025.051,"Linking access to private drinking water system treatment, demographics, and water quality in southwest Virginia",2025
W4281724660,https://doi.org/10.2166/wh.2022.011,Inactivation of <i>Escherichia coli</i> by atmospheric pressure plasma jet in water,2022
W4409039447,https://doi.org/10.2166/wh.2025.343,"Lead-contaminated groundwater exposes residents to health risks in Makululu, Zambia",2025
W3191988550,https://doi.org/10.2166/wh.2021.052,Performance evaluation of ceramic pot filters combined with adsorption processes for the removal of heavy metals and phenolic compounds,2021
W2808230092,https://doi.org/10.2166/wh.2018.049,Investigation of estrogen activity in the raw and treated waters of riverbank infiltration using a yeast estrogen screen and chemical analysis,2018
W1976793908,https://doi.org/10.2166/wh.2010.049,The impact of climate variability and change on cryptosporidiosis and giardiasis rates in New Zealand,2010
W2039847814,https://doi.org/10.2166/wh.2009.059,Of taps and toilets: quasi-experimental protocol for evaluating community-demand-driven projects,2009
W2915959809,https://doi.org/10.2166/wh.2019.303,Molecular detection of human adenovirus in urban wastewater in Egypt and among children suffering from acute gastroenteritis,2019
W2039099127,https://doi.org/10.2166/wh.2012.123,"Assessment of burden of virus agents in an urban sewage treatment plant in Rio de Janeiro, Brazil",2012
W2130066212,https://doi.org/10.2166/wh.2009.076,"The occurrence and sources of Campylobacter spp., Salmonellaenterica and Escherichia coli O157:H7 in the Salmon River, British Columbia, Canada",2009
W2945122255,https://doi.org/10.2166/wh.2019.272,Understanding lead in water and avoidance strategies: a United States perspective for informed decision-making,2019
W2330808828,https://doi.org/10.2166/wh.2005.0018,Better intervention strategies are needed to reduce the risk of waterborne outbreaks,2005
W3113740394,https://doi.org/10.2166/wh.2020.168,SARS-CoV-2 sewage surveillance in low-income countries: potential and challenges,2020
W2077996407,https://doi.org/10.2166/wh.2008.118,"Quantification of the health risk associated with wastewater reuse in Accra, Ghana: a contribution toward local guidelines",2008
W2904753653,https://doi.org/10.2166/wh.2018.323,"Weather, environmental conditions, and waterborne Giardia and Cryptosporidium in Iqaluit, Nunavut",2018
W2560837169,https://doi.org/10.2166/wh.2016.119,"Identification of the faecal indicator Escherichia coli in wastewater through the β-D-glucuronidase activity: comparison between two enumeration methods, membrane filtration with TBX agar, and Colilert®-18",2016
W2151615776,https://doi.org/10.2166/wh.2011.049,Total and infectious Cryptosporidium oocyst and total Giardia cyst concentrations from distinct agricultural and urban contamination sources in Eastern Canada,2011
W2998112274,https://doi.org/10.2166/wh.2019.195,"High quantities of multidrug-resistant Escherichia coli are present in the Machángara urban river in Quito, Ecuador",2019
W3045410847,https://doi.org/10.2166/wh.2020.185,Inorganic contaminants in Canadian First Nation community water systems,2020
W1993367557,https://doi.org/10.2166/wh.2008.059,Problems of treatment process selection for relief agency water supplies in an emergency,2008
W4401912858,https://doi.org/10.2166/wh.2024.307,Differences and variations of drinking water quality between the northern and southern regions of a tropical island and the indicators influenced by meteorological factors,2024
W2765172372,https://doi.org/10.2166/wh.2017.066,"Viruses in the environment – presence and diversity of bacteriophage and enteric virus populations in the Umhlangane River, Durban, South Africa",2017
W106217622,https://doi.org/10.2166/wh.2006.0033,The case for the rope-pump in Africa: A comparative performance analysis,2006
W3139338870,https://doi.org/10.2166/wh.2021.144,"Risk analysis for groundwater intake in an old mining shaft with increased chloride content, Upper Silesia, Southern Poland",2021
W2775573720,https://doi.org/10.2166/wh.2017.011,"Distribution of human fecal marker GB-124 bacteriophages in urban sewage and reclaimed water of São Paulo city, Brazil",2017
W3094545095,https://doi.org/10.2166/wh.2020.034,Antimicrobial resistance screening and profiles: a glimpse from the South African perspective,2020
W4231631748,https://doi.org/10.2166/wh.2006.016b,Watershed issues associated with Clostridium botulinum: A literature review,2006
W1604577072,https://doi.org/10.2166/wh.2006.012,Determination of protection zones for Dutch groundwater wells against virus contamination - uncertainty and sensitivity analysis,2006
W2010340815,https://doi.org/10.2166/wh.2009.107,Bactericidal activity of Ag nanoparticle-impregnated fibreglass for water disinfection,2009
W2894614853,https://doi.org/10.2166/wh.2018.067,An exploration of disinfection by-products formation and governing factors in chlorinated swimming pool water,2018
W4313320311,https://doi.org/10.2166/wh.2022.249,Sources and microbiological quality of domestic water in three rural communities in the southern Caribbean,2022
W2065097303,https://doi.org/10.2166/wh.2007.041,Irrigated urban vegetable production in Ghana: microbiological contamination in farms and markets and associated consumer risk groups,2007
W3173087737,https://doi.org/10.2166/wh.2021.085,"Lentic and effluent water of Delhi-NCR: a reservoir of multidrug-resistant bacteria harbouring <i>bla</i>CTX-M, <i>bla</i>TEM and <i>bla</i>SHV type ESBL genes",2021
W2040627804,https://doi.org/10.2166/wh.2009.012,"One year monitoring of norovirus in a sewage treatment plant in Rio de Janeiro, Brazil",2009
W4382632116,https://doi.org/10.2166/wh.2023.267,"Determinants of tap water mistrust among Phoenix, Arizona Latinx adults",2023
W2171150268,https://doi.org/10.2166/wh.2006.0017,Escherichia coli control in a surface flow treatment wetland,2006
W4256270469,https://doi.org/10.2166/wh.2007.006b,Hepatitis A virus in surface water in South Africa: what are the risks?,2007
W2735709771,https://doi.org/10.2166/wh.2017.321,"Determinants of the use of alternatives to arsenic-contaminated shallow groundwater: an exploratory study in rural West Bengal, India",2017
W4413862538,https://doi.org/10.2166/wh.2025.098,"Environmental faecal contamination and associated health risks along multiple exposure pathways in Yatta Sub-County, Machakos County, Kenya",2025
W3029621525,https://doi.org/10.2166/wh.2020.045,Quantifying public health risks from exposure to waterborne pathogens during river bathing as a basis for reduction of disease burden,2020
W2140906579,https://doi.org/10.2166/wh.2012.020,A risk assessment of Pseudomonas aeruginosa in swimming pools: a review,2012
W2185503386,https://doi.org/10.2166/wh.2003.0011,Indigenous bacterial spores as indicators of Cryptosporidium inactivation using chlorine dioxide,2003
W1973505641,https://doi.org/10.2166/wh.2010.121,Water and hygiene interventions to reduce diarrhoea in rural Afghanistan: a randomized controlled study,2010
W2467293155,https://doi.org/10.2166/wh.2016.000,"Erratum: Journal of Water and Health 14 (3), 549–558: Results of heavy metals and other water quality levels in tap water from Çan sourced from Ağı Dağı (Mt. Ağı) (Çanakkale, Turkey), Gamze Kilinc, Selehattin Yilmaz, Muhammet Turkoglu and Huseyin Erdugan, doi: 10.2166/wh.2016.245",2016
W2132945521,https://doi.org/10.2166/wh.2008.058,Microbiological evaluation of fecal bacterial composition from surface water through aquifer sand material,2008
W2006639262,https://doi.org/10.2166/wh.2014.228,Characterization of bacterial pathogens in rural and urban irrigation water,2014
W2264796010,https://doi.org/10.2166/wh.2016.230,"Improved water and household water purification practices among orphans and vulnerable children in a multi-sectoral empowerment program in Eastern province, Kenya",2016
W4395048643,https://doi.org/10.2166/wh.2024.246,"Domestic access to water in a decentralized truck-to-cistern system: a case study in the Northern Village of Kangiqsualujjuaq, Nunavik (Canada)",2024
W2142614391,https://doi.org/10.2166/wh.2008.024,"The effect of wetland vegetation on the survival of Escherichia coli, Salmonella typhimurium, bacteriophage MS-2 and polio virus",2008
W1778123660,https://doi.org/10.2166/wh.2014.255,Assessment of source tracking methods for application in spring water,2014
W4389794580,https://doi.org/10.2166/wh.2023.116,Magnetic nanomaterials as an effective absorbent material for removal of fluoride concentration in water: a review,2023
W1970742950,https://doi.org/10.2166/wh.2009.060,Too much or too little? A review of the conundrum of selenium,2009
W2019932735,https://doi.org/10.2166/wh.2006.049,Microbial risk assessment of local handling and use of human faeces,2006
W2085441325,https://doi.org/10.2166/wh.2007.136,Fault tree analysis of the causes of waterborne outbreaks,2007
W4404147149,https://doi.org/10.2166/wh.2024.205,"A comprehensive study on bisphenol A and estrogenic activity in the Paraíba do Sul River, São Paulo, Brazil",2024
W576601842,https://doi.org/10.2166/wh.2014.115,Water-related factors and childhood diarrhoea in African informal settlements. A cross-sectional study in Ouagadougou (Burkina Faso),2014
W2082519763,https://doi.org/10.2166/wh.2013.162,Quantitative assessment of Naegleria fowleri and Escherichia coli concentrations within a Texas reservoir,2013
W2167131709,https://doi.org/10.2166/wh.2008.030,Long-term study of Cryptosporidium and Giardia occurrence and quantitative microbial risk assessment in surface waters of Arizona in the USA,2008
W3004622438,https://doi.org/10.2166/wh.2020.110,Preparation and characterization of PAN nanofibers containing boehmite nanoparticles for the removal of microbial contaminants and cadmium ions from water,2020
W2556899257,https://doi.org/10.2166/wh.2016.132,"Hydrochemical characteristics of natural water and selenium-rich water resources in the Northern Daba Mountains, China",2016
W2099922090,https://doi.org/10.2166/wh.2011.107,A performance assessment of arsenic-iron removal plants in the Manikganj District of Bangladesh,2011
W2037188812,https://doi.org/10.2166/wh.2012.207,Resistance patterns of Escherichia coli isolated from sewage sludge in comparison with those isolated from human patients in 2000 and 2009,2012
W2546639822,https://doi.org/10.2166/wh.2016.082,Ceramic pot filters lifetime study in coastal Guatemala,2016
W2110818553,https://doi.org/10.2166/wh.2010.068,Prevalence of virulence factors in Escherichia coli isolated from healthy animals and water sources in Brazil,2011
W2963687826,https://doi.org/10.2166/wh.2019.261,Evaluation of genotoxicity and hematological effects in common carp (Cyprinus carpio) induced by disinfection by-products,2019
W1239136067,https://doi.org/10.2166/wh.2014.199,Occurrence of bacteriophages infecting Bacteroides host strains (ARABA 84 and GB-124) in fecal samples of human and animal origin,2014
W3216224445,https://doi.org/10.2166/wh.2021.018,Evaluating the impact of free private well testing outreach on participants' private well stewardship in New Jersey,2021
W4414668835,https://doi.org/10.2166/wh.2025.096,QMRA for assessing treatment needs of surface water for drinking: trends and challenges in fecal pathogen quantification,2025
W2086513023,https://doi.org/10.2166/wh.2013.242,Detection of enteric viruses in Hungarian surface waters: first steps towards environmental surveillance,2013
W1989635204,https://doi.org/10.2166/wh.2012.208,Photoelectrocatalytic disinfection of water and wastewater: performance evaluation by qPCR and culture techniques,2012
W1965980100,https://doi.org/10.2166/wh.2014.108,"A probabilistic assessment of the contribution of wastewater-irrigated lettuce to Escherichia coli O157:H7 infection risk and disease burden in Kumasi, Ghana",2014
W4386485133,https://doi.org/10.2166/wh.2023.192,Field demonstration of UV-LED disinfection at small and decentralized water facilities,2023
W3038341145,https://doi.org/10.2166/wh.2020.223,Waterborne diarrhoeal infection risk from multiple water sources and the impact of an earthquake,2020
W2804900672,https://doi.org/10.2166/wh.2018.028,"Coagulant residues’ influence on virus enumeration as shown in a study on virus removal using aluminium, zirconium and chitosan",2018
W113832106,https://doi.org/10.2166/wh.2006.013,Low risk for helminth infection in wastewater-fed rice cultivation in Vietnam,2006
W4281763664,https://doi.org/10.2166/wh.2022.284,"Arsenic, iron, and manganese in groundwater and its associated human health risk assessment in the rural area of Jashore, Bangladesh",2022
W2028103015,https://doi.org/10.2166/wh.2010.075,Managing waste from confined animal feeding operations in the United States: the need for sanitary reform,2010
W2298218322,https://doi.org/10.2166/wh.2015.242,Synthesis of iron oxyhydroxide-coated rice straw (IOC-RS) and its application in arsenic(V) removal from water,2015
W2209384589,https://doi.org/10.2166/wh.2015.258,Impact of groundwater surface storage on chlorination and disinfection by-product formation,2015
W2338218004,https://doi.org/10.2166/wh.2015.165,Population-based study of intra-household gender differences in water insecurity: reliability and validity of a survey instrument for use in rural Uganda,2015
W2002747591,https://doi.org/10.2166/wh.2013.100,"Groundwater arsenic in Chimaltenango, Guatemala",2013
W2129775866,https://doi.org/10.2166/wh.2009.204,Photocatalytic inactivation of Cryptosporidium parvum on nanostructured titanium dioxide films,2009
W2775040696,https://doi.org/10.2166/wh.2017.157,Assessing the spatial pattern of iron in well water from a small central Florida community,2017
W4390266229,https://doi.org/10.2166/wh.2023.082,A comprehensive review of human health risks of arsenic and fluoride contamination of groundwater in the South Asia region,2023
W4407135902,https://doi.org/10.2166/wh.2025.380,Drinking private well water: Groundwater quality and management of wells in southern Alabama,2025
W2130824526,https://doi.org/10.2166/wh.2011.205,Comparison of indicator bacteria inactivation by the ultraviolet and the ultraviolet/hydrogen peroxide disinfection processes in humic waters,2011
W2044950419,https://doi.org/10.2166/wh.2013.027,Quality and disinfection trials of consumption water in storage reservoirs for rural area in the Marrakech region (Assif El Mal),2013
W3047369717,https://doi.org/10.2166/wh.2020.014,Prevalence of ESBL-producing <i>Escherichia coli</i> and carbapenem-resistant Enterobacteriaceae in treated wastewater: a comparison with nosocomial infection surveillance,2020
W4224222832,https://doi.org/10.2166/wh.2022.197,Genetic characterization and antimicrobial susceptibility of <i>Escherichia coli</i> isolated from household water sources in northern Ghana,2022
W2920850299,https://doi.org/10.2166/wh.2019.289,Toward a comprehensive explanatory model of reliance on alternatives to the tap: evidence from California's retail water stores,2019
W3172878806,https://doi.org/10.2166/wh.2021.027,"Trends of potential waterborne diseases at different health facilities in Bamboutos Division, West Region, Cameroon: a retrospective appraisal of routine data from 2013 to 2017",2021
W2216251838,https://doi.org/10.2166/wh.2015.031,Evaluating spatial-temporal variations and correlation between fecal indicator bacteria (FIB) in marine bathing beaches,2015
W2057486643,https://doi.org/10.2166/wh.2014.171,"Molecular detection of Helicobacter pylori in a large Mediterranean river, by direct viable count fluorescent in situ hybridization (DVC-FISH)",2014
W4319960090,https://doi.org/10.2166/wh.2023.210,"Community awareness of dental fluorosis as a health risk associated with fluoride in improved groundwater sources in Mangochi District, Malawi",2023
W2126748298,https://doi.org/10.2166/wh.2004.0011,Phenotypic and genotypic identification of Aeromonas spp. isolated from a chlorinated intermittent water distribution system in Lebanon,2004
W2121898320,https://doi.org/10.2166/wh.2006.0020,Toxic cyanobacteria and their toxins in standing waters of Kenya: implications for water resource use,2006
W1984763490,https://doi.org/10.2166/wh.2009.084,An evaluation of methods for the isolation of Yersinia enterocolitica from surface waters in the Grand River watershed,2009
W1993946558,https://doi.org/10.2166/wh.2013.042,The challenge of global water access monitoring: evaluating straight-line distance versus self-reported travel time among rural households in Mozambique,2013
W1497748396,https://doi.org/10.2166/wh.2003.0012,The effect of container-biofilm on the microbiological quality of water used from plastic household containers,2003
W2139648643,https://doi.org/10.2166/wh.2009.061,Implementation of the WHO guidelines for the safe use of wastewater in Pakistan: balancing risks and benefits,2009
W4389885384,https://doi.org/10.2166/wh.2023.266,Impact of sample acidification and extract storage on hormone receptor-mediated and oxidative stress activities in wastewater,2023
W2584019545,https://doi.org/10.2166/wh.2017.174,"Comparison of MI, Chromocult® coliform, and Compass CC chromogenic culture-based methods to detect Escherichia coli and total coliforms in water using 16S rRNA sequencing for colony identification",2017
W2063106424,https://doi.org/10.2166/wh.2009.042,Analysis of the evolution in the circulation of HAV and HEV in Eastern Spain by testing urban sewage samples,2009
W2892020791,https://doi.org/10.2166/wh.2006.025,Workshop summary: estimating waterborne disease risks in the United States,2006
W7154078703,https://doi.org/10.2166/wh.2026.269,"Integrating QMRA, community perception and geospatial analysis to assess drinking water risks in rural communities of the Brazilian Federal District",2026
W2124183748,https://doi.org/10.2166/wh.2009.215,The detection of Yersinia enterocolitica in surface water by quantitative PCR amplification of the ail and yadA genes,2009
W2785446012,https://doi.org/10.2166/wh.2018.261,Drinking and recreational water exposures among Canadians: Foodbook Study 2014–2015,2018
W3174334970,https://doi.org/10.2166/wh.2021.239,Detection of potentially pathogenic <i>Arcobacter</i> spp. in Bangkok canals and the Chao Phraya River,2021
W2154999304,https://doi.org/10.2166/wh.2011.050,Electrochemical inactivation kinetics of boron-doped diamond electrode on waterborne pathogens,2011
W4383533860,https://doi.org/10.2166/wh.2023.004,A membrane filtration method for the enumeration of <i>Escherichia coli</i> in bathing water and other waters with high levels of background bacteria,2023
W1922713412,https://doi.org/10.2166/wh.2005.049,The adsorption of cyanobacterial hepatoxins as a function of soil properties,2005
W2079619278,https://doi.org/10.2166/wh.2014.006,Developmental effects and genotoxicity of 10 water disinfection by-products in zebrafish,2014
W2137354186,https://doi.org/10.2166/wh.2009.025,Identification of microbial faecal sources in the New River in the United States–Mexican border region,2009
W4400878899,https://doi.org/10.2166/wh.2024.106,"Review of the occurrence, treatment technologies, and detection methods for saxitoxins in freshwaters",2024
W3164302495,https://doi.org/10.2166/wh.2021.079,Groundwater as a potential cause of Chronic Kidney Disease of unknown etiology (CKDu) in Sri Lanka: a review,2021
W1513425423,https://doi.org/10.2166/wh.2003.0015,"Application and refinement of the WHO risk framework for recreational waters in Sydney, Australia",2003
W1562485582,https://doi.org/10.2166/wh.2005.050,Effect of disinfectants on microbial ecology in model distribution systems,2005
W1994629361,https://doi.org/10.2166/wh.2009.038,Water consumption habits of a south-western Ontario community,2009
W2127281281,https://doi.org/10.2166/wh.2011.184,Impact of cleaning regimes on dental water unit contamination,2011
W1999668909,https://doi.org/10.2166/wh.2013.102,The water environment as a source of potentially pathogenic mycobacteria,2013
W2331983920,https://doi.org/10.2166/wh.2014.075,Application of risk-based assessment and management to riverbank filtration sites in India,2014
W2418990955,https://doi.org/10.2166/wh.2016.059,Disinfection of Escherichia coli and Pseudomonas aeruginosa by copper in water,2016
W290306441,https://doi.org/10.2166/wh.2014.313,Factors affecting decay of Salmonella Birkenhead and coliphage MS2 during mesophilic anaerobic digestion and air drying of sewage sludge,2014
W2482334416,https://doi.org/10.2166/wh.2016.020,Seasonal influence of environmental variables and artificial aeration on Escherichia coli in small urban lakes,2016
W4402729715,https://doi.org/10.2166/wh.2024.081,Assessing the impact of <i>Escherichia coli</i> on recreational water safety using quantitative microbial risk assessment,2024
W2128124694,https://doi.org/10.2166/wh.2011.146,Daily measures of microbes and human health at a non-point source marine beach,2011
W2137678549,https://doi.org/10.2166/wh.2005.051,A review of technologies for rapid detection of bacteria in recreational waters,2005
W2071099569,https://doi.org/10.2166/wh.2009.020,Energy forest irrigated with wastewater: a comparative microbial risk assessment,2009
W2946607352,https://doi.org/10.2166/wh.2019.142,Molecular and phenotypic characterization of diarrheagenic Escherichia coli isolated from groundwater in rural areas in southern Brazil,2019
W4405421175,https://doi.org/10.2166/wh.2024.268,Wastewater microbiology: occurrence and prevalence of antibiotic-resistant extended-spectrum <i>β</i>-lactamase-producing Enterobacteriaceae in the district wastewater system,2024
W1999118390,https://doi.org/10.2166/wh.2014.047,High resolution modeling of agricultural nitrogen to identify private wells susceptible to nitrate contamination,2014
W3108601578,https://doi.org/10.2166/wh.2020.107,Potential health risk assessment related to arsenic pollution and hydrogeochemistry of groundwaters in Akşehir and surroundings (Konya/Turkey),2020
W2155178363,https://doi.org/10.2166/wh.2012.181,A post-implementation evaluation of ceramic water filters distributed to tsunami-affected communities in Sri Lanka,2012
W7162647129,https://doi.org/10.2166/wh.2026.236,Detection and removal methods of antibiotic-resistance genes in drinking water sources: a review,2026
W2551328975,https://doi.org/10.2166/wh.2016.285,Assessing the population dynamics of Escherichia coli in a metropolitan river after an extreme flood event,2016
W1966527943,https://doi.org/10.2166/wh.2010.132,Specificity of a defined substrate method used to monitor balneability of tropical coastal waters impacted by polluted stormwater,2010
W171004657,https://doi.org/10.2166/wh.2006.0001,Bushfires and tank rainwater quality: A cause for concern?,2006
W3096777923,https://doi.org/10.2166/wh.2020.153,Determination of log removal values of bacteria by spiral-wound reverse osmosis modules and a hollow fiber ultrafiltration module using <i>Escherichia coli</i> and indigenous heterotrophic bacteria as indicators,2020
W4376956628,https://doi.org/10.2166/wh.2023.057,Respiratory virus concentrations in human excretions that contribute to wastewater: a systematic review and meta-analysis,2023
W1993083553,https://doi.org/10.2166/wh.2008.064,Bottled water selection and health considerations from multi-element analysis of products sold in New York state,2008
W3006797163,https://doi.org/10.2166/wh.2020.186,Monitoring the lead-and-copper rule with a water-gated field effect transistor,2020
W2150624278,https://doi.org/10.2166/wh.2008.069,"Increased prevalence of indicator and pathogenic bacteria in Vembanadu Lake: a function of salt water regulator, along south west coast of India",2008
W2126447663,https://doi.org/10.2166/wh.2013.221,Survival of multi-drug resistant enteropathogenic Escherichia coli and Salmonella paratyphi in Vembanadu lake as a function of saltwater barrier along southwest coast of India,2013
W1987682136,https://doi.org/10.2166/wh.2014.107,Prospective epidemiological pilot study on the morbidity of bathers exposed to tropical recreational waters and sand,2014
W1997057521,https://doi.org/10.2166/wh.2008.063,Water-related diseases outbreaks reported in Italy,2008
W2147755936,https://doi.org/10.2166/wh.2011.155,Effects of tap water processing on the concentration of disinfection by-products,2011
W4407537793,https://doi.org/10.2166/wh.2025.219,A review on different disinfection processes and formation of disinfection by-products in drinking water,2025
W2113240394,https://doi.org/10.2166/wh.2009.136,Estimation of Ascaris infection risks in children under 15 from the consumption of wastewater-irrigated carrots,2009
W1995180350,https://doi.org/10.2166/wh.2009.120,"Hepatitis E virus genotype 3 and sporadically also genotype 1 circulate in the population of Catalonia, Spain",2009
W7135384313,https://doi.org/10.2166/wh.2026.387,Cash transfers and household water security among the poor in low- and middle-income countries: a scoping review,2026
W2333637286,https://doi.org/10.2166/wh.2016.216,Evaluation of treatment and disinfection of water using cold atmospheric plasma,2016
W2788871531,https://doi.org/10.2166/wh.2018.078,Evaluation of Moringa oleifera seed extract by extraction time: effect on coagulation efficiency and extract characteristic,2018
W2767630171,https://doi.org/10.2166/wh.2017.144,Assessment of diversity of adenovirus DNA polymerase gene in recreational waters facilitated by ultracentrifugal concentration,2017
W4386423811,https://doi.org/10.2166/wh.2023.094,Waterborne transmission of protozoan parasites: a review of worldwide outbreaks – an update 2017–2022,2023
W2163230172,https://doi.org/10.2166/wh.2009.029,The quality of drinking water stored in canteens of field soldiers as a potential source of enteric diseases,2009
W118478215,https://doi.org/10.2166/wh.2004.0003,"Fluorides in groundwater, soil and infused black tea and the occurrence of dental fluorosis among school children of the Gaza Strip",2004
W2141978389,https://doi.org/10.2166/wh.2013.204,Reduction of bacteriophage MS2 by filtration and irradiation determined by culture and quantitative real-time RT–PCR,2013
W7124833781,https://doi.org/10.2166/wh.2025.303,Quantitative risk assessment of antimicrobial resistance exposure among farmers through indirect water reuse for irrigation,2025
W2114948174,https://doi.org/10.2166/wh.2012.117,"Sanitary inspection of wells using risk-of-contamination scoring indicates a high predictive ability for bacterial faecal pollution in the peri-urban tropical lowlands of Dar es Salaam, Tanzania",2012
W2017959580,https://doi.org/10.2166/wh.2013.128,Relating the bivalve shellfish harvesting area classification criteria in the United States and European Union programmes,2013
W2026412909,https://doi.org/10.2166/wh.2013.009,Effects of salinity on photoreactivation of Escherichia coli after UV disinfection,2013
W4307841615,https://doi.org/10.2166/wh.2022.048,State of knowledge and future research needs on microplastics in groundwater,2022
W1991858761,https://doi.org/10.2166/wh.2009.065,Chlorine inactivation of coliphage MS2 on strawberries by industrial-scale water washing units,2009
W4413991608,https://doi.org/10.2166/wh.2025.346,Weaving knowledge systems to eradicate drinking water crises in First Nations across Canada,2025
W3217587014,https://doi.org/10.2166/wh.2021.160,"Potential health concerns due to elevated nitrate concentrations in groundwater of villages of Vadodara and Chhota Udaipur districts of Gujarat, India",2021
W3131058512,https://doi.org/10.2166/wh.2021.240,"Detection of potentially pathogenic free-living amoebae from the Caspian Sea and hospital ward dust of teaching hospitals in Guilan, Iran",2021
W2062401840,https://doi.org/10.2166/wh.2012.067,The synergistic effect of Escherichia coli inactivation by sequential disinfection with low level chlorine dioxide followed by free chlorine,2012
W2091933991,https://doi.org/10.2166/wh.2010.160,Public health perspectives of channelized and unchannelized headwater streams in central Ohio: a case study,2010
W2795435018,https://doi.org/10.2166/wh.2018.018,"Cryptosporidium parvum decay during air drying and stockpiling of mesophilic anaerobically digested sewage sludge in a simulation experiment and oocyst counts in sludge collected from operational treatment lagoons in Victoria, Australia",2018
W7116929767,https://doi.org/10.2166/wh.2025.142,"Bacteriological quality of drinking water in Sekela district, West Gojjam, Amhara, Ethiopia",2025
W2590273833,https://doi.org/10.2166/wh.2017.219,Predicting water filter and bottled water use in Appalachia: a community-scale case study,2017
W4283315171,https://doi.org/10.2166/wh.2022.037,"An acute gastroenteritis outbreak associated with a contaminated water supply system, Turkey, 2018",2022
W3047041630,https://doi.org/10.2166/wh.2020.141,Water safety in drought: an indigenous knowledge-based qualitative study,2020
W4408907205,https://doi.org/10.2166/wh.2025.388,Comparative analysis of ARIMA and Holt's models for predicting water and sanitation access in Bangladesh: toward SDG target,2025
W2047862845,https://doi.org/10.2166/wh.2011.136,Rainfall and river flows are predictors for β-glucuronidase positive Escherichia coli accumulation in mussels and Pacific oysters from the Dart Estuary (England),2011
W1598218623,https://doi.org/10.2166/wh.2006.0040,Improving Cryptosporidium testing methods: a public health perspective,2006
W4415167012,https://doi.org/10.2166/wh.2025.083,Spatiotemporal variability in microbial water quality and fecal source tracking markers in a subtropical estuary and its tributaries,2025
W4389726822,https://doi.org/10.2166/wh.2023.072,"A chemometric and ingestion hazard prediction study of groundwater in proximity to the Bandhwari landfill site, Gurugram, India",2023
W2135825014,https://doi.org/10.2166/wh.2005.0008,"Serological responses to Cryptosporidium antigens among women using riverbank-filtered water, conventionally filtered surface water and groundwater in Hungary",2005
W2988934338,https://doi.org/10.2166/wh.2019.160,Antibiotic resistance genes removal and membrane fouling in secondary effluents by combined processes of PAC/BPAC–UF,2019
W1496837282,https://doi.org/10.2166/wh.2006.0019,"Use of a health information telephone line, Info-Santé CLSC, for the surveillance of waterborne gastroenteritis",2006
W2048415621,https://doi.org/10.2166/wh.2014.227,Investigation and control of a Norovirus outbreak of probable waterborne transmission through a municipal groundwater system,2014
W1582666509,https://doi.org/10.2166/wh.2006.0041,Recognizing waterborne disease and the health effects of water contamination: a review of the challenges facing the medical community in the United States,2006
W2319790030,https://doi.org/10.2166/wh.2016.274,Potential health implications of water resources depletion and sewage discharges in the Republic of Macedonia,2016
W2005436622,https://doi.org/10.2166/wh.2009.067,Prevention measures against radiation exposure to radon in well waters: analysis of the present situation in Finland,2009
W3130179323,https://doi.org/10.2166/wh.2021.242,"A modified slow sand filtration system of epikarst spring water in karst mountainous areas, China",2021
W7168024654,https://doi.org/10.2166/wh.2026.033,Integrated application of pollution indices and multivariate statistics for assessing groundwater contamination by potentially toxic elements in the southern coastal region of Bangladesh,2026
W3010941666,https://doi.org/10.2166/wh.2020.239,"Diversity, virulence and antibiogram traits of Escherichia coli recovered from potable water sources in Gharbia, Egypt",2020
W2145270346,https://doi.org/10.2166/wh.2004.0005,Cyanobacterial blooms and the presence of cyanotoxins in small high altitude tropical headwater reservoirs in Kenya,2004
W2255965742,https://doi.org/10.2166/wh.2015.287,"Algal control and enhanced removal in drinking waters in Cairo, Egypt",2015
W2020770835,https://doi.org/10.2166/wh.2010.094,Health implications of lipopolysaccharide endotoxins in domestic container water used by rural households in South Africa,2010
W7133516903,https://doi.org/10.2166/wh.2026.211,"Unequal water quality under decentralization: A case study of rural barangays in Antique, Philippines",2026
W2142086754,https://doi.org/10.2166/wh.2008.052,Inactivation of Nitrosomonas europaea and pathogenic Escherichia coli by chlorine and monochloramine,2008
W2082815564,https://doi.org/10.2166/wh.2013.245,"Assessment of water and seafood microbiology quality in a mangrove region in Vitória, Brazil",2013
W2158793809,https://doi.org/10.2166/wh.2007.035,"Identification of culturable stream water bacteria from urban, agricultural, and forested watersheds using 16S rRNA gene sequencing",2007
W3041549094,https://doi.org/10.2166/wh.2020.059,"Reducing public exposure to common, harmful well water contaminants through targeted outreach to highly susceptible neighborhoods as a method of increasing the likelihood of testing and treatment of water from private wells",2020
W1987922667,https://doi.org/10.2166/wh.2007.038,Opportunistic Aspergillus pathogens measured in home and hospital tap water by quantitative PCR (QPCR),2007
W2115314542,https://doi.org/10.2166/wh.2006.0014,Identification of human fecal pollution sources in a coastal area: a case study at Oostende (Belgium),2006
W2123377269,https://doi.org/10.2166/wh.2006.043,Effect of soil depth and texture on fecal bacteria removal from septic effluents,2006
W2036218019,https://doi.org/10.2166/wh.2007.135,Surveillance of waterborne disease in European member states: a qualitative study,2007
W2603135628,https://doi.org/10.2166/wh.2017.273,Waterborne disease outbreak detection: an integrated approach using health administrative databases,2017
W2052072722,https://doi.org/10.2166/wh.2008.053,An epidemiological study of enteric viruses in sewage with molecular characterization by RT-PCR and sequence analysis,2008
W1604678805,https://doi.org/10.2166/wh.2004.0015,Usefulness of monitoring tropical streams for male-specific RNA coliphages,2004
W2040531944,https://doi.org/10.2166/wh.2010.144,Elevated and variable groundwater iron in rural northwestern Bangladesh,2010
W2317609047,https://doi.org/10.2166/wh.2014.117,Relationship between organic precursors and N-nitrosodimethylamine (NDMA) formation in tropical water sources,2014
W4408295332,https://doi.org/10.2166/wh.2025.292,Modular decentralized water system associated with improved child health and increased in-home water use in remote Alaska Native communities,2025
W27253558,https://doi.org/10.2166/wh.2005.056,A public health evaluation of recreational water impairment,2006
W3014362569,https://doi.org/10.2166/wh.2020.213,"Pharmaceuticals' removal by constructed wetlands: a critical evaluation and meta-analysis on performance, risk reduction, and role of physicochemical properties on removal mechanisms",2020
W7166854614,https://doi.org/10.2166/wh.2026.238,"Seasonal differences in enteric pathogen occurrence across multiple drinking water sources in Kathmandu Valley, Nepal",2026
W3204848109,https://doi.org/10.2166/wh.2021.171,Short-term exposure to benzalkonium chloride in bacteria from activated sludge alters the community diversity and the antibiotic resistance profile,2021
W2041181795,https://doi.org/10.2166/wh.2009.135,Analysis of seawater microbiological quality data in Greece from 1997 to 2006: association of risk factors with bacterial indicators,2009
W4402729796,https://doi.org/10.2166/wh.2024.243,Health risk assessment of heavy metals in groundwater sources: carcinogenic and non-carcinogenic evaluation,2024
W2754661289,https://doi.org/10.2166/wh.2017.241,Moringa oleifera functionalised sand – reuse with non-ionic surfactant dodecyl glucoside,2017
W2007371866,https://doi.org/10.2166/wh.2009.004,Measuring the effectiveness of performance-based training,2008
W7134073709,https://doi.org/10.2166/wh.2026.070,Lead in Newark drinking water: a successful community-driven data collection and academic-community partnership,2026
W2013584183,https://doi.org/10.2166/wh.2014.134,Removal of indigenous coliphages and enteric viruses during riverbank filtration from highly polluted river water in Delhi (India),2014
W1972305146,https://doi.org/10.2166/wh.2014.059,Multiparametric comparison of chromogenic-based culture methods used to assess the microbiological quality of drinking water and the mFC method combined with a molecular confirmation procedure,2014
W2217291464,https://doi.org/10.2166/wh.2015.177,Measurement of selected polychlorinated biphenyls (PCBs) in water via ultrasound assisted emulsification–microextraction (USAEME) using low-density organic solvents,2015
W2618388361,https://doi.org/10.2166/wh.2017.049,An optical method for characterizing carbon content in ceramic pot filters,2017
W2067995942,https://doi.org/10.2166/wh.2013.079,Monochloramine and chlorine dioxide for controlling Legionella pneumophila contamination: biocide levels and disinfection by-product formation in hospital water networks,2013
W3035302979,https://doi.org/10.2166/wh.2020.037,Detection of Cryptosporidium and Giardia in foods of plant origin in North-Western Greece,2020
W4200226561,https://doi.org/10.2166/wh.2021.127,"Public toilets from the perspective of users: a case study in a public place, Brazil",2021
W7147318204,https://doi.org/10.2166/wh.2026.119,"Assessing cholera knowledge among internally displaced persons in Kassala, Sudan: a community-based cross-sectional study",2026
W4281784854,https://doi.org/10.2166/wh.2022.074,Potential impact factors on the enhancement of antibiotic resistance in a lake environment,2022
W2068732323,https://doi.org/10.2166/wh.2010.020,Microbial risk assessment for recreational use of the Chicago Area Waterway System,2011
W7141477988,https://doi.org/10.2166/wh.2026.173,"Seasonal changes in water quality properties at a part of the Euphrates River in Al-Najaf Governorate, Iraq",2026
W2166778486,https://doi.org/10.2166/wh.2009.133,Including operational data in QMRA model: development and impact of model inputs,2008
W4397014270,https://doi.org/10.2166/wh.2024.372,The complex association between drinking water consumption and endemic gastrointestinal illness as shown by Swedish cohort studies,2024
W4405198899,https://doi.org/10.2166/wh.2024.128,"Microbiological characterization of drinking water and socio-environmental study in the peri-urban area of La Plata, Buenos Aires, Argentina",2024
W4385429203,https://doi.org/10.2166/wh.2023.076,"Exploring the nexus of water insecurity and psychological distress in Windhoek's informal settlements, Namibia",2023
W4407255607,https://doi.org/10.2166/wh.2025.173,Case report: contamination of a drinking water distribution system by <i>Exophiala</i>-dominated biofilm in the Midwestern United States,2025
W3036655737,https://doi.org/10.2166/wh.2020.038,Assessment of natural radioactivity and consequent radiological hazard in different brands of commercialized bottled mineral water produced in China,2020
W2184333870,https://doi.org/10.2166/wh.2006.0015,Nutrient removal from septic effluents as affected by soil thickness and texture,2006
W2008118079,https://doi.org/10.2166/wh.2008.130,The semantics and pragmatics of water notices and the impact on public health,2008
W2284365395,https://doi.org/10.2166/wh.2014.156,Removal of trace mercury (II) from aqueous solution by in situ MnOx combined with poly-aluminum chloride,2014
W3168663998,https://doi.org/10.2166/wh.2021.003,"Solar disinfection of turbid hygiene waters in Lexington, KY, USA",2021
W4390412949,https://doi.org/10.2166/wh.2023.183,Assessing the genotoxic potential of wastewater effluents from three wastewater treatment plants in South Africa,2023
W1513447147,https://doi.org/10.2166/wh.2005.046,A methodology for the evaluation of disinfection technologies,2005
W2269864650,https://doi.org/10.2166/wh.2015.033,"Controlling Legionella and Pseudomonas aeruginosa re-growth in therapeutic spas: implementation of physical disinfection treatments, including UV/ultrafiltration, in a respiratory hydrotherapy system",2015
W2252305942,https://doi.org/10.2166/wh.2015.255,Quantification and molecular characterisation of human sapoviruses in water sources impacted by highly polluted discharged wastewater in South Africa,2015
W3044356940,https://doi.org/10.2166/wh.2020.022,Quality change mechanism and drinking safety of repeatedly-boiled water and prolonged-boil water: a comparative study,2020
W2107783333,https://doi.org/10.2166/wh.2009.086,Rapid dead-end ultrafiltration concentration and biosensor detection of enterococci from beach waters of Southern California,2009
W4415204244,https://doi.org/10.2166/wh.2025.203,Monochloramine effects on biofilm growth with/without orthophosphate in high-residence time drinking water model distribution systems,2025
W4392518985,https://doi.org/10.2166/wh.2024.018,Hazard-mapping and health risk analysis of iron and arsenic contamination in the groundwater of Sylhet district,2024
W4415167026,https://doi.org/10.2166/wh.2025.113,"Small water supplies in Nordic countries: climate change effects, risks and contingency planning",2025
W7153479363,https://doi.org/10.2166/wh.2026.099,"Water and sanitation hygiene standards compliance among trackers, tourist guides and porters at volcanoes National Park, Rwanda",2026
W7133502331,https://doi.org/10.2166/wh.2026.180,"Groundwater hydrochemistry and water quality assessment in the traditional irrigation region, China",2026
W4394892367,https://doi.org/10.2166/wh.2024.300,<i>Schistosoma mansoni</i> infection in residents of a riverside community in Eastern Amazon,2024
W7166853619,https://doi.org/10.2166/wh.2026.043,"Aluminium in drinking water from subsurface wells along the northern coast of Santa Catarina, Brazil and the potential risks to public health",2026
W4376891969,https://doi.org/10.2166/wh.2023.014,Low-cost treatment method for organic matter and nutrients in landfill leachate,2023
W2597570001,https://doi.org/10.2166/wh.2017.301,"Mortality from selected diseases that can be transmitted by water – United States, 2003–2009",2017
W2912395708,https://doi.org/10.2166/wh.2019.024,Analysis of building plumbing system flushing practices and communications,2019
W2119979750,https://doi.org/10.2166/wh.2012.025,Investigation of water consumption patterns among Irish adults for waterborne quantitative microbial risk assessment (QMRA),2012
W2343694127,https://doi.org/10.2166/wh.2013.038,Evaluation of real-time PCR for quantitative detection of Escherichia coli in beach water,2013
W2124683519,https://doi.org/10.2166/wh.2012.153,Association of plasmid-mediated quinolone resistance and virulence markers in Escherichia coli isolated from water,2012
W3097731113,https://doi.org/10.2166/wh.2020.236,Detection of Shiga toxin-encoding genes in small community water supplies,2020
W4410515166,https://doi.org/10.2166/wh.2025.351,Wastewater and environmental surveillance for <i>Vibrio cholerae</i>: a scoping review,2025
W7134114497,https://doi.org/10.2166/wh.2026.076,Health risk assessment of perfluorinated compounds in the drinking water of a watershed located in northwest China in 2024: a cross-sectional study,2026
W2774017888,https://doi.org/10.2166/wh.2017.184,First reported isolation of an emerging opportunistic pathogen (Elizabethkingia anophelis) from hospital water systems in Greece,2017
W2110569064,https://doi.org/10.2166/wh.2009.010,"GIS-based analysis of the fate of waste-related pathogens Cryptosporidium parvum, Giardia lamblia and Escherichia coli in a tropical canal network",2008
W4324325010,https://doi.org/10.2166/wh.2023.308,"Carcinogenic and non-carcinogenic risk assessment of exposure to trace elements in groundwater resources of Sari city, Iran",2023
W2753887417,https://doi.org/10.2166/wh.2017.305,Quantitative microbial risk assessment to estimate the health risk from exposure to noroviruses in polluted surface water in South Africa,2017
W2559753224,https://doi.org/10.2166/wh.2016.164,Seawater desalination and serum magnesium concentrations in Israel,2016
W4386603517,https://doi.org/10.2166/wh.2023.069,"Health risk assessment of nitrate pollution of drinking groundwater in rural areas of Suihua, China",2023
W2036494515,https://doi.org/10.2166/wh.2012.128,"The efficacy of simulated solar disinfection (SODIS) against coxsackievirus, poliovirus and hepatitis A virus",2012
W2275804104,https://doi.org/10.2166/wh.2005.009,Microcystins (cyanobacterial toxins) in surface waters of rural Bangladesh: Pilot study,2005
W4411967014,https://doi.org/10.2166/wh.2025.320,"Health risks associated with seasonal water quality in the Hasbani River, Lebanon: a physicochemical and microbiological analysis",2025
W2128240604,https://doi.org/10.2166/wh.2012.076,Seasonal variations in the risk of gastrointestinal illness on a tropical recreational beach,2012
W2560084049,https://doi.org/10.2166/wh.2016.069,Assessment of swine-specific bacteriophages of Bacteroides fragilis in swine farms with different antibiotic practices,2016
W2262413632,https://doi.org/10.2166/wh.2015.029,Estimation of concentration ratio of indicator to pathogen-related gene in environmental water based on left-censored data,2015
W2269473149,https://doi.org/10.2166/wh.2015.292,Fecal pollution source tracking in waters intended for human supply based on archaeal and bacterial genetic markers,2015
W4402404944,https://doi.org/10.2166/wh.2024.250,Management of trihalomethanes in water by ZnO@kaolinite composite: integrated experimental and modeling studies,2024
W4297873416,https://doi.org/10.2166/wh.2008.231,Reduction of trihalomethane formation and detoxification of microcystins in tap water by ozonation,2008
W2898068306,https://doi.org/10.2166/wh.2018.128,"Predicting culturable enterococci exceedances at Escambron Beach, San Juan, Puerto Rico using satellite remote sensing and artificial neural networks",2018
W2002333709,https://doi.org/10.2166/wh.2013.022,System Life Cycle EvaluationSM (SLiCE): harmonizing water treatment systems with implementers' needs,2013
W2013196125,https://doi.org/10.2166/wh.2006.054,Unsafe tap water in households supplied from groundwater in the Salento Region of Southern Italy,2006
W164162439,https://doi.org/10.2166/wh.2015.188,"No increase in drug dispensing for acute gastroenteritis after Storm Klaus, France 2009",2015
W4389489732,https://doi.org/10.2166/wh.2023.205,Tritium contents in drinking and surface seawaters before the nuclear power plant planned in Sinop (Türkiye) and their radiological risks on human population,2023
W2757754985,https://doi.org/10.2166/wh.2017.319,The switch to refillable bottled water in Indonesia: a serious health risk,2017
W2058592859,https://doi.org/10.2166/wh.2011.120,A novel genetic marker for the rapid detection of Bacteroides fragilis in recreational water as a human-specific faecal indicator,2011
W2259524525,https://doi.org/10.2166/wh.2015.030,Using probabilities of enterococci exceedance and logistic regression to evaluate long term weekly beach monitoring data,2015
W2090147573,https://doi.org/10.2166/wh.2009.213,Data gaps in evidence-based research on small water enterprises in developing countries,2009
W2898085152,https://doi.org/10.2166/wh.2018.057,"Contamination of arsenic, manganese and coliform bacteria in groundwater at Kushtia District, Bangladesh: human health vulnerabilities",2018
W1461108087,https://doi.org/10.2166/wh.2014.278,Staphylococcus aureus and methicillin-resistant S. aureus (MRSA) at ambient freshwater beaches,2014
W3196135079,https://doi.org/10.2166/wh.2021.268,Economic valuation meta-analysis of freshwater improvement in developed and developing countries. Are they different?,2021
W88904460,https://doi.org/10.2166/wh.2015.223,Cryptosporidium in small water systems in Puerto Rico: a pilot study,2015
W2906641780,https://doi.org/10.2166/wh.2018.204,Disinfection by-products in desalinated and blend water: formation and control strategy,2018
W2809367354,https://doi.org/10.2166/wh.2018.281,Is the default of 2 liters for daily per-capita water consumption appropriate? A nationwide survey reveals water intake in Japan,2018
W657519236,https://doi.org/10.2166/wh.2014.317,"The presence of opportunistic pathogens, Legionella spp., L. pneumophila and Mycobacterium avium complex, in South Australian reuse water distribution pipelines",2014
W2015820867,https://doi.org/10.2166/wh.2012.082,Direct and indirect QMRA of infectious Cryptosporidium oocysts in reclaimed water,2012
W2167722605,https://doi.org/10.2166/wh.2005.054,Detection of Helicobacter pylori and fecal indicator bacteria in five North American rivers,2005
W2251094097,https://doi.org/10.2166/wh.2015.238,"Detection of human enteric viruses in Umgeni River, Durban, South Africa",2015
W1965133949,https://doi.org/10.2166/wh.2008.060,"Outbreak of Cryptosporidium parvum among children after a school excursion to an adventure farm, South West England",2008
W1984557843,https://doi.org/10.2166/wh.2014.037,Sensitivity of quantitative microbial risk assessments to assumptions about exposure to multiple consumption events per day,2014
W1536305446,https://doi.org/10.2166/wh.2004.0024,The effectiveness of a multi-spark electric discharge system in the destruction of microorganisms in domestic and industrial wastewaters,2004
W2043990539,https://doi.org/10.2166/wh.2013.080,"Removal of bacteria, protozoa and viruses through a multiple-barrier household water disinfection system",2013
W4403570518,https://doi.org/10.2166/wh.2024.349,The silent threat: Unveiling climate change's water and health challenges in Bangladesh,2024
W2167889961,https://doi.org/10.2166/wh.2012.030,Waterborne transmission of Giardia and Cryptosporidium at river beaches in Southern Europe (Portugal),2012
W4399732356,https://doi.org/10.2166/wh.2024.102,"The application of satellite sensors, current state of utilization, and sources of remote sensing dataset in hydrology for water resource management",2024
W2030971605,https://doi.org/10.2166/wh.2009.024,"Arsenic, As(III), and tungsten in Nevada County's private water supplies",2009
W2126960406,https://doi.org/10.2166/wh.2006.023,The role of disease burden measures in future estimates of endemic waterborne disease,2006
W4389783141,https://doi.org/10.2166/wh.2023.133,Exposure assessment of nitrate and phenol derivatives in Tehran's water distribution system,2023
W2096315612,https://doi.org/10.2166/wh.2011.087,Virus removal efficiency of Cambodian ceramic pot water purifiers,2011
W2002854054,https://doi.org/10.2166/wh.2013.201,Eliminating false positives in a qPCR assay for the detection of the uidA gene in Escherichia coli,2013
W2163655150,https://doi.org/10.2166/wh.2012.173,The effect of UV-C radiation (254 nm) on candidate microbial source tracking phages infecting a human-specific strain of Bacteroides fragilis (GB-124),2012
W2138296564,https://doi.org/10.2166/wh.2009.220,Are the defined substrate-based methods adequate to determine the microbiological quality of natural recreational waters?,2009
W1538653679,https://doi.org/10.2166/wh.2005.045,Evaluation of microbiological quality of coastal waters in Greece,2005
W4220756931,https://doi.org/10.2166/wh.2022.250,Heavy metal pollution in selected upland tributaries of Sri Lanka: comprehension towards the localization of sources of pollution,2022
W2052434088,https://doi.org/10.2166/wh.2013.184,"Genomic copy concentrations of selected waterborne viruses in a slum environment in Kampala, Uganda",2013
W4404973327,https://doi.org/10.2166/wh.2024.188,Health risk assessment using Monte-Carlo simulations due to arsenic contamination in groundwater in Punjab,2024
W2963387055,https://doi.org/10.2166/wh.2019.238,Rainwater catchments in rural Alaska have the potential to produce high-quality water and high quantities of water for household use,2019
W3217131153,https://doi.org/10.2166/wh.2021.180,"Detection and abundance of SARS-CoV-2 in wastewater in Liechtenstein, and the estimation of prevalence and impact of the B.1.1.7 variant",2021
W2145445953,https://doi.org/10.2166/wh.2011.064,Quantitative PCR-based detection of pathogenic Leptospira in Hawai'ian coastal streams,2011
W4398765571,https://doi.org/10.2166/wh.2024.054,Point-of-use chlorine residuals and disinfection byproduct occurrences in rural households served by public water utilities in Appalachian Virginia,2024
W2895398037,https://doi.org/10.2166/wh.2018.082,Assessment of microbial quality of household water output from desalination systems by the heterotrophic plate count method,2018
W1971299955,https://doi.org/10.2166/wh.2009.030,Knowledge of measures to safeguard harvested rainwater quality in rural domestic households,2009
W2946784073,https://doi.org/10.2166/wh.2019.044,Effects of water and health on primary school enrolment and absenteeism in Indonesia,2019
W3043014290,https://doi.org/10.2166/wh.2020.066,The establishment and first experiences of a crisis advisory service for water supplies in Norway,2020
W1966158782,https://doi.org/10.2166/wh.2010.141,Alternatives for safe water provision in urban and peri-urban slums,2010
W2058618434,https://doi.org/10.2166/wh.2008.028,Cercarial dermatitis in the Netherlands caused by Trichobilharzia spp.,2008
W4386599786,https://doi.org/10.2166/wh.2023.173,Correlation between wastewater and COVID-19 case incidence rates in major California sewersheds across three variant periods,2023
W3167269104,https://doi.org/10.2166/wh.2021.071,Quality of water for reprocessing of medical devices in healthcare facilities in Nepal,2021
W4390909754,https://doi.org/10.2166/wh.2024.309,Human adenovirus-associated health risk in the recreational waters of the Yal-ku lagoon in the Mexican Caribbean,2024
W184406936,https://doi.org/10.2166/wh.2006.0025,"A case–cohort study to investigate concomitant waterborne outbreaks of Campylobacter and gastroenteritis in Söderhamn, Sweden, 2002–3",2006
W2326050633,https://doi.org/10.2166/wh.2011.039,National surveillance capacity of water-related diseases in the WHO European Region,2011
W1604716445,https://doi.org/10.2166/wh.2007.012,"An evaluation of the mobility of pathogen indicators, Escherichia coli and bacteriophage MS-2, in a highly weathered tropical soil under unsaturated conditions",2007
W4387307312,https://doi.org/10.2166/wh.2023.157,"Genotypic detection of <i>β</i>-lactamase-producing <i>Escherichia coli</i> isolates obtained from Seven Crater Lakes of San Pablo, Laguna, Philippines",2023
W2097564709,https://doi.org/10.2166/wh.2006.021,Towards a US national estimate of the risk of endemic waterborne disease – sero-epidemiologic studies,2006
W2898813044,https://doi.org/10.2166/wh.2018.213,Metagenomic study on the composition of culturable and non-culturable bacteria in tap water and biofilms at intensive care units,2018
W2921494281,https://doi.org/10.2166/wh.2019.270,Role of filtration in managing the risk from Cryptosporidium in commercial swimming pools – a review,2019
W589445996,https://doi.org/10.2166/wh.2014.176,A pulsed light system for the disinfection of flow through water in the presence of inorganic contaminants,2014
W3089605522,https://doi.org/10.2166/wh.2020.020,Incidence of enterococci resistant to clinically relevant antibiotics in environmental waters and in reclaimed waters used for irrigation,2020
W2106849469,https://doi.org/10.2166/wh.2013.002,"Efficiency of peracetic acid in inactivating bacteria, viruses, and spores in water determined with ATP bioluminescence, quantitative PCR, and culture-based methods",2013
W2756178848,https://doi.org/10.2166/wh.2017.028,New technique for direct fluoroimmunomagnetic detection of rotavirus in water samples,2017
W4377104037,https://doi.org/10.2166/wh.2023.323,Do health concerns stemming from personality trait influence the choice of drinking water at home? An analysis of the survey results conducted in the Tokyo area under the COVID-19 pandemic,2023
W3010974015,https://doi.org/10.2166/wh.2020.270,"Aquatic yeasts: diversity, characteristics and potential health implications",2020
W2802695402,https://doi.org/10.2166/wh.2018.282,Fate of Escherichia coli in dialysis device exposed into sewage influent and activated sludge,2018
W2133824302,https://doi.org/10.2166/wh.2013.078,"Human viruses and viral indicators in marine water at two recreational beaches in Southern California, USA",2013
W2315379465,https://doi.org/10.2166/wh.2014.216,Antibiotic resistance in environmental Escherichia coli – a simple screening method for simultaneous typing and resistance determination,2014
W2313544884,https://doi.org/10.2166/wh.2014.013,The effect of pyrite on Escherichia coli in water: proof-of-concept for the elimination of waterborne bacteria by reactive minerals,2014
W4220772338,https://doi.org/10.2166/wh.2022.285,"Occurrence of <i>Naegleria fowleri</i> and faecal indicators in sediments from Lake Pontchartrain, Louisiana",2022
W2045854705,https://doi.org/10.2166/wh.2013.021,"Development and validation of a GC–MS method for the evaluation of 17 endocrine disruptor compounds, including phytoestrogens and sitosterol, in coastal waters – their spatial and seasonal levels in Porto costal region (Portugal)",2013
W1554216450,https://doi.org/10.2166/wh.2005.060,Spatial and rainfall related patterns of bacterial contamination in Sydney Harbour estuary,2005
W3007562434,https://doi.org/10.2166/wh.2020.190,Detection of Acanthamoeba spp. in two major water reservoirs in the Philippines,2020
W2534745784,https://doi.org/10.2166/wh.2016.156,"Accuracy, precision, usability, and cost of portable silver test methods for ceramic filter factories",2016
W3095603968,https://doi.org/10.2166/wh.2020.112,"Monitoring of rotavirus in treated wastewater in Tehran with a monthly interval, in 2017–2018",2020
W2978295404,https://doi.org/10.2166/wh.2019.060,Watershed integrity and associations with gastrointestinal illness in the United States,2019
W3173999006,https://doi.org/10.2166/wh.2021.074,Evaluation of hydration status during the COVID-19 pandemic: a study of Turkish young adults,2021
W2625514106,https://doi.org/10.2166/wh.2017.083,"Prevalence and direct costs of emergency department visits and hospitalizations for selected diseases that can be transmitted by water, United States",2017
W3011133353,https://doi.org/10.2166/wh.2020.232,"Effect of Spathiphyllum blandum on the removal of ibuprofen and conventional pollutants from polluted river water, in fully saturated constructed wetlands at mesocosm level",2020
W2066495421,https://doi.org/10.2166/wh.2012.132,Inactivation of Escherichia coli in water by pulsed dielectric barrier discharge in coaxial reactor,2012
W3171735673,https://doi.org/10.2166/wh.2021.015,Pathogen performance testing of a natural swimming pool using a cocktail of microbiological surrogates and QMRA-derived management goals,2021
W4294053529,https://doi.org/10.2166/wh.2022.108,Health risk assessment of fluoride exposure due to groundwater consumption in Romania,2022
W4403047200,https://doi.org/10.2166/wh.2024.210,From bibliography to understanding: water microbiology and human health,2024
W2168186001,https://doi.org/10.2166/wh.2010.102,"Occurrence of antibiotic resistance genes in reclaimed water and river water in the Werribee Basin, Australia",2010
W4200245625,https://doi.org/10.2166/wh.2021.169,Disinfection of therapeutic water – balancing risks against benefits: case study of Hungarian therapeutic baths on the effects of technological steps and disinfection on therapeutic waters,2021
W2117787607,https://doi.org/10.2166/wh.2010.105,Using native riparian barriers to reduce Giardia in agricultural runoff to freshwater ecosystems,2010
W2039571587,https://doi.org/10.2166/wh.2014.034,Application of denaturing gradient gel electrophoresis (DGGE) for assessing fecal pollution sources at a recreational beach,2014
W2071561363,https://doi.org/10.2166/wh.2009.149,"Use of faecal pollution indicators to estimate pathogen die off conditions in source separated faeces in Kathmandu Valley, Nepal",2008
W1987023299,https://doi.org/10.2166/wh.2010.216,Prevalence study of Simkania negevensis in cooling towers in Spain,2010
W2336872118,https://doi.org/10.2166/wh.2016.266,Is swimming in recreational water associated with the occurrence of respiratory illness? A systematic review and meta-analysis,2016
W2400117946,https://doi.org/10.2166/wh.2016.010,Simultaneous removal of rotavirus and adenovirus from artificial ground water using hydrochar derived from swine feces,2016
W2329174450,https://doi.org/10.2166/wh.2014.223,Assessing point-of-use ultraviolet disinfection for safe water in urban developing communities,2014
W2552135312,https://doi.org/10.2166/wh.2016.275,"Norovirus genogroups I and II in environmental water samples from Belém city, Northern Brazil",2016
W2748965683,https://doi.org/10.2166/wh.2017.047,Emergent contaminants in the wastewater effluents of two highly populated tropical cities,2017
W2400117946,https://doi.org/10.2166/wh.2016.010,Simultaneous removal of rotavirus and adenovirus from artificial ground water using hydrochar derived from swine feces,2016
W4386607681,https://doi.org/10.2166/wh.2023.190,ECHIDNA (Emerging CHemIcals Database for National Awareness): a framework to prioritise contaminants of emerging concern in water,2023
W2560558118,https://doi.org/10.2166/wh.2016.145,"The influence of the microbial quality of wastewater, lettuce cultivars and enumeration technique when estimating the microbial contamination of wastewater-irrigated lettuce",2016
W4210363109,https://doi.org/10.2166/wh.2022.179,SARS-CoV-2 variant detection from wastewater: rapid spread of B.1.1.7 lineage in Hungary,2022
W4400953386,https://doi.org/10.2166/wh.2024.145,Formation mechanism of injured bacteria after disinfection with epigallocatechin gallate (EGCG) as a disinfectant,2024
W2991538225,https://doi.org/10.2166/wh.2019.109,Maternal urinary levels of trichloroacetic acid and association with adverse pregnancy outcomes,2019
W2912228718,https://doi.org/10.2166/wh.2019.268,Evaluation of adaptive low cost solar water pasteurization device for providing safe potable water in rural households,2019
W2018410076,https://doi.org/10.2166/wh.2013.225,Accuracy of the H2S test: a systematic review of the influence of bacterial density and sample volume,2013
W4248708742,https://doi.org/10.2166/wh.2007.014b,"Microbiological quality of fish grown in wastewater-fed and non-wastewater-fed fishponds in Hanoi, Vietnam: influence of hygiene practices in local retail markets",2007
W4296583538,https://doi.org/10.2166/wh.2022.061,The anti-biofilm activity of hydrogen peroxide against <i>Escherichia coli</i> strain FL-Tbz isolated from a pharmaceutical water system,2022
W2166861026,https://doi.org/10.2166/wh.2007.016,Relative importance of the various environmental sources of Cryptosporidium oocysts in three watersheds,2007
W4214625525,https://doi.org/10.2166/wh.2022.257,"Harmful algal bloom-related 311 calls, Cape Coral, Florida 2018–2019",2022
W2067946726,https://doi.org/10.2166/wh.2009.045,Prospects for applying virulence factor–activity relationships (VFAR) to emerging waterborne pathogens,2009
W4406932019,https://doi.org/10.2166/wh.2025.280,Navigating the complex landscape of waterborne disease research,2025
W3105493184,https://doi.org/10.2166/wh.2020.145,Exploring the impact of soil and water salinity on dietary behavior and health risk of coastal communities in Bangladesh,2020
W3092129490,https://doi.org/10.2166/wh.2020.132,"Water desalination, serum magnesium and dementia: a population-based study",2020
W2116776443,https://doi.org/10.2166/wh.2009.050,"A study of the use and impacts of LifeStraw™ in a settlement camp in southern Gezira, Sudan",2009
W4401394880,https://doi.org/10.2166/wh.2024.186,"Water, environment, and health nexus: understanding the risk factors for waterborne diseases in communities along the Tano River Basin, Ghana",2024
W4237122014,https://doi.org/10.2166/wh.2018.999,"Corrigendum: Journal of Water and Health 16 (4), 491–500: Use of bacterial spores in monitoring water quality and treatment, Gerard N. Stelma, Jr",2018
W2119236365,https://doi.org/10.2166/wh.2013.210,"Effects of a 20 year rain event: a quantitative microbial risk assessment of a case of contaminated bathing water in Copenhagen, Denmark",2013
W4407838146,https://doi.org/10.2166/wh.2025.333,"Characterization of enteric pathogens in Harare, Zimbabwe using environmental surveillance and metagenomics",2025
W2267906429,https://doi.org/10.2166/wh.2015.077,Assessment of molecular methods as a tool for detecting pathogenic protozoa isolated from water bodies,2015
W3214525807,https://doi.org/10.2166/wh.2021.113,Assessment of radiation dose hazards caused by radon and its progenies in tap water by the human dosimetric model,2021
W2167017016,https://doi.org/10.2166/wh.2012.157,"A time series study of drug sales and turbidity of tap water in Le Havre, France",2012
W2741685932,https://doi.org/10.2166/wh.2017.032,"Development of recreational water spray ground design regulations in New York State, an engineering approach",2017
W2599006350,https://doi.org/10.2166/wh.2017.296,Occurrence of Legionella in showers at recreational facilities,2017
W2098573950,https://doi.org/10.2166/wh.2011.173,Recovery of Salmonella from biofilms in a headwater spring ecosystem,2011
W4252356952,https://doi.org/10.2166/wh.2009.118,The potential implications of person-to-person transmission of viral infection for US EPA's Groundwater Rule,2009
W4394918243,https://doi.org/10.2166/wh.2024.373,Direct injection ultra-performance liquid chromatography–tandem mass spectrometry for the high-throughput determination of etomidate and etomidate acid in wastewater,2024
W4416299958,https://doi.org/10.2166/wh.2025.126,"Development of a health risk-based weighted water quality index using multivariate statistical analysis: a case study from Taichung's Dajia River Basin, Taiwan",2025
W2169900362,https://doi.org/10.2166/wh.2012.011,"Comparison of enterovirus and adenovirus concentration and enumeration methods in seawater from Southern California, USA and Baja Malibu, Mexico",2012
W2978743740,https://doi.org/10.2166/wh.2019.164,Examining the factors related to bacteriological testing of private wells in Southern Ontario,2019
W153473562,https://doi.org/10.2166/wh.2005.0010,Microbiological assessment of ambient waters and proposed water sources for restoration of a Florida wetland,2005
W4283752603,https://doi.org/10.2166/wh.2022.043,Laboratory evaluation of the efficacy of bucket chlorination guidelines at inactivating <i>Vibrio cholerae</i> for waters of varying quality,2022
W2074895103,https://doi.org/10.2166/wh.2012.084,Solar inactivation of four Salmonella serovars in fresh and marine waters,2012
W4392463723,https://doi.org/10.2166/wh.2024.321,Molecular characterization and prevalence of <i>β</i>-lactamase-producing <i>Enterobacterales</i> in livestock and poultry slaughterhouses wastewater in Iran,2024
W4386484623,https://doi.org/10.2166/wh.2023.128,Modeled and measured SARS-CoV-2 virus in septic tank systems for wastewater surveillance,2023
W4313320475,https://doi.org/10.2166/wh.2022.194,Genetic diversity and prevalence of extended-spectrum beta-lactamase-producing <i>Escherichia coli</i> and <i>Klebsiella pneumoniae</i> in aquatic environments receiving untreated hospital effluents,2022
W2333570735,https://doi.org/10.2166/wh.2014.167,Transport effects on hydraulic loading rate and microbial removal performance in biosand filters,2014
W3103330854,https://doi.org/10.2166/wh.2020.199,Laboratory efficacy of surface disinfection using chlorine against <i>Vibrio cholerae</i>,2020
W3204319957,https://doi.org/10.2166/wh.2021.151,Antibiotic resistance genes in an urban stream before and after a state fair,2021
W4281986470,https://doi.org/10.2166/wh.2022.030,"Molecular identification and phylogenetic analysis of free-living amoeba in the water resources of Arak, Iran",2022
W2896281287,https://doi.org/10.2166/wh.2018.130,Rotavirus analyses by SYBR Green real-time PCR and microbiological contamination in bivalves cultivated in coastal water of Amazonian Brazil,2018
W4308457786,https://doi.org/10.2166/wh.2022.223,Prevalence of enteric viruses in wastewater in Egypt after the COVID-19 pandemic,2022
W4392529774,https://doi.org/10.2166/wh.2024.306,Beachgoers' responses to beach health advisories,2024
W2997331627,https://doi.org/10.2166/wh.2019.103,Monitoring hospital wastewaters for their probable genotoxicity,2019
W2041566193,https://doi.org/10.2166/wh.2008.027,"Nitrate and bacterial contamination in well waters in Vinh Phuc province, Vietnam",2008
W2328251404,https://doi.org/10.2166/wh.2016.206,A physical descriptive model for predicting bacteria level variation at a dynamic beach,2016
W2583637663,https://doi.org/10.2166/wh.2017.234,Polysulfone ultrafiltration membrane incorporated with Ag-SiO2 nanohybrid for effective fouling control,2017
W3092583290,https://doi.org/10.2166/wh.2020.050,"Groundwater chemistry and health risks associated with nitrate intake in Hailun, northeast China",2020
W2063682889,https://doi.org/10.2166/wh.2013.166,Water shortages and extreme events: a call for research,2013
W2945832989,https://doi.org/10.2166/wh.2020.230,"Factors associated with adherence to safe water chain practices among refugees in Pagirinya refugee settlement, Northern Uganda",2020
W2125120176,https://doi.org/10.2166/wh.2013.068,Incorporating potable water sources and use habits into surveys that improve surrogate exposure estimates for water contaminants: the case of bisphenol A,2013
W4403921906,https://doi.org/10.2166/wh.2024.232,Healthcare waste management and antimicrobial resistance: a critical review,2024
W4400134247,https://doi.org/10.2166/wh.2024.131,Different persistence among strains of <i>E. faecalis</i> and <i>E. faecium</i> in sterile treated wastewater microcosms: Effects of temperature and ciprofloxacin,2024
W2149856300,https://doi.org/10.2166/wh.2013.142,The potential of lipopolysaccharide as a real-time biomarker of bacterial contamination in marine bathing water,2013
W2963698067,https://doi.org/10.2166/wh.2019.214,Occurrence and molecular characterisation of Acanthamoeba isolated from recreational hot springs in Malaysia: evidence of pathogenic potential,2019
W4390704497,https://doi.org/10.2166/wh.2024.316,"Impact of abattoirs and local textile (Adire and Kampala) effluents on Yemoja River in Abeokuta, Nigeria",2024
W2894797424,https://doi.org/10.2166/wh.2018.072,Removal of Escherichia coli from well water using continuous laminar flow in a channel system containing PPy/Cu modified electrodes,2018
W4378781891,https://doi.org/10.2166/wh.2023.034,"Environmental genomic surveillance of SARS-CoV-2 in wastewater in Rio de Janeiro, Brazil",2023
W2550540609,https://doi.org/10.2166/wh.2016.173,Application of quantitative real-time PCR compared to filtration methods for the enumeration of Escherichia coli in surface waters within Vietnam,2016
W2555906623,https://doi.org/10.2166/wh.2016.209,Source tracking of Enterococcus moraviensis and E. haemoperoxidus,2016
W4401426420,https://doi.org/10.2166/wh.2024.377,Tracking SARS-CoV-2 and its variants in wastewater in Tunisia,2024
W4318567418,https://doi.org/10.2166/wh.2023.244,"Limnological variables as a determinant of fish parasites abundance in the Esa-Odo reservoir, Esa-Odo Southwestern Nigeria",2023
W4236112647,https://doi.org/10.2166/wh.2017.000,"Erratum: Journal of Water and Health 14(6), 998–1008: Exploring the relationships between small non-community drinking water system characteristics and water system performance in Ontario, Canada, W. Pons et al., doi: https://doi.org/10.2166/wh.2016.007",2017
W2519658236,https://doi.org/10.2166/wh.2016.154,Survival of antibacterial resistance microbes in hospital-generated recycled wastewater,2016
W2043858305,https://doi.org/10.2166/wh.2009.028,Bacteriological analysis of indoor and outdoor water parks in Wisconsin,2009
W223853823,https://doi.org/10.2166/wh.2015.002,Efficacy of aqueous plant extract in disinfecting water of different physicochemical properties,2015
W3025129767,https://doi.org/10.2166/wh.2020.005,Rotavirus contamination of surface waters from the northwest of Argentina,2020
W2746429356,https://doi.org/10.2166/wh.2017.054,"Consumption of edible ice contaminated with Acinetobacter, Pseudomonas, and Stenotrophomonas is a risk factor for fecal colonization with extended-spectrum β-lactamase-producing Escherichia coli in Vietnam",2017
W2898536667,https://doi.org/10.2166/wh.2018.181,Development of a dose–response model for Naegleria fowleri,2018
W4389727747,https://doi.org/10.2166/wh.2023.277,"Health risk assessment of drinking groundwater in rural areas of Ru village and surrounding areas in Wutai County, China",2023
W4399129285,https://doi.org/10.2166/wh.2024.041,Carbapenem-resistant <i>Enterobacterales</i> in wastewater resources and healthy carriers: A survey in Iran,2024
W4391879874,https://doi.org/10.2166/wh.2024.362,"Women, water and access: inscribing gender power in and through a place",2024
W2150431615,https://doi.org/10.2166/wh.2010.131,Homemade bone charcoal adsorbent for defluoridation of groundwater in Thailand,2010
W4309748698,https://doi.org/10.2166/wh.2022.293,A glass matrices-assisted quantum dots-based biosensor for selective capturing and detection of<i>Escherichia coli</i>,2022
W2529280120,https://doi.org/10.2166/wh.2016.254,Limited effectiveness of household sand filters for removal of arsenic from well water in North Vietnam,2016
W3037353311,https://doi.org/10.2166/wh.2020.053,Social factors shaping the adoption of lead-filtering point-of-use systems: an observational study of an MTurk sample,2020
W1994833164,https://doi.org/10.2166/wh.2011.171,Beach communications: a need for evaluation of current approaches,2011
W2964895499,https://doi.org/10.2166/wh.2019.054,"Precipitation effects on parasite, indicator bacteria, and wastewater micropollutant loads from a water resource recovery facility influent and effluent",2019
W2804712222,https://doi.org/10.2166/wh.2018.031,"Performance evaluation of waste stabilization ponds on removal of Listeria spp.: a case study of Isfahan, Iran",2018
W2077953112,https://doi.org/10.2166/wh.2009.072,Virulence factor–activity relationships: workshop summary,2009
W2917732479,https://doi.org/10.2166/wh.2019.297,Variations in sensitivity to chlorine in Ecuador and US consumers: implications for community water systems,2019
W4416204046,https://doi.org/10.2166/wh.2025.131,Novel molecular assessment method using precursor ribosomal RNA to rapidly quantify hard-to-monitor pathogens in aqueous suspensions: application to ultraviolet disinfection of <i>Mycobacterium avium</i>,2025
W4401276650,https://doi.org/10.2166/wh.2024.121,Verifying the feasibility of wastewater-based epidemiological monitoring for the small catchment and sewage networks with significant pretreatment,2024
W2895576789,https://doi.org/10.2166/wh.2018.102,Degradation of rhodamine B with manganese dioxide nanorods,2018
W2052177669,https://doi.org/10.2166/wh.2010.149,"Waterborne diseases in the state of Mexico, Mexico (2000–2005)",2011
W4210608742,https://doi.org/10.2166/wh.2021.100,"Retraction: <i>Journal of Water and Health</i>: Detection of virulence genes of diarrheagenic <i>Escherichia coli</i> strains from drinking water in Khartoum State, Ehssan H. Moglad, Omima Abdl El Jalil Adam, Maram M. Alnosh and Hisham N. Altayb, doi: 10.2166/wh.2020.097",2021
W4376611705,https://doi.org/10.2166/wh.2023.252,Preparation of hydrogels based on poplar cellulose and their removal efficiency of Cd(II) from aqueous solutions,2023
W2007545260,https://doi.org/10.2166/wh.2011.016,Microbial risk classifications for recreational waters and applications to the Swan and Canning Rivers in Western Australia,2011
W4412558153,https://doi.org/10.2166/wh.2025.200,"The impact of radionuclides on water consumption in some water samples in the Ashanti Region, Ghana",2025
W2797294385,https://doi.org/10.2166/wh.2018.372,Sea water desalination and removal of iodine: effect on thyroid function,2018
W4399778209,https://doi.org/10.2166/wh.2024.019,Assessing the prevalence of FRNA bacteriophages and their correlation with SARS-CoV-2 RNA in the wastewater of Mumbai city,2024
W3217004083,https://doi.org/10.2166/wh.2021.128,<i>Acanthamoeba</i> species isolated from marine water in Malaysia exhibit distinct genotypes and variable physiological properties,2021
W7161025365,https://doi.org/10.2166/wh.2026.080,"Corrigendum: <i>Journal of Water and Health</i> , Applying weighted quantile sum regression to wastewater surveillance: enteric viral mixtures and diarrheal disease trends in Costa Rica, Eric Morales, Luis Rivera-Montero, Nachalie Ramos-Montalvo, Jose Montiel-Mora, Bradd Mendoza-Guido, Ernesto Alfaro-Arrieta, Pablo Rivera-Navarro, Kenia Barrantes and Luz Chacón, https://dx.doi.org/10.2166/wh.2026.197",2026
W2773645180,https://doi.org/10.2166/wh.2017.194,Season matters when sampling streams for swine CAFO waste pollution impacts,2017
W567061528,https://doi.org/10.2166/wh.2014.097,Bacterial growth and biofilm formation in household-stored groundwater collected from public wells,2014
W2896592209,https://doi.org/10.2166/wh.2018.143,Cryptosporidium genotyping and land use mapping for hazard identification and source tracking in a small mixed rural–urban watershed in Southeastern Brazil,2018
W4293744873,https://doi.org/10.2166/wh.2022.098,"The first detection of SARS-CoV-2 RNA in urban wastewater in Giza, Egypt",2022
W4392041016,https://doi.org/10.2166/wh.2024.168,Human health risk assessment framework for new water resource recovery-based bio-composite materials,2024
W2272688634,https://doi.org/10.2166/wh.2014.187,Evaluation of an MPN test for the rapid enumeration of Pseudomonas aeruginosa in hospital waters,2014
W2292024950,https://doi.org/10.2166/wh.2015.057,"Bidet toilet seats with warm-water tanks: residual chlorine, microbial community, and structural analyses",2015
W4362673449,https://doi.org/10.2166/wh.2023.276,"Reliability of stored river water as an alternative for consumption in Ekpoma, Nigeria: a human health risk assessment",2023
W4408330630,https://doi.org/10.2166/wh.2025.242,"<i>Aeromonas</i>, an opportunistic pathogen present in wastewater in Tulancingo, Mexico",2025
W4392818376,https://doi.org/10.2166/wh.2024.305,Detection of metallo-beta-lactamase-producing genes <i>bla</i>SPM and <i>bla</i>NDM in <i>Pseudomonas aeruginosa</i> isolated from wastewater in Southern Brazil,2024
W2905727229,https://doi.org/10.2166/wh.2018.217,Variability of residual chlorine in swimming pool water and determination of chlorine consumption for maintaining hygienic safety of bathers with a simple mass balance model,2018
W4312178071,https://doi.org/10.2166/wh.2022.254,Vitamin D deficiency in patients with diabetes and its correlation with water fluoride levels,2022
W3145512391,https://doi.org/10.2166/wh.2021.267,Nature of sorption of trivalent arsenic on novel iron oxyhydroxide stabilized starch/OMMT composite: A mechanistic approach,2021
W3033186090,https://doi.org/10.2166/wh.2020.032,"Does community-wide water chlorination reduce hepatitis E virus infections during an outbreak? A geospatial analysis of data from an outbreak in Am Timan, Chad (2016–2017)",2020
W4401825030,https://doi.org/10.2166/wh.2024.098,"Antimicrobial resistance characterization of <i>Enterococcus faecium, Enterococcus faecalis</i> and <i>Enterococcus hirae</i> isolated from marine coastal recreational waters in the State of São Paulo, Brazil",2024
W4392506695,https://doi.org/10.2166/wh.2024.302,"Occurrence of coliforms and biofilm-forming bacteria in raw, treated, and distributed water from two waterwork systems in Osun State, Southwestern Nigeria",2024
W4395075435,https://doi.org/10.2166/wh.2024.036,Commercial reverse osmosis point-of-use systems in Egypt failed to purify tap water,2024
W2316529993,https://doi.org/10.2166/wh.2015.290,Transport of enterococci and F+ coliphage through the saturated zone of the beach aquifer,2015
W3200825642,https://doi.org/10.2166/wh.2021.031,Degradation of 17<i>β</i>-estradiol by UV/persulfate in different water samples,2021
W3096284276,https://doi.org/10.2166/wh.2020.089,Occurrence of <i>Cyanobacteria</i> and microcystins in hydroelectric reservoirs used for fish farming,2020
W2154602384,https://doi.org/10.2166/wh.2007.048,Effect of water suspended particles on the recovery of Cryptosporidium parvum from tomato surfaces,2007
W4290769614,https://doi.org/10.2166/wh.2022.089,Evaluate the effectiveness technology for the treatment of oily wastewater,2022
W2401397428,https://doi.org/10.2166/wh.2016.002,Water recreation and illness severity,2016
W4407797879,https://doi.org/10.2166/wh.2025.001,"Erratum: <i>Journal of Water and Health</i>, 22 (11): 2233–2245: Effectiveness of the upscaled use of a silver–ceramic (silver ionization) technology to disinfect drinking water in tanks at schools in rural India, Luke Juran, Emily Wilcox, Meghan Albritton, James A. Smith, Jamie D. Harris, Alasdair Cohen, Lalit M. Sharma, Yashi Gautam, https://dx.doi.org/10.2166/wh.2024.407",2025
W4411146294,https://doi.org/10.2166/wh.2025.023,Characterization and evaluation of recycled glass sand as water filtration media,2025
W2922184069,https://doi.org/10.2166/wh.2019.304,"Occurrence of norovirus genogroups I and II in recreational water from four beaches in Belém city, Brazilian Amazon region",2019
W1967945219,https://doi.org/10.2166/wh.2009.132,Mathematical models for Enterococcus faecalis recovery after microwave water disinfection,2009
W4409476329,https://doi.org/10.2166/wh.2025.325,Evaluation of the timing and regional distribution of 18 psychoactive drugs and metabolites in a Chinese city by wastewater analysis,2025
W3164984326,https://doi.org/10.2166/wh.2021.269,Microbial faecal pollution of river water in a watershed of tropical Ethiopian highlands is driven by diffuse pollution sources,2021
W4312076962,https://doi.org/10.2166/wh.2022.008,"Erratum: <i>J Water Health</i> (2022) 20 (9): 1329–1342: Health impacts of water and sanitation insecurity in the Global North: a scoping literature review for U.S. colonias on the Mexico border, Madeleine Zheng, Amber Wutich, Alexandra Brewis, Stavros Kavouras",2022
W2050714225,https://doi.org/10.2166/wh.2007.003,Geographic sharing of ribotype patterns in Enterococcus faecalis for bacterial source tracking,2007
W4392907297,https://doi.org/10.2166/wh.2024.320,"Health risk analysis of nitrate in groundwater in Shanxi Province, China: A case study of the Datong Basin",2024
W2007886959,https://doi.org/10.2166/wh.2014.028,Disinfection of an advanced primary effluent using peracetic acid or ultraviolet radiation for its reuse in public services,2014
W4404524573,https://doi.org/10.2166/wh.2024.234,Fluoride and nitrogen contamination and potential health risks in the groundwater of a typical agricultural region,2024
W4372294502,https://doi.org/10.2166/wh.2023.255,Diversity of <i>bla</i>POM in carbapenem-resistant opportunistic pathogenic <i>Pseudomonas otitidis</i> in municipal wastewater,2023
W7128510246,https://doi.org/10.2166/wh.2026.091,"Identification and characterization of <i>Escherichia coli</i> isolated from the surface water of the Laramie River, Wyoming",2026
W3032663929,https://doi.org/10.2166/wh.2020.040,Solar inactivated Vibrio cholerae induces maturation of JAWS II dendritic cell line in vitro,2020
W4210595917,https://doi.org/10.2166/wh.2022.263,"Sources, enumerations and inactivation mechanisms of four emerging viruses in aqueous phase",2022
W4388206644,https://doi.org/10.2166/wh.2023.360,First report of <i>Acanthamoebae</i> spp. isolation from a volcanic mud spring in the Philippines,2023
W2118334259,https://doi.org/10.2166/wh.2007.138,SCADA data and the quantification of hazardous events for QMRA,2007
W152123495,https://doi.org/10.2166/wh.2006.0006,Effects of large-scale poultry farms on aquatic microbial communities: A molecular investigation,2006
W4403683100,https://doi.org/10.2166/wh.2024.301,Sewer system sampling for wastewater-based disease surveillance: Is the work worth it?,2024
W4296716157,https://doi.org/10.2166/wh.2022.193,Identification of <i>Acanthamoeba</i> spp. from water and soil of public parks in the north of Iran,2022
W4376611509,https://doi.org/10.2166/wh.2023.303,"Appraisal of surface–groundwater anthropogenic indicators and associated human health risk in El Sharqia Governorate, Egypt",2023
W4393200759,https://doi.org/10.2166/wh.2024.005,Occurrence of sulfate-reducing bacteria in well water: identification of anaerobic sulfidogenic bacterial enrichment cultures,2024
W4414591582,https://doi.org/10.2166/wh.2025.058,Global research trends on the links between disinfection by-products and cancer: mapping knowledge landscapes and visualization analysis,2025
W3210942341,https://doi.org/10.2166/wh.2021.209,Diversity and health risk potentials of the <i>Enterococcus</i> population in tropical coastal water impacted by Hurricane Lane,2021
W2011431168,https://doi.org/10.2166/wh.2014.087,In vivo genotoxicity of treated water containing the cylindrospermopsin-producer Cylindrospermopsis raciborskii,2014
W4292212819,https://doi.org/10.2166/wh.2022.127,High occurrence of viable forms of <i>Cryptosporidium</i> and <i>Giardia</i> in domestic sewage from an agricultural region of Brazil,2022
W2247309878,https://doi.org/10.2166/wh.2015.176,"Assessment of groundwater quality using geographical information system (GIS), at north-east Cairo, Egypt",2015
W4412194936,https://doi.org/10.2166/wh.2025.041,"Coupling WQI and multivariate statistical approaches for key parameter identification and human health risk assessment in the longevity region of Hechi City, China",2025
W2108617332,https://doi.org/10.2166/wh.2011.042,Estimating changes in river faecal coliform loading using nonparametric multiplicative regression,2011
W4386186600,https://doi.org/10.2166/wh.2023.186,Molecular characterisation and potential pathogenicity analysis of <i>Acanthamoeba</i> isolated from recreational lakes in Peninsular Malaysia,2023
W4410233968,https://doi.org/10.2166/wh.2025.046,"Assessing well characteristics as risk factors for bacterial contamination of private wells in Wellington-Dufferin-Guelph, Ontario",2025
W4386295042,https://doi.org/10.2166/wh.2023.179,"The impact of chlorine, ultraviolet-C, and microwave treatment on the survivability of <i>Blastocystis</i> sp. cysts",2023
W4383222822,https://doi.org/10.2166/wh.2023.047,Hydrochemical characterisation and identification of seawater intrusion in the Visakhapatnam coastal aquifer,2023
W4410219920,https://doi.org/10.2166/wh.2025.022,Comparative implications of tobacco and non-tobacco crop farming on aquatic ecosystems: a multi-index evaluation of irrigation suitability and pollution risks,2025
W4405323002,https://doi.org/10.2166/wh.2024.113,"Geochemical assessment of groundwater quality using Nemerov's pollution index: a micro-level study in the groundwater critical zone of western Rajasthan, India",2024
W87429177,https://doi.org/10.2166/wh.2015.253,Widespread detection of human- and ruminant-origin Bacteroidales markers in subtidal waters of the Salish Sea in Washington State,2015
W4401006938,https://doi.org/10.2166/wh.2024.103,"Assessment of groundwater hydrogeological processes, isotopic composition, and associated health risks of the Banaz (Usak) Basin, Turkey",2024
W2586872550,https://doi.org/10.2166/wh.2017.252,Effects of drinking desalinated seawater on cell viability and proliferation,2017
W4220822359,https://doi.org/10.2166/wh.2022.229,"Isolation and identification of potentially pathogenic free-living amoeba in drinking, surface, and stagnant water sources from Alborz Province, Iran",2022
W4200457690,https://doi.org/10.2166/wh.2021.255,Microbial contamination of hands with or without the use of bidet toilets (electric toilet seats with water spray) after defecation,2021
W4398176891,https://doi.org/10.2166/wh.2024.087,"Potassium ferrate's disinfecting ability: a study on human adenovirus, <i>Giardia duodenalis</i>, and microbial indicators under varying pH and water temperature conditions",2024
W4377020506,https://doi.org/10.2166/wh.2023.209,"Plankton diversity and its heavy metal content in Ratai Bay of Pesawaran district, Lampung, Indonesia",2023
W7154828940,https://doi.org/10.2166/wh.2026.209,A systematic review of the impacts of Swachh Bharat mission on health and communicable disease control in Bharat (India),2026
W4401394680,https://doi.org/10.2166/wh.2024.161,Wastewater surveillance for antibiotic resistance genes during the late 2020 SARS-CoV-2 peak in two different populations,2024
W4399582679,https://doi.org/10.2166/wh.2024.043,Watching the guards: A data-driven method to trigger warnings in national wastewater surveillance networks,2024
W4226232369,https://doi.org/10.2166/wh.2022.294,Relationships between extreme flows and microbial contamination in inland recreational swimming areas,2022
W4407415898,https://doi.org/10.2166/wh.2025.298,Measuring the human dimensions of water insecurity in Arctic and sub-Arctic regions: a narrative review,2025
W2927673567,https://doi.org/10.2166/wh.2019.208,"Assessment, control, and prevention of microbiological and chemical hazards in seasonal swimming pools of the Versilia district (Tuscany, central Italy)",2019
W4406954821,https://doi.org/10.2166/wh.2025.227,An investigation into the influence of climate extreme on groundwater regimes and human health in the Periyar Basin: A fast growing urban centre in India,2025
W4404592805,https://doi.org/10.2166/wh.2024.265,Vertical stratification of the water microbiome in an electric water heater tank: implications for premise plumbing opportunistic pathogens,2024
W4224260359,https://doi.org/10.2166/wh.2022.296,"Human source identification by using a human<b>-</b>associated <i>Escherichia coli</i> genetic marker in the Mae Klong River, Thailand",2022
W7130828423,https://doi.org/10.2166/wh.2026.145,From contamination to decision-making: integrated indices and multivariate analysis for groundwater health risk assessment,2026
W4406856590,https://doi.org/10.2166/wh.2025.264,Detection and selection of dye-degrading bacteria from surface waters with different degrees of contamination,2025
W7164477632,https://doi.org/10.2166/wh.2026.198,"Causal inference for targeted public health interventions: interactions among environmental, social, and economic determinants within the one health framework",2026
W36366996,https://doi.org/10.2166/wh.2022.267,"Acoustic Analysis of Actresses' VoicesLong-term average spectrum analysis of the voices of 18 professional Dutch actresses, comparing speaking with emotion to speaking in a neutral voice",2011
W4402678449,https://doi.org/10.2166/wh.2024.095,"Assessing biosocial vectors in water contamination, the incidence of water-borne illnesses, and insecurity in Kathmandu, Nepal",2024
W4381144418,https://doi.org/10.2166/wh.2023.009,2D and 3D electrochemical degradation (ECD) of raw cotton industry wastewater (CIWW) using stainless steel and aluminium electrodes,2023
W2336858717,https://doi.org/10.2166/wh.2016.189,Comparative study on nutrient removal of agricultural non-point source pollution for three filter media filling schemes in eco-soil reactors,2016
W7128586917,https://doi.org/10.2166/wh.2026.252,"Climate change and water-related diseases: a bibliometric, knowledge map, topic modeling, and content analysis",2026
W4293469486,https://doi.org/10.2166/wh.2022.141,Elevated water lead levels in schools using water from on-site wells,2022
W2262552313,https://doi.org/10.2166/wh.2015.105,Arsenic from community water fluoridation: quantifying the effect,2015
W7128165064,https://doi.org/10.2166/wh.2026.176,Large-volume sampling for improved characterization of microbial contamination in agricultural waters: a case study from southeastern U.S. produce farms,2026
W7164884095,https://doi.org/10.2166/wh.2026.052,<i>Escherichia coli</i> in water samples at Bhutan's National Food Testing Laboratory: baseline findings and scoping for antimicrobial resistance surveillance,2026
W4392955561,https://doi.org/10.2166/wh.2024.035,Physicochemical and ecotoxicological approaches for Moknine Continental Sebkha in Tunisia,2024
W4411174007,https://doi.org/10.2166/wh.2025.395,Mitigating <i>Legionella</i> spp. risk in an Australian healthcare facility using on-site electrochemical water disinfection,2025
W2617908455,https://doi.org/10.2166/wh.2017.244,Modelling spatio-temporal heterogeneities in groundwater quality in Ghana: a multivariate chemometric approach,2017
W4388869198,https://doi.org/10.2166/wh.2023.232,Short-term impacts of a large cultural event on the microbial pollution status of a pre-alpine river,2023
W4413162429,https://doi.org/10.2166/wh.2025.095,"Comparative study of residual chlorine, temperature and pH effect on swimming pools contamination by some pathogenic bacteria: Study of a case in Algeria",2025
W28771151,https://doi.org/10.2166/wh.2017.049,Faking Altruism: The True Nature of Giving,2011
W4390753057,https://doi.org/10.2166/wh.2024.233,Unveiling the viral escape: Quantification of microfloc-bound viruses in precoagulation and membrane filtration,2024
W7161645980,https://doi.org/10.2166/wh.2026.075,"Biofilm properties and multidrug resistance profile of <i>Klebsiella pneumoniae</i> , <i>Escherichia coli</i> , and <i>Staphylococcus aureus</i> isolated from hospital wastewater in Bangladesh",2026
W4409107240,https://doi.org/10.2166/wh.2025.286,"Characterizing the co-existence of metallo-β-lactamase-producing and extended-spectrum β-lactamase-producing <i>Escherichia coli</i> and <i>Klebsiella pneumoniae</i> isolates in community wastewater samples of Dhaka, Bangladesh",2025
W7169506373,https://doi.org/10.2166/wh.2026.133,"Spatio-seasonal groundwater heavy metal contamination and health risks in West Sheger city, Ethiopia: integrated APCS-MLR-PMF approach",2026
W4413781017,https://doi.org/10.2166/wh.2025.037,Integrating environmental and health data: insights and lessons from Australia's water monitoring systems,2025
W7140296207,https://doi.org/10.2166/wh.2026.237,"Seasonal variation of <i>Escherichia coli-</i> harbored <i>bla</i> TEM, <i>bla</i> CTX-M, and <i>bla</i> SHV genes in selected tributaries of Laguna Lake, Philippines",2026
W7163687299,https://doi.org/10.2166/wh.2026.036,Socioeconomic and attitudinal predictors of bottled water use among lower-income households in Southwest Virginia,2026
W7128158120,https://doi.org/10.2166/wh.2026.248,"Environmental investigation of a hepatitis A outbreak associated with spring water consumption in an Anabaptist community: Kentucky, 2018–2019",2026
W2941379702,https://doi.org/10.2166/wh.2019.248,Emerging pathogens and deliberate attacks on European water supplies: a scenario planning workshop,2019
W7161126660,https://doi.org/10.2166/wh.2026.151,Assessing the water infrastructure in Small and Rural Indigenous (SRI) communities: a risk assessment framework,2026
W4414863583,https://doi.org/10.2166/wh.2025.381,"Health risk evaluation of heavy metal-contaminated groundwater in unplanned settlements of Dar es Salaam,Tanzania",2025
W7169673378,https://doi.org/10.2166/wh.2026.272,"Rising tide of antibiotics and antibiotic resistance: insights from urban environments and hospital effluents in Accra, Ghana",2026
W7166813726,https://doi.org/10.2166/wh.2026.098,Surveillance structure and inspection challenges of small water supplies in the Nordic region,2026
W4391529696,https://doi.org/10.2166/wh.2024.361,Risk factors for <i>Cryptosporidium</i> contamination in Minnesota public supply wells,2024
W7133534677,https://doi.org/10.2166/wh.2026.234,Water and food contamination with <i>Escherichia coli</i> pathotypes in the southwest region of Cameroon,2026
W4390753168,https://doi.org/10.2166/wh.2024.271,"Risk factors for dental caries: A case study in peatlands and non-peatlands of West Kalimantan, Indonesia",2024
W19590129,https://doi.org/10.2166/wh.2009.115,London Underground Celebrates Anniversary With LEGO Tube Maps,2013
W38295070,https://doi.org/10.2166/wh.2023.026,European Security and the Role of Italy,2009
W7134035323,https://doi.org/10.2166/wh.2026.127,"Molecular detection and characterization of rotavirus A in wastewater from Morogoro, Tanzania",2026
W4400319714,https://doi.org/10.2166/wh.2024.127,Reducing sample size by clustering: A way to make risk assessment feasible for large groups of organic compounds?,2024
W7162631072,https://doi.org/10.2166/wh.2026.034,Norovirus wastewater monitoring during a community outbreak investigation in Pennsylvania,2026
W7166575697,https://doi.org/10.2166/wh.2026.254,"Occurrence and health risk assessment of per- and Polyfluoroalkyl Substances (PFAS) in household tap water in Ho Chi Minh City, Vietnam",2026
W7147170679,https://doi.org/10.2166/wh.2026.222,"Detection of ESBL, AmpC-β-lactamase and carbapenemase-encoding genes among <i>Escherichia coli</i> and <i>Klebsiella</i> spp. from clinical samples and hospital wastewater in Burkina Faso",2026
W7168151825,https://doi.org/10.2166/wh.2026.041,"Assessing PFAS contamination, exposure pathways, and risk in a terminal non-potable aquatic system: A case study of Swan Lake, Nevada",2026
W4290792231,https://doi.org/10.2166/wh.2022.164,Water consumption habits of a north-western Turkish community: a cross-sectional study,2022
W4407226587,https://doi.org/10.2166/wh.2025.372,Insights into kinetic and regression models developed to estimate the abundance of antibiotic-resistant genes during biological digestion of wastewater sludge,2025
W4317234274,https://doi.org/10.2166/wh.2023.162,Survey of float tank operating practices,2023
W7168049775,https://doi.org/10.2166/wh.2026.077,"Playground microbes: A microbiological assessment of the contamination of water and soil-cover materials in public playgrounds in Hanover, Germany",2026
W7119494520,https://doi.org/10.2166/wh.2025.364,Assessment of silver ion disinfection in relation to microbial cell characteristics based on intrinsic quenching model,2025
W7162573656,https://doi.org/10.2166/wh.2026.261,From plant pathogen to public health tool: A review of tobamoviruses and their role in wastewater &amp; environmental surveillance,2026
W4403570521,https://doi.org/10.2166/wh.2024.167,"Detection of <i>Legionella</i> spp. in influent wastewater in Kobe City, Japan",2024
W7125488211,https://doi.org/10.2166/wh.2026.160,Seasonal dynamics of endotoxin in dialysis water: one-year surveillance in Iraq,2026
W7167885222,https://doi.org/10.2166/wh.2026.023,"Pharmaceuticals of emerging concern within a transboundary river basin: spatial, ecological risks patterns and human health risks assessments",2026
W7128487568,https://doi.org/10.2166/wh.2025.162,Proof-of-concept of host attribution of antimicrobial resistance genes using wastewater Hi-C metagenome sequencing,2025
W7166191110,https://doi.org/10.2166/wh.2026.240,Assessing long-term specific pollutant loads in municipal wastewater plants influent using monitoring data: A case study from Latvia,2026
W7126197287,https://doi.org/10.2166/wh.2026.187,Silver tungstate/magnesium oxide nanocomposite as a high-performance adsorbent for bromide removal from aqueous systems,2026
W7155160432,https://doi.org/10.2166/wh.2026.205,Comparison of pepper mild mottle virus with established human sewage markers in Thailand,2026
W4392166104,https://doi.org/10.2166/wh.2024.390,Effect of exposure to disinfection by-products during swimming exercise on asthma-related immune responses,2024
W4386538796,https://doi.org/10.2166/wh.2023.220,Efficacy of combined disinfection with a nitric oxide donor in controlling biofilm formation on the reverse osmosis water pathway for hemodialysis,2023
W4283699699,https://doi.org/10.2166/wh.2022.080,Metal leaching test of commercially available faucets in the Japanese market in 2016–2020,2022
W4414851861,https://doi.org/10.2166/wh.2025.042,Water management practices and antibiotic-resistant <i>Pseudomonas aeruginosa</i> contamination in Ethiopian tertiary hospitals: implications for waterborne healthcare-associated infections,2025
W2565946106,https://doi.org/10.2166/wh.2016.199,Rapid molecular identification of fecal origin-colonies growing on Enterococcus spp.-specific culture methods,2016
W7137271044,https://doi.org/10.2166/wh.2026.212,Estimating wastewater concentrations of norovirus and rotavirus from global data on community-level infection prevalence and viral shedding,2026
W2894648600,https://doi.org/10.2166/wh.2018.161,Evaluation of denaturing gradient gel electrophoresis for the detection of mycobacterial species and their potential association with waterborne pathogens,2018
W7167631353,https://doi.org/10.2166/wh.2026.021,Assessment of changes in radioactive levels and associated health effects in Chinese river basins through the integration of knowledge graphs and risk evaluation models,2026
