work_id,doi,title,publication_year
W2338517335,https://doi.org/10.2166/aqua.2002.0038,Dissolved organic nitrogen in drinking water supplies: a review,2002
W2068847382,https://doi.org/10.2166/aqua.2010.052,Assessing biological stability of drinking water without disinfectant residuals in a full-scale water supply system,2010
W3094435414,https://doi.org/10.2166/aqua.2020.052,The effectiveness of household water treatment and safe storage in improving drinking water quality: a disinfection by-product (DBP) perspective,2020
W1973040069,https://doi.org/10.2166/aqua.2013.007,Drinking water treatment technologies in Europe: state of the art – challenges – research needs,2013
W1984164921,https://doi.org/10.2166/aqua.2007.013,Developments of high rate dissolved air flotation for drinking water treatment,2007
W2142096715,https://doi.org/10.2166/aqua.1999.0025,A review of performance indicators for real losses from water supply systems,1999
W70836419,https://doi.org/10.2166/aqua.2006.0010,Water quality of rooftop rainwater harvesting systems: a review,2006
W2019752220,https://doi.org/10.2166/aqua.2008.100,Fixed-bed adsorption in drinking water treatment: a critical review on models and parameter estimation,2008
W2088306619,https://doi.org/10.2166/aqua.2013.123,Managing water quality impacts from drought on drinking water supplies,2013
W112716503,https://doi.org/10.2166/aqua.2004.0030,Chloral hydrate: Formation and removal by drinking water treatment,2004
W1502689828,https://doi.org/10.2166/aqua.1999.0019,"Removal of pesticides during the drinking water treatment process at Florence water supply, Italy",1999
W2020604465,https://doi.org/10.2166/aqua.2008.046b,Dissolved air flotation: progress and prospects for drinking water treatment,2008
W633335642,https://doi.org/10.2166/aqua.2001.0015,Hydrogenotrophic denitrification of drinking water using a hollow fibre membrane bioreactor,2001
W3002710526,https://doi.org/10.2166/aqua.2020.122,Assessment of Cau River water quality assessment using a combination of water quality and pollution indices,2020
W2335521454,https://doi.org/10.2166/aqua.2010.077,NDMA and seven other nitrosamines in selected UK drinking water supply systems,2010
W1993749200,https://doi.org/10.2166/aqua.2013.063,Better water quality and higher energy efficiency by using model predictive flow control at water supply systems,2013
W2026192323,https://doi.org/10.2166/aqua.2010.028,Flocs and separation processes in drinking water treatment: a review,2010
W1977381169,https://doi.org/10.2166/aqua.2008.188,Oxidation of microcystin-LR with chlorine and permanganate during drinking water treatment,2008
W2082281150,https://doi.org/10.2166/aqua.2008.098,Integrated simulation of drinking water treatment,2008
W2750908621,https://doi.org/10.2166/aqua.2017.079,Policy recommendation for drinking water supply cross-border networking in the Adriatic region,2017
W2053997611,https://doi.org/10.2166/aqua.2007.092,Biological nitrification in a full-scale and pilot-scale iron removal drinking water treatment plant,2007
W2315338270,https://doi.org/10.2166/aqua.2011.059,Removal of NOM-constituents as characterized by LC-OCD and F-EEM during drinking water treatment,2011
W2308986138,https://doi.org/10.2166/aqua.2004.0019,Water treatment options for dissolved cyanotoxins,2004
W1608307657,https://doi.org/10.2166/aqua.2002.0016,Removal of 2-methylisoborneol and geosmin in surface water treatment plants in Arizona,2002
W2339243250,https://doi.org/10.2166/aqua.2000.0021,Impact of stagnation time on metal dissolution from plumbing materials in drinking water,2000
W2300438751,https://doi.org/10.2166/aqua.2004.0008,A rapid fractionation technique to characterise natural organic matter for the optimisation of water treatment processes,2004
W2322972736,https://doi.org/10.2166/aqua.2013.065,Improving equity in intermittent water supply systems,2013
W3008229403,https://doi.org/10.2166/aqua.2020.108,"Study of groundwater contamination and drinking suitability in basaltic terrain of Maharashtra, India through PIG and multivariate statistical techniques",2020
W64400671,https://doi.org/10.2166/aqua.2003.0051,UV photooxidation of NOM: issues related to drinking water treatment,2003
W2050559707,https://doi.org/10.2166/aqua.2010.071,Multicriteria decision analysis for the selection of a small drinking water treatment system,2010
W2048686644,https://doi.org/10.2166/aqua.2013.080,Removal and degradation of glyphosate in water treatment: a review,2013
W3093704290,https://doi.org/10.2166/aqua.2020.048,State-of-the-art review on the transient flow modeling and utilization for urban water supply system (UWSS) management,2020
W1986077467,https://doi.org/10.2166/aqua.2007.091,Removal of pharmaceuticals and related compounds by a bench-scale drinking water treatment system,2007
W2087275884,https://doi.org/10.2166/aqua.2012.098,Dissolved organic nitrogen (DON) in a full-scale drinking water treatment plant,2012
W2092534448,https://doi.org/10.2166/aqua.2012.070,Survey of statewide public perceptions regarding water reuse in Arizona,2012
W3128135687,https://doi.org/10.2166/aqua.2021.076,Assessment of rainwater harvesting and maintenance practice for better drinking water quality in rural areas,2021
W156809527,https://doi.org/10.2166/aqua.1999.0024,Evaluation of chlorine decay kinetics expressions for drinking water distribution systems modelling,1999
W2031835508,https://doi.org/10.2166/aqua.2009.124,European reassessment of MIB and geosmin perception in drinking water,2009
W2790830891,https://doi.org/10.2166/aqua.2018.091,Drinking water supply systems: decreasing advisories and improving treatment through real-time water quality monitoring,2018
W111596086,https://doi.org/10.2166/aqua.2002.0021,A cross-sectional study of enteric disease risks associated with water quality and sanitation in Hyderabad City,2002
W2254428583,https://doi.org/10.2166/aqua.2001.0011,"Invasion of the non-indigenous nuisance mussel, Limnoperna fortunei, into water supply facilities in Japan",2001
W2236469721,https://doi.org/10.2166/aqua.2005.054,Risk assessment and risk management of faecal contamination in drinking water distributed withouta disinfectant residual,2006
W2333321935,https://doi.org/10.2166/aqua.2013.042,"Efficiency of conventional drinking water treatment process in the removal of endosulfan, ethylenethiourea, and 1,2,4-triazole",2013
W2166768719,https://doi.org/10.1046/j.1365-2087.1999.00134.x,Life cycle assessment of drinking water and rain water for toilets flushing,1999
W2172977538,https://doi.org/10.2166/aqua.2003.0023,Testing greenhouse shade nets in collection of fog for water supply,2003
W151602930,https://doi.org/10.2166/aqua.2004.0020,Aggregative risk analysis for water quality failure in distribution networks,2004
W2330127792,https://doi.org/10.2166/aqua.2013.034,PAC membrane bioreactor as an alternative to biological activated carbon filters for drinking water treatment,2013
W2289293457,https://doi.org/10.2166/aqua.2002.0019,Improving eco-efficiency of Amsterdam water supply: A LCA approach,2002
W2252684579,https://doi.org/10.2166/aqua.2014.091,Rethinking aesthetic guidelines for manganese and iron in drinking water,2014
W2245505674,https://doi.org/10.2166/aqua.2015.156,"Drinking water supply service management and sustainable development challenges: case study of Bejaia, Algeria",2015
W2050246537,https://doi.org/10.2166/aqua.1999.0011,"Water quality and the replacement and repair of drinking water infrastructure: the Washington, DC case study",1999
W2257267029,https://doi.org/10.2166/aqua.2015.048,MIKE 11 model-based water quality model as a tool for the evaluation of water quality management plans,2015
W2761670624,https://doi.org/10.2166/aqua.2017.147,"(Yet more) challenges for water treatment plants: potential contribution of hypochlorite solutions to bromate, chlorate, chlorite and perchlorate in drinking water",2017
W2406338295,https://doi.org/10.2166/aqua.2002.0036,Dynamics of biofilm formation in a model drinking water distribution system,2002
W2991502849,https://doi.org/10.2166/aqua.2019.061,"Possible health impacts due to animal and human fecal pollution in water intended for drinking water supply of Rio de Janeiro, Brazil",2019
W1983856722,https://doi.org/10.2166/aqua.2011.042,Evaluation of drinking water quality in a water supply distribution network based on Grey correlation analysis,2011
W2260317457,https://doi.org/10.2166/aqua.2001.0002,Drinking water from Chinese rivers: challenges of clarification,2001
W4307377237,https://doi.org/10.2166/aqua.2022.133,The effect of pH on taste and odor production and control of drinking water,2022
W2980121244,https://doi.org/10.2166/aqua.2019.103,"Assessment of drinking water quality in regional New South Wales, Australia",2019
W1974416210,https://doi.org/10.2166/aqua.2009.014,"Bromate, chlorate, chlorite and perchlorate in sodium hypochlorite solution used in water supply",2009
W2058183017,https://doi.org/10.2166/aqua.2011.035,Problematic algae in the sedimentation and filtration process of water treatment plants,2011
W2327789289,https://doi.org/10.2166/aqua.2011.050,Recycle of waste backwash water in ultrafiltration drinking water treatment processes,2011
W2275733834,https://doi.org/10.2166/aqua.2003.0006,Regenerability of Turkish clinoptilolite for use in ammonia removal from drinking water,2003
W2347026527,https://doi.org/10.2166/aqua.2003.0007,The microbiological quality of groundwater-derived drinking water after long storage in household containers in a rural community of South Africa,2003
W2085817355,https://doi.org/10.2166/aqua.2009.115,Influence of iron on nitrification in full-scale drinking water trickling filters,2009
W2006198301,https://doi.org/10.2166/aqua.2009.103,Producing drinking water from hydrogen fuel cells,2009
W1593192656,https://doi.org/10.2166/aqua.2005.0035,Dead-end flushing of a distribution system: Short and long-term effects on water quality,2005
W2555721229,https://doi.org/10.2166/aqua.2016.162,Zirconium and chitosan coagulants for drinking water treatment – a pilot study,2016
W2735079852,https://doi.org/10.2166/aqua.2017.128,"Evaluation of groundwater quality and assessment of scaling potential and corrosiveness of water supply networks, Iran",2017
W2265126374,https://doi.org/10.2166/aqua.2004.0036,"Accounting for the influence of initial chlorine concentration, TOC, iron and temperature when modelling chlorine decay in water supply",2004
W2487843886,https://doi.org/10.2166/aqua.2004.0009,Sand filtration in a water treatment plant: biological parameters responsible for clogging,2004
W2314981681,https://doi.org/10.2166/aqua.2013.006,Quantitative microbial risk assessment of drinking water treated with advanced water treatment process,2013
W2028623709,https://doi.org/10.1046/j.1365-2087.1999.00120.x,Distributing drinking water without disinfectant: highest achievement or height of folly?,1999
W2045832045,https://doi.org/10.2166/aqua.2012.014,Prediction of the quality of public water supply using artificial neural networks,2012
W2899403096,https://doi.org/10.2166/aqua.2018.069,"Bacteriological assessment of drinking water from hand-pump-fitted borehole sources in Kola Tembien, Central Tigray, northern Ethiopia",2018
W2022215879,https://doi.org/10.2166/aqua.2007.090,Fuzzy risk-based decision-making approach for selection of drinking water disinfectants,2007
W2093581202,https://doi.org/10.2166/aqua.2013.066,Stakeholder involvement in the drinking water supply system: a case study of stakeholder analysis in China,2013
W290954126,https://doi.org/10.2166/aqua.2004.0025,Biofilm in the Parisian suburbs drinking water distribution system,2004
W1990104489,https://doi.org/10.2166/aqua.2009.077,Plant capacity affects some basic indices of treated water quality: multivariate statistical analysis of drinking water treatment plants in Japan,2009
W2247904234,https://doi.org/10.2166/aqua.2014.044,The costs of small drinking water systems removing arsenic from groundwater,2014
W2758616002,https://doi.org/10.2166/aqua.2017.073,Further investigation on water-hammer control inline strategy in water-supply systems,2017
W2036364151,https://doi.org/10.2166/aqua.2009.082,Pilot-scale assessment of the impacts of transient particulate water quality events on the UV disinfection of indigenous total coliform bacteria in drinking water treatment,2008
W3146264438,https://doi.org/10.1046/j.1365-2087.1999.00132.x,"Water quality and the replacement and repair of drinking water infrastructure: the Washington, DC case study",1999
W2324915001,https://doi.org/10.2166/aqua.2014.195,Study on arsenic removal in the drinking water treatment plant of Cremona (Italy),2014
W2982136976,https://doi.org/10.2166/aqua.2019.063,"Anthropogenic markers for source tracking of fecal contamination in Bayou Lafourche: a major drinking water source in Southeast Louisiana, USA",2019
W2799549405,https://doi.org/10.2166/aqua.2018.113,Review and analysis of defluoridation of drinking water by electrocoagulation,2018
W2059877018,https://doi.org/10.2166/aqua.2011.014,Impact of plumbing age on copper levels in drinking water,2011
W2084346958,https://doi.org/10.2166/aqua.2009.017,Phosphorus adsorption on water treatment residual solids,2008
W2418965442,https://doi.org/10.2166/aqua.2014.171,Nationwide survey of organism-related off-flavor problems in Japanese drinking water treatment plants (2010–2012),2014
W3128750909,https://doi.org/10.2166/aqua.2021.127,The future of water and sanitation: global challenges and the need for greater ambition,2021
W2897953688,https://doi.org/10.2166/aqua.2018.101,Removal of multiple drinking water contaminants by combined ion exchange resin in a completely mixed flow reactor,2018
W2029281379,https://doi.org/10.2166/aqua.2009.122,The sense of smell: contributions of orthonasal and retronasal perception applied to metallic flavor of drinking water,2009
W1981045484,https://doi.org/10.2166/aqua.2009.071,Influence of hybrid coagulation-ultrafiltration pretreatment on trace organics adsorption in drinking water treatment,2009
W2074634859,https://doi.org/10.2166/aqua.2013.216,Hydrodynamic modelling and forecasting of microbial water quality in a drinking water source,2013
W2003669704,https://doi.org/10.2166/aqua.2009.091,Variation of assimilable organic carbon during coagulation by aluminum and iron in drinking water treatment,2009
W2094779643,https://doi.org/10.2166/aqua.2009.060,Combined natural organic and synthetic inorganic coagulants for surface water treatment,2009
W3107341728,https://doi.org/10.2166/aqua.2020.115,Urban water supply automation – today and tomorrow,2020
W2769496072,https://doi.org/10.2166/aqua.2017.109,Evaluation of contemporary evolutionary algorithms for optimization in reservoir operation and water supply,2017
W2317996142,https://doi.org/10.2166/aqua.2014.144,Statistical approaches for analyzing customer complaint data to assess aesthetic episodes in drinking water,2014
W2358376567,https://doi.org/10.2166/aqua.2003.0044,"Actinomycetes, cyanobacteria and algae causing tastes and odours in water of the River Arno used for the water supply of Florence",2003
W1553510383,https://doi.org/10.2166/aqua.2003.0030,Removal of chromium(VI) from drinking water by redox-assisted coagulation with iron(II),2003
W3040977046,https://doi.org/10.2166/aqua.2020.140,Drinking water treatment and chemical well clogging by iron(II) oxidation and hydrous ferric oxide (HFO) precipitation,2020
W1987894765,https://doi.org/10.2166/aqua.2013.062,Effects of recycling flocculation membrane filtration on drinking water treatment,2013
W2020504145,https://doi.org/10.2166/aqua.2012.026,Optimization and mechanism of copepod zooplankton inactivation using ozone oxidation in drinking water treatment,2012
W2034561985,https://doi.org/10.2166/aqua.2007.069,Measuring particles in drinking water transportation systems with particle counters,2007
W4309316919,https://doi.org/10.2166/aqua.2022.028,Review of hydraulic modelling approaches for intermittent water supply systems,2022
W2213864038,https://doi.org/10.2166/aqua.2015.157,Development of efficient characterization parameters for activated carbon used in drinking water treatment,2015
W2214490087,https://doi.org/10.2166/aqua.2002.0026,UV photooxidation facilitating biological treatment for the removal of NOM from drinking water,2002
W2791677003,https://doi.org/10.2166/aqua.2018.165,Application of double filtration with activated carbon for the removal of phenols in drinking water treatment processes,2018
W2098823895,https://doi.org/10.2166/aqua.2005.064,The global challenge for adequate and safe water,2006
W2044895862,https://doi.org/10.2166/aqua.2007.104,Impact of flocculated particles on low pressure UV inactivation of E. coli in drinking water,2007
W2313906995,https://doi.org/10.2166/aqua.2012.064,Evaluation of temperature impacts on drinking water treatment efficacy of magnetic ion exchange and enhanced coagulation,2012
W4322732324,https://doi.org/10.2166/aqua.2023.228,A data quality assessment framework for drinking water distribution system water quality time series datasets,2023
W2062240876,https://doi.org/10.2166/aqua.2007.107,Microbial risk implications of rainfall-induced runoff events entering a reservoir used as a drinking-water source,2007
W3080737243,https://doi.org/10.2166/aqua.2020.002,Sustainability indices and risk analysis of drinking water systems in Southwest Nigeria,2020
W1976406131,https://doi.org/10.2166/aqua.2013.101,Quantifying bacterial biomass fixed onto biological activated carbon (PAC and GAC) used in drinking water treatment,2013
W3126775384,https://doi.org/10.2166/aqua.2021.122,"Trophic status, phytoplankton diversity, and water quality at Kafr El-Shinawy drinking-water treatment plant, Damietta",2021
W2900839974,https://doi.org/10.2166/aqua.2018.090,Performance of upflow anaerobic sludge blanket (UASB) reactor and other anaerobic reactor configurations for wastewater treatment: a comparative review and critical updates,2018
W2274695635,https://doi.org/10.2166/aqua.2014.114,Evaluation of activated starch as an alternative to polyacrylamide polymers for drinking water flocculation,2014
W1970777608,https://doi.org/10.2166/aqua.2011.081,Innovative methodology of demand responsive approach for large-scale water supply and sewerage/on-site sanitation projects in developing countries using participatory GIS with high resolution satellite imagery,2011
W4321214082,https://doi.org/10.2166/aqua.2023.207,Backwashing of granular media filters and membranes for water treatment: a review,2023
W2258955489,https://doi.org/10.2166/aqua.2004.0014,"Trihalomethane, chlorite and bromate formation in drinking water oxidation of Italian surface waters",2004
W176630848,https://doi.org/10.2166/aqua.2003.0014,Surface water quality in and around Dhaka City,2003
W2480296607,https://doi.org/10.2166/aqua.1998.30,Control of microbial contaminants and disinfection by-products for drinking water in the US: cost and performance,1998
W2117173328,https://doi.org/10.2166/aqua.2009.089,Occurrence of citizen complaints concerning drinking water: a case study in Quebec City,2009
W3036018173,https://doi.org/10.2166/aqua.2020.022,Application of acoustic intelligent leak detection in an urban water supply pipe network,2020
W2894672447,https://doi.org/10.2166/aqua.2018.070,Enhanced water treatment by Moringa oleifera seeds extract as the bio-coagulant: role of the extraction method,2018
W2263732367,https://doi.org/10.2166/aqua.2015.067,Taste and odour and public perceptions: what do our customers really think about their drinking water?,2015
W3149648083,https://doi.org/10.2166/aqua.1999.0008,Life cycle assessment of drinking water and rain water for toilets flushing,1999
W2058679063,https://doi.org/10.2166/aqua.2009.043,Economic evaluation of combined treatment for sludge from drinking water and sewage treatment plants in Japan,2009
W2056239839,https://doi.org/10.2166/aqua.2007.048,Anticipating effects of water quality changes on iron corrosion and red water,2007
W2053428734,https://doi.org/10.2166/aqua.2006.052,Iron hydroxide-coated sand filter for household drinking water from roof-harvested rainwater,2006
W1982795176,https://doi.org/10.2166/aqua.2010.044,Comparison of optional process configurations and operating conditions for ceramic membrane MF coupled with coagulation/flocculation pre-treatment for the removal of NOM in drinking water production,2010
W2058005298,https://doi.org/10.2166/aqua.2014.063,Detection of viable bacterial pathogens in a drinking water source using propidium monoazide-quantitative PCR,2014
W2088363187,https://doi.org/10.2166/aqua.2008.198,Degradation of 2-methylisoborneol in drinking water by bauxite catalyzed ozonation,2008
W2613798917,https://doi.org/10.2166/aqua.2017.131,Water hammer suppression for long distance water supply systems by combining the air vessel and valve,2017
W2030471729,https://doi.org/10.2166/aqua.2010.051,Water supply operation: diagnosis and reliability analysis in a Lisbon pumping system,2010
W3009570581,https://doi.org/10.2166/aqua.2020.112,Report cards for aging and maintenance assessment of water-supply infrastructure,2020
W2746119309,https://doi.org/10.2166/aqua.2017.028,Effectiveness of silver and copper infused ceramic drinking water filters in reducing microbiological contaminants,2017
W2416348607,https://doi.org/10.2166/aqua.2002.0029,NOM removal from drinking water by chitosan coagulation and filtration through lightweight expanded clay aggregate filters,2002
W2952050695,https://doi.org/10.2166/aqua.2006.056b,Regulating reservoirs in pressurized irrigation water supply systems,2006
W2292630675,https://doi.org/10.2166/aqua.2000.0027,Comparative characterisation of different commercial UF membranes for drinking water production,2000
W2468890672,https://doi.org/10.2166/aqua.2003.0028,Coated sand filtration: an emerging technology for water treatment,2003
W41186469,https://doi.org/10.2166/aqua.2003.0018,Degradation potential of musty odour in a drinking water source by a biofilm method,2003
W1998047978,https://doi.org/10.2166/aqua.2009.004,Bioleaching of arsenic in a drinking water treatment process,2009
W3107976977,https://doi.org/10.2166/aqua.2020.086,Effectiveness of peracetic acid and EarthTec QZ for controlling zebra and quagga mussels in drinking water treatment plants on Lake Ontario,2020
W2973247988,https://doi.org/10.2166/aqua.2019.028,Removal of cyanotoxins in drinking water using ozone and ozone-hydrogen peroxide (peroxone),2019
W2982056276,https://doi.org/10.2166/aqua.2019.078,Multi-parametric modeling of water treatment plant using AI-based non-linear ensemble,2019
W2763331901,https://doi.org/10.2166/aqua.2017.084,Manganese oxidation and bacterial diversity on different filter media coatings during the start-up of drinking water biofilters,2017
W2515633230,https://doi.org/10.2166/aqua.2016.030,Identification and assessment of water quality risks associated with sludge supernatant recycling in the presence of cyanobacteria,2016
W2092036814,https://doi.org/10.2166/aqua.2013.087,Drinking water: the problem of chlorinous odours,2013
W4304698275,https://doi.org/10.2166/aqua.2022.041,Stakeholder engagement for sustainable water supply management: what does the future hold?,2022
W4313416229,https://doi.org/10.2166/aqua.2022.149,Intermittent water supply in Indian cities: considering the intermittency beyond demand and supply,2022
W2461835095,https://doi.org/10.2166/aqua.1999.44,Drinking water distribution: corrosion control in Swedish municipalities,1999
W2340826808,https://doi.org/10.2166/aqua.2004.0003,Fundamental dewatering characteristics of potable water treatment sludges,2004
W2331454294,https://doi.org/10.2166/aqua.2014.003,Dissolved air flotation separation for pretreatment of membrane bioreactor in domestic wastewater treatment,2014
W95112704,https://doi.org/10.2166/aqua.2002.0004,Impact of filtration material on nitrification in biological filters used in drinking water production,2002
W2497808500,https://doi.org/10.2166/aqua.2002.0001,Modelling biological processes in water treatment: the integrated biofiltration model,2002
W2945743129,https://doi.org/10.2166/aqua.2019.014,Statistical performance analysis of transient-based extended blockage detection in a water supply pipeline,2019
W2334003710,https://doi.org/10.2166/aqua.2011.047,Modelling of haloacetic acid concentrations in a United Kingdom drinking water system,2011
W2041597967,https://doi.org/10.2166/aqua.2008.045,The chemical water quality in roof-harvested water cisterns in Bermuda,2008
W1965493573,https://doi.org/10.2166/aqua.2014.094,How to assess the effectiveness of energy management processes in water supply systems,2014
W3157813631,https://doi.org/10.2166/aqua.2021.162,Towards resilient water supply in centralized control and decentralized execution mode,2021
W3157602475,https://doi.org/10.2166/aqua.2021.009,Intermittent water supply systems and their resilience to COVID-19: IWA IWS SG survey,2021
W1963524083,https://doi.org/10.2166/aqua.2007.002,A new theoretical analysis on organizing principles of water supply networks,2007
W2246018069,https://doi.org/10.2166/aqua.2015.115,Improved modelling of ‘long-term’ future performance of drinking water pipes,2015
W2560734925,https://doi.org/10.2166/aqua.2016.022,"MLP, ANFIS, and GRNN based real-time coagulant dosage determination and accuracy comparison using full-scale data of a water treatment plant",2016
W2298294281,https://doi.org/10.2166/aqua.2016.093,The role of backwash in start-up of full-scale drinking water biofilters,2016
W2328721890,https://doi.org/10.2166/aqua.2012.097,Application of bank filtration technology for water quality improvement in a warm climate: a case study at Beberibe River in Brazil,2012
W146283054,https://doi.org/10.2166/aqua.2005.0047,Reaction of chlorine with organic polyelectrolytes in water treatment: A review,2005
W2020766949,https://doi.org/10.2166/aqua.2007.070,Ion exchange with clinoptilolite to control ammonium in drinking water,2007
W2088515247,https://doi.org/10.2166/aqua.2013.226,Water quality analysis of reservoirs within Western Algeria catchment areas using water quality index CCME WQI,2013
W2252710650,https://doi.org/10.2166/aqua.2014.040,Early warning system to forecast maximum temperature in drinking water distribution systems,2014
W1999556204,https://doi.org/10.2166/aqua.2013.026,Failure mechanisms and condition assessment of PVC push-fit joints in drinking water networks,2013
W2770696108,https://doi.org/10.2166/aqua.2017.074,Practical evaluation of inorganic contaminant presence in a drinking water distribution system after hydraulic disturbance,2017
W2391626929,https://doi.org/10.2166/aqua.2016.062,Surveillance of the chemical and microbial quality of drinking water for safe water supply in an urban area,2016
W2047155422,https://doi.org/10.2166/aqua.2014.106,An assessment of consumer preferences on the drinking water market: today to the future,2014
W2900042952,https://doi.org/10.2166/aqua.2018.104,Integration of aerobic granular sludge and membrane filtration for tapioca processing wastewater treatment: fouling mechanism and granular stability,2018
W1971103403,https://doi.org/10.2166/aqua.2009.081,Magnetic ion exchange resin treatment for drinking water production,2008
W2088446413,https://doi.org/10.2166/aqua.2012.092,"An investigation into the representativeness of random daytime sampling for lead in drinking water, using computational modelling",2012
W1969206139,https://doi.org/10.2166/aqua.2008.096,Water treatment simulators,2008
W4304193233,https://doi.org/10.2166/aqua.2022.132,Evaluation of organics reduction performance of the GAC filtration with regenerated carbons using the long-term operational data of drinking water treatment facilities,2022
W4236864048,https://doi.org/10.2166/aqua.1999.0003,Distributing drinking water without disinfectant: highest achievement or height of folly?,1999
W211204866,https://doi.org/10.2166/aqua.2015.103,"A preliminary feasibility study for a backup water supply-coastal reservoir in Southeast Queensland, Australia",2015
W2334266437,https://doi.org/10.2166/aqua.2010.059,Modelling the potential for water quality failures in distribution networks: framework (I),2010
W2808072862,https://doi.org/10.2166/aqua.2018.166,Hydraulic and clogging characteristics of moistube irrigation as influenced by water quality,2018
W2327801139,https://doi.org/10.2166/aqua.2013.126,Practical challenge testing of a ceramic membrane module in a full-scale mobile drinking water treatment system,2013
W2951925884,https://doi.org/10.2166/aqua.2019.010,Exploring the performances of the dual technique-based water hammer redesign strategy in water supply systems,2019
W2973761930,https://doi.org/10.2166/aqua.2019.095,Assessment of inline technique-based water hammer control strategy in water supply systems,2019
W3120753397,https://doi.org/10.2166/aqua.2020.051,On the transient flow behavior in pressurized plastic pipe-based water supply systems,2020
W2079902253,https://doi.org/10.1046/j.1365-2087.1998.00099.x,"Water price, price elasticity and the demand for drinking water",1998
W4245577708,https://doi.org/10.2166/aqua.2011.001b,Issues and recommendations for drinking water supply in an average Bosnian town: the case study of Zavidovići,2011
W2090700864,https://doi.org/10.2166/aqua.2009.003,"The practical application of computational fluid dynamics to dissolved air flotation, water treatment plant operation, design and development",2008
W2317684494,https://doi.org/10.2166/aqua.2013.031,Evaluation of control strategies for drinking water treatment plants using a process model,2013
W2013901478,https://doi.org/10.2166/aqua.2014.020,Total photosynthetic pigments in addition to turbidity during the selection of coagulant treatments: a drinking water treatment perspective,2014
W121134266,https://doi.org/10.2166/aqua.2004.0028,Modelling chlorine residuals at Jabal Amman water supply,2004
W2052578540,https://doi.org/10.2166/aqua.2014.075,Strontium adsorption and desorption reactions in model drinking water distribution systems,2014
W2331656586,https://doi.org/10.2166/aqua.2016.088,Sustainable community-based drinking water systems in developing countries: stakeholder perspectives,2016
W1976229168,https://doi.org/10.2166/aqua.2013.156,Feasibility of carbon dioxide bubbles as a collector in flotation process for water treatment,2013
W2281365878,https://doi.org/10.2166/aqua.2014.036,Assessing measurement uncertainty on trihalomethanes prediction through kinetic models in water supply systems,2014
W2151964075,https://doi.org/10.2166/aqua.2011.040,"Comparison of dechlorination rates and water quality impacts for sodium bisulfite, sodium thiosulfate and ascorbic acid",2011
W2897006159,https://doi.org/10.2166/aqua.2011.012,Micronized CaCO3: a feasible alternative to limestone filtration for conditioning and (re)mineralization of drinking water?,2011
W3178485975,https://doi.org/10.2166/aqua.2021.050,Structural property and risk assessment of loose deposits in drinking water distribution systems,2021
W2045833722,https://doi.org/10.2166/aqua.2009.041,"Performance assessment of urban utilities: the case of water supply, wastewater and solid waste",2009
W2051031703,https://doi.org/10.2166/aqua.2010.090,Risk assessment study for water supply network using GIS,2010
W2290484368,https://doi.org/10.2166/aqua.2004.0023,Inactivation of Cryptosporidium parvum with ozone in treated drinking water,2004
W58156680,https://doi.org/10.2166/aqua.2000.0020,Microbiological water quality management in the Paris suburbs distribution system,2000
W1994550907,https://doi.org/10.2166/aqua.2009.025,Using a tracer to identify water supply zones in a distribution network,2009
W1965677375,https://doi.org/10.2166/aqua.2014.087,Design of dual water supply system using rainwater and groundwater at arsenic contaminated area in Vietnam,2014
W2335510971,https://doi.org/10.2166/aqua.2011.029,Microcystin-LR removal from drinking water supplies by chemical oxidation and activated carbon adsorption,2011
W4206318802,https://doi.org/10.2166/aqua.2022.124,From a millennium to a sustainable water and sanitation development: were we there already?,2022
W2260529635,https://doi.org/10.2166/aqua.2015.030,Artiﬁcial neural network modeling of the effluent quality index for municipal waste water treatment plants using quality variables: south of Tehran waste water treatment plant,2015
W1994120715,https://doi.org/10.2166/aqua.2009.027,A CFD methodology for the design of rectangular sedimentation tanks in potable water treatment plants,2009
W2022046446,https://doi.org/10.2166/aqua.2013.011,"Household survey of installation and treatment efficiency of point-of-use water treatment systems in Hanoi, Vietnam",2013
W2771194257,https://doi.org/10.2166/aqua.2017.229,Determining the economic value of surface water quality improvements to trout farmers,2017
W2613564057,https://doi.org/10.2166/aqua.2017.108,In-situ features of LNA and HNA bacteria in branch ends of drinking water distribution systems,2017
W2995115227,https://doi.org/10.2166/aqua.2019.100,Sustainable eco-technologies for water and wastewater treatment,2019
W2290172292,https://doi.org/10.2166/aqua.2000.0011,"Elimination of enteroviruses, other enteric viruses, F-specific coliphages, somatic coliphages and E. coli in four sewage treatment plants of southern Germany",2000
W2028894786,https://doi.org/10.2166/aqua.2012.007,"Demographics, practices and water quality from domestic potable rainwater harvesting systems",2012
W3134996767,https://doi.org/10.2166/aqua.2021.151,A study of the water supply system failure in terms of the seasonality: analysis by statistical approaches,2021
W116669837,https://doi.org/10.2166/aqua.2004.0041,Evaluation of two-stage filtration systems in drinking water treatment,2004
W2001097311,https://doi.org/10.2166/aqua.2013.115,Denitrification of drinking water using Saccharum spontaneum L. as a natural organic solid substrate,2013
W1979964217,https://doi.org/10.2166/aqua.2009.086,A pilot-scale study on ultraviolet disinfection system for drinking water,2009
W2032923952,https://doi.org/10.2166/aqua.2009.002,Assessing the feasibility of a water treatment plant quality index,2009
W2168956688,https://doi.org/10.2166/aqua.2013.105,Assessment of water qualities and evidence of seawater intrusion in a deep confined aquifer: case of the coastal Djeffara aquifer (Southern Tunisia),2013
W3212792910,https://doi.org/10.2166/aqua.2021.059,A combined water hammer protective method for optimizing the volume of the air vessel in water supply systems,2021
W3105247294,https://doi.org/10.2166/aqua.2020.095,Formula for determining the size of the air tank in the long-distance water supply system,2020
W1992984244,https://doi.org/10.2166/aqua.2012.028,Water reuse in the management of island water resources: the case of the Canary Islands and the Region of Madeira,2012
W2312999802,https://doi.org/10.2166/aqua.2012.100,Comparative treatment performance and hydraulic characteristics of pumice and sand biofilters for point-of-use water treatment,2012
W2415430348,https://doi.org/10.2166/aqua.2016.117,An evaluation of sampling methods and supporting techniques for tackling lead in drinking water in Alberta Province,2016
W3940566,https://doi.org/10.2166/aqua.2002.0022,Effects of nanofiltration on water quality in the distribution system,2002
W2507465325,https://doi.org/10.2166/aqua.2003.0029,Characteristics of water resources in Dalmatia according to established standards for drinking water,2003
W2080115777,https://doi.org/10.2166/aqua.2008.043,Rapid water quality characterization for chlorine demand and THM formation in drinking waters,2008
W2323694598,https://doi.org/10.2166/aqua.2012.188,Determining key factors and challenges that affect the future of water reuse,2012
W2538499645,https://doi.org/10.2166/aqua.2016.003,"Modeling and analysis of chlorine dioxide, chlorite, and chlorate propagation in a drinking water distribution system",2016
W3195258337,https://doi.org/10.2166/aqua.2021.079,Optimal volume selection of air vessels in long-distance water supply systems,2021
W3160670213,https://doi.org/10.2166/aqua.2021.020,Application of microfiltration–nanofiltration combined technology for drinking water advanced treatment in a large-scale engineering project,2021
W4313447238,https://doi.org/10.2166/aqua.2022.244,Effects of boiling on iron particles in drinking water,2022
W2341241126,https://doi.org/10.2166/aqua.2000.0012,"Survey for microalgae and cyanobacteria in a drinking-water utility supplying the city of Florence, Italy",2000
W2955093512,https://doi.org/10.2166/aqua.2019.002,Array of prediction tools for understanding extent of wall effects on DBP formation in drinking water distribution systems,2019
W2055534112,https://doi.org/10.2166/aqua.2008.047,Development and implementation of a corrosion control algorithm based on calcium carbonate precipitation potential (CCPP) in a drinking water distribution system,2008
W2400514283,https://doi.org/10.2166/aqua.2015.025,Feasibility study of high-rate dissolved air flotation process for rapid wastewater treatment,2015
W2075919519,https://doi.org/10.2166/aqua.2008.119,Endotoxin release from biologically active bench-scale drinking water anthracite/sand filters,2008
W2331671144,https://doi.org/10.2166/aqua.2012.013,Framework for feasibility assessment and performance analysis of riverbank filtration systems for water treatment,2012
W2606424268,https://doi.org/10.2166/aqua.2017.130,Assessing future water supply and demand in a water-stressed catchment after environmental restrictions on abstractions,2017
W2334485972,https://doi.org/10.2166/aqua.2014.119,A basic bottom-up approach for small systems of safe-water supply: a decentralized case study in Uganda,2014
W2313892388,https://doi.org/10.2166/aqua.2010.004,Development of sustainable operational technologies of the water treatment plant for stable water supply,2010
W1905409375,https://doi.org/10.2166/aqua.2003.0049,"Investigation of NOM size, structure and functionality (SSF): impact on water treatment process with respect to disinfection by-products formation",2003
W1589065577,https://doi.org/10.2166/aqua.2005.0037,Strategy to mitigate As exposure from drinking water,2005
W2989140639,https://doi.org/10.2166/aqua.2019.075,Comparison and optimization of the performance of natural-based non-conventional coagulants in a water treatment plant,2019
W1563998614,https://doi.org/10.2166/aqua.2003.0048,Canal wall brushing—a control measure for taste and odour problems in drinking water supplies in arid environments,2003
W2594643098,https://doi.org/10.2166/aqua.2017.090,"The use of potassium permanganate, ozone and associated coupled processes for odor removal in drinking water: bench and pilot scale tests",2017
W2063101644,https://doi.org/10.1046/j.1365-2087.1998.00097.x,Management systems of drinking water production and distribution services in the EU member states,1998
W2272125357,https://doi.org/10.2166/aqua.2014.042,Predictive water quality modelling and resilience flow conditioning to manage discolouration risk in operational trunk mains,2014
W2950102824,https://doi.org/10.2166/aqua.2019.025,Effect of multi-valve closure on superposed pressure in a tree-type long distance gravitational water supply system,2019
W1975448661,https://doi.org/10.2166/aqua.2011.108,Reconciling ‘actual’ risk with ‘perceived’ risk for distributed water quality: a QFD-based approach,2011
W2337728744,https://doi.org/10.2166/aqua.2001.0005,A method to improve population access to drinking water networks in cities of developing countries,2001
W36781903,https://doi.org/10.2166/aqua.1998.0005,Granular ferric hydroxide—a new adsorbent for the removal of arsenic from natural water,1998
W2898358033,https://doi.org/10.2166/aqua.2018.103,Modeling chlorine response to uncontrolled contamination events in drinking water distribution systems,2018
W2341148016,https://doi.org/10.2166/aqua.2002.0024,Research on the removal of arsenic from drinking water by flocculation with iron solutions and adsorption with granulated iron hydroxide (GEH),2002
W2325285564,https://doi.org/10.2166/aqua.2013.000,Water reuse: achievements and future challenges,2012
W4280591413,https://doi.org/10.2166/aqua.2022.080,Mixing of Fe3O4 nanoparticles under electromagnetic and shear conditions for wastewater treatment applications,2022
W3025662389,https://doi.org/10.2166/aqua.2020.005,Fate and fractionation of aluminum in a full-scale Al-based drinking water treatment plant,2020
W2070899884,https://doi.org/10.2166/aqua.2006.015,Blending membrane treated WTP waste residuals with finished water: impacts to water quality and biofilm formation,2006
W1992996290,https://doi.org/10.2166/aqua.2007.016,Membrane-media active collaboration (M-MAC): an alternative for solid-liquid separation in drinking water treatment,2007
W3193409695,https://doi.org/10.2166/aqua.2021.069,Application of model fitting technique to enhance bacterial regrowth potential (BRP) measurement for drinking water supply monitoring,2021
W4312079367,https://doi.org/10.2166/aqua.2022.267,Uncertainty analysis of water quality in water distribution system,2022
W4200407842,https://doi.org/10.2166/aqua.2021.102,Editorial: Advanced Treatment Technologies for Drinking Water,2021
W2016676715,https://doi.org/10.2166/aqua.2008.051,"Use of geographic information system in the assessment of bacteriological quality and sanitary risk factors of household drinking water sources in Ibadan, Nigeria",2008
W1977140259,https://doi.org/10.2166/aqua.2012.037,A robust optimization approach for real-time multiple source drinking water blending problem,2012
W1995159338,https://doi.org/10.2166/aqua.2008.038,Application of a multiphase CFD modelling approach to improve ozone residual monitoring and tracer testing strategies for full-scale drinking water ozone disinfection processes,2008
W2308613306,https://doi.org/10.2166/aqua.2016.110,"Technology development trajectory for drinking water treatment: a comparative study between South Korea, Thailand, and Lao PDR",2016
W2952738289,https://doi.org/10.2166/aqua.2019.088,"Evaluation of produced water quality by using water quality indices in Heglig area, Sudan",2019
W2307909462,https://doi.org/10.2166/aqua.2002.0025,Utilization of water hyacinth relevant in water treatment and resource recovery with special reference to India,2002
W2903548888,https://doi.org/10.2166/aqua.2018.077,Consumer perception of water quality during an off-flavor event in Fortaleza-Brazil,2018
W2524509349,https://doi.org/10.2166/aqua.2016.005,An assessment of static and dynamic models to predict water treatment works performance,2016
W2004358056,https://doi.org/10.2166/aqua.2009.058,Gross alpha and gross beta particle activity in recycled water for augmentation of drinking water supplies,2009
W4220934432,https://doi.org/10.2166/aqua.2022.147,Effect of ozone–tea polyphenols as a drinking water disinfection process on antibiotic resistance genes,2022
W2282213309,https://doi.org/10.2166/aqua.2005.0031,Practical and theoretical guidelines for implementing the extended terminal subfluidization wash (ETSW) backwashing procedure,2005
W2411492761,https://doi.org/10.2166/aqua.2001.0019,Effectiveness of chlorine dioxide in meeting the enhanced surface water treatment and disinfection by-products rules,2001
W2327748090,https://doi.org/10.2166/aqua.2012.069,Genotoxicity testing of samples generated during UV/H2O2 treatment of surface water for the production of drinking water using the Ames test in vitro and the Comet assay and the SCE test in vivo,2012
W2166062345,https://doi.org/10.2166/aqua.2007.022,Evaluation of water supply project by performance indicators,2007
W1989301965,https://doi.org/10.2166/aqua.2009.066,Application of a novel polarity method for the characterization of natural organic matter during water treatment,2009
W2051625932,https://doi.org/10.2166/aqua.2014.186,Problems with meeting new (10 μg/L) standard for lead in drinking water: Polish perspectives,2014
W4294805277,https://doi.org/10.2166/aqua.2022.061,"Willingness to pay for improved water supply service in coastal urban settings: evidence from Khulna, Bangladesh",2022
W2940102365,https://doi.org/10.2166/aqua.2019.158,"Decentralized infrastructure approach for successful water supply systems in India: use of multi-outlet tanks, shafts and manifolds",2019
W128116865,https://doi.org/10.2166/aqua.2006.0007,Presence of trihalomethanes in drinking water plants in Nicaragua,2006
W41897807,https://doi.org/10.2166/aqua.2004.0033,"Water supply measures used by the rural people of Ebonyi and Enugu, Nigeria",2004
W2344607544,https://doi.org/10.2166/aqua.2014.033,Comparison of two multivariate classification models for contamination event detection in water quality time series,2014
W2026423420,https://doi.org/10.2166/aqua.2014.079,Water quality – water main renewal planner (Q-WARP): development and application,2014
W2340131533,https://doi.org/10.2166/aqua.2015.134,Effect of granular activated carbon type and age on quenching H<sub>2</sub>O<sub>2</sub>residuals after UV/H<sub>2</sub>O<sub>2</sub>drinking water treatment,2015
W2312811278,https://doi.org/10.2166/aqua.2014.128,Fluid–structure interaction with different coupled models to analyse an accident occurring in a water supply system,2014
W2336141998,https://doi.org/10.2166/aqua.2004.0037,"Preloading of GAC by natural organic matter in potable water treatment systems: Mechanisms, effects and design considerations",2004
W2050836064,https://doi.org/10.2166/aqua.2007.049,Nanofiltration and reverse osmosis biostability relative to alternative methods of water treatment,2007
W1510950872,https://doi.org/10.2166/aqua.1998.0002,"Results of a survey on asbestos fibre contamination of drinking water in Tuscany, Italy",1998
W2327135722,https://doi.org/10.2166/aqua.1999.0028,Observations of rapid flow rate disturbances in drinking water filters and their effect on solids removal,1999
W2020858190,https://doi.org/10.2166/aqua.2013.003,Resilient water supply system for earthquake and tsunami,2013
W47232990,https://doi.org/10.2166/aqua.2006.009,The effect of biological pre-filtration on the performance of conventional surface water treatment,2006
W4246662283,https://doi.org/10.2166/aqua.1998.27,"Water price, price elasticity and the demand for drinking water",1998
W4231524948,https://doi.org/10.2166/aqua.1998.25,Management systems of drinking water production and distribution services in the EU member states,1998
W1516930043,https://doi.org/10.2166/aqua.2005.0046,Locating leaks from water supply pipes using the passive acoustic method,2005
W4213307946,https://doi.org/10.2166/aqua.2022.162,Study on water hammer protection of the siphon breaking structure in the water supply system,2022
W1574893333,https://doi.org/10.2166/aqua.2003.0052,The impact of watershed land use on maintaining acceptable quality influents for water treatment plants,2003
W2313953648,https://doi.org/10.2166/aqua.2013.012,Development of performance assessment method for drinking water infrastructure,2013
W2262631775,https://doi.org/10.2166/aqua.2002.0014,Elimination of trace heavy metals from drinking water by means of weakly basic anion exchangers,2002
W2140566412,https://doi.org/10.2166/aqua.2005.0013,Water quality profiles during nitrification in a pilot distribution system study,2005
W2076506469,https://doi.org/10.2166/aqua.2010.006,Los Angeles water supply impacts from a M7.8 San Andreas Fault earthquake scenario,2010
W3082679129,https://doi.org/10.2166/aqua.2020.033,On the importance of mixing characterization and application in the water treatment process,2020
W2026273021,https://doi.org/10.2166/aqua.2009.001,Comparison of nanofiltration efficiency with GAC adsorption and air stripping processes for CHCl3 removal from Tehran drinking water,2009
W2251754156,https://doi.org/10.2166/aqua.2015.086,A decision support system for water supply emergency management with multiple sources,2015
W2050402145,https://doi.org/10.2166/aqua.2012.090,Adenovirus control in small drinking water systems: risks and strategies,2012
W2064898512,https://doi.org/10.2166/aqua.2007.011,New water supply technology and development of water utility management in Japan,2007
W175314060,https://doi.org/10.2166/aqua.2005.0012,Ensuring the reliability of the water piping of the Moscow water supply system,2005
W3082566556,https://doi.org/10.2166/aqua.2020.031,Households' willingness to pay for quality of drinking water in Jaffna area of Sri Lanka,2020
W2346755537,https://doi.org/10.2166/aqua.2004.0039,"Planning of an ultrafiltration plant with a capacity of 6,000 m3 h−1 for the treatment of drinking water at Roetgen water works",2004
W4309319130,https://doi.org/10.2166/aqua.2022.095,"Water quality assessment of open wells in Malappuram district, Kerala, India",2022
W3200345172,https://doi.org/10.2166/aqua.2021.187,Efficiencies of indigenous South African plant biofilters for urban stormwater runoff water quality improvement with a focus on nutrients and metals,2021
W2020055745,https://doi.org/10.2166/aqua.2011.070,Alleviating the flood risk of critical water supply sites: asset and system resilience,2011
W188802223,https://doi.org/10.2166/aqua.2004.0046,Evaluation of water supply system infested with chironomus larvae,2004
W1977936609,https://doi.org/10.2166/aqua.2009.062,The effect of water source and chlorine and chloramine odorants in drinking water on earthy and musty odour intensity,2009
W4323353893,https://doi.org/10.2166/aqua.2023.212,Assessment of water demand and potential water sources to face future water scarcity of hilly regions,2023
W2145585892,https://doi.org/10.2166/aqua.2012.080,Hybrid energy system evaluation in water supply systems: artificial neural network approach and methodology,2012
W3107004760,https://doi.org/10.2166/aqua.2020.067,Key sur(VIR)val factors in water supply companies: some lessons from Poland,2020
W2896197829,https://doi.org/10.2166/aqua.2018.063,A comparative study of portland cements CEM I used for water pipe renovation in terms of pollutants leaching from cement coatings and their impact on water quality,2018
W2079593219,https://doi.org/10.2166/aqua.2013.128,Relating water quality monitoring to disinfection by-product formation in four pilot treatment streams,2013
W2529698910,NA,"Water supply management in the São Paulo metropolitan area, formulated using an integrated approach",1996
W2754051920,https://doi.org/10.2166/aqua.2017.149,Assessment of domestic consumption in intermittent water supply networks: case study of Puerto Ayora (Galápagos Islands),2017
W2264662074,https://doi.org/10.2166/aqua.2015.029,Adsorption of colloidal particles of<i>Moringa oleifera</i>seeds on clay for water treatment applications,2015
W2087417104,https://doi.org/10.2166/aqua.2007.012,Particle removal with membranes in water treatment in Germany – state of the art and further developments,2007
W2029545327,https://doi.org/10.2166/aqua.2008.172,Cryptosporidium surveillance: investigations on the Loch Katrine water supply to Glasgow,2008
W2314156151,https://doi.org/10.2166/aqua.2011.041,Oxidation and volatilization of bromide by electrolysis in drinking water,2011
W2926578103,https://doi.org/10.2166/aqua.2019.138,Two-part pricing contract and competition between two water supply chains: a theoretical and empirical analysis of the South-to-North Water Transfer Project in China,2019
W2266221741,https://doi.org/10.2166/aqua.2006.0012,"Over 130 years of experience with Riverbank Filtration in Düsseldorf, Germany",2006
W2990860306,https://doi.org/10.2166/aqua.2019.198,"Remediation of groundwater contamination from an old, non-functional landfill in Hořkovec open cast mine, Czech Republic",2019
W4286210402,https://doi.org/10.2166/aqua.2022.036,A combined water quality pollution prediction model based on the Spark big data platform,2022
W4284880620,https://doi.org/10.2166/aqua.2022.052,Identification of pathways that lead to continuous or intermittent water supply by conducting a qualitative comparative analysis of rural water utilities in China,2022
W2412973673,https://doi.org/10.2166/aqua.2000.0009,Solid phase extraction techniques for drinking water abstraction monitoring and investigation of pollution incidents,2000
W4319724639,https://doi.org/10.2166/aqua.2023.198,Efficiency of a gravity-driven membrane in a water treatment plant,2023
W2895091571,https://doi.org/10.2166/aqua.2018.050,"Assessing water quality of Nen River, the neighboring section of three provinces, using multivariate statistical analysis",2018
W4320914407,https://doi.org/10.2166/aqua.2023.230,Application of multivariate statistical methods to enhance the water quality monitoring system of Kashmir Valley with special emphasis on side-stream pollution,2023
W3080873281,https://doi.org/10.2166/aqua.2020.004,Water quality index analysis for portable and bottled waters,2020
W4213296975,https://doi.org/10.2166/aqua.2022.074,Avoidance of operational sampling errors in drinking water analysis,2022
W2342255819,https://doi.org/10.2166/aqua.2005.0029,Comparison of rapid methods to evaluate chlorine inactivation of the biological agent E. coli O157:H7,2005
W635391704,https://doi.org/10.2166/aqua.2015.060,"New electrochemical sensor for sensitive quantification of copper in river, city, bottled and drinking water samples",2015
W2894687181,https://doi.org/10.2166/aqua.2018.019,"Investigation of water quality origins (hydrochemical, mineralogical and isotopic) in the Jeffara of Medenine aquifer system (South-Eastern Tunisia)",2018
W2615464084,https://doi.org/10.2166/aqua.2017.002,Impact of mixing phenomenon at cross junctions on the variation of total coliform and <i>E. coli</i> in water distribution systems: experimental study,2017
W2423393814,https://doi.org/10.2166/aqua.2011.001,Reduction of dissolved organic matter and trihalomethane formation potential in raw water supply reservoir by hybrid ultrafiltration process,2011
W2765572330,https://doi.org/10.2166/aqua.2017.173,The pollution source assessment tool for Sydney's drinking water catchments,2017
W2085515218,https://doi.org/10.2166/aqua.2011.077,Pilot scale experiments on surface water treatment sequence including ozonation and adsorption processes,2011
W2337891233,https://doi.org/10.2166/aqua.2001.0024,Experience in improving piped water supply to the 18 medium-sized towns of Bangladesh,2001
W2250621360,https://doi.org/10.2166/aqua.2001.0018,Management of water supply systems in the Kano district of Nigeria: problems and possibilities,2001
W4286219249,https://doi.org/10.2166/aqua.2022.066,Water quality reliability based on an improved entropy in a water distribution system,2022
W2038652912,https://doi.org/10.2166/aqua.2008.063,An evaluation of membrane faecal coliform agar and Colilert-18® for the enumeration of E. coli bacteria in surface water samples,2008
W1599458625,https://doi.org/10.2166/aqua.2005.0044,Physical and chemical fractionation of dissolved organic matter and trihalomethane precursors: A review,2005
W2971498437,https://doi.org/10.2166/aqua.2019.081,Endogenous respiration process analysis between aMBR and UV/O3-aMBR for polluted surface water treatment,2019
W2324568207,https://doi.org/10.2166/aqua.2013.104,Fluorescent microspheres as surrogates to assess oocyst removal efficacy from a modified slow sand biofiltration water treatment system,2013
W2279128661,https://doi.org/10.2166/aqua.2005.0009,Water quality improvement by advanced treatment processes of GAC filtration and ozonation over an eight-year period,2005
W2037470260,https://doi.org/10.2166/aqua.2009.131,Enhanced removal of Chironomus kiiensis larvae in conventional water treatment process by pre-oxidation,2009
W2044913686,https://doi.org/10.2166/aqua.2008.080,Chromium removal from water: a review,2008
W1964155477,https://doi.org/10.1046/j.1365-2087.1998.00098.x,Removal of chlorinated and brominated alkanes from drinking water using reverse osmosis,1998
W3138991882,https://doi.org/10.2166/aqua.2021.124,Impact of temperature on chlorination strategies for mussel control at water treatment plants,2021
W2520694548,https://doi.org/10.2166/aqua.2002.0039,Copper in drinking water supplies and gastrointestinal illness in England and Wales: a risk assessment,2002
W2253737648,https://doi.org/10.2166/aqua.2015.126,Sensitivity analysis for water supply input parameters of the CLARA simplified planning tool using three complementary methods,2015
W4292767445,https://doi.org/10.2166/aqua.2022.038,Simulation of chain of tanks to augment water supply: a case study from Tamil Nadu,2022
W3112449096,https://doi.org/10.2166/aqua.2020.057,Modeling water quality to determine a safe distance between cities: a case study in China,2020
W2341691798,https://doi.org/10.2166/aqua.1999.0020,Sustainable development strategies for the water supply and wastewater sectors,1999
W2623595110,https://doi.org/10.2166/aqua.2017.020,Experimental study on magnetic induction property of solenoid coil used in cooling water treatment system,2017
W2068142067,https://doi.org/10.2166/aqua.1999.0018,"Factors influencing residual aluminium levels at the Buffalo Pound Water Treatment Plant, Saskatchewan, Canada",1999
W1972265579,https://doi.org/10.2166/aqua.2014.049,"Reduction of natural organic matter by an electrolytic process, conventional coagulation and direct descending filtration in a pilot-scale water treatment system",2014
W3198580581,https://doi.org/10.2166/aqua.2021.144,Variation of Al species during water treatment: correlation with treatment efficiency under varied hydraulic conditions,2021
W2058992549,https://doi.org/10.2166/aqua.2013.010,Earthquake proofing of water treatment plants through seismic system risk analysis,2013
W2211648957,https://doi.org/10.2166/aqua.2015.062,Low affinity of heterotrophic bacteria to loose deposits in drinking water distribution systems,2015
W3175199320,https://doi.org/10.2166/aqua.2021.017,Research progress on the injury mechanism and detection method of disinfectant-injured <i>Escherichia coli</i> in the drinking water system,2021
W7376012,https://doi.org/10.2166/aqua.2003.0001,An analysis of particle monitor sensitivity in potable water treatment,2003
W3216051092,https://doi.org/10.2166/aqua.2021.089,Sustainability of water facilities under community based management in Zimbabwe,2021
W119231461,https://doi.org/10.2166/aqua.2000.0014,Chlorination of HPC washed from water mains,2000
W2418967213,https://doi.org/10.2166/aqua.2004.0018,Removal of selected ozonation by-products in pilot scale drinking water biofilters: compound interactions and mass transfer considerations,2004
W2012825820,https://doi.org/10.2166/aqua.2013.050,Exposure to haloacetic acids via typical components of the Japanese diet and their allocations of drinking water ingestion to total exposure,2013
W959918510,https://doi.org/10.2166/aqua.2001.0031,Microfiltration pilot plant performance investigations into lake water treatment,2001
W3145337465,https://doi.org/10.1046/j.1365-2087.1998.00086.x,Light scattering by small particles,2003
W2336787681,https://doi.org/10.2166/aqua.2002.0028,Kinetic aspects of different procedures for the adjustment of the pH-value: steps against acidification and for buffering of drinking water and dam water bodies,2002
W2465504140,https://doi.org/10.2166/aqua.2015.080,A coupled model for water resources allocation regarding water quality control,2015
W79100475,https://doi.org/10.2166/aqua.2001.0022,The monetary benefits of nutrient abatement in the Rhine basin for the water treatment plant of WRK at Andijk,2001
W2034059405,https://doi.org/10.2166/aqua.2006.057,A review of the technological developments of dissolved air flotation,2006
W2270051485,https://doi.org/10.2166/aqua.2002.0018,"Performance of advanced water treatment plant for removing Fe, Mn and organic pollutants from raw water",2002
W4294703406,https://doi.org/10.2166/aqua.2022.084,"Preliminary data on water quality using benthic macroinvertebrates as quality indicators: a case study in the Drin River Basin, Albania",2022
W2158971430,https://doi.org/10.2166/aqua.1998.14,Light scattering by small particles,1998
W2324598007,https://doi.org/10.2166/aqua.2002.0040,Influences on the removal of tastes and odours by PAC,2002
W2052301819,https://doi.org/10.2166/aqua.2008.008,Neural networks and genetic algorithms in membrane technology modelling,2008
W1966763493,https://doi.org/10.2166/aqua.2012.046,Water recycling in Western Australia: analysis of 2003–2009 water quality monitoring programme,2012
W2333860617,https://doi.org/10.2166/aqua.2003.0038,Flow control by prediction of water demand,2003
W4200396405,https://doi.org/10.2166/aqua.2021.114,Design and assessment of water source alternatives for Mariout 2 water treatment plant extension,2021
W2301031305,https://doi.org/10.2166/aqua.2000.0006,Estimation of water utility compliance with trihalomethane regulations using a modelling approach,2000
W2075005628,https://doi.org/10.2166/aqua.2014.027,Comparing the performance of biosand filters operated with multiday residence periods,2014
W3145816408,https://doi.org/10.1046/j.1365-2087.1999.00137.x,"Factors influencing residual aluminium levels at the Buffalo Pound Water Treatment Plant, Saskatchewan, Canada",1999
W2163289774,https://doi.org/10.2166/aqua.2006.062,Selection of alum and polyaluminum coagulants: principles and applications,2006
W2249643895,https://doi.org/10.2166/aqua.2003.0043,"The impact of recalcitrant organic character on disinfection stability, trihalomethane formation and bacterial regrowth: An evaluation of magnetic ion exchange resin (MIEX®) and alum coagulation",2003
W2274851746,https://doi.org/10.2166/aqua.2001.0021,The integrated disinfection design framework approach to reactor hydraulics characterization,2001
W2015885013,https://doi.org/10.2166/aqua.2010.065,Competitive adsorption of micropollutants and NOM onto activated carbon: comparison of different model approaches,2010
W1508369928,https://doi.org/10.2166/aqua.2005.0048,Optimizing arsenic removal during iron removal: Theoretical and practical considerations,2005
W2982281961,https://doi.org/10.2166/aqua.2019.049,Evaluation of water shortage crisis in the Middle East and possible remedies,2019
W1607054532,https://doi.org/10.2166/aqua.2005.0036,A case study of treatment performance and organic character,2005
W2235970043,https://doi.org/10.2166/aqua.2015.050,Mercury sorption by silica/carbon nanotubes and silica/activated carbon: a comparison study,2015
W2062165980,https://doi.org/10.2166/aqua.2007.043,Health risk assessment of non-potable domestic water supplies in the Netherlands,2007
W2074145966,https://doi.org/10.1046/j.1365-2087.1999.00140.x,Fluoride contamination of groundwater and its impacts on human health in Inner Mongolia area,1999
W2484547264,https://doi.org/10.2166/aqua.2000.0008,An improved method for detecting electrophoretic mobility of algae during the destabilisation process of flocculation: flocculant demand of different species and the impact of DOC,2000
W2289063757,https://doi.org/10.2166/aqua.2016.103,Performance assessment of modified biosand filter with an extra disinfection layer,2016
W1968696456,https://doi.org/10.2166/aqua.2008.149,"Presence of arsenic, iron and manganese in groundwater within the gold-belt zone of Ghana",2008
W179624934,https://doi.org/10.2166/aqua.2005.0034,Cost of reclaimed municipal wastewater for applications in seasonally stressed semi-arid regions,2005
W1771460538,https://doi.org/10.2166/aqua.2003.0009,Disinfection resistance of waterborne pathogens on the United States Environmental Protection Agency's Contaminant Candidate List (CCL),2003
W2963160814,https://doi.org/10.2166/aqua.2019.040,Baseline carbon emission assessment in water utilities in Jordan using ECAM tool,2019
W1968617455,https://doi.org/10.2166/aqua.2007.064,Suspended particles and their characteristics in water mains: developments of sampling methods,2007
W2150653160,https://doi.org/10.2166/aqua.2009.013,"Assessment of rainwater quality from rainwater harvesting systems in Ontario, Canada",2009
W2093214248,https://doi.org/10.2166/aqua.2008.040,"Improving public perception of tap water in Antalya city, Turkey",2008
W166139560,https://doi.org/10.2166/aqua.2004.0017,Vacuum ultraviolet irradiation for natural organic matter removal,2004
W3146846644,https://doi.org/10.2166/aqua.1999.0015,Fluoride contamination of groundwater and its impacts on human health in Inner Mongolia area,1999
W2018361642,https://doi.org/10.2166/aqua.2011.068,Regulations and perspectives on disinfection by-products: importance of estimating overall toxicity,2011
W2345010548,https://doi.org/10.2166/aqua.2005.0026,The effect of chloride and orthophosphate on the release of iron from a cast iron pipe section,2005
W4207011047,https://doi.org/10.2166/aqua.2022.118,The application of non-oxidizing biocides to prevent biofouling in reverse osmosis polyamide membrane systems: a review,2022
W1579585698,https://doi.org/10.1046/j.1365-2087.1998.00083.x,Original Article,1998
W2130963338,https://doi.org/10.2166/aqua.2004.0035,Impact of secondary disinfection on corrosion in a model water distribution system,2004
W2895179247,https://doi.org/10.2166/aqua.2018.159,"Biosand water filter evaluation: pilot study of field use indicators in Cyegera, Rwanda",2018
W2282840964,https://doi.org/10.2166/aqua.2000.0004,Top quality drinking water treatment through low investment and operation costs,2000
W2278540576,https://doi.org/10.2166/aqua.2000.0025,Understanding the fate of Cryptosporidium and Giardia in storage reservoirs: a legacy of Sydney's water contamination incident,2000
W2091606759,https://doi.org/10.2166/aqua.2013.088,Impact of weather conditions on pipe failure: a statistical analysis,2013
W2435221905,https://doi.org/10.2166/aqua.2003.0037,"The efficacy of silver as a bactericidal agent: advantages, limitations and considerations for future use",2003
W2987140072,https://doi.org/10.2166/aqua.2019.101,Hydrogeochemical appraisal of groundwater quality and health risk in a near-suburb area of North China,2019
W2921431728,https://doi.org/10.2166/aqua.2019.119,"GIS-based assessment of groundwater quality for drinking purpose in northern part of Fars province, Marvdasht",2019
W2038835131,https://doi.org/10.2166/aqua.2008.010,Biological filtration for membrane pre-treatment and other applications: towards the development of a practically-oriented performance parameter,2008
W2926821521,https://doi.org/10.2166/aqua.2019.155,On the importance of pH value in coagulation,2019
W2241849559,https://doi.org/10.2166/aqua.2004.0042,Bubble size distribution in dissolved air flotation tanks,2004
W2307833655,https://doi.org/10.2166/aqua.2005.0004,Modelling of bubble plume destratification using DYRESM,2005
W2309564712,https://doi.org/10.2166/aqua.2003.0020,Predicting trihalomethane formation in chlorinated waters using multivariate regression and neural networks,2003
W2332267245,https://doi.org/10.2166/aqua.2007.020,Modelling of the release of organic compounds from polyethylene pipes to water,2007
W2126565376,https://doi.org/10.2166/aqua.2011.004,Organic compounds migrating from plastic pipes into water,2011
W2067561304,https://doi.org/10.2166/aqua.2007.005,"New POPs in the water environment: distribution, bioaccumulation and treatment of perfluorinated compounds – a review paper",2007
W17334191,https://doi.org/10.2166/aqua.2005.0006,Comparative study of rainwater quality in urban Zambia,2005
W2081782713,https://doi.org/10.2166/aqua.1999.0013,Development of a full-scale artificial neural network model for the removal of natural organic matter by enhanced coagulation,1999
W2012351847,https://doi.org/10.2166/aqua.2007.080,Evaluating the adsorption of microcystin toxins using granular activated carbon (GAC),2007
W2324290385,https://doi.org/10.2166/aqua.2015.059,"Contributions of homogeneous, heterogeneous and biological iron(II) oxidation in aeration and rapid sand filtration (RSF) in field sites",2015
W1529852697,https://doi.org/10.2166/aqua.2005.0042,Desalination in arid regions: Merits and concerns,2005
W2068657372,https://doi.org/10.2166/aqua.2008.050,Manganese removal and occurrence of manganese oxidizing bacteria in full-scale biofilters,2008
W2118253118,https://doi.org/10.2166/aqua.2010.008,Rational design of domestic biosand filters,2010
W1550257466,https://doi.org/10.2166/aqua.2005.0040,UV and UV/H2O2 treatment of methylisoborneol (MIB) and geosmin in water,2005
W2315538704,https://doi.org/10.2166/aqua.2000.0013,Decrease of water consumption in Polish towns: its causes and effects,2000
W3094199907,https://doi.org/10.2166/aqua.2020.044,Bacteriological assessment of dug well water in rural areas of Bangladesh,2020
W1994972466,https://doi.org/10.2166/aqua.2013.055,The role of Actinobacteria in taste and odour episodes involving geosmin and 2-methylisoborneol in aquatic environments,2013
W2337056550,https://doi.org/10.2166/aqua.2015.069,Do sales models influence the purchase and use of ceramic filters in rural areas of Kenya and Bolivia?,2015
W1608428260,https://doi.org/10.2166/aqua.2005.0001,Calculation of the mean residence time in distribution systems from tracer studies and models,2005
W2123491202,https://doi.org/10.2166/aqua.2013.043,"Relationships between trihalomethanes, haloacetic acids, and haloacetonitriles formed by the chlorination of raw, treated, and fractionated surface waters",2013
W1999219593,https://doi.org/10.2166/aqua.2007.018,Influence of calcium on the evolution of irreversible fouling in microfiltration/ultrafiltration membranes,2007
W2190156846,https://doi.org/10.2166/aqua.2015.065,Comparison between ultrafiltration and nanofiltration hollow-fiber membranes for removal of natural organic matter–a pilot study,2015
W1999459985,https://doi.org/10.2166/aqua.2007.062,Effect of algae species population structure on their removal by coagulation and filtration processes – a case study,2007
W3151417906,https://doi.org/10.2166/aqua.1998.19,Solving algae problems: French expertise and world-wide applications,1998
W61350727,https://doi.org/10.2166/aqua.2002.0027,Effects of chlorine and ozone on algal cell properties and removal of algae by coagulation,2002
W4224292905,https://doi.org/10.2166/aqua.2022.012,Assessment of accessibility and hydraulic performance of the water distribution system of Ejere Town,2022
W2337127104,https://doi.org/10.2166/aqua.2016.115,"Occurrence of toxic cyanobacteria and microcystin toxin in domestic water storage reservoirs, Egypt",2016
W2124357694,https://doi.org/10.2166/aqua.2001.0012,Does sunlight change the material and content of polyethylene terephthalate (PET) bottles?,2001
W2276340702,https://doi.org/10.2166/aqua.2003.0033,Water supply in Slovakia,2003
W2341608484,https://doi.org/10.2166/aqua.2003.0004,‘Natural’ recharge of groundwater: bank infiltration in the Netherlands,2003
W2309863411,https://doi.org/10.2166/aqua.2005.0018,UV disinfection of chlorinated water: impact on chlorine concentration and UV dose delivery,2005
W1530757636,https://doi.org/10.2166/aqua.2003.0045,A framework for the implementation and design of pilot-scale distribution systems,2003
W2283201861,https://doi.org/10.2166/aqua.2003.0019,Adsorption of reactive dyes using shale oil ash in fixed beds,2003
W2208113350,https://doi.org/10.2166/aqua.2001.0013,Effectiveness of coagulants and coagulant aids for the removal of filter-clogging Synedra,2001
W2029526454,https://doi.org/10.2166/aqua.2008.151,Optimum rehabilitation strategy of water distribution systems using the HBMO algorithm,2008
W2014255983,https://doi.org/10.2166/aqua.2013.134,Limits of UV disinfection: UV/electrolysis hybrid technology as a promising alternative for direct reuse of biologically treated wastewater,2013
W2206831603,https://doi.org/10.2166/aqua.2004.0045,"Water disinfection using electrolytically generated silver, copper and gold ions",2004
W3193928662,https://doi.org/10.2166/aqua.2021.061,"Water resources planning under climate and economic changes in Skiathos island, Aegean",2021
W1588372444,https://doi.org/10.2166/aqua.2005.0041,An enhanced tanks-in-series model for interpretation of tracer tests,2005
W1995968611,https://doi.org/10.2166/aqua.2013.108,Comparative use of artificial neural networks for the quality assessment of the water reservoirs of Athens,2013
W68690313,https://doi.org/10.2166/aqua.2005.0010,Indirect integrity testing on a pilot-scale UF membrane,2005
W2895262672,https://doi.org/10.2166/aqua.2018.084,Development of water and sediment quality management strategies for an urban river basin: a case study in Taiwan,2018
W2049738403,https://doi.org/10.2166/aqua.2009.114,"Taste and odour problems generated in distribution systems: a case study on the formation of 2,4,6-trichloroanisole",2009
W2042503126,https://doi.org/10.2166/aqua.2007.075,Inactivation of environmental and reference strains of heterotrophic bacteria and Escherichia coli O157:H7 by free chlorine and monochloramine,2007
W2273202517,https://doi.org/10.2166/aqua.2002.0041,Seasonal variations in the disinfection by-product precursor profile of a reservoir water,2002
W2197972362,https://doi.org/10.2166/aqua.2015.051,Risk-based prioritization of water main failure using fuzzy synthetic evaluation technique,2015
W2339073337,https://doi.org/10.2166/aqua.2003.0042,Aluminium-containing scales in water distribution systems: Prevalence and composition,2003
W2038932933,https://doi.org/10.2166/aqua.2009.054,Development and implementation of the software mEnCo© to predict coagulant doses for DOC removal at full-scale WTPs in South Australia,2009
W2086907936,https://doi.org/10.2166/aqua.2011.019,Water residence time in a distribution system and its impact on disinfectant residuals and trihalomethanes,2011
W2015580506,https://doi.org/10.2166/aqua.2006.011,Changes in microbiological quality in model distribution systems after switching from chlorine or chloramines to chlorine dioxide,2006
W2257223007,https://doi.org/10.2166/aqua.2005.0002,Operational performance of biological treatment plant for iron and manganese removal,2005
W1590021297,https://doi.org/10.2166/aqua.2003.0050,Evaluation of three source tracking indicator organisms for watershed management,2003
W2083588228,https://doi.org/10.1046/j.1365-2087.1999.00131.x,Adsorption of iron(ii) onto filter media,1999
W2008537885,https://doi.org/10.2166/aqua.2008.091,Permanganate formation in the reactions of ozone with Mn(II): a mechanistic study,2008
W2915197531,https://doi.org/10.2166/aqua.2019.064,Impact of climate variation and human activities on groundwater quality in northwest of Iran,2019
W2092487721,https://doi.org/10.2166/aqua.2009.201,Treatment selection guidelines for particle and NOM removal,2009
W2085272064,https://doi.org/10.2166/aqua.2013.137,Behaviour of cyanobacterial bloom material following coagulation and/or sedimentation,2013
W2060355668,https://doi.org/10.2166/aqua.2008.077,Ferrate(VI) oxidation of endocrine disruptors and antimicrobials in water,2008
W2093127769,https://doi.org/10.2166/aqua.2010.066,Using performance indicators as a water loss management tool in developing countries,2010
W2966381077,https://doi.org/10.2166/aqua.2019.026,Spatial interpolation approach-based appraisal of groundwater quality of arid regions,2019
W23808694,https://doi.org/10.2166/aqua.2002.0007,Coagulation of high turbidity water: the effects of rapid mixing,2002
W2040294495,https://doi.org/10.2166/aqua.2010.063,"Perfluorinated compounds contamination in tap water and bottled water in Bangkok, Thailand",2010
W21893566,https://doi.org/10.2166/aqua.2000.0017,"Study on the performance of the wastewater stabilisation pond of Boujaâd, Morocco",2000
W2088702045,https://doi.org/10.2166/aqua.2013.037,Pilot study and modeling for salinity reduction in drinking water in Berjand,2013
W2960303682,https://doi.org/10.2166/aqua.2019.005,Alginate-based biotechnology: a review on the arsenic removal technologies and future possibilities,2019
W2039698520,https://doi.org/10.2166/aqua.2008.078,Adsorptive removal of manganese(II) from the aqueous phase using iron oxide coated sand,2008
W2271243649,https://doi.org/10.2166/aqua.2014.050,Tracer study to verify hydraulic limits and determine water residence times in a distribution system: Part I,2014
W2009670085,https://doi.org/10.2166/aqua.2006.042,Performance of two-stage filtration system for treating high turbidity water,2006
W3162702217,https://doi.org/10.2166/aqua.2021.154,One water – evolving roles of our precious resource and critical challenges,2021
W2283284932,https://doi.org/10.2166/aqua.2014.039,A general framework of chlorine decay modeling at a pilot-scale water distribution system,2014
W2085918321,https://doi.org/10.2166/aqua.2013.058,The predictive value of total coliforms in drinking water using life table analysis,2013
W2087687255,https://doi.org/10.2166/aqua.2008.064,Relationships between specific ultraviolet absorbance and trihalomethane precursors of different carbon sources,2008
W1977322946,https://doi.org/10.2166/aqua.2012.006,Detection of aquatic streptomycetes by quantitative PCR for prediction of taste-and-odour episodes in water reservoirs,2012
W2055489994,https://doi.org/10.2166/aqua.2011.076,Characteristics of natural organic matter and formation of chlorination by-products at Masaka waterworks,2011
W1522547563,https://doi.org/10.2166/aqua.1998.21,The hydrodynamic parameter optimisation in design of drinking-water ozonation contactors,1998
W80331486,https://doi.org/10.2166/aqua.2005.0017,Optimal water supply zone size,2005
W2011618604,https://doi.org/10.2166/aqua.2007.023,Research and development on water supply technologies in JWRC,2007
W2283473391,https://doi.org/10.2166/aqua.2005.0022,Biological iron removal from groundwater: a review,2005
W2021477317,https://doi.org/10.2166/aqua.2007.103,Optimization of the detection of the spores of aerobic spore-forming bacteria (ASFB) in environmental conditions,2007
W1977269054,https://doi.org/10.2166/aqua.2009.022,Leak detection in branched pipe systems coupling wavelet analysis and a Lagrangian model,2009
W3042609385,https://doi.org/10.2166/aqua.2020.026,"Concurrent removal of nitrate, fluoride and arsenic by mixed hydrous bismuth oxide from water",2020
W2010468891,https://doi.org/10.2166/aqua.2013.060,Effect of water hardness and pipe material on enhanced disinfection with UV light and chlorine,2013
W2322552007,https://doi.org/10.2166/aqua.2013.032,Quantification of polymer concentration in water using UV-Vis spectroscopy,2013
W4243845349,https://doi.org/10.2166/aqua.1998.26,Removal of chlorinated and brominated alkanes from drinking water using reverse osmosis,1998
W2293334074,https://doi.org/10.2166/aqua.2003.0015,Modern plant technology for sludge treatment and volume reduction at Grane dam waterworks,2003
W2023795289,https://doi.org/10.2166/aqua.2008.095,"Effect of pH on degradation of acetaminophen and production of 1,4-benzoquinone in water chlorination",2008
W2047804734,https://doi.org/10.2166/aqua.2008.126,The role of domestic wells on Hamadan water supply contamination,2008
W1972516794,https://doi.org/10.2166/aqua.2013.049,Evaluation of a silver-ion based purification system for rainwater harvesting at a small-scale community level,2013
W2043039375,https://doi.org/10.2166/aqua.2007.029,Spatial and seasonal evolution of trihalomethanes in water distribution systems in Lebanon,2007
W2286581454,https://doi.org/10.2166/aqua.2015.083,Determination of domestic water meter accuracy degradation rates in Uganda,2015
W2233011569,https://doi.org/10.2166/aqua.2004.0012,Dissolved air flotation modelling: insights and shortcomings,2004
W3135768030,https://doi.org/10.2166/aqua.2021.125,"Hydro-biological characterization and efficiency of natural waste stabilization ponds in a desert climate (city of Assa, Southern Morocco)",2021
W2277305893,https://doi.org/10.2166/aqua.2002.0011,Adsorbent-based point-of-use system for arsenic removal in rural areas,2002
W2020823440,https://doi.org/10.2166/aqua.2008.035,Failure prediction and optimal scheduling of replacements in asbestos cement water pipes,2008
W2357731782,https://doi.org/10.2166/aqua.2014.097,Evidence of regional differences in chlorine perception by consumers: sensitivity differences or habituation?,2014
W2260679718,https://doi.org/10.2166/aqua.2003.0002,Degradation characteristics of microcystins by isolated bacteria from Lake Kasumigaura,2003
W3145574456,https://doi.org/10.2166/aqua.1999.0009,Adsorption of iron(ii) onto filter media,1999
W2320101308,https://doi.org/10.2166/aqua.2012.138,Elution behaviour of low molecular weight compounds in size exclusion chromatography,2012
W1985240945,https://doi.org/10.2166/aqua.2012.079,A simple approach to assessing copper pitting corrosion tendencies and developing control strategies,2012
W3167013418,https://doi.org/10.2166/aqua.2021.032,Evaluation of physicochemical and trace metal qualities of rainwater in the south-eastern region of Bangladesh,2021
W2246123438,https://doi.org/10.2166/aqua.2000.0005,Determination of optimal coagulant dosing rate using an artificial neural network,2000
W2895223425,https://doi.org/10.2166/aqua.2018.040,Norfloxacin removal from aqueous solution using biochar derived from<i>luffa</i>sponge,2018
W2728674934,https://doi.org/10.2166/aqua.2017.138,Application of adaptive neuro-fuzzy inference system (ANFIS) for modeling solar still productivity,2017
W2465189582,https://doi.org/10.2166/aqua.2016.014,Zeolite modified with copper oxide and iron oxide for lead and arsenic adsorption from aqueous solutions,2016
W2914092720,https://doi.org/10.2166/aqua.2019.043,Estimation of costs for monitoring urban water and wastewater networks,2019
W1975338205,https://doi.org/10.2166/aqua.2008.089,Modeling disinfection and by-product formation during the initial and the second phase of natural water ozonation in a pilot-scale plug flow reactor,2008
W2245763801,https://doi.org/10.2166/aqua.2015.140,Adsorption kinetics and diffusion of Saxitoxins on granular-activated carbon: influence of pore size distribution,2015
W1989218952,https://doi.org/10.2166/aqua.2011.022,QMRA-based reliability analysis to assess the performance of an ultrafiltration plant,2011
W2073101123,https://doi.org/10.2166/aqua.2009.011,Prioritizing monitoring locations in a water distribution network: a fuzzy risk approach,2009
W2730901376,https://doi.org/10.2166/aqua.2017.039,Evaluation of sludge handling using acidification and sequential aluminum coagulant recovery: case study of El-Sheikh Zayed WTP,2017
W2474291271,https://doi.org/10.2166/aqua.2004.0031,Evaluation of alternative fluence rate distribution models,2004
W2082600530,https://doi.org/10.2166/aqua.2012.056,Review of diagnostic tools to investigate the physical state of rapid granular filters,2012
W2316472440,https://doi.org/10.2166/aqua.2012.031,Improved removal of pesticides in biological granular activated carbon filters by pre-oxidation of natural organic matter,2012
W3160949937,https://doi.org/10.2166/aqua.2021.016,Disinfection properties of the tea polyphenol epigallocatechin gallate in the presence of calcium ions,2021
W1999258466,https://doi.org/10.2166/aqua.2008.034,Removal of pathogens by functionalised self-assembled monolayers,2008
W81345130,https://doi.org/10.2166/aqua.2004.0029,Detection of noroviruses in water: current status and future directions,2004
W111252306,https://doi.org/10.2166/aqua.2001.0003,Optimising polymer use in alum sludge conditioning: an ad hoc test,2001
W2265006578,https://doi.org/10.2166/aqua.2000.0024,"Rainwater quality from different roof catchments in the Port Harcourt district, Rivers State, Nigeria",2000
W2066892206,https://doi.org/10.2166/aqua.2009.085,Research on removing selenium from raw water by using Fe/Se co-precipitation system,2008
W2953758613,https://doi.org/10.2166/aqua.2019.157,"Occurrence of Cryptosporidium and Giardia in potable water sources in Chandigarh, Northern India",2019
W2165677191,https://doi.org/10.2166/aqua.2009.031,Arsenic crisis of Bangladesh and mitigation measures,2009
W2274300931,https://doi.org/10.2166/aqua.2003.0012,Removal of heavy metals from aqueous solution by water hyacinth (Eichhornia crassipes),2003
W2278696319,https://doi.org/10.2166/aqua.2003.0036,Solubility of polyaluminium coagulants,2003
W2805411660,https://doi.org/10.2166/aqua.2018.021,Evolutionary polynomial regression approach to predict longitudinal dispersion coefficient in rivers,2018
W2317977322,https://doi.org/10.2166/aqua.2014.633,Editorial Weather and climate extremes: impacts on water quality,2014
W2976280140,https://doi.org/10.2166/aqua.2019.054,Rainwater for drinking in Vietnam: barriers and strategies,2019
W152149538,https://doi.org/10.2166/aqua.2005.0007,Application of pressure monitoring and modelling to detect and minimize low pressure events in distribution systems,2005
W2337080074,https://doi.org/10.2166/aqua.2001.0017,Comparison of physicochemical iron removal mechanisms in filters,2001
W2155365357,https://doi.org/10.2166/aqua.2013.085,A long-term prediction of domestic water demand using preprocessing in artificial neural network,2013
W2244788358,https://doi.org/10.2166/aqua.2014.069,Odorant screening and possible origin analysis of odor episodes in one reservoir in northern China,2014
W1572969227,https://doi.org/10.2166/aqua.1998.28,Natural organic matter coagulation in Valencia water supply. Pilot plant studies,1998
W3128494071,https://doi.org/10.2166/aqua.2021.128,Reclaimed wastewater as an ally to global freshwater sources: a PESTEL evaluation of the barriers,2021
W2898036496,https://doi.org/10.2166/aqua.2018.075,Quantifying and contextualizing disinfection byproducts during the Flint Water Crisis: a case study and framework for broader application,2018
W1972945515,https://doi.org/10.2166/aqua.2011.058,Evaluation of the impact of industrial sewage pollution on marine benthic communities,2011
W2098086366,https://doi.org/10.2166/aqua.2013.213,Influence of porous media on intrusion rate into water distribution pipes,2013
W2293211007,https://doi.org/10.2166/aqua.2005.0030,A practical decision tree tool that water utilities can use to solve taste and odor problems,2005
W2293308696,https://doi.org/10.2166/aqua.2005.0019,The influence of silica and calcium on arsenate sorption to oxide surfaces,2005
W2040443242,https://doi.org/10.2166/aqua.2009.048,Wall decay of chlorine in water distribution system,2009
W2337368722,https://doi.org/10.2166/aqua.2003.0035,Fine-tuning the corrosion control targets of alkalinity and pH for Massachusetts Water Resources Authority,2003
W1995655296,https://doi.org/10.2166/aqua.2007.076,Limitations of chlorine dioxide as an alternative disinfectant in comparison with chlorine from the viewpoint of mutagenicity,2007
W1982570990,https://doi.org/10.2166/aqua.2011.020,Removal of hexavalent chromium from brackish groundwater by nanofiltration: a case study in Iran,2011
W1975811017,https://doi.org/10.2166/aqua.2008.103,Disinfectant efficacy in distribution systems: a pilot-scale assessment,2008
W34986476,https://doi.org/10.2166/aqua.2000.0029,"Benefits of ozone-activated carbon filtration in integrated treatment processes, including membrane systems",2000
W2089942918,https://doi.org/10.2166/aqua.2007.068,Prioritisation of parameters influencing residential water use and wastewater flow,2007
W2799766516,https://doi.org/10.2166/aqua.2018.180,"Component analysis for optimal leakage management in Madaba, Jordan",2018
W1557812025,https://doi.org/10.2166/aqua.1998.33,Exploring rehabilitation needs and strategies for water distribution networks,1998
W1970357424,https://doi.org/10.2166/aqua.2012.051,Removal efficiency of invertebrates in the filtrate of biologically activated carbon filter with sand bed,2012
W2169495927,https://doi.org/10.1046/j.1365-2087.1998.00095.x,Preparing for the future: water for a growing population,1998
W2268832861,https://doi.org/10.2166/aqua.1999.0021,"Microfiltration productivity and water quality in relation to pretreatment, temperature and flux",1999
W2581976881,https://doi.org/10.2166/aqua.2017.027,"Synthesis of chitosan zero-valent iron nanoparticles-supported for cadmium removal: characterization, optimization and modeling approach",2017
W78393710,https://doi.org/10.2166/aqua.2005.0011,Comparison between the removal of live and dead algae using froth flotation,2005
W2281064075,https://doi.org/10.2166/aqua.2006.029,Disinfectant demand prediction using surrogate parameters – a tool to improve disinfection control,2006
W2070267611,https://doi.org/10.2166/aqua.2013.059,Applying incentives to increase revenue water in urban systems,2013
W2287025293,https://doi.org/10.2166/aqua.2015.132,Effectiveness in chlorite removal by two activated carbons under different working conditions: a laboratory study,2015
W2266387096,https://doi.org/10.2166/aqua.2002.0003,Modeling of DAF: the effect of particle and bubble characteristics,2002
W2035122521,https://doi.org/10.2166/aqua.2009.140,Influence of design and operating conditions on the removal of MS2 bacteriophage by pilot-scale multistage slow sand filtration,2009
W2325720474,https://doi.org/10.2166/aqua.2012.000,"Corrigendum: Journal of Water Supply: Research and Technology—AQUA 60(3), 167–177: Comparison of dechlorination rates and water quality impacts for sodium bisulfite, sodium thiosulfate and ascorbic acid, Onita D. Basu and Nigel P. De Souza",2012
W2764905390,https://doi.org/10.2166/aqua.2011.000,"Erratum: Journal of Water Supply: Research and Technology – AQUA 60(4), 219–230: Problematic algae in the sedimentation and filtration process of water treatment plants, Gyeongje Joh, Yang Soon Choi, Jae-Ki Shin and Jiyoung Lee",2011
W2075656362,https://doi.org/10.2166/aqua.2014.004,A genetic algorithm for demand pattern and leakage estimation in a water distribution network,2014
W4323834613,https://doi.org/10.2166/aqua.2023.190,Mechanism of oxidative damage in <i>Escherichia coli</i> caused by epigallocatechin gallate (EGCG) in the presence of calcium ions,2023
W80079160,https://doi.org/10.2166/aqua.2004.0002,"Water basin management for Nansi Lakes, Shandong",2004
W4310119511,https://doi.org/10.2166/aqua.2022.238,"<i>Limnoperna fortunei</i>as an invasive biofouling bivalve species in freshwater: a review of its occurrence, biological traits, risks, and control strategies",2022
W1982354899,https://doi.org/10.2166/aqua.2013.002,"Editorial Resilient water supply systems: pursuing safety, sustainability and environmental friendliness",2013
W2332595611,https://doi.org/10.2166/aqua.2011.003,Leakage–pressure relationship and leakage detection in intermittent water distribution systems,2011
W2768787114,https://doi.org/10.2166/aqua.2017.103,"Calculating chemical speciation, pH, saturation index and calcium carbonate precipitation potential (CCPP) based on alkalinity and acidity using OpenModelica",2017
W1966983190,https://doi.org/10.2166/aqua.2006.014,Application of biological process to treat the groundwater with high concentration of iron and manganese,2006
W3107410980,https://doi.org/10.2166/aqua.2020.059,Design and evaluation of zero-energy UVC-LED reactor fitted with hand pump system for disinfection,2020
W2332642732,https://doi.org/10.2166/aqua.2012.094,Impact of AOC and chlorine residual on regrowth of microbes in a model distribution system receiving UV-treated potable water,2012
W2042526278,https://doi.org/10.2166/aqua.2014.194,Intelligent data mining of vertical profiler readings to predict manganese concentrations in water reservoirs,2014
W2309477120,https://doi.org/10.2166/aqua.2001.0009,Dover and Folkestone wastewater treatment scheme: design considerations and optimisation of the pressure surge control for Pumping Station PS2,2001
W2309477120,https://doi.org/10.2166/aqua.2001.0009,Dover and Folkestone wastewater treatment scheme: design considerations and optimisation of the pressure surge control for Pumping Station PS2,2001
W2307858381,https://doi.org/10.2166/aqua.2003.0017,The effect of pH and dissolved inorganic carbon on the properties of iron colloidal suspensions,2003
W2086747252,https://doi.org/10.2166/aqua.2007.007,Risk analysis of nitrification occurrence in pilot-scale chloraminated distribution systems,2007
W2290043474,https://doi.org/10.2166/aqua.2004.0013,Adsorption of divalent manganese ion on manganese-coated sand,2004
W1974175762,https://doi.org/10.2166/aqua.2008.029,UV absorbance ratio index with size exclusion chromatography (URI-SEC) as an NOM property indicator,2008
W97653691,https://doi.org/10.2166/aqua.2002.0032,Using particle monitors to minimise Cryptosporidium risk: a review,2002
W2036218104,https://doi.org/10.2166/aqua.2008.072,Pilot plan protocol for optimization of UV dose required to obtain an appropriate municipal wastewater disinfection,2008
W2258820944,https://doi.org/10.2166/aqua.2003.0039,Potential water resources in Singapore,2003
W2902508436,https://doi.org/10.2166/aqua.2018.207,Effect of Al speciation on residual turbidity and Al minimization by coagulation with single and dual dosing,2018
W3008913229,https://doi.org/10.2166/aqua.2020.090,Numerical study of magnetic particles mixing in waste water under an external magnetic field,2020
W2029810849,https://doi.org/10.2166/aqua.2014.022,Comparison between activated carbon and multiwall carbon nanotubes in the removal of cadmium(II) and chromium(VI) from water solutions,2014
W3163017085,https://doi.org/10.2166/aqua.2021.103,"Efficiency of <i>Cyperus alternifolius</i>, <i>Typha latifolia</i>, and <i>Juncus inflexus</i> in the removal of nitrate from surface water",2021
W2040353754,https://doi.org/10.2166/aqua.2009.117,Effect of chlorination on the cell integrity of two noxious cyanobacteria and their releases of odorants,2009
W2980781735,https://doi.org/10.2166/aqua.2019.094,"Optimization method for joint operation of a double-reservoir-and-double-pumping-station system: a case study of Nanjing, China",2019
W2243694753,https://doi.org/10.2166/aqua.2015.081,The effect of water hammer on a confined air pocket towards flow energy storage system,2015
W4321456950,https://doi.org/10.2166/aqua.2023.078,Improvement of water utility management in Tajikistan: reduction in water wastage using a metered tariff system,2023
W2006487630,https://doi.org/10.2166/aqua.2009.020,The impact of private networks on off-flavour episodes in tap water,2009
W1997387320,https://doi.org/10.2166/aqua.2008.049,"Simultaneous removal of cyanobacteria and an earthy odor compound by a combination of activated carbon adsorption, coagulation, and ceramic microfiltration",2008
W2484240183,https://doi.org/10.2166/aqua.2002.0020,Improving simultaneous removal of BDOC and turbidity in rapid filters by application of permeable synthetic collectors,2002
W2341747638,https://doi.org/10.2166/aqua.2001.0023,Advanced treatment for municipal wastewater reuse in agriculture. UV disinfection: bacteria inactivation,2001
W4237531835,https://doi.org/10.2166/aqua.2006.073,Electrochemical process for the removal of bromide from California state project water,2006
W2507416475,https://doi.org/10.2166/aqua.2016.013,Removal of lead(II) and nickel(II) ions from aqueous solution via Bermuda grass biomass,2016
W2802576306,https://doi.org/10.2166/aqua.2018.144,Pilot scale application of UV-C/H <sub>2</sub> O <sub>2</sub> for removal of chlorinated ethenes from contaminated groundwater,2018
W2085793863,https://doi.org/10.2166/aqua.2008.070,Submicron-sized activated carbon particles for the rapid removal of chlorinous and earthy-musty compounds,2008
W2056944585,https://doi.org/10.2166/aqua.2013.033,Factors influencing nitrification in point-of-use BioSand filters,2013
W1932047895,https://doi.org/10.2166/aqua.2005.0023,Identification of natural organic matter (NOM) transport behavior near the membrane surface using flow field-flow-fractionation (fl-FFF) micro channel,2005
W2515094122,https://doi.org/10.2166/aqua.1999.53,Network operation without safety chlorination in Zürich,1999
W102209472,https://doi.org/10.2166/aqua.2004.0034,"Incidence of Chromobacterium violaceum in borehole water in Port Harcourt metropolis, Rivers State, Nigeria",2004
W2094794177,https://doi.org/10.2166/aqua.2013.061,Water efficiency as a means of reducing carbon emissions in Northern Ireland (NI) water,2013
W2323187672,https://doi.org/10.2166/aqua.2012.089,Integrating bench- and full-scale nanofiltration testing for two surface waters,2012
W2077321479,https://doi.org/10.2166/aqua.1998.32,Use of performance indicators and performance benchmarking in the North American water industry—findings from studies recently completed for AWWA and WEF research foundations,1998
W2067462334,https://doi.org/10.2166/aqua.2012.032,Direct backward transient analysis for leak detection in pressurized pipelines: from theory to real application,2012
W2950950702,https://doi.org/10.2166/aqua.2019.021,Development of a risk-based tool for groundwater well rehabilitation and replacement decisions,2019
W195706666,https://doi.org/10.2166/aqua.2006.0002,Electrochemical process for the removal of bromide from California state project water,2006
W2008174920,https://doi.org/10.2166/aqua.2009.110,Measurement of bubble bed depth in dissolved air flotation using a particle counter,2008
W3152407542,https://doi.org/10.1046/j.1365-2087.1999.00138.x,Development of a full-scale artificial neural network model for the removal of natural organic matter by enhanced coagulation,1999
W2126523592,https://doi.org/10.2166/aqua.2001.0014,Towards optimal design parameters for around-the-end hydraulic flocculators,2001
W3169834768,https://doi.org/10.2166/aqua.2021.156,"Distribution and potential health risk of nitrate in centralized groundwater sources of Wanbei Plain, Central China",2021
W96978107,https://doi.org/10.2166/aqua.2005.069,Translation of pipe inspection results into condition ratings using the fuzzy synthetic evaluation technique,2006
W2342033739,https://doi.org/10.2166/aqua.2001.0026,Reduction of arsenic in groundwater by coprecipitation with iron,2001
W2339042108,https://doi.org/10.2166/aqua.2003.0046,Rapid assessment techniques for chemicals in raw water sources,2003
W2766619634,https://doi.org/10.2166/aqua.2017.017,"Technology for treatment of groundwater simultaneously containing iron, manganese, ammonium and organic matter",2017
W2567461050,https://doi.org/10.2166/aqua.2016.102,TiO <sub>2</sub> as an effective nanocatalyst for photocatalytic degradation of humic acid in water environment,2016
W2080397276,https://doi.org/10.2166/aqua.2013.100,Kinetic modelling approach as a decision support tool for chloraminated distribution systems,2013
W2330603859,https://doi.org/10.2166/aqua.2012.078,Rapid removal of bromate ion from water streams with an electrolytic flow cell,2012
W2411631477,https://doi.org/10.2166/aqua.2015.105,Validation of two applied methods of groundwater vulnerability mapping: application to the coastal aquifer system of Southern Sfax (Tunisia),2015
W2341731443,https://doi.org/10.2166/aqua.2002.0034,Private versus public provision of water services: does ownership matter for utility efficiency?,2002
W2331256877,https://doi.org/10.2166/aqua.2012.058,Kinetic characteristics of oxidation of microcystin-LR at low concentration by chlorine and permanganate,2012
W3203455521,https://doi.org/10.2166/aqua.2021.041,Pilot study on the treatment of lake water with algae by ultrafiltration–ozone–biologically activated carbon,2021
W4288430584,https://doi.org/10.2166/aqua.2022.029,Optimal allocation of regional water resources in an arid basin: insights from Integrated Water Resources Management,2022
W2312907349,https://doi.org/10.2166/aqua.2016.097,Tools for monitoring distribution system water quality: a study using four parallel pilot systems,2016
W2803502501,https://doi.org/10.2166/aqua.2006.0008,Ct values required for degradation of microcystin-LR by free chlorine,2006
W2432596731,https://doi.org/10.2166/aqua.2015.102,Carbon nanotubes and graphenes as adsorbents for adsorption of lead ions from water: a review,2015
W2305944338,https://doi.org/10.2166/aqua.2014.090,NOM removal: evaluating five process alternatives to alum coagulation,2014
W2044780844,https://doi.org/10.2166/aqua.2013.305,A decision support tool for water mains renewal for small to medium sized utilities: a risk index approach,2013
W2154364320,https://doi.org/10.2166/aqua.2013.081,Effects of the interaction between Microcystis aeruginosa and nitrobenzene on coagulation-sedimentation performance,2013
W4293562194,https://doi.org/10.2166/aqua.2022.065,Minimization of halogenated disinfection by-product precursors by Al-based electrocoagulation–flotation (ECF) toward cyanobacteria-laden water,2022
W561572751,https://doi.org/10.2166/aqua.2004.0007,Riverbank filtration: Effect of ground passage on NOM character,2004
W2537068227,https://doi.org/10.2166/aqua.2016.119,A comprehensive review on the challenges of cured-in-place pipe (CIPP) installations,2016
W2328702198,https://doi.org/10.2166/aqua.2013.113,Characterization of natural organic matter from Mediterranean coastal seawater,2013
W2566899417,https://doi.org/10.2166/aqua.2016.069,Simulation and uncertainty analysis for groundwater levels using radial basis function neural network and support vector machine models,2016
W2605901434,https://doi.org/10.2166/aqua.2017.083,Variability of water residence time and free chlorine and disinfection by-product concentrations within a residential neighborhood,2017
W38036021,https://doi.org/10.2166/aqua.2003.0031,Influence of ozonated cyanobacteria on bacterial growth in rapid sand filters,2003
W3151443695,https://doi.org/10.2166/aqua.1998.11,Needs and options of Korea for integrated water management,1998
W1971243990,https://doi.org/10.2166/aqua.2008.097,Dynamic modelling for optimisation of pellet softening,2008
W2332173856,https://doi.org/10.2166/aqua.2013.225,Higher corrosion resistance of old cast iron pipes installed for early stage of water supply network in Yokohama City,2013
W2269988370,https://doi.org/10.2166/aqua.1999.0026,The mobilisation of polycyclic aromatic hydrocarbons (PAHs) from the coal-tar lining of water pipes,1999
W2524497345,https://doi.org/10.2166/aqua.2016.038,DBPs in a chlorinated indoor swimming pool: occurrences and modeling,2016
W2470125577,https://doi.org/10.2166/aqua.2006.0005,The retention of Cryptosporidium sp. oocysts at varying depths in slow sand filters: A pilot study,2006
W1485246834,https://doi.org/10.2166/aqua.2004.0040,"Rapid start-up of biofilters for removal of ammonium, iron and manganese from ground water",2004
W2012727759,https://doi.org/10.2166/aqua.2011.024,Evaluation of parameters influencing removal efficiencies for organic contaminant degradation in advanced oxidation processes,2011
W2944460114,https://doi.org/10.2166/aqua.2019.134,"Demonstrating process robustness of potable reuse trains during challenge testing with elevated levels of acetone, formaldehyde, NDMA, and 1,4-dioxane",2019
W1978485353,https://doi.org/10.2166/aqua.2009.097,Flexible fibre filter: potential for algae removal,2009
W2224603848,https://doi.org/10.2166/aqua.2015.144,Hourly water demand forecasting for micro water grids,2015
W2029272512,https://doi.org/10.2166/aqua.2009.005,TCAA degradation in ultraviolet (UV) irradiation/hydrogen peroxide (H2O2)/micro-aeration (MCA) combination process,2009
W2026026650,https://doi.org/10.2166/aqua.2013.069,Removal of 2-methylisoborneol from aqueous solution by cattle manure compost (CMC) derived activated carbons,2013
W1997112964,https://doi.org/10.2166/aqua.2006.055,Generation of a positively charged bubble and its possible mechanism of formation,2006
W2270477075,https://doi.org/10.2166/aqua.2000.0022,A kinetic model of dissolved air flotation including the effects of interparticle forces,2000
W2269462864,https://doi.org/10.2166/aqua.2016.089,Adsorption isotherm and kinetic studies of As(V) removal from aqueous solution using cattle bone char,2016
W2253173117,https://doi.org/10.2166/aqua.2014.061,Effects of physical disturbances on media and performance of household-scale slow sand (BioSand) filters,2014
W2013083478,https://doi.org/10.2166/aqua.2009.039,Cyclodextrin nanosponges in the removal of organic matter for ultrapure water in power generation,2009
W2322217611,https://doi.org/10.2166/aqua.2012.060,Comparison of coagulant type on natural organic matter removal using equimolar concentrations,2012
W2560297070,https://doi.org/10.2166/aqua.2016.034,Leakage control of multi-source water distribution system by network partition and optimal pump schedule in China,2016
W2338403144,https://doi.org/10.2166/aqua.2003.0027,Characterization of organic matter in ozonation and biological treatment,2003
W1503966455,https://doi.org/10.2166/aqua.2005.0005,Adsorptive uptake of arsenic (V) from water by aquatic fern Salvinia natans,2005
W2086709725,https://doi.org/10.2166/aqua.2007.009,"Color removal by coagulation, flocculation and sedimentation from water containing humic substances with different apparent molecular sizes",2007
W2323580553,https://doi.org/10.2166/aqua.2013.102,Investigating and mapping spatial patterns of arsenic contamination in groundwater using regression analysis and spline interpolation technique,2013
W2040235942,https://doi.org/10.2166/aqua.2007.101,Performance evaluation of the UV disinfection reactors by CFD and fluence simulations using a concept of disinfection efficiency,2007
W2560660202,https://doi.org/10.2166/aqua.2016.048,Economic feasibility of rainwater harvesting systems: a systematic literature review,2016
W1971342201,https://doi.org/10.2166/aqua.2014.120,"Sugar palm Arenga pinnata Merr (Magnoliophyta) fruit shell as biomaterial to remove Cr(III), Cr(VI), Cd(II) and Zn(II) from aqueous solution",2014
W2604884997,https://doi.org/10.2166/aqua.2017.029,Efficient removal of some anionic dyes from aqueous solution using a polymer-coated magnetic nano-adsorbent,2017
W2951170557,https://doi.org/10.2166/aqua.2019.161,Analysis and viability of microturbines in hydraulic networks: a case study,2019
W3205346198,https://doi.org/10.2166/aqua.2021.107,Evaluation of the vulnerability in water distribution systems through targeted attacks,2021
W2768743731,https://doi.org/10.2166/aqua.2017.086,Assessment of variable speed pumps in water distribution systems considering water leakage and transient operations,2017
W1625385656,https://doi.org/10.2166/aqua.1999.64,"A comprehensive study of water consumption in the city of Córdoba, Spain",1999
W1532607007,https://doi.org/10.2166/aqua.1998.13,Dissolved air flotation: experiments and kinetic analysis,1998
W2785054482,https://doi.org/10.2166/aqua.2018.161,Nanocomposite filter made from porous mineral tuff with absorbed silver nanoparticles and its application for disinfection of water,2018
W4229911699,https://doi.org/10.2166/aqua.1998.23,Preparing for the future: water for a growing population,1998
W2340108066,https://doi.org/10.2166/aqua.2005.0033,Examination of three-dimensional flow characteristics in the distribution channel to the flocculation basin using computational fluid dynamics simulation,2005
W2048755528,https://doi.org/10.2166/aqua.2008.041,Molecular weight distribution variation of assimilable organic carbon during ozonation/BAC process,2008
W51728758,https://doi.org/10.2166/aqua.2002.0035,Anti-scaling properties of copper,2002
W2316278255,https://doi.org/10.2166/aqua.2002.0033,Electrochemical and photocatalytic reduction of perchlorate ion,2002
W2315579287,https://doi.org/10.2166/aqua.2014.100,Simulating residential indoor water demand by means of a probability based end-use model,2014
W35930744,https://doi.org/10.2166/aqua.2006.036,Analysis of pollution status of Amadi Creek and its management,2006
W2014409196,https://doi.org/10.2166/aqua.2014.103,Innovative research program on the renewal of aging water infrastructure systems,2014
W2262392397,https://doi.org/10.2166/aqua.2015.100,Release behavior of odor contaminants derived from<i>Microcystis aeruginosa</i>in rivers and a non-strict anaerobic aqueous system,2015
W3216175045,https://doi.org/10.2166/aqua.2021.133,Segment-based resilience response and intervention evaluation of water distribution systems,2021
W1966636925,https://doi.org/10.2166/aqua.2007.025,Reclamation of backwash water by cross flow microfiltration- a case study,2007
W1981685686,https://doi.org/10.2166/aqua.2014.135,A kinetic study of nitrification inhibition in water distribution systems using low levels of chlorite,2014
W1608040191,https://doi.org/10.2166/aqua.2004.0038,Crystalline hydrous titanium (IV) oxide (CHTO): An arsenic (III) scavenger from natural water,2004
W857014780,https://doi.org/10.2166/aqua.2015.035,The effect of immobilized catalyst structure on the degradation of chemical and biological contaminants in simulated solar photocatalytic water purification,2015
W159217712,https://doi.org/10.2166/aqua.2002.0031,Estimation of leakage in the water distribution network of the Holy City of Makkah,2002
W2324692273,https://doi.org/10.2166/aqua.2013.141,Impacts of salt type and concentration on coagulation of humic acid and silica,2013
W2990841390,https://doi.org/10.2166/aqua.2019.031,An experimental analysis on accuracy of customer water meters under various flow rates and water pressures,2019
W2762052121,https://doi.org/10.2166/aqua.2017.183,Effects of sulfate and nitrate on the taste of water: a study with a trained panel,2017
W2291798889,https://doi.org/10.2166/aqua.1999.0022,"Sweep coagulation: structures, mechanisms and practice",1999
W2324539109,https://doi.org/10.2166/aqua.2013.016,Degradation of 2-MIB in aqueous solution by ZnOOH catalyzed ozonation,2013
W2058046739,https://doi.org/10.2166/aqua.2008.027,"Loss of chlorine, chloramine or chlorine dioxide concentration following exposure to UV light",2008
W2197499829,https://doi.org/10.2166/aqua.2006.0004,Condition assessment to estimate failure rates in buried metallic pipelines,2006
W2770990486,https://doi.org/10.2166/aqua.2017.082,Improvement on algae and turbidity removal in an integrated flotation and sedimentation unit using side flow-inclined plate settlers: evidence from a full-scale field experiment,2017
W2022228990,https://doi.org/10.2166/aqua.2014.162,Water resources and the potential of brackish groundwater extraction in Egypt: a review,2014
W2990903115,https://doi.org/10.2166/aqua.2019.084,Economic and environmental impact analysis of ammoniacal nitrogen removal from landfill leachate using sequencing batch reactor: a case study from Czech Republic,2019
W1990062802,https://doi.org/10.2166/aqua.2007.019,Bacterial species and variation in the biofilm of water distribution system in Harbin city,2007
W1980656972,https://doi.org/10.2166/aqua.2011.013,Application of unidirectional flushing in water distribution pipes,2011
W121589726,https://doi.org/10.2166/aqua.1998.10,Effect of pH and hydrogen peroxide on aldehyde formation in the ozonation process,1998
W1964024673,https://doi.org/10.2166/aqua.2007.024,Recycling the wastewater of the industrial park in Northern Taiwan using UF-RO system: in-situ pilot testing and cost analysis,2007
W2995515753,https://doi.org/10.2166/aqua.2008.046,Effects of hydrophobe contents of amphiphilic polyelectrolytes on flocs size and removal efficiency of NOM from waters,2008
W1978767030,https://doi.org/10.2166/aqua.2009.053,Gravity powered flow controllers for chlorine and alum dosing,2009
W2591943234,https://doi.org/10.2166/aqua.2017.081,Comparison between an intrinsic and a specific vulnerability method using a GIS tool: case of the Smar aquifer in Maritime Djeffara (southeastern Tunisia),2017
W2077970106,https://doi.org/10.2166/aqua.2013.004,Impacts of liquefaction on the potable water system of Christchurch in the 2010–2011 Canterbury (NZ) earthquakes,2013
W2076757723,https://doi.org/10.2166/aqua.2011.038,Optimization–simulation for short-term reservoir operation under flooding conditions,2011
W2007609018,https://doi.org/10.2166/aqua.2008.048,Effects of reversible and irreversible membrane fouling on virus removal by a coagulation–microfiltration system,2008
W2549709567,https://doi.org/10.2166/aqua.2016.077,Low-temperature effects on the removal of soluble manganese in MnOx(s)-coated media systems,2016
W2735330242,https://doi.org/10.2166/aqua.2017.036,Source apportionment of nitrogen in Estonian rivers,2017
W3092322926,https://doi.org/10.2166/aqua.2020.060,Human health risk assessment and spatial distribution of fluoride from shallow groundwater in a region of southwest China,2020
W2283094031,https://doi.org/10.2166/aqua.2004.0022,Monitoring aluminium before and after filtration,2004
W3083015753,https://doi.org/10.2166/aqua.2020.061,Hydrochemistry and multivariate statistical analysis of the quality of water from Lake Bosomtwe for agricultural and human consumption,2020
W2324815013,https://doi.org/10.2166/aqua.2011.086,On the usage of artificial neural networks in chlorine control applications for water distribution networks with high quality water,2011
W2965593110,https://doi.org/10.2166/aqua.2019.009,Hydro-chemical assessment and GIS-mapping of groundwater quality parameters in semi-arid regions,2019
W4214606324,https://doi.org/10.2166/aqua.2022.004,Fuzzy logic-based integrated performance evaluation of a water distribution network,2022
W2081014787,https://doi.org/10.2166/aqua.2008.102,Hydroxyl radical rate constants: comparing UV/H2O2 and pulse radiolysis for environmental pollutants,2008
W2094572202,https://doi.org/10.2166/aqua.2013.086,Assessment of manganese removal from over 100 groundwater treatment plants,2013
W2323035585,https://doi.org/10.2166/aqua.2010.101,Application of air stripping to powdered activated carbon adsorption of geosmin and 2-methylisoborneol,2010
W3154997968,https://doi.org/10.2166/aqua.2011.016b,New method for urea analysis in surface and tap waters with LC-OCD-OND (liquid chromatography–organic carbon detection–organic nitrogen detection),2011
W2315476926,https://doi.org/10.2166/aqua.2013.099,Arsenite sorption and oxidation by synthetic birnessite,2013
W2323371026,https://doi.org/10.2166/aqua.2010.081,Determination of conventional velocity gradient (G) using CFD technique for a pilot-scale flocculation system,2010
W1986092460,https://doi.org/10.2166/aqua.2014.095,Pump energy efficiency field testing and benchmarking in Canada,2014
W1989186860,https://doi.org/10.1046/j.1365-2087.1998.00093.x,Original Article,1998
W2123704919,https://doi.org/10.2166/aqua.1998.0003,"Modeling, simulation and operational parameters of dissolved air flotation",1998
W2315549512,https://doi.org/10.2166/aqua.2013.116,Bench scale evaluation of Fe(II) ions on haloacetic acids (HAAs) formation in synthetic water,2013
W1995073405,https://doi.org/10.2166/aqua.2013.122,Assessing UV- and fluorescence-based metrics as disinfection byproduct precursor surrogate parameters in a water body influenced by a heavy rainfall event,2013
W124293854,https://doi.org/10.2166/aqua.2005.063,Comparison of DAX-8 and XAD-8 resins for isolating disinfection byproduct precursors,2006
W2300256309,https://doi.org/10.2166/aqua.2004.0026,Hydrogen sulfide and turbidity control using catalysed oxidation coupled with filtration for groundwater treatment,2004
W3047438584,https://doi.org/10.2166/aqua.2020.010,NOM removal and residual Al minimization by enhanced coagulation: roles of sequence dosing with PACl–FeCl3,2020
W2049728659,https://doi.org/10.2166/aqua.2010.046,Parameters affecting steady-state floc blanket performance,2010
W2612959808,https://doi.org/10.2166/aqua.2017.129,"Local groundwater supply systems for remote settlements, current state and prospects for utilization: case studies from Serbia",2017
W2325302430,https://doi.org/10.2166/aqua.2013.142,Coagulant mixing revisited: theory and practice,2013
W2030090701,https://doi.org/10.2166/aqua.2014.082,Price elasticity of residential water demand in California,2014
W2331929667,https://doi.org/10.2166/aqua.2006.071,"Control of MIB, Geosmin and TON by membrane systems",2006
W2071891242,https://doi.org/10.2166/aqua.2009.092,Prognosis of urban water consumption using hybrid fuzzy algorithms,2009
W2304891503,https://doi.org/10.2166/aqua.2016.053,A resilience-based prioritization scheme for water main rehabilitation,2016
W1975859651,https://doi.org/10.2166/aqua.2011.152,Comparing methods to remove emerging contaminants and disinfection by-product precursors at pilot scale,2011
W2987057083,https://doi.org/10.2166/aqua.2019.087,EPANET in QGIS framework: the QEPANET plugin,2019
W2315600868,https://doi.org/10.2166/aqua.2004.0032,Optimization and simulation of a multiple reservoir system operation,2004
W206520896,https://doi.org/10.2166/aqua.2005.0039,Application of flow path algorithm in flow pattern mapping and loop data generation for a water distribution system,2005
W189964583,https://doi.org/10.2166/aqua.2002.0017,Effect of groundwater quality on adsorptive iron removal,2002
W3178644341,https://doi.org/10.2166/aqua.2021.049,Autonomous metering system for monitoring water consumption,2021
W2303214219,https://doi.org/10.2166/aqua.2016.070,Evaluation of methods for reducing the total cost in rural water pumping stations in Iran: a case study,2016
W2265454773,https://doi.org/10.2166/aqua.2015.045,Optimization of ultrasound-induced inactivation of model bacterial mixture using response surface methodology,2015
W2004644211,https://doi.org/10.2166/aqua.2008.037,The effect of chlorine demand on estimation of the inactivation rate constant,2008
W4321371698,https://doi.org/10.2166/aqua.2023.217,Efficacy testing of non-oxidizing biocides for polyamide membrane biofouling prevention using a modified CDC biofilm reactor,2023
W4311078371,https://doi.org/10.2166/aqua.2022.143,"The role of chloramines in enhancing soluble manganese removal by manganese contactors by W.R. Knocke, A.M. Weber, P.H. Hargette and E. Odom",2022
W75219854,https://doi.org/10.2166/aqua.2000.0010,Integrated water resources management for Egypt,2000
W2071667916,https://doi.org/10.2166/aqua.2010.093,Extending membrane longevity by using MIEX as a pre-treatment,2010
W2025478920,https://doi.org/10.2166/aqua.2013.124,Optimising the water sector market structure in Portugal,2013
W1480670825,https://doi.org/10.2166/aqua.1998.0004,Effects of iron and manganese on the scaling potentiality of water,1998
W2289497644,https://doi.org/10.2166/aqua.2015.068,Musty odor producing benthic cyanobacteria in the Tama River (Japan) and identification of species by genetic analysis,2015
W2090254845,https://doi.org/10.2166/aqua.2014.147,Iron-based sorption materials for the removal of antimony from water,2014
W2312281869,https://doi.org/10.2166/aqua.2003.0032,Disinfection of domestic water systems for Legionella pneumophila,2003
W2343656047,https://doi.org/10.2166/aqua.2000.0023,Characterization and isolation of natural organic matter from a eutrophic reservoir,2000
W3044629565,https://doi.org/10.2166/aqua.2020.079,Optimization of backwash parameters for hollow fiber membrane filters used for water purification,2020
W2265010720,https://doi.org/10.2166/aqua.2004.0001,"Removal of Cryptosporidium by in-line filtration: effects of coagulant type, filter loading rate and temperature",2004
W2049420487,https://doi.org/10.2166/aqua.2010.087,Hybrid membrane process: Performance evaluation of biological PAC,2010
W3151250483,https://doi.org/10.1046/j.1365-2087.1998.00073.x,Original Article,1998
W2225709320,https://doi.org/10.2166/aqua.2003.0041,Activated carbon adsorption of chloroacetanilide herbicides and their degradation products from surface water supplies,2003
W2003739929,https://doi.org/10.2166/aqua.2010.053,A pilot-scale study of backwashing ultrafiltration membrane with demineralized water,2010
W2659924691,https://doi.org/10.2166/aqua.2017.013,Influence of cavitation phenomenon on the hydraulic behavior of leaks in water distribution systems,2017
W1989480916,https://doi.org/10.2166/aqua.2009.197,Supplementing coagulation with powdered activated carbon as a control strategy for trihalomethanes: application to an existing utility,2009
W2770451805,https://doi.org/10.2166/aqua.2017.058,The comparison of discrete ordinate and Monte Carlo methods in solving of the radiation transfer equations in a heterogenous reactor,2017
W168079913,https://doi.org/10.2166/aqua.2008.0001,UV absorbance ratio index with size exclusion chromatography (URI-SEC) as an NOM property indicator,2008
W2938145946,https://doi.org/10.2166/aqua.2019.118,Removal of arsenic from aqueous solutions using aminated poly(glycidyl methacrylate),2019
W2488719300,https://doi.org/10.2166/aqua.2006.0011,Water pipe system response under dynamic effects,2006
W205576323,https://doi.org/10.2166/aqua.2004.0044,Disinfection effectiveness of ultraviolet (UV) light for heterotrophic bacteria leaving biologically active filters,2004
W2315071324,https://doi.org/10.2166/aqua.2014.002,"Application of generalized regression neural network and support vector regression for monthly rainfall forecasting in western Jilin Province, China",2014
W78664091,https://doi.org/10.2166/aqua.2004.0043,The effect of alum dose on the consolidation behaviour of coagulated clay dispersions,2004
W2964439464,https://doi.org/10.2166/aqua.2019.027,Bacterial community analysis of sulfate-reducing granular sludge exposed to high concentrations of uranium,2019
W1978719141,https://doi.org/10.2166/aqua.2006.044,"The occurrence of Cryptosporidium and Giardia in the Lake Baroon catchment, Queensland, Australia",2006
W1509299469,https://doi.org/10.2166/aqua.2006.0006,Modelling discolouration in a Melbourne (Australia) potable water distribution system,2006
W1985574378,https://doi.org/10.2166/aqua.2008.052,Pipe network system analysis using simulated annealing,2008
W4252236866,https://doi.org/10.2166/aqua.1999.0012,Empirical mathematical models and artificial neural networks for the determination of alum doses for treatment of southern Australian surface waters,1999
W2057153460,https://doi.org/10.2166/aqua.2010.042,Seawater desalination — a green technology?,2010
W2254594540,https://doi.org/10.2166/aqua.2005.0008,Modelling the uptake of natural organic matter (NOM) by different granular sorbent media,2005
W2328752645,https://doi.org/10.2166/aqua.2010.076,Calcite precipitation from aqueous solutions with different calcium and hydrogen carbonate concentrations,2010
W2326298430,https://doi.org/10.2166/aqua.2000.0015,Gravity flow water distribution system design,2000
W2263797047,https://doi.org/10.2166/aqua.2015.072,"Occurrence of algae and algae-related taste and odour (T&amp;O) compounds in the Qingcaosha Reservoir, China",2015
W2063679260,https://doi.org/10.2166/aqua.2006.053,Application of image analysis to evaluate the flocculation process,2006
W1977930536,https://doi.org/10.2166/aqua.2013.106,Optimal sensor placement for event detection and source identification in water distribution networks,2013
W2576447211,https://doi.org/10.2166/aqua.2017.025,Characterization and comparison of iron oxyhydroxide precipitates from biotic and abiotic groundwater treatments,2017
W3165750111,https://doi.org/10.2166/aqua.2021.139,Dispersed solar still for effective desalination using montmorillonite nanoparticles for sturdy clean water yield,2021
W4321371807,https://doi.org/10.2166/aqua.2023.191,A pilot study on the dual membrane process of ultrafiltration and nanofiltration to treat algae-laden raw water compared to O3-BAC,2023
W2318979034,https://doi.org/10.2166/aqua.2005.0016,Inactivation of Cryptosporidium oocysts and Giardia cysts by ultraviolet light in the presence of natural particulate matter,2005
W2581093588,https://doi.org/10.2166/aqua.2017.046,Artificial intelligence for predicting solar still production and comparison with stepwise regression under arid climate,2017
W2280264866,https://doi.org/10.2166/aqua.2015.034,A stochastic approach for extended partial blockage detection in viscoelastic pipelines: numerical and laboratory experiments,2015
W2303924128,https://doi.org/10.2166/aqua.2016.084,Comparison of solution methods for analyzing water distribution networks under pressure-deficient conditions,2016
W2581288677,https://doi.org/10.2166/aqua.2017.035,A practical low-cost model for prediction of the groundwater quality using artificial neural networks,2017
W127351705,https://doi.org/10.2166/aqua.2003.0005,Performance of low-cost adsorbents for the removal of copper and lead,2003
W2298801826,https://doi.org/10.2166/aqua.2000.0001,Effect of mixing on the kinetics of polymer-aided flocculation,2000
W2419066084,https://doi.org/10.2166/aqua.2004.0021,Design life of water transmission mains for exponentially growing water demand,2004
W2340218008,https://doi.org/10.2166/aqua.2006.027,Integration of quality control and GIS to improve water network in the city of Sharjah,2006
W2918633871,https://doi.org/10.2166/aqua.2019.079,A novel approach in determination of the effluent applications,2019
W2013409436,https://doi.org/10.2166/aqua.2009.037,On-line free-chlorine/total-chlorine monitors' evaluation – a step towards a correct choice of residual disinfectant monitor,2009
W2257004553,https://doi.org/10.2166/aqua.2003.0021,Water resources and supply policy in developing countries with special reference to Sudan,2003
W2044657202,https://doi.org/10.2166/aqua.2014.145,Transformation of an existing physicochemical plant for iron and manganese removal by the application of biological processes,2014
W2000897037,https://doi.org/10.2166/aqua.2006.041,Dependence of perceived aggregate size on pixel resolution using an imaging method,2006
W2760939348,https://doi.org/10.2166/aqua.2017.066,Resilience-based water main rehabilitation planning in a multi-hazard context,2017
W1485246298,https://doi.org/10.2166/aqua.2005.068,Inactivation of<i>Bacillus</i><i>globigii</i>by chlorination: A hierarchical Bayesian model,2006
W2323428427,https://doi.org/10.2166/aqua.2013.038,Model calibration and uncertainty analysis of runoff in the Zayanderood River basin using generalized likelihood uncertainty estimation (GLUE) method,2013
W1968077426,https://doi.org/10.2166/aqua.2014.158,Statistical significance testing of parallel pilot-scale coagulation optimization study to compare aluminum sulfate and polyaluminum chloride performance,2014
W2326343973,https://doi.org/10.2166/aqua.2011.061,A comparison of the Eulerian and particle tracking approaches for prediction of ozone contactor performance,2011
W2021685284,https://doi.org/10.2166/aqua.2013.025,More efficient alkalisation with ground limestone in groundwater treatment,2013
W2074644999,https://doi.org/10.2166/aqua.2014.109,Iron and manganese removal from groundwater by filtration through a chalcedonite bed,2014
W2329270831,https://doi.org/10.2166/aqua.2011.008,Prediction of the effects of vortex shedding on UV disinfection efficiency,2011
W4311993058,https://doi.org/10.2166/aqua.2022.024,Hydraulic modeling approach for evaluating the performance of flow-starved water transmission networks,2022
W2750398849,https://doi.org/10.2166/aqua.2017.060,Experimental characterization of PVC-O pipes for transient modeling,2017
W203282249,https://doi.org/10.2166/aqua.2005.020,Investigations on reduction of colour from pulp and paper mill effluent by activated coconut jute carbon,2006
W2291005511,https://doi.org/10.2166/aqua.2003.0022,Appropriate pricing and cost recovery in water services,2003
W2781732529,https://doi.org/10.2166/aqua.2018.153,Analytical and numerical investigation on the dynamic characteristics of entrapped air in a rapid filling pipe,2018
W2342537097,https://doi.org/10.2166/aqua.2000.0007,"Relationships between total particle count, aerobic spore-forming bacteria and turbidity in direct filtration",2000
W2060842722,https://doi.org/10.2166/aqua.2010.011,Cost effective way to harvest estuarine water: variable salinity desalination concept,2010
W2033028895,https://doi.org/10.2166/aqua.2013.110,Life Cycle Costing: a tool to manage the urban water cycle,2013
W2326462684,https://doi.org/10.2166/aqua.2012.044,Intrusion and leakage in drinking systems induced by pressure variation,2012
W4252528721,https://doi.org/10.2166/aqua.2012.057b,"Sustainable groundwater management using reclaimed water: the Torreele/St-André case in Flanders, Belgium",2012
W2084079533,https://doi.org/10.2166/aqua.2012.096,Removal of geosmin and 2-methylisoborneol during managed aquifer recharge: batch and column studies,2012
W118445331,https://doi.org/10.2166/aqua.1998.34,Performance indicators: benchmarking between six cities in Scandinavia,1998
W2035543556,https://doi.org/10.2166/aqua.2011.105,Performance of modified design pond sand filters,2011
W3089947953,https://doi.org/10.2166/aqua.2020.212,"Evaluation of environmental indicators of RO seawater desalination: case study coastal strip of Hormozgan province, Iran",2020
W2586331206,https://doi.org/10.2166/aqua.2017.072,Comparison of the water purification efficiency of two different flocculation-sediment-filtration (FSF) processes in Chaohu Lake in China,2017
W2335754464,https://doi.org/10.2166/aqua.2014.007,"Dissolved organic carbon and trihalomethane formation potential removal during coagulation of a typical UK upland water with alum, PAX-18 and PIX-322",2014
W2024897779,https://doi.org/10.2166/aqua.2006.058,CFD analysis of particle deposition in the spacer-filled membrane module,2006
W2560972343,https://doi.org/10.2166/aqua.2017.089,"Interactions between ammonia, iron and manganese removal using pilot-scale biofilters",2017
W2062512489,https://doi.org/10.2166/aqua.2012.048,Fe(II) and Fe(III) adsorption by chitosan-tripolyphosphate beads: kinetic and equilibrium studies,2012
W2342213248,https://doi.org/10.2166/aqua.2015.046,Removal of cationic dyes from aqueous solutions using NiFe<sub>2</sub>O<sub>4</sub>nanoparticles,2015
W2320885132,https://doi.org/10.2166/aqua.2014.165,Quick start-up of membrane bioreactor for treating micro-polluted surface water under low temperature,2014
W2324862062,https://doi.org/10.2166/aqua.2012.132,Effectiveness of oxidative filter materials for manganese removal from groundwater,2012
W2764908149,https://doi.org/10.2166/aqua.2015.002,"Corrigendum:<i>Journal of Water Supply: Research and Technology – AQUA</i>64 (6), 670–687: Ranking of conceptualized groundwater models based on model information criteria, Majid Ehtiat, S. Jamshid Mousavi and Abbas Ghaheri",2015
W2084434419,https://doi.org/10.2166/aqua.2006.043,"Enhanced coagulation, flocculation and immersed ultrafiltration for treatment of low alkalinity and highly coloured upland water",2006
W2072440962,https://doi.org/10.2166/aqua.2014.093,"Discussion of Filtration and manganese removal by Geoff Hamilton, Barry Chiswell, John Terry, David Dixon and Lindsay Sly, 2013 Journal of Water Supply: Research and Technology—AQUA62 (7), 417–425, doi:10.2166/aqua.2013.093",2014
W2287992868,https://doi.org/10.2166/aqua.2004.0004,Chemical reduction of nitrate by metallic iron,2004
W2207383002,https://doi.org/10.2166/aqua.2015.160,High adsorption capacity of MWCNTs for removal of anionic surfactant SDBS from aqueous solutions,2015
W2978305764,https://doi.org/10.2166/aqua.2019.080,Determination of the corresponding roughness height in a WDS model containing old rough pipes,2019
W4214903738,https://doi.org/10.2166/aqua.2022.112,"Investigating the effects of climate change, drought, and agricultural sector policies on the trend of the water poverty index in Iran",2022
W2779251848,https://doi.org/10.2166/aqua.2017.008,Questionnaire survey on water consumption and preparedness for water outages at intensive care homes for the elderly in Japan,2017
W2018143733,https://doi.org/10.2166/aqua.2014.166,Efficient minimum night flow analysis using Bayesian inference,2014
W3202604985,https://doi.org/10.2166/aqua.2021.042,Scale precipitation on HDPE pipe by degassing of CO2 dissolved in water,2021
W2472170919,https://doi.org/10.2166/aqua.2016.118,Amino-functionalized mesoporous MCM-41: an efficient adsorbent for the removal of chromium (III) ions from aqueous solution,2016
W2309783548,https://doi.org/10.2166/aqua.2015.016,"Study of the environmental flow of rivers, a case study, Kashkan River, Iran",2015
W2467598845,https://doi.org/10.2166/aqua.2002.0030,Calcite-amended horizontal roughing filtration for clay turbidity removal,2002
W2309398174,https://doi.org/10.2166/aqua.2015.077,Modeling of the adsorption breakthrough behaviors of 4-chlorophenol in a fixed bed of nano graphene oxide adsorbent,2015
W2341774335,https://doi.org/10.2166/aqua.2001.0010,Improving the energy efficiency of pumping systems,2001
W3145647657,https://doi.org/10.2166/aqua.2021.166,Coupling of the coagulation/flocculation and the anodic oxidation processes for the treatment of textile wastewater,2021
W2053689926,https://doi.org/10.2166/aqua.2012.054,Optimization studies for catalytic ozonation of cephalexin antibiotic in a batch reactor,2012
W2023380308,https://doi.org/10.2166/aqua.2010.108,Study on failure rate analysis for water distribution pipelines,2010
W2900272741,https://doi.org/10.2166/aqua.2018.036,Simulating thermal stratification and modeling outlet water temperature in reservoirs with a data-mining method,2018
W2316928976,https://doi.org/10.2166/aqua.2006.056,Zeta potential distributions in particle treatment processes,2006
W2048525378,https://doi.org/10.2166/aqua.2009.021,Rise velocity verification of bubble-floc agglomerates using population balance in the DAF process,2009
W2944204909,https://doi.org/10.2166/aqua.2019.013,Defluoridation of water using micelle templated MCM-41: adsorption and RSM studies,2019
W2094144138,https://doi.org/10.2166/aqua.1999.0014,Laboratory studies on the clean bed headloss of filter media,1999
W2470501252,https://doi.org/10.2166/aqua.2005.0028,Calibration of Hazen–Williams coefficients in pipe networks using tracers,2005
W2339605060,https://doi.org/10.2166/aqua.1998.0007,Efficiency of three powdered activated carbons for the adsorption of atrazine and diuron—use of some models,1998
W4311181725,https://doi.org/10.2166/aqua.2022.218,Niobium pentaoxide (Nb2O5) as an efficient photocatalyst for photocatalytic degradation of rhodamine-B,2022
W2029485065,https://doi.org/10.2166/aqua.2012.101,Real-time modeling of trihalomethane formation in a full-scale distribution system,2012
W2288858867,https://doi.org/10.2166/aqua.2015.096,Generation of daily naturalized flow at ungaged control points,2015
W2520507810,https://doi.org/10.2166/aqua.2004.0016,"Recovery of somatic coliphages in wastewater and seawater samples in relation to bacterial indicator organisms and water hydrochemical parameters in Kaiet Bay station, Alexandria",2004
W2395492972,https://doi.org/10.2166/aqua.2003.0040,Proposed Integrated Land and Water Resources Management System (ILWRMS) for the Bang Pakong river basin: lessons from a user needs assessment,2003
W2154622989,https://doi.org/10.2166/aqua.2015.117,Reduction of ripening time of full-scale manganese removal filters with manganese oxide-coated media,2015
W2282837306,https://doi.org/10.2166/aqua.2004.0006,Examination of monodispersed artificial particles similar to C. parvum oocysts in size as the removal surrogate of Cryptosporidium,2004
W4200595799,https://doi.org/10.2166/aqua.2021.222,Hydrodynamic characteristics of lateral withdrawal with effects of the slope ratio,2021
W4224059831,https://doi.org/10.2166/aqua.2022.005,Experimental study on pressure characteristics of direct water hammer in the viscoelastic pipeline,2022
W2022083380,https://doi.org/10.2166/aqua.2005.0038,Effect of O3/H2O2 molar concentration ratio at different pH values on cyclophosphamide degradation,2005
W4253433726,https://doi.org/10.2166/aqua.2019.001,"Corrigendum: Journal of Water Supply: Research and Technology–AQUA 67 (1), 99–108: Assessment of variable speed pumps in water distribution systems considering water leakage and transient operations, Moustafa S. Darweesh, https://doi.org/10.2166/aqua.2017.086",2019
W123292564,https://doi.org/10.2166/aqua.2009.016,Desalination of reclaimed water by nanofiltration in an artificial groundwater recharge system,2009
W3142334128,https://doi.org/10.2166/aqua.1998.20,Design of around-the-end hydraulic flocculators,1998
W2995114341,https://doi.org/10.2166/aqua.2019.113,"Influences of natural and anthropogenic processes on the groundwater quality in the Dagujia River Basin in Yantai, China",2019
W2318376992,https://doi.org/10.2166/aqua.2011.069,Biodegradation of microcystins by bacterial communities co-existing with the flagellate Monas guttula and concurrent succession of community structures,2011
W107953383,https://doi.org/10.2166/aqua.2003.0010,Examining the effect of hydraulic turbulence in a rapid mixer on turbidity removal with CFD simulation and PIV analysis,2003
W2257605265,https://doi.org/10.2166/aqua.2005.0020,Retention of humic acid by ultrafiltration with polyaluminium coagulant,2005
W2205924075,https://doi.org/10.2166/aqua.2000.0026,Initial (flash) mixing by water jet diffusion,2000
W2050300218,https://doi.org/10.2166/aqua.2007.061,Iron and manganese amended activated alumina – a medium for adsorption/oxidation of arsenic from water,2007
W2342005760,https://doi.org/10.2166/aqua.2014.052,Risk-based approach to manage aging urban water main infrastructure,2014
W2029055950,https://doi.org/10.2166/aqua.2014.191,A multi-step genetic algorithm model for ensuring cost-effectiveness and adequate water pressure in a trunk/limb mains pipe system,2014
W2137135763,https://doi.org/10.2166/aqua.2002.0006,Effect of solution chemistry on assimilable organic carbon removal by nanofiltration: full and bench scale evaluation,2002
W2047061558,https://doi.org/10.2166/aqua.2010.026,Molecular techniques and data integration: investigating distribution system coliform events,2010
W4250868718,https://doi.org/10.2166/aqua.1998.24,An appraisal of the Southern Valley Development Project in Egypt,1998
W2990144383,https://doi.org/10.2166/aqua.2019.104,Modelling of nitrogen concentrations in water from drained peat soils,2019
W2043339063,https://doi.org/10.2166/aqua.2006.054,Particle fouling in submerged microfiltration membranes: effects of hollow-fiber length and aeration rate,2006
W4200163009,https://doi.org/10.2166/aqua.2021.086,Rainfall prediction optimization model in ten-day time step based on sliding window mechanism and zero sum game,2021
W2085855083,https://doi.org/10.2166/aqua.2012.005,Impact of carboxylic acid ultrafiltration recycle streams on coagulation,2012
W4307377441,https://doi.org/10.2166/aqua.2022.126,Comparison of bankruptcy methods in the operation management of the Karkheh River Basin to allocate more water to the Hawr-Al-Azim Wetland,2022
W2074561866,https://doi.org/10.2166/aqua.2014.023,"Comparison of three forecasting models for groundwater levels: a case study in the semiarid area of west Jilin Province, China",2014
W185883632,https://doi.org/10.2166/aqua.2005.0015,Characterization of dissolved organic matter (DOM) removed by iron coagulation using spectrofluorimetry and pyrolysis GC/MS analysis,2005
W2276305555,https://doi.org/10.2166/aqua.2015.260,Removal of volatile organic sulfur compounds by aeration during algae-induced black blooms in shallow lakes,2015
W2242908247,https://doi.org/10.2166/aqua.2006.0013,Investigation of the efficiency of existing iron and arsenic removal plants in Bangladesh,2006
W2551485094,https://doi.org/10.2166/aqua.2016.054,"Iron oxide impregnated sugarcane bagasse waste material as sorbent for As(III) removal from water: kinetic, equilibrium and thermodynamic studies",2016
W4306888769,https://doi.org/10.2166/aqua.2022.206,Does intermittent supply result in hydraulic transients? Mixed evidence from two systems,2022
W1978809345,https://doi.org/10.2166/aqua.2008.039,Hydrologic model combined with a GIS for estimating hydrologic balance at watershed scale: application to the Macta watershed (north-western Algeria),2008
W2156398804,https://doi.org/10.2166/aqua.1999.0016,Description and application of biodosimetry—a testing procedure for UV systems,1999
W2098353211,https://doi.org/10.2166/aqua.2011.067,The on-site feasibility study of iron and manganese removal from groundwater by hollow-fiber microfiltration,2011
W2630459495,https://doi.org/10.2166/aqua.2017.016,Multi-objective optimization of transient protection for pipelines with regard to cost and serviceability,2017
W2295426952,https://doi.org/10.2166/aqua.2015.089,Optimization design based on ensemble surrogate models for DNAPLs-contaminated groundwater remediation,2015
W3194328386,https://doi.org/10.2166/aqua.2021.060,Batch test to evaluate microbial disinfectant decay and the onset of nitrification,2021
W2028032164,https://doi.org/10.2166/aqua.2013.228,An exploratory approach for evaluating the energy and personnel share of operation and maintenance costs for water utilities in selected emerging economies of Europe,2013
W2594334362,https://doi.org/10.2166/aqua.2017.099,"Fuzzy analytic hierarchy process approach in drought management: case study of Gorganrood basin, Iran",2017
W4293072931,https://doi.org/10.2166/aqua.2022.131,Modification of slow sand filtration of secondary effluents by electric fields: electrokinetics and influence factors,2022
W2282675245,https://doi.org/10.2166/aqua.2000.0019,An optimal design of water distribution networks with hydraulic-connectivity,2000
W4253837304,https://doi.org/10.2166/aqua.2020.104,"Corrigendum: <i>Journal of Water Supply: Research and Technology – AQUA</i> 69 (3), 201–209: Determination of the corresponding roughness height in a WDS model containing old rough pipes, Ivar Annus, Anatoli Vassiljev, Nils Kändler and Katrin Kaur, doi: 10.2166/aqua.2019.080",2020
W4243413182,https://doi.org/10.2166/aqua.2019.000,"Corrigendum: Journal of Water Supply: Research and Technology—AQUA 67 (8), 824–833: Evaluating the effectiveness of ecological restoration of hard bank rivers: a case study from Shedu river port, China, Van Tai Tang et al., https://doi.org/10.2166/aqua.2018.095",2019
W3092556610,https://doi.org/10.2166/aqua.2020.016,Evaluating adenosine triphosphate bioluminescence for biomonitoring in potable water systems,2020
W2891842119,https://doi.org/10.2166/aqua.2018.011,Determination of four volatile organic sulfur compounds by automated headspace technique coupled with gas chromatography–mass spectrometry,2018
W2336791179,https://doi.org/10.2166/aqua.2012.151,Evaluating leakage potential in water distribution systems: a fuzzy-based methodology,2012
W2463237464,https://doi.org/10.2166/aqua.2015.053,Removal of V(V) ions from aqueous solutions using oxidized multi-walled carbon nanotubes,2015
W2749754603,https://doi.org/10.2166/aqua.2017.053,Bioremediation of pollutant-contaminated water,2017
W3191320246,https://doi.org/10.2166/aqua.2021.034,Using BCN nanostructure as anode electrode for photoelectrocatalytic degradation of organics: a statistical approach,2021
W2037467124,https://doi.org/10.2166/aqua.2009.006,Effectiveness of ferric salts in removing low levels of dosed copper from NOM-containing natural water,2009
W3003387980,https://doi.org/10.2166/aqua.2020.118,Experimental results of the hydrological performance of a permeable pavement laboratory rig,2020
W2018897398,https://doi.org/10.2166/aqua.2009.121,Removal and transformation of odorous aldehydes by UV/H2O2,2009
W2089777447,https://doi.org/10.2166/aqua.2014.018,Heterogeneous photocatalytic degradation of 4-nitrophenol by visible light responsive TiO2-polyaniline nanocomposites,2014
W2313318144,https://doi.org/10.2166/aqua.2014.140,Current state of water management in Japan,2014
W2901378907,https://doi.org/10.2166/aqua.2018.095,"Evaluating the effectiveness of ecological restoration of hard bank rivers: a case study from Shedu river port, China",2018
W2313337202,https://doi.org/10.2166/aqua.2011.052,NOM reactivity with chlorine in low SUVA water,2011
W2156111200,https://doi.org/10.2166/aqua.2001.0029,Analysis of water privatization scenarios in Korea with multi-criteria decision-making techniques,2001
W1526696117,https://doi.org/10.2166/aqua.2003.0026,Prediction of the disinfection and oxidation efficiency of full-scale ozone reactors,2003
W2064342817,https://doi.org/10.2166/aqua.2010.102,Feasibility of in-line coagulation as a pretreatment for ceramic microfiltration to remove viruses,2010
W2767396367,https://doi.org/10.2166/aqua.2017.026,<i>Punica granatum</i> (pomegranate) carpellary membrane and its modified form used as adsorbent for removal of cadmium (II) ions from aqueous solution,2017
W2891495656,https://doi.org/10.2166/aqua.2018.035,Experimental study on the removal of organic pollutants and NH3-N from surface water via an integrated copolymerization air flotation-carbon sand filtration process,2018
W2092940687,https://doi.org/10.2166/aqua.2012.095,Study on the technology of vortex coagulation and its application in water plant of DongFeng motor corporation,2012
W3102880502,https://doi.org/10.2166/aqua.2020.105,"Corrigendum: <i>Journal of Water Supply: Research and Technology – Aqua</i> 69 (6): 538–554: Study on the organization of water-conservation activities and guiding strategies for urban communities based on public participation in China, Binxia Xue, Tongyu Li, Xiaohe Hou and Jiayi Guo, doi: 10.2166/aqua.2020.126",2020
W1984928377,https://doi.org/10.2166/aqua.2014.193,"Author reply to Discussion by W. R. Knocke and J. E. Tobiason, 2014, of Filtration and manganese removal by Geoff Hamilton, Barry Chiswell, John Terry, David Dixon and Lindsay Sly, 2013 Journal of Water Supply: Research and Technology—AQUA 62 (7), 417–425, doi:10.2166/aqua.2013.093",2014
W2336031160,https://doi.org/10.2166/aqua.2001.0020,Management of storm sewage discharges at coastal locations in Europe,2001
W2320480712,https://doi.org/10.2166/aqua.2014.054,Minimizing water residence time in Quebec City's main distribution network using hybrid discrete dynamically dimensioned search (HD-DDS): Part II,2014
W2584089104,https://doi.org/10.2166/aqua.2017.049,Optimal location of artificial recharge of treated wastewater using fuzzy logic approach,2017
W2092358931,https://doi.org/10.2166/aqua.2010.041,Application of the membrane fouling simulator to determine biofouling potential of antiscalants in membrane filtration,2010
W4289779539,https://doi.org/10.2166/aqua.2022.026,How has the eutrophication evolved in the tributary bay of the Three Gorges Reservoir area,2022
W2255151596,https://doi.org/10.2166/aqua.2001.0016,Redox reactions of arsenic in As-spiked lake water and their effects on As adsorption,2001
W1964342609,https://doi.org/10.2166/aqua.1998.35,Lead pollution of Dhanmondi Lake in Dhaka,1998
W1603677883,https://doi.org/10.2166/aqua.2005.0032,Using surface complexation modeling to assess the role of silica in arsenate adsorption onto metal oxides,2005
W2273655060,https://doi.org/10.2166/aqua.2000.0003,Influence of disinfection processes on the microbial quality of potable groundwater in a laboratory-scale system model,2000
W2059898601,https://doi.org/10.2166/aqua.2007.015,Inactivation of particle-associated viruses by UV,2007
W3134956423,https://doi.org/10.2166/aqua.2021.123,Assessing the impact of working pressure on water meter registration,2021
W2000807671,https://doi.org/10.2166/aqua.2007.014,30 Years of technical and organisational development in the UK water sector: Thames Water's experiences of moving from public to private sector,2007
W2060287444,https://doi.org/10.2166/aqua.2010.083,Behaviour of pyrene and its decomposition by-products in chlorination,2010
W3145310579,https://doi.org/10.2166/aqua.2021.007,Valve closure based on pump runaway characteristics in long distance pressurized systems,2021
W2039498201,https://doi.org/10.2166/aqua.2011.036,Adsorption of 2-methylisoborneol and geosmin by a low-cost hybrid adsorbent synthesized from fly ash and bentonite,2011
W1984837841,https://doi.org/10.2166/aqua.2009.024,Evaluation of a tannin-based cationic polymer as a coagulant for coloured humic water,2009
W2582331669,https://doi.org/10.2166/aqua.2017.056,Standardizing defluoridation of community waters using bone char,2017
W2332723898,https://doi.org/10.2166/aqua.2013.204,Dyed viruses and metal particles for advanced separation studies,2013
W2267362443,https://doi.org/10.2166/aqua.2014.043,The role of balancing tanks in optimal design of water distribution networks,2014
W2747460485,https://doi.org/10.2166/aqua.2017.110,Dynamic programming model for hydraulics and water resources simulating and optimizing water transfer system (a case study in Iran),2017
W2727814230,https://doi.org/10.2166/aqua.2017.033,(x)ZnO(1 − x)Fe <sub>2</sub> O <sub>3</sub> nanocrystallines for the removal of cadmium(II) and nickel(II) from water: kinetic and adsorption studies,2017
W2046564440,https://doi.org/10.2166/aqua.2009.012,Degradation of N-nitrosodimethylamine (NDMA) in water by UV/O3,2009
W3203449898,https://doi.org/10.2166/aqua.2021.022,"Relationships between characteristics of macrobenthic assemblages and environmental variables in the Heihe River Basin, China",2021
W2277060544,https://doi.org/10.2166/aqua.2002.0042,Water consumption evaluation in Kuwait,2002
W78128053,https://doi.org/10.2166/aqua.1999.0029,A low-cost home water filter,1999
W2090008713,https://doi.org/10.2166/aqua.2008.094,Advanced oxidation of methyl-tertiary butyl ether: pilot study findings and full-scale implications,2008
W4256386532,https://doi.org/10.1046/j.1365-2087.1998.00112.x,Use of performance indicators and performance benchmarking in the North American water industry-findings from studies recently completed for AWWA and WEF research foundations,1998
W3142677931,https://doi.org/10.2166/aqua.1999.0010,"Disinfection/disinfectant by-product optimisation with ozone, biological filtration and chloramines",1999
W3215769228,https://doi.org/10.2166/aqua.2021.030,Deacidification through calcium carbonate dosing in combination with ultrafiltration,2021
W2468275308,https://doi.org/10.2166/aqua.2016.112,Experimental observation on factors affecting intrusion volumes during low or negative pressure events,2016
W3143282932,https://doi.org/10.2166/aqua.1998.17,Optimisation of filter ripening sequence,1998
W2007969149,https://doi.org/10.2166/aqua.2013.039,Formation of aldehyde during ozonation of taste and odour compounds in water,2013
W2266495985,https://doi.org/10.2166/aqua.2002.0023,Practical and theoretical analysis of relationships between particle count data and turbidity,2002
W2314292033,https://doi.org/10.2166/aqua.2011.099,Optimization of oxide coating process on quartz sand for arsenic (III) removal from groundwater,2011
W2291593738,https://doi.org/10.2166/aqua.2002.0005,Exploitation of submarine springs in Lebanon: assessment of potential,2002
W2335832109,https://doi.org/10.2166/aqua.2014.086,Preparation and characterization of nanoporous resin for heavy metal removal from aqueous solution,2014
W2521913155,https://doi.org/10.2166/aqua.2016.044,Comparison of simple ozonation and direct hydrogen peroxide processes in TNT removal from aqueous solution,2016
W2734499534,https://doi.org/10.2166/aqua.2017.127,Monitoring the effectiveness of advanced sorption materials for removing selected metals from water,2017
W2528070354,https://doi.org/10.2166/aqua.2016.012,A PSO approach for optimum design of dynamic inversion controller in water distribution systems,2016
W2091173326,https://doi.org/10.2166/aqua.2010.075,Excess propagation and disinfection control of Copepod in an ozone-granular activated carbon filter in southern China,2010
W2321410464,https://doi.org/10.2166/aqua.2012.104,Simulation of water flow and solute transport in intermittent sand filter,2012
W2752942360,https://doi.org/10.2166/aqua.2017.001,"Erratum: <i>Journal of Water Supply: Research and Technology-AQUA</i> 63 (7), 553-559: Sugar palm <i>Arenga pinnata Merr</i> (Magnoliophyta) fruit shell as biomaterial to remove Cr(III), Cr(VI), Cd(II) and Zn(II) from aqueous solution, Rahmiana Zein <i>et al.</i> , doi 10.2166/aqua.2014.120",2017
W156616836,https://doi.org/10.2166/aqua.2005.0021,Developing a model for disinfection by-products based on multiple regression analysis in a water distribution system,2005
W1564606366,https://doi.org/10.2166/aqua.1998.12,Characterisation and utilisation of a new activated carbon obtained from Moroccan olive wastes,1998
W2752301509,https://doi.org/10.2166/aqua.2017.137,Applications of the anarchic society optimization (ASO) algorithm for optimizing operations of single and continuous multi-reservoir systems,2017
W2004692956,https://doi.org/10.2166/aqua.2009.143,Effects of natural organic matter (NOM) character and removal on ozonation for maximizing disinfection with minimum bromate and AOC formation,2009
W2338165331,https://doi.org/10.2166/aqua.2015.119,Biodiversity of cyanobacteria in Tunisian freshwater reservoirs: occurrence and potent toxicity – a review,2015
W1976514896,https://doi.org/10.2166/aqua.2008.031,The behaviour and cholinesterase inhibitory activity of fenthion and its products by light and chlorination,2008
W3155925908,https://doi.org/10.2166/aqua.2021.142,"Regional water allocation for coordinated development among the social, economic and environmental systems",2021
W2616677455,https://doi.org/10.2166/aqua.2017.121,Component-holistic condition assessment of water distribution networks,2017
W2013632356,https://doi.org/10.2166/aqua.2010.015,Effect of humic acid on the oxidation of phenolic endocrine disrupting chemicals by permanganate,2010
W2030754616,https://doi.org/10.2166/aqua.1998.9,A simple household method for the removal of iron from water,1998
W118302876,https://doi.org/10.2166/aqua.2002.0008,Comparability of assessments of nutrient emissions to inland waters undertaken within eight European Union Member States,2002
W118302876,https://doi.org/10.2166/aqua.2002.0008,Comparability of assessments of nutrient emissions to inland waters undertaken within eight European Union Member States,2002
W2028007622,https://doi.org/10.2166/aqua.2013.046,Automated fuzzy decision and control system for reservoir management,2013
W2024993026,https://doi.org/10.2166/aqua.2009.019,Effects of low temperature on floc fractal dimensions and shape factors during alum coagulation,2008
W2556671559,https://doi.org/10.2166/aqua.2016.020,Modeling the effect of weather conditions on urban water demand in multiple network areas: a practical approach to improve monthly and seasonal operation,2016
W4286220158,https://doi.org/10.2166/aqua.2022.167,A fixed-bed column study of solid waste-based calcium silicate hydrate for the phosphate removal,2022
W4252781385,https://doi.org/10.2166/aqua.2003.0008,Acknowledgement to Referees,2003
W2054929309,https://doi.org/10.2166/aqua.2010.079,Estimation of shear stress working on submerged vertically set hollow fibre membrane in MBRs,2010
W1983560775,https://doi.org/10.2166/aqua.2006.037,Frictional interpretation of thermodynamic transport parameters for porous nanofiltration membranes,2006
W3171084752,https://doi.org/10.2166/aqua.2021.148,Removing co-occurring contaminants of arsenic and vanadium with full-scale arsenic adsorptive media systems,2021
W2340523248,https://doi.org/10.2166/aqua.2006.026,Adsorption behaviour of calcined layered double hydroxides towards removal of fluoride from aqueous solution,2006
W1997809413,https://doi.org/10.2166/aqua.2013.068,Assessment of relative impact of reservoir location,2013
W4206142249,https://doi.org/10.2166/aqua.2021.108,Effects of organic carbon content on <i>in situ</i> remediation time using steam–air injection,2021
W2012768421,https://doi.org/10.2166/aqua.2013.013,Research on minimizing electric power usage in water distribution system,2013
W2040112661,https://doi.org/10.2166/aqua.1999.0002,Application of a fluidised layer of granular material in the treatment of surface water. Part 1: aggregation efficiency of the layer,1999
W178609185,https://doi.org/10.2166/aqua.1999.0023,Fuzzy control of a coagulation reaction for the treatment of high-turbidity water,1999
W2335971808,https://doi.org/10.2166/aqua.2016.075,Uncertainties of inverse transient modelling with unsteady friction and pipe-wall viscoelasticity,2016
W196831580,https://doi.org/10.2166/aqua.2003.0034,Using carbon dioxide to cope with fluctuations in raw water pH and maintain effective conventional treatment,2003
W2131551342,https://doi.org/10.2166/aqua.2008.030,"A review of the existing methods for detection, enumeration and inactivation of Cryptosporidium in surface waters",2008
W2122902423,https://doi.org/10.2166/aqua.2010.010,Probabilistic analysis of underground pipelines for optimal renewal time,2010
W3095963942,https://doi.org/10.2166/aqua.2020.071,Development of water basin pollution emission inventory: a preliminary literature review and Its implication for China,2020
W2767372725,https://doi.org/10.2166/aqua.2017.054,Ozonation of dimethyl phthalate in water activated by N-methyl hydroxylamine,2017
W2338278908,https://doi.org/10.2166/aqua.2002.0015,"Performance of duckweed-covered sewage lagoons in Sana'a, Yemen, depending on sewage strength",2002
W2122084952,https://doi.org/10.2166/aqua.2004.0015,Experimental evaluations of a pilot nanofiltration system with respect to NOM and BOM removals and stable permeability with appropriate pre-treatments: a case study in Korea,2004
W81219417,https://doi.org/10.2166/aqua.2005.067,Water as a Human Right,2006
W1997074240,https://doi.org/10.2166/aqua.2014.164,A pump-less discrete opto-fluidic chemical spectrophotometry system (DOCSS) for online in situ monitoring of dissolved contaminants in aqueous media,2014
W2323527315,https://doi.org/10.2166/aqua.2013.009,Development of comprehensive evaluation procedure for anti-seismic strategies: evaluating Kobe City's earthquake resistance improvement plan from the customer's viewpoint,2013
W2030445039,https://doi.org/10.2166/aqua.2011.074,Removal of Mn2+ from water by bentonite coated with immobilized thin layers of natural organic matter,2011
W2007346948,https://doi.org/10.2166/aqua.2007.003,Application of activated zeolite in the advanced treatment of potable water,2007
W2335717425,https://doi.org/10.2166/aqua.2013.001,Editorial: water efficiency and management,2013
W2080189693,https://doi.org/10.2166/aqua.2013.125,Probabilistic modeling of cast iron water distribution pipe corrosion,2013
W4220716078,https://doi.org/10.2166/aqua.2022.110,Factors affecting the seasonal succession of phytoplankton functional groups in a tropical floodplain reservoir in Vietnam,2022
W2059133003,https://doi.org/10.1046/j.1365-2087.1999.00133.x,"Disinfection/disinfectant by-product optimisation with ozone, biological filtration and chloramines",1999
W2463867414,https://doi.org/10.2166/aqua.2016.114,Organic micropollutant removal from groundwater: comparison of pellet softening and nanofiltration,2016
W59193954,https://doi.org/10.2166/aqua.2002.0037,Some physico-chemical properties of water from hand-dug wells in the basement complex of south-western Nigeria,2002
W2605412799,https://doi.org/10.2166/aqua.2017.097,Formation of disinfection by-products during the monochloramination of co-existing <i>Microcystis aeruginosa</i> and <i>Cyclops</i> metabolites,2017
W2765755846,https://doi.org/10.2166/aqua.2017.077,Optimization of aeration conditions in the hybrid process of coagulation-ultrafiltration with air sparging,2017
W2339307340,https://doi.org/10.2166/aqua.2015.109,Ranking of conceptualized groundwater models based on model information criteria,2015
W2084810561,https://doi.org/10.2166/aqua.2010.064,Modelling of submerged membrane flocculation hybrid systems using statistical and artificial neural networks methods,2010
W3015630825,https://doi.org/10.2166/aqua.2020.128,Modeling total microcystin production by Microcystis aeruginosa using multiple regression,2020
W2118848043,https://doi.org/10.2166/aqua.2013.109,"Biosorption studies for the removal of ferrous ion from aqueous solution by Aspergillus terreus and Trichoderma viride: kinetic, thermodynamic and isothermal parameters",2013
W2047441892,https://doi.org/10.2166/aqua.2010.029,Model of dynamic and macroscopic features of a floc blanket,2010
W2041086729,https://doi.org/10.2166/aqua.2008.104,Deterioration of granular activated carbon collected from post-ozonation upflow fluidized bed contactor—influence of particle diameter,2008
W82518307,https://doi.org/10.2166/aqua.2000.0018,Denitrification of ground water by electrodialysis using a new anion exchange membrane,2000
W2808160638,https://doi.org/10.2166/aqua.2018.023,Activated starch as an alternative to polyacrylamide-based polymers for in-line filtration of low turbidity source water,2018
W1988238186,https://doi.org/10.2166/aqua.2007.004,Pilot scale testing of biofilter post-treatment of MIEX® treated water,2007
W113332128,https://doi.org/10.2166/aqua.2005.0027,An efficient method approach to large flowmeter calibration,2005
W2067300625,https://doi.org/10.2166/aqua.2007.006,Assessment of galvanized steel pipes for water service in buildings by direct diagnosis method,2007
W2332728319,https://doi.org/10.2166/aqua.2013.021,A screening study on the mutagen formation potential of 44 pesticides,2013
W2060187512,https://doi.org/10.2166/aqua.2010.005,Fragility of underground pipeline under high levels of ground motion,2010
W3180056411,https://doi.org/10.2166/aqua.2021.035,Control of desalination plants using sliding mode scheme with state observer,2021
W2002343946,https://doi.org/10.2166/aqua.2014.189,Integrated water resources management performance analysis: results of a pilot study in West Africa,2014
W2302941858,https://doi.org/10.2166/aqua.2016.099,Effects of ozonation and biological filtration on the formation of nitrogenous disinfection byproducts during chloramination,2016
W2290507648,https://doi.org/10.2166/aqua.2001.0004,The effect of the molecular mass of the organic matter in raw water on the formation of disinfection by-products,2001
W3200094498,https://doi.org/10.2166/aqua.2021.065,Models for predicting heavy metal concentrations in residential plumbing pipes and hot water tanks,2021
W2751202085,https://doi.org/10.2166/aqua.2017.052,Activation of oxygen via accelerating the copper-redox cycle by UV irradiation,2017
W2259213907,https://doi.org/10.2166/aqua.2015.047,Stochastic simulation of groundwater dynamics based on grey theory and seasonal decomposition model in a coastal aquifer of South China,2015
W156093908,https://doi.org/10.2166/aqua.2003.0011,Control of nuisance chironomid midge swarms from a slow sand filter,2003
W1527795788,https://doi.org/10.2166/aqua.2003.0047,Prediction of iron(II) breakthrough in adsorptive filters under anoxic conditions,2003
W2323136488,https://doi.org/10.2166/aqua.2014.196,Kinetic and thermodynamic analysis of adsorption of arsenic (III) with waste crab shells,2014
W1975257265,https://doi.org/10.2166/aqua.2007.077,Degradation of phenol and Bisphenol-A using discharged water generating system,2007
W2488412065,https://doi.org/10.2166/aqua.1998.0006,Turbidity removal by the up-flow pelletisation process for low turbidity water,1998
W2000506707,https://doi.org/10.1046/j.1365-2087.1999.00142.x,Aguas Argentinas-the first years,1999
W2265545260,https://doi.org/10.2166/aqua.2006.0009,Examining the effect of transverse troughs on hydrodynamic behavior in a sedimentation basin with CFD simulation and ADV technique,2006
W2013544914,https://doi.org/10.2166/aqua.2011.046,Research on PWM applied in water turbidity measurement,2011
W2229344318,https://doi.org/10.2166/aqua.2006.0003,Impulse leakage analysis for series pipelines,2006
W1116691893,https://doi.org/10.2166/aqua.2014.038,Water distribution model for decision-making with updatable data links,2014
W2051327827,https://doi.org/10.2166/aqua.2006.059,"Characterisation, scaling and analysis of steady state floc size distribution using a mass balance approach",2006
W1988827439,https://doi.org/10.2166/aqua.2006.039,Electroosmotic flow through particle beds packed with conditioned sludges,2006
W2328945054,https://doi.org/10.2166/aqua.2011.119,A method of short-circuiting comparison with mixing indexes,2011
W2414661068,https://doi.org/10.2166/aqua.2001.0006,"Bandra Pumping Station, Bombay: re-design of Bandra influent pumping station",2001
W4229609387,https://doi.org/10.2166/aqua.2012.033b,"Simple protocols for assessing dissolved air flotation systems: quantification of released air, bubble density and cloud patterns",2012
W2314827759,https://doi.org/10.2166/aqua.2013.008,A long-term plan for water pipeline rehabilitation considering preventive maintenance,2013
W1971496943,https://doi.org/10.2166/aqua.2008.026,Chemical disinfection preceding UV treatment: An assessment of microbial regrowth in a model distribution system,2008
W2002653248,https://doi.org/10.2166/aqua.2010.007,Research on buried pipe corrosion assessment using corrosion sensors,2010
W4245102208,https://doi.org/10.2166/aqua.2001.0028,a long the riverrun,2001
W2340027400,https://doi.org/10.2166/aqua.2016.011,Optimization of water distribution system by split pipe method: a rule of thumb,2016
W2323790127,https://doi.org/10.2166/aqua.2011.012b,"Efficiency of primary chlorination, clarification and final disinfection on Pseudomonas aeruginosa under laboratory conditions in raw water",2011
W2328534748,https://doi.org/10.2166/aqua.2014.071,Iron corrosion as a factor contributing to haloacetic acids formation in the distribution system: experimental assessment and model development,2014
W4214496177,https://doi.org/10.2166/aqua.1999.0017,Aguas Argentinas—the first years,1999
W4237602098,https://doi.org/10.2166/aqua.2015.000,Editorial,2015
W2269639061,https://doi.org/10.2166/aqua.2015.001,"Editorial: Linking tastes, odours, and appearance of water with consumer perception",2015
W12592128,https://doi.org/10.2166/aqua.2005.0043,Monitoring aluminium after filtration,2005
W2522102694,https://doi.org/10.2166/aqua.2001.0007,Wastewater pumping station design—experiences of West of Scotland Water: project definition and development,2001
W2931694953,https://doi.org/10.2166/aqua.2019.098,"Effect of storage on rainwater quality of selected locations within Benue State, Nigeria",2019
W2056155619,https://doi.org/10.2166/aqua.2010.003,Development of a model-based control system for membrane filtration process,2010
W2520096633,https://doi.org/10.2166/aqua.2002.0002,Factors influencing direct separation of destabilised impurities in a fluidised layer of granular material,2002
W2043765430,https://doi.org/10.2166/aqua.2007.102,Operational performance of sludge blanket in clarification: effect of organic matter,2007
W4233674021,https://doi.org/10.2166/aqua.2010.200,Preface,2010
W2531560264,https://doi.org/10.2166/aqua.1999.59,Overview of American disinfectant residual practices,1999
W2063756852,https://doi.org/10.2166/aqua.2012.041,Mathematical model predicting arsenic bioleaching in groundwater treatment,2012
W4253735954,https://doi.org/10.2166/aqua.2000.0016,Application of a fluidised layer of granular material in the treatment of surface water. Part 2: separation efficiency of the layer,2000
W4241582802,https://doi.org/10.2166/aqua.2006.0001,Acknowledgement to Referees,2006
W4210877751,https://doi.org/10.2166/aqua.1998.22,AQUA NEWS,1998
W2764940026,https://doi.org/10.2166/aqua.1999.7,Product and company news,1999
W4235317249,https://doi.org/10.2166/aqua.1999.6,New publications,1999
W4211220870,https://doi.org/10.2166/aqua.2004.0011,Acknowledgement to Referees,2004
W4232701395,https://doi.org/10.2166/aqua.1999.4,News,1999
W4210986249,https://doi.org/10.2166/aqua.1998.0001,AQUA NEWS,1998
W4243174106,https://doi.org/10.2166/aqua.1998.29,AQUA NEWS,1998
W4210804208,https://doi.org/10.2166/aqua.1998.8,AQUA NEWS,1998
W4211170364,https://doi.org/10.2166/aqua.2005.0025,Acknowledgement to Referees,2005
W4210885640,https://doi.org/10.2166/aqua.1999.5,Events,1999
W4252038626,https://doi.org/10.2166/aqua.1998.15,AQUA NEWS,1998
W4210560966,https://doi.org/10.2166/aqua.2003.0016,Erratum,2003
W2294545797,https://doi.org/10.2166/aqua.2001.0027,Water and James Joyce,2001
W4244234268,https://doi.org/10.2166/aqua.2009.100,Introduction,2009
W2018867308,https://doi.org/10.2166/aqua.2006.065,New developments in particle separation,2006
W3149574046,https://doi.org/10.1046/j.1365-2087.1998.00111.x,The long-term planning for Geneva waterworks,1998
W4250234772,https://doi.org/10.2166/aqua.1999.0001,Disinfectant Residuals—Yes or No? IWSA-Specialised Conference in Philadelphia (USA) and Mülheim an der Ruhr (Germany),1999
W2056806811,https://doi.org/10.2166/aqua.1998.31,The long-term planning for Geneva waterworks,1998
W2225896434,https://doi.org/10.2166/aqua.2015.123,Application of OpenModelica® in the mathematical modeling and simulation of general copper pipe corrosion,2015
W2004050918,https://doi.org/10.2166/aqua.1998.18,"Geophysics, natural selection, and hydrological forecasting",1998
W2257017458,https://doi.org/10.2166/aqua.2001.0032,Dealing with future water resources requires looking to the past,2001
W2296143495,https://doi.org/10.2166/aqua.2001.0030,An evaluation of planning distribution in water resources management,2001
W4256379876,https://doi.org/10.2166/aqua.2010.100,Preface,2010
W2496904952,https://doi.org/10.2166/aqua.2001.0008,The Abbey Mills pumping station renewal project,2001
W1512148733,https://doi.org/10.2166/aqua.1998.16,Preliminary evaluation of natural fabrics in slow sand filtration,1998
W1990366045,https://doi.org/10.2166/aqua.2010.009,New development of pipe-network management in Kobe City,2010
W3042522688,https://doi.org/10.2166/aqua.2020.007,An integer linear programming model to optimize the hub and spoke-based water desalinated transmission system,2020
W2341413223,https://doi.org/10.2166/aqua.2000.0028,Performance improvement of a pelletisation system by pellet recirculation,2000
W2737064748,https://doi.org/10.2166/aqua.2017.132,Environmental impact of cured-in-place pipe renewal on an asbestos cement water main,2017
W2338582401,https://doi.org/10.2166/aqua.2014.098,Flocs' re-growth characteristics in circulation coagulation–membrane filtration process,2014
