paperid,volume,issue,paper_url,journal,title,published_year,is_supp,num_supp,supp_file_type,supp_url,num_authors,first_author_name,first_author_affiliation,first_author_affiliation_country,first_author_orcid,correspondence_author_name,correspondence_author_affiliation,correspondence_author_affiliation_country,correspondence_author_orcid,has_das,das,das_type,das_repo_url,das_repo_name,keywords,url_source,doi,article_type,publication_date
10.1371/journal.pwat.0000058,1,12,https://journals.plos.org/water/article?id=10.1371/journal.pwat.0000058,PLOS Water,Water remains a blind spot in climate change policies,2022,FALSE,0,NA,NA,9,Hervé Douville,"Centre National de Recherches Météorologiques, Université de Toulouse, Météo-France, CNRS, Toulouse, France",France,NA,Hervé Douville,"Centre National de Recherches Météorologiques, Université de Toulouse, Météo-France, CNRS, Toulouse, France",France,NA,FALSE,NA,NA,NA,NA,/Earth sciences/Atmospheric science/Climatology/Climate change; /Earth sciences/Atmospheric science/Climatology/Climate change/Anthropogenic climate change; /Earth sciences/Atmospheric science/Climatology/Climate change/Global warming; /Earth sciences/Atmospheric science/Climatology/Climate modeling; /Earth sciences/Atmospheric science/Meteorology/Rain; /Earth sciences/Hydrology/Water cycle; /Ecology and environmental sciences/Drought; /Ecology and environmental sciences/Natural resources/Water resources; /Research and analysis methods/Simulation and modeling/Climate modeling,journals.plos.org,10.1371/journal.pwat.0000058,Review,2022-12-15
10.1371/journal.pwat.0000070,2,1,https://journals.plos.org/water/article?id=10.1371/journal.pwat.0000070,PLOS Water,Understanding household self-supply use and management using a mixed-methods approach in urban Indonesia,2023,TRUE,2,docx; docx,https://journals.plos.org/water/article/file?id=10.1371/journal.pwat.0000070.s001&type=supplementary; https://journals.plos.org/water/article/file?id=10.1371/journal.pwat.0000070.s002&type=supplementary,7,Franziska Genter,"Institute for Sustainable Futures, University of Technology Sydney, Ultimo, NSW, Australia",Australia,https://orcid.org/0000-0001-5867-4671,Franziska Genter,"Institute for Sustainable Futures, University of Technology Sydney, Ultimo, NSW, Australia",Australia,https://orcid.org/0000-0001-5867-4671,TRUE,Datasets for this research are available in this paper and its supplementary information files.,in paper,NA,NA,/Biology and life sciences/Neuroscience/Cognitive science/Cognition/Decision making; /Biology and life sciences/Neuroscience/Cognitive science/Cognitive psychology/Decision making; /Biology and life sciences/Neuroscience/Cognitive science/Cognitive psychology/Perception/Sensory perception/Taste; /Biology and life sciences/Neuroscience/Sensory perception/Taste; /Biology and life sciences/Psychology/Cognitive psychology/Decision making; /Biology and life sciences/Psychology/Cognitive psychology/Perception/Sensory perception/Taste; /Ecology and environmental sciences/Natural resources/Water resources; /Ecology and environmental sciences/Pollution/Water pollution; /Ecology and environmental sciences/Water quality; /Engineering and technology/Environmental engineering/Water management; /Physical sciences/Chemistry/Chemical elements/Chlorine; /Physical sciences/Physics/Condensed matter physics/Phase transitions/Vaporization/Boiling; /Social sciences/Psychology/Cognitive psychology/Decision making; /Social sciences/Psychology/Cognitive psychology/Perception/Sensory perception/Taste,journals.plos.org,10.1371/journal.pwat.0000070,Research Article,2023-01-24
10.1371/journal.pwat.0000085,2,1,https://journals.plos.org/water/article?id=10.1371/journal.pwat.0000085,PLOS Water,Issues that should be addressed at the UN 2023 Water Conference,2023,FALSE,0,NA,NA,1,Jon Lane,"World Water Week, Stockholm International Water Institute, WINZ–The Water Initiative for Net Zero, Stockholm, Sweden",Sweden,NA,Jon Lane,"World Water Week, Stockholm International Water Institute, WINZ–The Water Initiative for Net Zero, Stockholm, Sweden",Sweden,NA,FALSE,NA,NA,NA,NA,/Earth sciences/Atmospheric science/Atmospheric chemistry/Greenhouse gases; /Earth sciences/Atmospheric science/Climatology/Climate change/Anthropogenic climate change; /Earth sciences/Geomorphology/Topography/Landforms/Wetlands; /Earth sciences/Hydrology/Surface water; /Earth sciences/Marine and aquatic sciences/Aquatic environments/Freshwater environments/Wetlands; /Ecology and environmental sciences/Aquatic environments/Freshwater environments/Wetlands; /Ecology and environmental sciences/Environmental chemistry/Atmospheric chemistry/Greenhouse gases; /Ecology and environmental sciences/Natural resources/Water resources; /Medicine and health sciences/Health care/Environmental health/Sanitation; /Medicine and health sciences/Public and occupational health/Environmental health/Sanitation; /Physical sciences/Chemistry/Chemical compounds/Methane; /Physical sciences/Chemistry/Environmental chemistry/Atmospheric chemistry/Greenhouse gases; /Social sciences/Political science/Governments,journals.plos.org,10.1371/journal.pwat.0000085,Opinion,2023-01-24
10.1371/journal.pwat.0000068,2,1,https://journals.plos.org/water/article?id=10.1371/journal.pwat.0000068,PLOS Water,Spatial variations in tap water isotopes across Canada: Tracing water from precipitation to distribution and assess regional water resources,2023,TRUE,1,docx,https://journals.plos.org/water/article/file?id=10.1371/journal.pwat.0000068.s001&type=supplementary,6,Shelina A. Bhuiyan,"Department of Earth and Environmental Science, University of Ottawa, Ottawa, ON, Canada",Canada,https://orcid.org/0000-0001-7294-6776,Shelina A. Bhuiyan,"Department of Earth and Environmental Science, University of Ottawa, Ottawa, ON, Canada",Canada,https://orcid.org/0000-0001-7294-6776,TRUE,"All data to verify the conclusions of this work have been made available. Data A and B in S1 Text are available at https://doi.org/10.6084/m9.figshare.19243518. The data used for water balance modelling is open-access and available online at Waterisotopes.org (https://wateriso.utah.edu/waterisotopes/index.html), HydroSHEDS (https://www.hydrosheds.org/) and Physical Sciences Laboratory (https://psl.noaa.gov/data/gridded/data.narr.monolevel.html#plot) websites. Canadian streams isotope data that were used for models validations can be requested from Dr. John Gibson ([email removed]@uvic.ca) at University of Victoria.",available in online repository,https://doi.org/10.6084/m9.figshare.19243518; https://wateriso.utah.edu/waterisotopes/index.html; https://www.hydrosheds.org/; https://psl.noaa.gov/data/gridded/data.narr.monolevel.html#plot; 10.6084/m9.figshare.19243518,figshare,/Earth sciences/Hydrology/Surface water; /Earth sciences/Marine and aquatic sciences/Aquatic environments/Freshwater environments/Lakes; /Earth sciences/Marine and aquatic sciences/Aquatic environments/Freshwater environments/Rivers; /Earth sciences/Marine and aquatic sciences/Bodies of water/Lakes; /Earth sciences/Marine and aquatic sciences/Bodies of water/Rivers; /Ecology and environmental sciences/Aquatic environments/Freshwater environments/Lakes; /Ecology and environmental sciences/Aquatic environments/Freshwater environments/Rivers; /Ecology and environmental sciences/Natural resources/Water resources; /Engineering and technology/Environmental engineering/Water management; /People and places/Geographical locations/North America/Canada; /Physical sciences/Physics/Condensed matter physics/Phase transitions/Vaporization/Evaporation; /Physical sciences/Physics/Particle physics/Composite particles/Atoms/Isotopes,journals.plos.org,10.1371/journal.pwat.0000068,Research Article,2023-01-24
10.1371/journal.pwat.0000065,1,12,https://journals.plos.org/water/article?id=10.1371/journal.pwat.0000065,PLOS Water,"Improve water quality through meaningful, not just any, citizen science",2022,FALSE,0,NA,NA,3,Anne-Floor M. Schölvinck,"Rathenau Instituut, Royal Netherlands Academy of Arts and Sciences, The Hague, The Netherlands",Netherlands,NA,Anne-Floor M. Schölvinck,"Rathenau Instituut, Royal Netherlands Academy of Arts and Sciences, The Hague, The Netherlands",Netherlands,NA,FALSE,NA,NA,NA,NA,/Ecology and environmental sciences/Pollution/Water pollution; /Ecology and environmental sciences/Water quality; /People and places/Population groupings/Professions/Scientists; /Research and analysis methods/Research design; /Science policy; /Science policy/Research funding; /Science policy/Science and technology workforce/Careers in research/Scientists; /Science policy/Science and technology workforce/Citizen science; /Social sciences/Political science/Public policy,journals.plos.org,10.1371/journal.pwat.0000065,Opinion,2022-12-07
10.1371/journal.pwat.0000105,2,3,https://journals.plos.org/water/article?id=10.1371/journal.pwat.0000105,PLOS Water,Environmental biotechnologies can make water pollutants part of the path to mitigating climate change,2023,FALSE,0,NA,NA,1,Bruce E. Rittmann,"Biodesign Swette Center for Environmental Biotechnology, Arizona State University, Tempe, AZ, United States of America",United States of America,https://orcid.org/0000-0002-3678-149X,Bruce E. Rittmann,"Biodesign Swette Center for Environmental Biotechnology, Arizona State University, Tempe, AZ, United States of America",United States of America,https://orcid.org/0000-0002-3678-149X,FALSE,NA,NA,NA,NA,/Biology and life sciences/Biochemistry/Metabolism/Metabolic processes/Fermentation; /Biology and life sciences/Bioengineering/Biotechnology/Environmental biotechnology; /Biology and life sciences/Microbiology/Bacteriology/Bacterial biofilms; /Biology and life sciences/Microbiology/Biofilms; /Biology and life sciences/Microbiology/Biofilms/Bacterial biofilms; /Biology and life sciences/Nutrition/Diet/Food; /Engineering and technology/Bioengineering/Biotechnology/Environmental biotechnology; /Engineering and technology/Energy and power/Alternative energy; /Engineering and technology/Nanotechnology/Nanoparticles; /Medicine and health sciences/Nutrition/Diet/Food; /Physical sciences/Chemistry/Chemical elements/Hydrogen,journals.plos.org,10.1371/journal.pwat.0000105,Review,2023-03-15
10.1371/journal.pwat.0000050,2,4,https://journals.plos.org/water/article?id=10.1371/journal.pwat.0000050,PLOS Water,Unequal access to improved water and sanitation in a post-conflict context of Liberia: Evidence from the Demographic and Health Survey,2023,TRUE,1,docx,https://journals.plos.org/water/article/file?id=10.1371/journal.pwat.0000050.s001&type=supplementary,5,Daniel Amoak,"Department of Geography, Western University, Social Science Centre, London, Ontario, Canada",Canada,https://orcid.org/0000-0002-3879-7233,Roger Antabe,"Department of Health and Society, University of Toronto Scarborough, Toronto, Canada",Canada,https://orcid.org/0000-0003-0312-3201,TRUE,This data is publicly available through the Demographic and Health Survey Program. The link to the data is is: https://dhsprogram.com/Countries/Country-Main.cfm?ctry_id=22&c=Liberia&Country=Liberia&cn=&r=1.,available in online repository,https://dhsprogram.com/Countries/Country-Main.cfm?ctry_id=22&c=Liberia&Country=Liberia&cn=&r=1,dhs program,/Earth sciences/Geography/Human geography/Social geography; /Earth sciences/Hydrology/Surface water; /Ecology and environmental sciences/Natural resources/Water resources; /Engineering and technology/Civil engineering/Urban infrastructure; /Engineering and technology/Environmental engineering/Water management; /Medicine and health sciences/Health care/Environmental health/Sanitation; /Medicine and health sciences/Public and occupational health/Environmental health/Sanitation; /People and places/Geographical locations/Africa/Liberia; /Social sciences/Human geography/Social geography; /Social sciences/Sociology/Education/Educational attainment,journals.plos.org,10.1371/journal.pwat.0000050,Research Article,2023-04-03
10.1371/journal.pwat.0000095,2,2,https://journals.plos.org/water/article?id=10.1371/journal.pwat.0000095,PLOS Water,Driving behavior change among farmers & fishers: Do social networks matter?,2023,FALSE,0,NA,NA,2,Ranu Sinha,"School of Geography and the Environment, University of Oxford, Oxford, United Kingdom",United Kingdom of Great Britain and Northern Ireland,https://orcid.org/0000-0001-8343-2498,Ranu Sinha,"School of Geography and the Environment, University of Oxford, Oxford, United Kingdom",United Kingdom of Great Britain and Northern Ireland,https://orcid.org/0000-0001-8343-2498,FALSE,NA,NA,NA,NA,/Biology and life sciences/Agriculture/Aquaculture/Fisheries; /Biology and life sciences/Neuroscience/Cognitive science/Cognitive psychology/Learning/Human learning; /Biology and life sciences/Neuroscience/Learning and memory/Learning/Human learning; /Biology and life sciences/Psychology/Behavior/Animal behavior; /Biology and life sciences/Psychology/Cognitive psychology/Learning/Human learning; /Biology and life sciences/Zoology/Animal behavior; /Computer and information sciences/Network analysis/Social networks; /Ecology and environmental sciences/Environmental economics; /Engineering and technology/Environmental engineering/Water management; /People and places/Population groupings/Professions/Agricultural workers; /Social sciences/Economics/Environmental economics; /Social sciences/Economics/Finance; /Social sciences/Psychology/Behavior/Animal behavior; /Social sciences/Psychology/Cognitive psychology/Learning/Human learning; /Social sciences/Sociology/Social networks,journals.plos.org,10.1371/journal.pwat.0000095,Opinion,2023-02-28
10.1371/journal.pwat.0000084,2,3,https://journals.plos.org/water/article?id=10.1371/journal.pwat.0000084,PLOS Water,Professional perceptions of participatory practices in green stormwater infrastructure development,2023,TRUE,5,docx; docx; docx; docx; docx,https://journals.plos.org/water/article/file?id=10.1371/journal.pwat.0000084.s001&type=supplementary; https://journals.plos.org/water/article/file?id=10.1371/journal.pwat.0000084.s002&type=supplementary; https://journals.plos.org/water/article/file?id=10.1371/journal.pwat.0000084.s003&type=supplementary; https://journals.plos.org/water/article/file?id=10.1371/journal.pwat.0000084.s004&type=supplementary; https://journals.plos.org/water/article/file?id=10.1371/journal.pwat.0000084.s005&type=supplementary,3,Mahsa Adib,"Department of Landscape Architecture, The Pennsylvania State University, University Park, Pennsylvania, United States of America",United States of America,https://orcid.org/0000-0002-9678-7826,Hong Wu,"Department of Landscape Architecture, The Pennsylvania State University, University Park, Pennsylvania, United States of America",United States of America,https://orcid.org/0000-0002-9728-8455,TRUE,All research data has been submitted to the OPEN ICPSR repository at: https://www.openicpsr.org/openicpsr/project/178781/version/V1/view.,available in online repository,https://www.openicpsr.org/openicpsr/project/178781/version/V1/view,openicpsr/icpsr,/Biology and life sciences/Neuroscience/Cognitive science/Cognition/Decision making; /Biology and life sciences/Neuroscience/Cognitive science/Cognitive psychology/Decision making; /Biology and life sciences/Psychology/Cognitive psychology/Decision making; /Engineering and technology/Civil engineering/Urban infrastructure; /Engineering and technology/Environmental engineering/Water management; /Medicine and health sciences/Diagnostic medicine/Virus testing; /Medicine and health sciences/Epidemiology/Pandemics; /Medicine and health sciences/Medical conditions/Infectious diseases/Viral diseases/COVID 19; /Research and analysis methods/Research design/Survey research; /Research and analysis methods/Research design/Survey research/Surveys; /Social sciences/Psychology/Cognitive psychology/Decision making,journals.plos.org,10.1371/journal.pwat.0000084,Research Article,2023-03-01
10.1371/journal.pwat.0000091,2,2,https://journals.plos.org/water/article?id=10.1371/journal.pwat.0000091,PLOS Water,"Impact of usership on bacterial contamination of public latrine surfaces in Kathmandu, Nepal",2023,TRUE,7,docx; docx; docx; docx; xlsx; csv; csv,https://journals.plos.org/water/article/file?id=10.1371/journal.pwat.0000091.s001&type=supplementary; https://journals.plos.org/water/article/file?id=10.1371/journal.pwat.0000091.s002&type=supplementary; https://journals.plos.org/water/article/file?id=10.1371/journal.pwat.0000091.s003&type=supplementary; https://journals.plos.org/water/article/file?id=10.1371/journal.pwat.0000091.s004&type=supplementary; https://journals.plos.org/water/article/file?id=10.1371/journal.pwat.0000091.s005&type=supplementary; https://journals.plos.org/water/article/file?id=10.1371/journal.pwat.0000091.s006&type=supplementary; https://journals.plos.org/water/article/file?id=10.1371/journal.pwat.0000091.s007&type=supplementary,5,Alexis L. Mraz,"Water, Health and Applied Microbiology Lab (WHAM Lab), Department of Epidemiology and Biostatistics, College of Public Health, Temple University, Philadelphia, Pennsylvania, United States of America",United States of America,https://orcid.org/0000-0001-6426-2147,Heather M. Murphy,"Water, Health and Applied Microbiology Lab (WHAM Lab), Department of Epidemiology and Biostatistics, College of Public Health, Temple University, Philadelphia, Pennsylvania, United States of America",United States of America,https://orcid.org/0000-0002-0435-8515,TRUE,"All data utilized in the tables, figures and statistical analyses presented are provided in the Supplementary Information files associated with this manuscript.",in paper,NA,NA,/Biology and life sciences/Microbiology/Medical microbiology/Microbial pathogens/Bacterial pathogens/Escherichia coli; /Biology and life sciences/Organisms/Bacteria/Enterobacteriaceae/Escherichia/Escherichia coli; /Biology and life sciences/Organisms/Bacteria/Gut bacteria/Escherichia/Escherichia coli; /Biology and life sciences/Physiology/Physiological processes/Defecation; /Earth sciences/Geography/Human geography/Urban geography/Urbanization; /Medicine and health sciences/Health care/Environmental health/Sanitation; /Medicine and health sciences/Pathology and laboratory medicine/Pathogens/Microbial pathogens/Bacterial pathogens/Escherichia coli; /Medicine and health sciences/Public and occupational health/Environmental health/Sanitation; /People and places/Geographical locations/Asia/Nepal; /Physical sciences/Chemistry/Chemical compounds/Salts/Soaps; /Physical sciences/Mathematics/Statistics/Statistical methods/Regression analysis/Linear regression analysis; /Research and analysis methods/Animal studies/Experimental organism systems/Model organisms/Escherichia coli; /Research and analysis methods/Animal studies/Experimental organism systems/Prokaryotic models/Escherichia coli; /Research and analysis methods/Mathematical and statistical techniques/Statistical methods/Regression analysis/Linear regression analysis; /Research and analysis methods/Model organisms/Escherichia coli; /Social sciences/Human geography/Urban geography/Urbanization; /Social sciences/Political science/United Nations,journals.plos.org,10.1371/journal.pwat.0000091,Research Article,2023-02-13
10.1371/journal.pwat.0000077,2,3,https://journals.plos.org/water/article?id=10.1371/journal.pwat.0000077,PLOS Water,The high health risks of unaffordable water: An in-depth exploration of pathways from water bill burden to health-related impacts in the United States,2023,TRUE,3,tif; docx; xlsx,https://journals.plos.org/water/article/file?id=10.1371/journal.pwat.0000077.s001&type=supplementary; https://journals.plos.org/water/article/file?id=10.1371/journal.pwat.0000077.s002&type=supplementary; https://journals.plos.org/water/article/file?id=10.1371/journal.pwat.0000077.s003&type=supplementary,3,Mariana Sarango,"Social Science & Environmental Health Research Institute, Northeastern University, Boston, MA, United States of America",United States of America,https://orcid.org/0000-0003-1955-4209,Laura Senier,"Social Science & Environmental Health Research Institute, Northeastern University, Boston, MA, United States of America",United States of America,NA,TRUE,"This study analyzes in-depth, semi-structured interviews. Supporting excerpts from the raw data (quotes from interviews with participants) are available within the text of the paper. Complete transcripts include details and information that could reveal the identity of the participants. A deidentified set of transcripts (with names and other identifying information redacted) is deposited in Databrary, a public data repository, along with the codebook used to analyze the data (https://nyu.databrary.org/volume/1550).",available in online repository,https://nyu.databrary.org/volume/1550,NA,/Biology and life sciences/Psychology/Psychological stress; /Earth sciences/Geography/Human geography/Housing; /Earth sciences/Geography/Human geography/Urban geography/Cities; /Engineering and technology/Environmental engineering/Water management; /Medicine and health sciences/Health care/Health economics; /Medicine and health sciences/Health care/Socioeconomic aspects of health; /Medicine and health sciences/Mental health and psychiatry/Psychological stress; /Medicine and health sciences/Public and occupational health/Behavioral and social aspects of health; /Medicine and health sciences/Public and occupational health/Socioeconomic aspects of health; /Social sciences/Economics/Commerce/Payment; /Social sciences/Economics/Health economics; /Social sciences/Human geography/Housing; /Social sciences/Human geography/Urban geography/Cities; /Social sciences/Psychology/Psychological stress,journals.plos.org,10.1371/journal.pwat.0000077,Research Article,2023-03-31
10.1371/journal.pwat.0000060,1,12,https://journals.plos.org/water/article?id=10.1371/journal.pwat.0000060,PLOS Water,"Yield, water productivity and nutrient balances under different water management technologies of irrigated wheat in Ethiopia",2022,TRUE,4,docx; rar; vnd.openxmlformats-officedocument.wordprocessingml.document; vnd.openxmlformats-officedocument.wordprocessingml.document,https://journals.plos.org/water/article/file?id=10.1371/journal.pwat.0000060.s001&type=supplementary; https://journals.plos.org/water/article/file?id=10.1371/journal.pwat.0000060.s002&type=supplementary; https://journals.plos.org/water/article/file?id=10.1371/journal.pwat.0000060.s003&type=supplementary; https://journals.plos.org/water/article/file?id=10.1371/journal.pwat.0000060.s004&type=supplementary,8,Alebachew Enyew Tiruye,"Soil and Water Research Directorate, Adet Agricultural Research Center, Bahir Dar, Ethiopia",Ethiopia,https://orcid.org/0000-0003-4727-1329,Alebachew Enyew Tiruye,"Soil and Water Research Directorate, Adet Agricultural Research Center, Bahir Dar, Ethiopia",Ethiopia,https://orcid.org/0000-0003-4727-1329,TRUE,All relevant data are within the paper and its Supporting Information files.,in paper,NA,NA,/Biology and life sciences/Agriculture/Agricultural methods/Agricultural irrigation; /Biology and life sciences/Agriculture/Agricultural soil science; /Biology and life sciences/Agriculture/Agrochemicals/Fertilizers; /Biology and life sciences/Agriculture/Crop science/Crops; /Biology and life sciences/Agriculture/Crop science/Crops/Cereal crops; /Biology and life sciences/Organisms/Eukaryota/Plants/Grasses/Wheat; /Earth sciences/Soil science/Agricultural soil science; /Engineering and technology/Environmental engineering/Water management; /People and places/Geographical locations/Africa/Ethiopia,journals.plos.org,10.1371/journal.pwat.0000060,Research Article,2022-12-05
10.1371/journal.pwat.0000072,2,2,https://journals.plos.org/water/article?id=10.1371/journal.pwat.0000072,PLOS Water,"A framework for modelling emergent sediment loss in the Ombrone River Basin, central Italy",2023,TRUE,3,txt; txt; txt,https://journals.plos.org/water/article/file?id=10.1371/journal.pwat.0000072.s001&type=supplementary; https://journals.plos.org/water/article/file?id=10.1371/journal.pwat.0000072.s002&type=supplementary; https://journals.plos.org/water/article/file?id=10.1371/journal.pwat.0000072.s003&type=supplementary,4,Nazzareno Diodato,"Met European Research Observatory–International Affiliates Program of the University Corporation for Atmospheric Research, Benevento, Italy",Italy,NA,Fredrik Charpentier Ljungqvist,"Department of History, Stockholm University, Stockholm, Sweden",Sweden,https://orcid.org/0000-0003-0220-3947,TRUE,Uploaded as supplementary information.,in paper,NA,NA,/Biology and life sciences/Paleontology/Paleopedology; /Earth sciences/Atmospheric science/Meteorology/Rain; /Earth sciences/Geology/Petrology/Sediment; /Earth sciences/Geology/Sedimentary geology/Sediment; /Earth sciences/Geomorphology/Erosion; /Earth sciences/Geomorphology/Topography/Landforms/Valleys; /Earth sciences/Hydrology/Flooding; /Earth sciences/Marine and aquatic sciences/Aquatic environments/Freshwater environments/Rivers; /Earth sciences/Marine and aquatic sciences/Bodies of water/Rivers; /Earth sciences/Paleontology/Paleopedology; /Earth sciences/Soil science/Paleopedology; /Ecology and environmental sciences/Aquatic environments/Freshwater environments/Rivers; /Engineering and technology/Signal processing/Image processing,journals.plos.org,10.1371/journal.pwat.0000072,Research Article,2023-02-01
10.1371/journal.pwat.0000078,2,2,https://journals.plos.org/water/article?id=10.1371/journal.pwat.0000078,PLOS Water,Quantification of on-farm groundwater use under different dairy production systems in Pakistan,2023,TRUE,1,vnd.openxmlformats-officedocument.wordprocessingml.document,https://journals.plos.org/water/article/file?id=10.1371/journal.pwat.0000078.s001&type=supplementary,4,Muhammad Hassan Farooq,"Department of Livestock Management, University of Veterinary and Animal Sciences, Lahore, Pakistan",Pakistan,NA,Muhammad Qamer Shahid,"Department of Livestock Management, University of Veterinary and Animal Sciences, Lahore, Pakistan",Pakistan,https://orcid.org/0000-0003-3950-0750,TRUE,All data used in the analysis are available for download at Mendeley Data repository: http://doi.org/10.17632/3yzxjycrcd.1.,available in online repository,http://doi.org/10.17632/3yzxjycrcd.1; 10.17632/3yzxjycrcd.1,mendeley data,/Biology and life sciences/Agriculture; /Biology and life sciences/Agriculture/Animal management/Animal husbandry; /Biology and life sciences/Agriculture/Animal management/Livestock; /Biology and life sciences/Agriculture/Farms; /Earth sciences/Hydrology/Surface water; /Earth sciences/Marine and aquatic sciences/Bodies of water/Ponds; /Ecology and environmental sciences/Natural resources/Water resources; /People and places/Population groupings/Professions/Agricultural workers,journals.plos.org,10.1371/journal.pwat.0000078,Research Article,2023-02-01
10.1371/journal.pwat.0000113,2,3,https://journals.plos.org/water/article?id=10.1371/journal.pwat.0000113,PLOS Water,Increasing the visibility of transboundary groundwater,2023,FALSE,0,NA,NA,1,Sharon B. Megdal,"Water Resources Research Center, The University of Arizona, Tucson, Arizona, United States of America",United States of America,NA,Sharon B. Megdal,"Water Resources Research Center, The University of Arizona, Tucson, Arizona, United States of America",United States of America,NA,FALSE,NA,NA,NA,NA,/Earth sciences/Hydrology/Surface water; /Ecology and environmental sciences/Natural resources/Water resources; /Engineering and technology/Environmental engineering/Water management; /People and places/Geographical locations/North America/Mexico; /People and places/Geographical locations/North America/United States; /People and places/Geographical locations/South America; /Social sciences/Political science/Governments/State governments; /Social sciences/Political science/United Nations,journals.plos.org,10.1371/journal.pwat.0000113,Opinion,2023-03-21
10.1371/journal.pwat.0000111,2,3,https://journals.plos.org/water/article?id=10.1371/journal.pwat.0000111,PLOS Water,A paradox of accelerating change,2023,FALSE,0,NA,NA,1,Pierre Horwitz,"School of Science and Centre for People, Place, & Planet, Edith Cowan University, Joondalup, Australia",Australia,https://orcid.org/0000-0002-8689-7888,Pierre Horwitz,"School of Science and Centre for People, Place, & Planet, Edith Cowan University, Joondalup, Australia",Australia,https://orcid.org/0000-0002-8689-7888,FALSE,NA,NA,NA,NA,/Biology and life sciences/Microbiology/Microbial control/Antimicrobial resistance; /Earth sciences/Hydrology/Surface water; /Earth sciences/Marine and aquatic sciences/Aquatic environments/Freshwater environments/Lakes; /Earth sciences/Marine and aquatic sciences/Bodies of water/Lakes; /Ecology and environmental sciences/Aquatic environments/Freshwater environments/Lakes; /Ecology and environmental sciences/Pollution/Water pollution; /Ecology and environmental sciences/Water quality; /Medicine and health sciences/Pharmacology/Antimicrobial resistance; /People and places/Population groupings/Professions/Scientists; /Research and analysis methods/Research design; /Science policy/Science and technology workforce/Careers in research/Scientists; /Science policy/Science and technology workforce/Citizen science,journals.plos.org,10.1371/journal.pwat.0000111,Editorial,2023-03-20
10.1371/journal.pwat.0000096,2,2,https://journals.plos.org/water/article?id=10.1371/journal.pwat.0000096,PLOS Water,Traversing the waterways,2023,FALSE,0,NA,NA,3,Debora Walker,"PLOS Water, San Francisco, California, United States of America",United States of America,NA,Pierre Horwitz,"School of Science and Centre for People, Place, & Planet, Edith Cowan University, Joondalup, Australia",Australia,https://orcid.org/0000-0002-8689-7888,FALSE,NA,NA,NA,NA,/Earth sciences/Geography; /Earth sciences/Geography/Human geography/Cultural geography; /Earth sciences/Marine and aquatic sciences/Aquatic environments/Freshwater environments/Fresh water; /Ecology and environmental sciences/Aquatic environments/Freshwater environments/Fresh water; /Ecology and environmental sciences/Natural resources/Water resources; /Ecology and environmental sciences/Pollution/Water pollution; /Engineering and technology/Environmental engineering/Water management; /Research and analysis methods/Research assessment/Peer review; /Social sciences/Economics/Labor economics/Employment/Careers; /Social sciences/Human geography/Cultural geography,journals.plos.org,10.1371/journal.pwat.0000096,Editorial,2023-02-15
10.1371/journal.pwat.0000433,4,9,https://journals.plos.org/water/article?id=10.1371/journal.pwat.0000433,PLOS Water,Expectations from technologies for managing groundwater should be realistic,2025,FALSE,0,NA,NA,1,Soumya Balasubramanya,"The World Bank, Washington, District of Columbia, United States of America",United States of America,https://orcid.org/0000-0001-8035-7306,Soumya Balasubramanya,"The World Bank, Washington, District of Columbia, United States of America",United States of America,https://orcid.org/0000-0001-8035-7306,FALSE,NA,NA,NA,NA,/Biology and life sciences/Agriculture/Agricultural methods/Agricultural irrigation/Drip irrigation; /Biology and life sciences/Agriculture/Agricultural methods/Agricultural irrigation/Lift irrigation; /Biology and life sciences/Agriculture/Crop science/Crops; /Biology and life sciences/Nutrition/Diet/Food; /Biology and life sciences/Organisms/Eukaryota/Plants/Grasses/Rice; /Engineering and technology/Energy and power/Alternative energy; /Medicine and health sciences/Nutrition/Diet/Food; /People and places/Geographical locations/Asia; /Physical sciences/Physics/Electricity; /Research and analysis methods/Animal studies/Experimental organism systems/Plant and algal models/Rice,journals.plos.org,10.1371/journal.pwat.0000433,Opinion,2025-09-12
10.1371/journal.pwat.0000364,4,9,https://journals.plos.org/water/article?id=10.1371/journal.pwat.0000364,PLOS Water,"Environmental influences on the abundance and distribution of gastropods in Edu Local Government Area, North Central Nigeria",2025,TRUE,3,xlsx; xlsx; docx,https://journals.plos.org/water/article/file?id=10.1371/journal.pwat.0000364.s001&type=supplementary; https://journals.plos.org/water/article/file?id=10.1371/journal.pwat.0000364.s002&type=supplementary; https://journals.plos.org/water/article/file?id=10.1371/journal.pwat.0000364.s003&type=supplementary,2,Joseph O. Sunday,"Parasitology Unit, Kwara State University, Malete, Nigeria",Nigeria,https://orcid.org/0000-0002-1601-0516,Joseph O. Sunday,"Parasitology Unit, Kwara State University, Malete, Nigeria",Nigeria,https://orcid.org/0000-0002-1601-0516,TRUE,The supplementary data for this study are available in the Supporting information section of this article. Also data are within the manuscript.,in paper,NA,NA,/Biology and life sciences/Ecology/Habitats; /Biology and life sciences/Organisms/Eukaryota/Animals/Invertebrates/Molluscs/Gastropods; /Biology and life sciences/Organisms/Eukaryota/Animals/Invertebrates/Molluscs/Gastropods/Snails; /Biology and life sciences/Zoology/Animals/Invertebrates/Molluscs/Gastropods; /Biology and life sciences/Zoology/Animals/Invertebrates/Molluscs/Gastropods/Snails; /Earth sciences/Marine and aquatic sciences/Aquatic environments/Freshwater environments/Fresh water; /Earth sciences/Seasons; /Ecology and environmental sciences/Aquatic environments/Freshwater environments/Fresh water; /Ecology and environmental sciences/Ecology/Habitats; /Medicine and health sciences/Medical conditions/Parasitic diseases/Helminth infections/Schistosomiasis; /Medicine and health sciences/Medical conditions/Tropical diseases/Neglected tropical diseases/Schistosomiasis; /Physical sciences/Chemistry/Chemical compounds/Nitrates; /Physical sciences/Chemistry/Chemical elements/Magnesium,journals.plos.org,10.1371/journal.pwat.0000364,Research Article,2025-09-16
10.1371/journal.pwat.0000424,4,9,https://journals.plos.org/water/article?id=10.1371/journal.pwat.0000424,PLOS Water,"Correction: The structure of informal water markets: Insights from spatial monitoring in Lodwar, Kenya",2025,TRUE,2,pdf; pdf,https://journals.plos.org/water/article/file?id=10.1371/journal.pwat.0000424.s001&type=supplementary; https://journals.plos.org/water/article/file?id=10.1371/journal.pwat.0000424.s002&type=supplementary,1,NA NA,NA,NA,NA,NA,NA,NA,NA,FALSE,NA,NA,NA,NA,NA,journals.plos.org,10.1371/journal.pwat.0000424,Correction,2025-09-02
10.1371/journal.pwat.0000465,4,11,https://journals.plos.org/water/article?id=10.1371/journal.pwat.0000465,PLOS Water,Dissolved organic matter composition differs across water types in Mid-Atlantic and Great Lakes coastal regions,2025,TRUE,3,doc; pdf; vnd.openxmlformats-officedocument.wordprocessingml.document,https://journals.plos.org/water/article/file?id=10.1371/journal.pwat.0000465.s001&type=supplementary; https://journals.plos.org/water/article/file?id=10.1371/journal.pwat.0000465.s002&type=supplementary; https://journals.plos.org/water/article/file?id=10.1371/journal.pwat.0000465.s003&type=supplementary,15,Jesse Alan Roebuck,"Biological Sciences Division, Pacific Northwest National Laboratory, Sequim, Washington, United States of America",United States of America,NA,Allison N. Myers-Pigg,"Biological Sciences Division, Pacific Northwest National Laboratory, Sequim, Washington, United States of America",United States of America,https://orcid.org/0000-0002-6905-6841,TRUE,"The data used in this study is from the EXCHANGE campaign 1 community sampling effort and can be found at the Environmental System Science Data Infrastructure for a Virtual Ecosystem (ESS-DIVE) data repository [29,46]. Additional processed data is available in the Supporting Information. Scripts required to reproduce figures and statistical analyses are available at https://github.com/COMPASS-DOE/ec1_surfacewaterDOM_paper.",available in online repository,https://github.com/COMPASS-DOE/ec1_surfacewaterDOM_paper,github,/Earth sciences/Geochemistry/Biogeochemistry; /Earth sciences/Hydrology/Surface water; /Earth sciences/Marine and aquatic sciences/Aquatic environments/Freshwater environments/Fresh water; /Earth sciences/Marine and aquatic sciences/Aquatic environments/Freshwater environments/Lakes; /Earth sciences/Marine and aquatic sciences/Aquatic environments/Freshwater environments/Rivers; /Earth sciences/Marine and aquatic sciences/Bodies of water/Estuaries; /Earth sciences/Marine and aquatic sciences/Bodies of water/Lakes; /Earth sciences/Marine and aquatic sciences/Bodies of water/Rivers; /Ecology and environmental sciences/Aquatic environments/Freshwater environments/Fresh water; /Ecology and environmental sciences/Aquatic environments/Freshwater environments/Lakes; /Ecology and environmental sciences/Aquatic environments/Freshwater environments/Rivers; /Ecology and environmental sciences/Biogeochemistry; /Ecology and environmental sciences/Water quality; /Physical sciences/Chemistry/Chemical properties/Salinity; /Physical sciences/Chemistry/Geochemistry/Biogeochemistry; /Physical sciences/Chemistry/Physical chemistry/Chemical properties/Salinity,journals.plos.org,10.1371/journal.pwat.0000465,Research Article,2025-11-07
10.1371/journal.pwat.0000378,4,11,https://journals.plos.org/water/article?id=10.1371/journal.pwat.0000378,PLOS Water,"Institutional barriers to food safety: The irrigated vegetable value chain in Accra, Ghana",2025,FALSE,0,NA,NA,4,David Galibourg,"Water Engineering and Development Centre (WEDC), School of Architecture, Building and Civil Engineering, Loughborough University, Loughborough, United Kingdom",United Kingdom of Great Britain and Northern Ireland,https://orcid.org/0000-0003-2676-3551,David Galibourg,"Water Engineering and Development Centre (WEDC), School of Architecture, Building and Civil Engineering, Loughborough University, Loughborough, United Kingdom",United Kingdom of Great Britain and Northern Ireland,https://orcid.org/0000-0003-2676-3551,TRUE,The data is available in the Loughborough repository on the following link: https://doi.org/10.17028/rd.lboro.28827659.,available in online repository,https://doi.org/10.17028/rd.lboro.28827659; 10.17028/rd.lboro.28827659,NA,/Biology and life sciences/Agriculture; /Biology and life sciences/Agriculture/Agricultural methods/Agricultural irrigation; /Biology and life sciences/Nutrition/Diet/Food; /Biology and life sciences/Organisms/Eukaryota/Plants/Vegetables; /Earth sciences/Hydrology/Surface water; /Ecology and environmental sciences/Natural resources/Water resources; /Medicine and health sciences/Nutrition/Diet/Food; /Medicine and health sciences/Public and occupational health; /People and places/Population groupings/Professions/Agricultural workers,journals.plos.org,10.1371/journal.pwat.0000378,Research Article,2025-11-24
10.1371/journal.pwat.0000414,4,9,https://journals.plos.org/water/article?id=10.1371/journal.pwat.0000414,PLOS Water,Active regulating of onsite sanitation can bridge the gap between policy and practice and transform the sector,2025,FALSE,0,NA,NA,5,Sam Drabble,"Water & Sanitation for Urban Populations, London, United Kingdom",United Kingdom of Great Britain and Northern Ireland,https://orcid.org/0000-0002-7169-8675,Sam Drabble,"Water & Sanitation for Urban Populations, London, United Kingdom",United Kingdom of Great Britain and Northern Ireland,https://orcid.org/0000-0002-7169-8675,FALSE,NA,NA,NA,NA,/Engineering and technology/Environmental engineering/Water management; /Medicine and health sciences/Health care/Environmental health/Sanitation; /Medicine and health sciences/Health care/Health care policy; /Medicine and health sciences/Public and occupational health; /Medicine and health sciences/Public and occupational health/Environmental health/Sanitation; /People and places/Geographical locations/Africa; /People and places/Geographical locations/Africa/Zambia; /Social sciences/Law and legal sciences/Regulations; /Social sciences/Political science/Public policy,journals.plos.org,10.1371/journal.pwat.0000414,Opinion,2025-09-03
10.1371/journal.pwat.0000498,5,2,https://journals.plos.org/water/article?id=10.1371/journal.pwat.0000498,PLOS Water,Fluid data: The problem of accurately estimating household access to water and sanitation in the United States,2026,FALSE,0,NA,NA,3,Stephen P. Gasteyer,"Department of Sociology, Michigan State University, East Lansing, Michigan, United States of America,",NA,https://orcid.org/0000-0001-7158-0311,Stephen P. Gasteyer,"Department of Sociology, Michigan State University, East Lansing, Michigan, United States of America,",NA,https://orcid.org/0000-0001-7158-0311,FALSE,NA,NA,NA,NA,/Earth sciences/Geography/Human geography/Housing; /Ecology and environmental sciences/Natural resources/Water resources; /Ecology and environmental sciences/Pollution/Water pollution; /Ecology and environmental sciences/Water quality; /Engineering and technology/Environmental engineering/Water management; /Medicine and health sciences/Health care/Environmental health/Sanitation; /Medicine and health sciences/Public and occupational health/Environmental health/Sanitation; /Research and analysis methods/Research design/Survey research/Census; /Social sciences/Economics/Finance; /Social sciences/Human geography/Housing,journals.plos.org,10.1371/journal.pwat.0000498,Essay,2026-02-03
10.1371/journal.pwat.0000419,5,2,https://journals.plos.org/water/article?id=10.1371/journal.pwat.0000419,PLOS Water,"Genomic characterization of resistant <i>Escherichia coli</i> isolated from household water in municipal Ibadan, Nigeria",2026,TRUE,6,docx; xls; xls; pdf; msword; msword,https://journals.plos.org/water/article/file?id=10.1371/journal.pwat.0000419.s001&type=supplementary; https://journals.plos.org/water/article/file?id=10.1371/journal.pwat.0000419.s002&type=supplementary; https://journals.plos.org/water/article/file?id=10.1371/journal.pwat.0000419.s003&type=supplementary; https://journals.plos.org/water/article/file?id=10.1371/journal.pwat.0000419.s004&type=supplementary; https://journals.plos.org/water/article/file?id=10.1371/journal.pwat.0000419.s006&type=supplementary; https://journals.plos.org/water/article/file?id=10.1371/journal.pwat.0000419.s007&type=supplementary,11,Ifeoluwa Akintayo,"Department of Pharmaceutical Microbiology and Biotechnology, Faculty of Pharmaceutical Sciences, University of Ibadan, Ibadan, Oyo State, Nigeria",Nigeria,https://orcid.org/0000-0002-4234-7649,Ifeoluwa Akintayo,"Department of Pharmaceutical Microbiology and Biotechnology, Faculty of Pharmaceutical Sciences, University of Ibadan, Ibadan, Oyo State, Nigeria",Nigeria,https://orcid.org/0000-0002-4234-7649,TRUE,The sequence reads in this study were deposited in the European Nucleotide Archive (ENA) under project PRJEB8667. The ENA accession numbers of genome sequences submitted can be found in supplementary table (S2 Table) and it can be searched via the link: https://www.ebi.ac.uk/ena/browser/home. Links to all online tools used in the analysis of genomic sequences are presented within the text in the manuscript.,available in online repository,https://www.ebi.ac.uk/ena/browser/home,NA,/Biology and life sciences/Biochemistry/Nucleic acids/DNA/Forms of DNA/Plasmids; /Biology and life sciences/Genetics/DNA/Forms of DNA/Plasmids; /Biology and life sciences/Genetics/Genetic elements/Mobile genetic elements/Plasmids; /Biology and life sciences/Genetics/Genomics; /Biology and life sciences/Genetics/Genomics/Mobile genetic elements/Plasmids; /Biology and life sciences/Genetics/Single nucleotide polymorphisms; /Biology and life sciences/Microbiology/Medical microbiology/Microbial pathogens/Bacterial pathogens; /Biology and life sciences/Microbiology/Medical microbiology/Microbial pathogens/Bacterial pathogens/Escherichia coli; /Biology and life sciences/Microbiology/Microbial control/Antimicrobial resistance; /Biology and life sciences/Microbiology/Microbial control/Antimicrobial resistance/Antibiotic resistance; /Biology and life sciences/Organisms/Bacteria/Enterobacteriaceae/Escherichia/Escherichia coli; /Biology and life sciences/Organisms/Bacteria/Gut bacteria/Escherichia/Escherichia coli; /Ecology and environmental sciences/Natural resources/Water resources; /Medicine and health sciences/Pathology and laboratory medicine/Pathogens/Microbial pathogens/Bacterial pathogens; /Medicine and health sciences/Pathology and laboratory medicine/Pathogens/Microbial pathogens/Bacterial pathogens/Escherichia coli; /Medicine and health sciences/Pharmacology/Antimicrobial resistance; /Medicine and health sciences/Pharmacology/Antimicrobial resistance/Antibiotic resistance; /Research and analysis methods/Animal studies/Experimental organism systems/Model organisms/Escherichia coli; /Research and analysis methods/Animal studies/Experimental organism systems/Prokaryotic models/Escherichia coli; /Research and analysis methods/Model organisms/Escherichia coli,journals.plos.org,10.1371/journal.pwat.0000419,Research Article,2026-02-04
10.1371/journal.pwat.0000434,5,2,https://journals.plos.org/water/article?id=10.1371/journal.pwat.0000434,PLOS Water,"Barriers to water, sanitation, and hygiene (WASH) cluster coordination during emergencies in sub-Saharan Africa: A scoping review",2026,TRUE,2,docx; pdf,https://journals.plos.org/water/article/file?id=10.1371/journal.pwat.0000434.s001&type=supplementary; https://journals.plos.org/water/article/file?id=10.1371/journal.pwat.0000434.s002&type=supplementary,4,Abayneh Asrat Yimenu,"Water, Sanitation, and Hygiene Section, UNICEF Uganda Country Office, Kampala, Uganda",Uganda,NA,Melaku Teshale Gemechu,"Department of General Surgery, Wondo Genet Primary Hospital, Wondo Genet, Sidama, Ethiopia",Ethiopia,https://orcid.org/0000-0001-7672-947X,TRUE,The data that support the findings of this study are available in Zenedo at https://doi.org/10.5281/zenodo.17794697.,available in online repository,https://doi.org/10.5281/zenodo.17794697; 10.5281/zenodo.17794697,zenodo,/Biology and life sciences/Neuroscience/Cognitive science/Cognition/Decision making; /Biology and life sciences/Neuroscience/Cognitive science/Cognitive psychology/Decision making; /Biology and life sciences/Psychology/Cognitive psychology/Decision making; /Earth sciences/Natural disasters; /Medicine and health sciences/Health care/Environmental health/Sanitation; /Medicine and health sciences/Public and occupational health/Environmental health/Sanitation; /People and places/Geographical locations/Africa; /People and places/Geographical locations/Africa/Ethiopia; /Research and analysis methods/Database and informatics methods/Database searching; /Social sciences/Economics/Finance; /Social sciences/Psychology/Cognitive psychology/Decision making; /Social sciences/Sociology/Culture,journals.plos.org,10.1371/journal.pwat.0000434,Research Article,2026-02-02
10.1371/journal.pwat.0000430,5,1,https://journals.plos.org/water/article?id=10.1371/journal.pwat.0000430,PLOS Water,"Comparative effects of chlorine and UV LED disinfection on drinking water and biofilms, with chlorine causing greater shifts in microbial community composition",2026,TRUE,17,docx; tif; tif; tif; tif; tif; tif; a; a; tif; tif; tif; zip; tif; tif; pdf; vnd.openxmlformats-officedocument.wordprocessingml.document,https://journals.plos.org/water/article/file?id=10.1371/journal.pwat.0000430.s001&type=supplementary; https://journals.plos.org/water/article/file?id=10.1371/journal.pwat.0000430.s002&type=supplementary; https://journals.plos.org/water/article/file?id=10.1371/journal.pwat.0000430.s003&type=supplementary; https://journals.plos.org/water/article/file?id=10.1371/journal.pwat.0000430.s004&type=supplementary; https://journals.plos.org/water/article/file?id=10.1371/journal.pwat.0000430.s005&type=supplementary; https://journals.plos.org/water/article/file?id=10.1371/journal.pwat.0000430.s006&type=supplementary; https://journals.plos.org/water/article/file?id=10.1371/journal.pwat.0000430.s007&type=supplementary; https://journals.plos.org/water/article/file?id=10.1371/journal.pwat.0000430.s008&type=supplementary; https://journals.plos.org/water/article/file?id=10.1371/journal.pwat.0000430.s009&type=supplementary; https://journals.plos.org/water/article/file?id=10.1371/journal.pwat.0000430.s010&type=supplementary; https://journals.plos.org/water/article/file?id=10.1371/journal.pwat.0000430.s011&type=supplementary; https://journals.plos.org/water/article/file?id=10.1371/journal.pwat.0000430.s012&type=supplementary; https://journals.plos.org/water/article/file?id=10.1371/journal.pwat.0000430.s013&type=supplementary; https://journals.plos.org/water/article/file?id=10.1371/journal.pwat.0000430.s014&type=supplementary; https://journals.plos.org/water/article/file?id=10.1371/journal.pwat.0000430.s015&type=supplementary; https://journals.plos.org/water/article/file?id=10.1371/journal.pwat.0000430.s016&type=supplementary; https://journals.plos.org/water/article/file?id=10.1371/journal.pwat.0000430.s018&type=supplementary,6,Yijing Liu,"College of Engineering, Department of Civil, Environmental and Geodetic Engineering, The Ohio State University, Columbus, Ohio, United States of America",United States of America,https://orcid.org/0000-0003-3248-7370,Natalie M. Hull,"College of Engineering, Department of Civil, Environmental and Geodetic Engineering, The Ohio State University, Columbus, Ohio, United States of America",United States of America,https://orcid.org/0000-0003-2876-6721,TRUE,All data supporting the findings of this study are included within the paper and its Supporting information files. All other sampling data was previously published in the main paper or uploaded as Supporting information files (https://doi.org/10.1002/aws2.1148). All raw sequence data have been deposited under accession number PRJNA859934 in the NIH BioProject repository (https://www.ncbi.nlm.nih.gov/bioproject/PRJNA859934). The analysis code used in this study is publicly available from the GitHub repository (https://github.com/Dr-Hull-Water-TEAM/Jamestown-microbiome).,available in online repository,https://doi.org/10.1002/aws2.1148; https://www.ncbi.nlm.nih.gov/bioproject/PRJNA859934; https://github.com/Dr-Hull-Water-TEAM/Jamestown-microbiome; 10.1002/aws2.1148,github; ncbi/genbank,/Biology and life sciences/Genetics/Genomics/Microbial genomics/Microbiome; /Biology and life sciences/Microbiology/Bacteriology/Bacterial biofilms; /Biology and life sciences/Microbiology/Biofilms/Bacterial biofilms; /Biology and life sciences/Microbiology/Medical microbiology/Microbiome; /Biology and life sciences/Microbiology/Microbial genomics/Microbiome; /Biology and life sciences/Organisms/Bacteria/Pseudomonas; /Earth sciences/Marine and aquatic sciences/Limnology/Effluent; /Ecology and environmental sciences/Limnology/Effluent; /Ecology and environmental sciences/Natural resources/Water resources; /Medicine and health sciences/Health care/Sanitization/Disinfection; /Medicine and health sciences/Medical conditions/Infectious diseases/Infectious disease control/Sanitization/Disinfection; /Medicine and health sciences/Public and occupational health/Preventive medicine/Sanitization/Disinfection; /Physical sciences/Chemistry/Chemical elements/Chlorine; /Physical sciences/Physics/Electromagnetic radiation/Light/Ultraviolet radiation,journals.plos.org,10.1371/journal.pwat.0000430,Research Article,2026-01-07
10.1371/journal.pwat.0000383,5,1,https://journals.plos.org/water/article?id=10.1371/journal.pwat.0000383,PLOS Water,Improving infection prevention and control in Ghana primary health care facilities: Evaluation of the STREAM disinfectant generator,2026,TRUE,6,xlsx; xlsx; xlsx; xlsx; xlsx; pdf,https://journals.plos.org/water/article/file?id=10.1371/journal.pwat.0000383.s001&type=supplementary; https://journals.plos.org/water/article/file?id=10.1371/journal.pwat.0000383.s002&type=supplementary; https://journals.plos.org/water/article/file?id=10.1371/journal.pwat.0000383.s003&type=supplementary; https://journals.plos.org/water/article/file?id=10.1371/journal.pwat.0000383.s004&type=supplementary; https://journals.plos.org/water/article/file?id=10.1371/journal.pwat.0000383.s005&type=supplementary; https://journals.plos.org/water/article/file?id=10.1371/journal.pwat.0000383.s006&type=supplementary,12,Adam Drolet,"PATH, Seattle, Washington, United States of America",United States of America,https://orcid.org/0009-0007-9130-8754,Adam Drolet,"PATH, Seattle, Washington, United States of America",United States of America,https://orcid.org/0009-0007-9130-8754,TRUE,All relevant data are within the paper and the Supporting information files.,in paper,NA,NA,/Biology and life sciences/Bioengineering/Biotechnology/Medical devices and equipment; /Engineering and technology/Bioengineering/Biotechnology/Medical devices and equipment; /Engineering and technology/Electrical engineering/Electrical circuits; /Medicine and health sciences/Health care/Health care facilities; /Medicine and health sciences/Health care/Sanitization/Disinfection; /Medicine and health sciences/Medical conditions/Infectious diseases/Infectious disease control/Sanitization/Disinfection; /Medicine and health sciences/Medical devices and equipment; /Medicine and health sciences/Public and occupational health/Hygiene; /Medicine and health sciences/Public and occupational health/Preventive medicine/Sanitization/Disinfection; /People and places/Geographical locations/Africa/Ghana; /Physical sciences/Chemistry/Chemical elements/Chlorine; /Physical sciences/Physics/Electricity,journals.plos.org,10.1371/journal.pwat.0000383,Research Article,2026-01-30
10.1371/journal.pwat.0000466,4,11,https://journals.plos.org/water/article?id=10.1371/journal.pwat.0000466,PLOS Water,Non-perennial streamflow and sediment mobilization in a semi-arid rangeland slated for development,2025,TRUE,8,tif; tif; tif; tif; tif; docx; xlsx; xlsx,https://journals.plos.org/water/article/file?id=10.1371/journal.pwat.0000466.s001&type=supplementary; https://journals.plos.org/water/article/file?id=10.1371/journal.pwat.0000466.s002&type=supplementary; https://journals.plos.org/water/article/file?id=10.1371/journal.pwat.0000466.s003&type=supplementary; https://journals.plos.org/water/article/file?id=10.1371/journal.pwat.0000466.s004&type=supplementary; https://journals.plos.org/water/article/file?id=10.1371/journal.pwat.0000466.s005&type=supplementary; https://journals.plos.org/water/article/file?id=10.1371/journal.pwat.0000466.s006&type=supplementary; https://journals.plos.org/water/article/file?id=10.1371/journal.pwat.0000466.s007&type=supplementary; https://journals.plos.org/water/article/file?id=10.1371/journal.pwat.0000466.s008&type=supplementary,10,Jorge Santiago Ramírez-Núñez,"Department of Civil, Environmental, and Architectural Engineering, University of Colorado, Boulder, Colorado, United States of America",United States of America,https://orcid.org/0000-0002-5651-0646,Aditi S. Bhaskar,"Department of Civil, Environmental, and Architectural Engineering, University of Colorado, Boulder, Colorado, United States of America",United States of America,https://orcid.org/0000-0001-9803-4003,TRUE,"Ramírez-Núñez, J. S., D. Poteet, A. S. Bhaskar (2025). Non-perennial streamflow and sediment mobilization in a semi-arid rangeland slated for development, HydroShare, http://www.hydroshare.org/resource/b4169343619848778f76d68b7c3c074f.",available in online repository,http://www.hydroshare.org/resource/b4169343619848778f76d68b7c3c074f,hydroshare,/Earth sciences/Atmospheric science/Meteorology/Rain; /Earth sciences/Atmospheric science/Meteorology/Storms; /Earth sciences/Geography/Human geography/Urban geography/Urbanization; /Earth sciences/Geography/Physical geography/Watersheds; /Earth sciences/Geology/Petrology/Sediment; /Earth sciences/Geology/Sedimentary geology/Sediment; /Engineering and technology/Equipment/Optical equipment/Cameras; /Engineering and technology/Management engineering/Decision analysis/Decision trees; /Physical sciences/Physics/Classical mechanics/Mechanical stress/Shear stresses; /Research and analysis methods/Decision analysis/Decision trees; /Social sciences/Human geography/Urban geography/Urbanization,journals.plos.org,10.1371/journal.pwat.0000466,Research Article,2025-11-21
10.1371/journal.pwat.0000525,5,3,https://journals.plos.org/water/article?id=10.1371/journal.pwat.0000525,PLOS Water,The sewer divide: Challenges and new approaches for closing gaps in U.S. wastewater access,2026,FALSE,0,NA,NA,4,Maura Allaire,"School of Geographical Sciences and Urban Planning, Arizona State University, Tempe, Arizona, United States of America",United States of America,https://orcid.org/0000-0002-3950-0569,Maura Allaire,"School of Geographical Sciences and Urban Planning, Arizona State University, Tempe, Arizona, United States of America",United States of America,https://orcid.org/0000-0002-3950-0569,FALSE,NA,NA,NA,NA,/Earth sciences/Geography/Human geography/Housing; /Engineering and technology/Civil engineering/Urban infrastructure; /Engineering and technology/Sanitary engineering/Solid waste management/Sewage treatment; /People and places/Geographical locations/North America/Canada; /People and places/Geographical locations/Oceania/Australia; /Social sciences/Economics/Finance; /Social sciences/Economics/Finance/Public finance/Money supply and banking; /Social sciences/Human geography/Housing; /Social sciences/Political science/Governments/Local governments,journals.plos.org,10.1371/journal.pwat.0000525,Essay,2026-03-12
10.1371/journal.pwat.0000385,5,1,https://journals.plos.org/water/article?id=10.1371/journal.pwat.0000385,PLOS Water,New definitions for good practice: Regulators as activists for urban road-transported sanitation in eastern and southern Africa,2026,TRUE,4,docx; docx; vnd.openxmlformats-officedocument.wordprocessingml.document; vnd.openxmlformats-officedocument.wordprocessingml.document,https://journals.plos.org/water/article/file?id=10.1371/journal.pwat.0000385.s001&type=supplementary; https://journals.plos.org/water/article/file?id=10.1371/journal.pwat.0000385.s002&type=supplementary; https://journals.plos.org/water/article/file?id=10.1371/journal.pwat.0000385.s003&type=supplementary; https://journals.plos.org/water/article/file?id=10.1371/journal.pwat.0000385.s004&type=supplementary,7,Claire Grisaffi,"Cranfield Water Science Institute, Cranfield University, Cranfield, United Kingdom",United Kingdom of Great Britain and Northern Ireland,https://orcid.org/0000-0001-7038-9849,Alison Parker,"Cranfield Water Science Institute, Cranfield University, Cranfield, United Kingdom",United Kingdom of Great Britain and Northern Ireland,https://orcid.org/0000-0001-7370-6758,TRUE,"The data supporting this article, including anonymized interview transcripts, are available at Cranfield University Collection of E-Research (CERES) Research Repository at https://doi.org/10.57996/cran.ceres-2798.",available in online repository,https://doi.org/10.57996/cran.ceres-2798; 10.57996/cran.ceres-2798,NA,/Medicine and health sciences/Epidemiology/Medical risk factors; /Medicine and health sciences/Health care/Environmental health; /Medicine and health sciences/Health care/Environmental health/Sanitation; /Medicine and health sciences/Public and occupational health; /Medicine and health sciences/Public and occupational health/Environmental health; /Medicine and health sciences/Public and occupational health/Environmental health/Sanitation; /People and places/Geographical locations/Africa; /Physical sciences/Materials science/Materials/Sludge; /Social sciences/Economics/Finance; /Social sciences/Law and legal sciences/Regulations,journals.plos.org,10.1371/journal.pwat.0000385,Research Article,2026-01-08
10.1371/journal.pwat.0000469,5,1,https://journals.plos.org/water/article?id=10.1371/journal.pwat.0000469,PLOS Water,"Micro-and nanoplastics in biological samples following a drinking water intervention in Barcelona, Spain",2026,TRUE,3,pom; vnd.openxmlformats-officedocument.wordprocessingml.document; vnd.openxmlformats-officedocument.wordprocessingml.document,https://journals.plos.org/water/article/file?id=10.1371/journal.pwat.0000469.s001&type=supplementary; https://journals.plos.org/water/article/file?id=10.1371/journal.pwat.0000469.s003&type=supplementary; https://journals.plos.org/water/article/file?id=10.1371/journal.pwat.0000469.s004&type=supplementary,14,Emma Calikanzaros,"ISGlobal, Barcelona, Spain",Spain,https://orcid.org/0009-0009-6121-7549,Cristina M. Villanueva,"ISGlobal, Barcelona, Spain",Spain,NA,TRUE,The data and codes used for the analysis are available in the “Center for Open Science” (OSF) platform. Reference: Calikanzaros E. ISGlobal - AGBAR - NMPs drinking water - 2024 [Internet]. 2024. Available from: osf.io/2p56f.,available in online repository,https://osf.io/2p56f,osf,/Biology and life sciences/Anatomy/Body fluids/Urine; /Biology and life sciences/Physiology/Body fluids/Urine; /Ecology and environmental sciences/Natural resources/Water resources; /Medicine and health sciences/Anatomy/Body fluids/Urine; /Physical sciences/Chemistry/Chemical compounds/Hydrocarbons/Aromatic hydrocarbons/Toluene; /Physical sciences/Chemistry/Polymer chemistry/Macromolecules/Polymers; /Physical sciences/Chemistry/Polymer chemistry/Macromolecules/Polymers/Polyethylene; /Physical sciences/Chemistry/Polymer chemistry/Macromolecules/Polymers/Polypropylene; /Physical sciences/Chemistry/Polymer chemistry/Macromolecules/Polymers/Polyvinyl chloride; /Physical sciences/Chemistry/Polymer chemistry/Polymers; /Physical sciences/Chemistry/Polymer chemistry/Polymers/Polyethylene; /Physical sciences/Chemistry/Polymer chemistry/Polymers/Polypropylene; /Physical sciences/Chemistry/Polymer chemistry/Polymers/Polyvinyl chloride; /Physical sciences/Materials science/Materials/Plastics; /Physical sciences/Materials science/Materials/Polymers; /Physical sciences/Materials science/Materials/Polymers/Polyethylene; /Physical sciences/Materials science/Materials/Polymers/Polypropylene; /Physical sciences/Materials science/Materials/Polymers/Polyvinyl chloride,journals.plos.org,10.1371/journal.pwat.0000469,Research Article,2026-01-28
10.1371/journal.pwat.0000422,5,1,https://journals.plos.org/water/article?id=10.1371/journal.pwat.0000422,PLOS Water,Accessible ethics and legal advice for wastewater surveillance: The WWS ethics adviser app,2026,TRUE,5,pdf; pdf; pdf; pdf; pdf,https://journals.plos.org/water/article/file?id=10.1371/journal.pwat.0000422.s001&type=supplementary; https://journals.plos.org/water/article/file?id=10.1371/journal.pwat.0000422.s002&type=supplementary; https://journals.plos.org/water/article/file?id=10.1371/journal.pwat.0000422.s003&type=supplementary; https://journals.plos.org/water/article/file?id=10.1371/journal.pwat.0000422.s004&type=supplementary; https://journals.plos.org/water/article/file?id=10.1371/journal.pwat.0000422.s005&type=supplementary,9,Tsaone Tamuhla,"South African National Bioinformatics Institute, University of the Western Cape, Cape Town, South Africa",South Africa,NA,Nicki Tiffin,"South African National Bioinformatics Institute, University of the Western Cape, Cape Town, South Africa",South Africa,https://orcid.org/0000-0001-5083-2735,TRUE,There are no data associated with this manuscript. The matrix containing the content for the app is provided as a supplementary file.,no data generated,NA,NA,/Biology and life sciences/Bioethics; /Biology and life sciences/Genetics/Plant genetics; /Biology and life sciences/Plant science/Plant genetics; /Computer and information sciences/Data management; /Medicine and health sciences/Epidemiology/Disease surveillance/Infectious disease surveillance; /Medicine and health sciences/Epidemiology/Medical risk factors; /Medicine and health sciences/Medical conditions/Infectious diseases/Infectious disease control/Infectious disease surveillance; /Medicine and health sciences/Public and occupational health; /Science policy/Bioethics; /Science policy/Research integrity/Research ethics; /Social sciences/Law and legal sciences/Legislation,journals.plos.org,10.1371/journal.pwat.0000422,Research Article,2026-01-30
10.1371/journal.pwat.0000478,4,12,https://journals.plos.org/water/article?id=10.1371/journal.pwat.0000478,PLOS Water,"Bridging water, health and climate: A call to action",2025,FALSE,0,NA,NA,14,Isabell Hedke,"Scientific Programme Committee, World Water Week, Stockholm, Sweden",Sweden,https://orcid.org/0009-0008-1366-1971,Isabell Hedke,"Scientific Programme Committee, World Water Week, Stockholm, Sweden",Sweden,https://orcid.org/0009-0008-1366-1971,FALSE,NA,NA,NA,NA,/Biology and life sciences/Ecology/Community ecology/Ecological risk; /Ecology and environmental sciences/Ecology/Community ecology/Ecological risk; /Ecology and environmental sciences/Natural resources/Water resources; /Ecology and environmental sciences/Sustainability science; /Medicine and health sciences/Epidemiology/Medical risk factors; /Medicine and health sciences/Health care/Socioeconomic aspects of health; /Medicine and health sciences/Public and occupational health; /Medicine and health sciences/Public and occupational health/Socioeconomic aspects of health; /Social sciences/Political science/Political aspects of health; /Social sciences/Political science/Public policy,journals.plos.org,10.1371/journal.pwat.0000478,Opinion,2025-12-05
10.1371/journal.pwat.0000480,4,12,https://journals.plos.org/water/article?id=10.1371/journal.pwat.0000480,PLOS Water,The need for strategic water actions within planetary boundaries,2025,FALSE,0,NA,NA,2,Petr Vesnovskii,"Stockholm Resilience Centre, Stockholm University, Stockholm, Sweden",Sweden,https://orcid.org/0000-0003-1832-4241,Petr Vesnovskii,"Stockholm Resilience Centre, Stockholm University, Stockholm, Sweden",Sweden,https://orcid.org/0000-0003-1832-4241,FALSE,NA,NA,NA,NA,/Biology and life sciences/Ecology/Biodiversity; /Earth sciences/Hydrology/Surface water; /Earth sciences/Marine and aquatic sciences/Aquatic environments/Freshwater environments/Fresh water; /Ecology and environmental sciences/Aquatic environments/Freshwater environments/Fresh water; /Ecology and environmental sciences/Ecology/Biodiversity; /Ecology and environmental sciences/Pollution/Water pollution; /Engineering and technology/Remote sensing; /Medicine and health sciences/Epidemiology/Medical risk factors; /Science policy/Technology regulations; /Social sciences/Law and legal sciences/Regulations,journals.plos.org,10.1371/journal.pwat.0000480,Opinion,2025-12-08
10.1371/journal.pwat.0000486,5,2,https://journals.plos.org/water/article?id=10.1371/journal.pwat.0000486,PLOS Water,"Connecting narratives and numbers to investigate the interaction of social, physical and technical determinants of rural water supply performance",2026,TRUE,7,docx; docx; vnd.openxmlformats-officedocument.wordprocessingml.document; vnd.openxmlformats-officedocument.wordprocessingml.document; vnd.openxmlformats-officedocument.wordprocessingml.document; vnd.openxmlformats-officedocument.wordprocessingml.document; vnd.openxmlformats-officedocument.wordprocessingml.document,https://journals.plos.org/water/article/file?id=10.1371/journal.pwat.0000486.s001&type=supplementary; https://journals.plos.org/water/article/file?id=10.1371/journal.pwat.0000486.s002&type=supplementary; https://journals.plos.org/water/article/file?id=10.1371/journal.pwat.0000486.s004&type=supplementary; https://journals.plos.org/water/article/file?id=10.1371/journal.pwat.0000486.s007&type=supplementary; https://journals.plos.org/water/article/file?id=10.1371/journal.pwat.0000486.s005&type=supplementary; https://journals.plos.org/water/article/file?id=10.1371/journal.pwat.0000486.s006&type=supplementary; https://journals.plos.org/water/article/file?id=10.1371/journal.pwat.0000486.s008&type=supplementary,23,Donald John MacAllister,"British Geological Survey, The Lyell Centre, Edinburgh, United Kingdom of Great Britian and Northern Ireland",NA,https://orcid.org/0000-0001-8893-9634,Donald John MacAllister,"British Geological Survey, The Lyell Centre, Edinburgh, United Kingdom of Great Britian and Northern Ireland",NA,https://orcid.org/0000-0001-8893-9634,TRUE,All data is available online. The physical and technical data used in the analysis can be found at the following location: 10.5285/cdbca137-0bb3-4281-b872-399a4df8e946 The social data used in the analysis can be found at the following location: 10.5255/UKDA-SN-854314.,available in online repository,https://doi.org/10.5285/cdbca137-0bb3-4281-b872-399a4df8e946; https://doi.org/10.5255/UKDA-SN-854314; 10.5285/cdbca137-0bb3-4281-b872-399a4df8e946; 10.5255/UKDA-SN-854314,NA,/Ecology and environmental sciences/Natural resources/Water resources; /Engineering and technology/Environmental engineering/Water management; /People and places/Geographical locations/Africa/Ethiopia; /People and places/Geographical locations/Africa/Malawi; /People and places/Geographical locations/Africa/Uganda; /Physical sciences/Mathematics/Statistics/Statistical methods/Regression analysis; /Research and analysis methods/Mathematical and statistical techniques/Statistical methods/Regression analysis; /Social sciences; /Social sciences/Economics/Finance,journals.plos.org,10.1371/journal.pwat.0000486,Research Article,2026-02-17
10.1371/journal.pwat.0000516,5,2,https://journals.plos.org/water/article?id=10.1371/journal.pwat.0000516,PLOS Water,Broadening the dimensions of the Water-Energy-Food (WEF) nexus: A narrative review,2026,TRUE,1,xlsx,https://journals.plos.org/water/article/file?id=10.1371/journal.pwat.0000516.s001&type=supplementary,10,Tafadzwanashe Mabhaudhi,"Department of Population Health, Centre on Climate Change and Planetary Health, London School of Health & Tropical Medicine, London, United Kingdom",United Kingdom of Great Britain and Northern Ireland,https://orcid.org/0000-0002-9323-8127,Tafadzwanashe Mabhaudhi,"Department of Population Health, Centre on Climate Change and Planetary Health, London School of Health & Tropical Medicine, London, United Kingdom",United Kingdom of Great Britain and Northern Ireland,https://orcid.org/0000-0002-9323-8127,FALSE,NA,NA,NA,NA,/Biology and life sciences/Ecology/Biodiversity; /Biology and life sciences/Ecology/Ecosystems; /Biology and life sciences/Nutrition/Diet/Food; /Earth sciences/Atmospheric science/Climatology/Climate change; /Ecology and environmental sciences/Ecology/Biodiversity; /Ecology and environmental sciences/Ecology/Ecosystems; /Ecology and environmental sciences/Pollution/Water pollution; /Ecology and environmental sciences/Sustainability science; /Medicine and health sciences/Health care/Environmental health; /Medicine and health sciences/Health care/Socioeconomic aspects of health; /Medicine and health sciences/Nutrition/Diet/Food; /Medicine and health sciences/Public and occupational health/Environmental health; /Medicine and health sciences/Public and occupational health/Socioeconomic aspects of health,journals.plos.org,10.1371/journal.pwat.0000516,Review,2026-02-18
10.1371/journal.pwat.0000455,5,2,https://journals.plos.org/water/article?id=10.1371/journal.pwat.0000455,PLOS Water,"Rainfall can reduce risk of enteric pathogen exposure and child GI infection: Evidence from a QMRA analysis in Kibera, Kenya",2026,TRUE,2,docx; docx,https://journals.plos.org/water/article/file?id=10.1371/journal.pwat.0000455.s001&type=supplementary; https://journals.plos.org/water/article/file?id=10.1371/journal.pwat.0000455.s002&type=supplementary,3,Syed Anjerul Islam,"Department of Environmental Sciences and Engineering, University of North Carolina at Chapel Hill, Chapel Hill, North Carolina, United States of America",United States of America,https://orcid.org/0000-0002-8956-1458,Joe Brown,"Department of Environmental Sciences and Engineering, University of North Carolina at Chapel Hill, Chapel Hill, North Carolina, United States of America",United States of America,https://orcid.org/0000-0002-5200-4148,TRUE,All data and code are publicly accessible at https://osf.io/ztmy2/,available in online repository,https://osf.io/ztmy2/,osf,/Biology and life sciences/Microbiology/Medical microbiology/Microbial pathogens/Bacterial pathogens; /Biology and life sciences/Microbiology/Medical microbiology/Microbial pathogens/Bacterial pathogens/Escherichia coli; /Biology and life sciences/Microbiology/Medical microbiology/Microbial pathogens/Bacterial pathogens/Vibrio cholerae; /Biology and life sciences/Organisms/Bacteria/Enterobacteriaceae/Escherichia/Escherichia coli; /Biology and life sciences/Organisms/Bacteria/Gut bacteria/Escherichia/Escherichia coli; /Biology and life sciences/Organisms/Bacteria/Vibrio/Vibrio cholerae; /Medicine and health sciences/Epidemiology/Medical risk factors; /Medicine and health sciences/Gastroenterology and hepatology/Gastroenteritis/Bacterial gastroenteritis/Shigellosis; /Medicine and health sciences/Health care/Environmental health/Sanitation; /Medicine and health sciences/Medical conditions/Infectious diseases/Bacterial diseases/Bacterial gastroenteritis/Shigellosis; /Medicine and health sciences/Medical conditions/Tropical diseases/Neglected tropical diseases/Bacterial gastroenteritis/Shigellosis; /Medicine and health sciences/Pathology and laboratory medicine/Pathogens; /Medicine and health sciences/Pathology and laboratory medicine/Pathogens/Microbial pathogens/Bacterial pathogens; /Medicine and health sciences/Pathology and laboratory medicine/Pathogens/Microbial pathogens/Bacterial pathogens/Escherichia coli; /Medicine and health sciences/Pathology and laboratory medicine/Pathogens/Microbial pathogens/Bacterial pathogens/Vibrio cholerae; /Medicine and health sciences/Public and occupational health; /Medicine and health sciences/Public and occupational health/Environmental health/Sanitation; /Research and analysis methods/Animal studies/Experimental organism systems/Model organisms/Escherichia coli; /Research and analysis methods/Animal studies/Experimental organism systems/Prokaryotic models/Escherichia coli; /Research and analysis methods/Model organisms/Escherichia coli,journals.plos.org,10.1371/journal.pwat.0000455,Research Article,2026-02-19
10.1371/journal.pwat.0000505,5,2,https://journals.plos.org/water/article?id=10.1371/journal.pwat.0000505,PLOS Water,Socially responsive water adaptation planning: Lessons from community-informed water modeling in Bolivia and Cambodia,2026,FALSE,0,NA,NA,6,Laura Forni,"Water Program, Stockholm Environment Institute, Somerville, Massachusetts, United States of America",United States of America,https://orcid.org/0000-0001-9062-0614,Laura Forni,"Water Program, Stockholm Environment Institute, Somerville, Massachusetts, United States of America",United States of America,https://orcid.org/0000-0001-9062-0614,FALSE,NA,NA,NA,NA,/Biology and life sciences/Agriculture/Agricultural methods/Agricultural irrigation; /Biology and life sciences/Organisms/Eukaryota/Plants/Grasses/Rice; /Earth sciences/Atmospheric science/Climatology/Climate change; /Earth sciences/Geography/Geographic areas/Rural areas; /Earth sciences/Hydrology/Surface water; /Ecology and environmental sciences/Natural resources/Water resources; /Engineering and technology/Civil engineering/Transportation infrastructure/Canals; /Engineering and technology/Environmental engineering/Water management; /Engineering and technology/Transportation/Transportation infrastructure/Canals; /Research and analysis methods/Animal studies/Experimental organism systems/Plant and algal models/Rice,journals.plos.org,10.1371/journal.pwat.0000505,Essay,2026-02-11
10.1371/journal.pwat.0000506,5,2,https://journals.plos.org/water/article?id=10.1371/journal.pwat.0000506,PLOS Water,Disciplining sanitation: Interrogating disciplinary narratives of inequalities in access to sanitation,2026,FALSE,0,NA,NA,4,Virginia Roaf,"School of Civil Engineering, University of Leeds, Leeds, United Kingdom",United Kingdom of Great Britain and Northern Ireland,https://orcid.org/0000-0002-5360-708X,Virginia Roaf,"School of Civil Engineering, University of Leeds, Leeds, United Kingdom",United Kingdom of Great Britain and Northern Ireland,https://orcid.org/0000-0002-5360-708X,FALSE,NA,NA,NA,NA,/Engineering and technology/Sanitary engineering; /Medicine and health sciences/Epidemiology/Medical risk factors; /Medicine and health sciences/Health care/Environmental health/Sanitation; /Medicine and health sciences/Health care/Health economics; /Medicine and health sciences/Public and occupational health; /Medicine and health sciences/Public and occupational health/Environmental health/Sanitation; /Social sciences; /Social sciences/Economics/Development economics/Economic development; /Social sciences/Economics/Health economics; /Social sciences/Philosophy/Human rights,journals.plos.org,10.1371/journal.pwat.0000506,Essay,2026-02-11
10.1371/journal.pwat.0000194,3,1,https://journals.plos.org/water/article?id=10.1371/journal.pwat.0000194,PLOS Water,Geologic predictors of drinking water well contamination in North Carolina,2024,TRUE,3,pdf; xlsx; xlsx,https://journals.plos.org/water/article/file?id=10.1371/journal.pwat.0000194.s001&type=supplementary; https://journals.plos.org/water/article/file?id=10.1371/journal.pwat.0000194.s002&type=supplementary; https://journals.plos.org/water/article/file?id=10.1371/journal.pwat.0000194.s003&type=supplementary,11,Taylor R. Alvarado,"Department of Crop and Soil Sciences, North Carolina State University, Raleigh, North Carolina, United States of America",United States of America,NA,Robert E. Austin,"Department of Crop and Soil Sciences, North Carolina State University, Raleigh, North Carolina, United States of America",United States of America,NA,TRUE,"Census-tract and county -level datasets constructed from the NCWELL database are available online at https://doi.org/10.15139/S3/BDQG9O [13,15]. The base map of North Carolina is available from https://www.nconemap.gov/. All other data associated with this paper are included in the supporting information.",available in online repository,https://doi.org/10.15139/S3/BDQG9O; https://www.nconemap.gov/; 10.15139/S3/BDQG9O,NA,/Earth sciences/Geography/Historical geography; /Earth sciences/Geology; /Earth sciences/Geology/Metamorphic geology; /Earth sciences/Geology/Sedimentary geology; /Earth sciences/Geology/Volcanology/Volcanoes; /Earth sciences/Geomorphology/Topography/Landforms/Mountains; /Ecology and environmental sciences/Natural resources/Water resources; /Ecology and environmental sciences/Terrestrial environments/Mountains; /People and places/Geographical locations/North America/United States/North Carolina,journals.plos.org,10.1371/journal.pwat.0000194,Research Article,2024-01-11
10.1371/journal.pwat.0000164,3,1,https://journals.plos.org/water/article?id=10.1371/journal.pwat.0000164,PLOS Water,Water distribution pipe lifespans: Predicting when to repair the pipes in municipal water distribution networks using machine learning techniques,2024,FALSE,0,NA,NA,3,Nacer Farajzadeh,"Faculty of Information Technology and Computer Engineering, Azarbaijan Shahid Madani University, Tabriz, Iran",Iran (Islamic Republic of),https://orcid.org/0000-0001-7590-0503,Nacer Farajzadeh,"Faculty of Information Technology and Computer Engineering, Azarbaijan Shahid Madani University, Tabriz, Iran",Iran (Islamic Republic of),https://orcid.org/0000-0001-7590-0503,TRUE,The corresponding dataset is available at: https://datadryad.org/stash/share/Zun1SmKd3ownEda9qlF4IaU3j5X-JblQreQmCF1IMoc.,available in online repository,https://datadryad.org/stash/share/Zun1SmKd3ownEda9qlF4IaU3j5X-JblQreQmCF1IMoc,dryad,/Biology and life sciences/Organisms/Eukaryota/Plants/Trees; /Computer and information sciences/Artificial intelligence/Machine learning; /Computer and information sciences/Artificial intelligence/Machine learning/Machine learning algorithms; /Ecology and environmental sciences/Natural resources/Water resources; /Engineering and technology/Civil engineering/Urban infrastructure; /Engineering and technology/Environmental engineering/Water management; /Engineering and technology/Mechanical engineering/Vibration engineering; /Physical sciences/Chemistry/Chemical reactions/Corrosion; /Physical sciences/Mathematics/Applied mathematics/Algorithms/Machine learning algorithms; /Research and analysis methods/Simulation and modeling/Algorithms/Machine learning algorithms,journals.plos.org,10.1371/journal.pwat.0000164,Research Article,2024-01-09
10.1371/journal.pwat.0000214,3,1,https://journals.plos.org/water/article?id=10.1371/journal.pwat.0000214,PLOS Water,Nitrate in drinking water and pregnancy outcomes: A narrative review of epidemiological evidence and proposed biological mechanisms,2024,FALSE,0,NA,NA,6,Hana Royal,"Health, Environment & Infection Research Unit, Department of Public Health, University of Otago, Wellington, New Zealand",New Zealand,https://orcid.org/0009-0000-6240-6143,Hana Royal,"Health, Environment & Infection Research Unit, Department of Public Health, University of Otago, Wellington, New Zealand",New Zealand,https://orcid.org/0009-0000-6240-6143,FALSE,NA,NA,NA,NA,/Biology and life sciences/Anatomy/Endocrine system/Thyroid; /Biology and life sciences/Nutrition/Diet; /Ecology and environmental sciences/Natural resources/Water resources; /Medicine and health sciences/Anatomy/Endocrine system/Thyroid; /Medicine and health sciences/Epidemiology/Medical risk factors; /Medicine and health sciences/Medical conditions/Congenital disorders/Congenital anomalies; /Medicine and health sciences/Nutrition/Diet; /Medicine and health sciences/Women's health/Maternal health/Birth/Preterm birth; /Medicine and health sciences/Women's health/Maternal health/Pregnancy; /Medicine and health sciences/Women's health/Maternal health/Pregnancy/Pregnancy complications/Preterm birth; /Medicine and health sciences/Women's health/Obstetrics and gynecology/Birth/Preterm birth; /Medicine and health sciences/Women's health/Obstetrics and gynecology/Pregnancy; /Medicine and health sciences/Women's health/Obstetrics and gynecology/Pregnancy/Pregnancy complications/Preterm birth; /Physical sciences/Chemistry/Chemical compounds/Nitrates,journals.plos.org,10.1371/journal.pwat.0000214,Review,2024-01-17
10.1371/journal.pwat.0000222,3,1,https://journals.plos.org/water/article?id=10.1371/journal.pwat.0000222,PLOS Water,"Water resource sustainability: Challenges, opportunities and research gaps in the English-speaking Caribbean Small Island Developing States",2024,FALSE,0,NA,NA,2,Michelle A. Mycoo,"Department of Geomatics Engineering and Land Management, The University of the West Indies, St. Augustine, Trinidad and Tobago",Trinidad and Tobago,https://orcid.org/0000-0002-3587-9014,Michelle A. Mycoo,"Department of Geomatics Engineering and Land Management, The University of the West Indies, St. Augustine, Trinidad and Tobago",Trinidad and Tobago,https://orcid.org/0000-0002-3587-9014,FALSE,NA,NA,NA,NA,/Earth sciences/Atmospheric science/Climatology/Climate change; /Earth sciences/Geomorphology/Topography/Landforms/Islands; /Earth sciences/Hydrology/Flooding; /Ecology and environmental sciences/Natural resources/Water resources; /Ecology and environmental sciences/Pollution/Water pollution; /Ecology and environmental sciences/Sustainability science; /Engineering and technology/Environmental engineering/Water management; /People and places/Geographical locations/North America/Caribbean,journals.plos.org,10.1371/journal.pwat.0000222,Review,2024-01-24
10.1371/journal.pwat.0000198,3,1,https://journals.plos.org/water/article?id=10.1371/journal.pwat.0000198,PLOS Water,Norovirus GII wastewater monitoring for epidemiological surveillance,2024,TRUE,1,b,https://journals.plos.org/water/article/file?id=10.1371/journal.pwat.0000198.s001&type=supplementary,9,Michelle L. Ammerman,"Department of Civil and Environmental Engineering, University of Michigan, Ann Arbor, Michigan, United States of America",United States of America,https://orcid.org/0000-0002-4272-5822,Marisa C. Eisenberg,"Department of Epidemiology, School of Public Health, University of Michigan, Ann Arbor, Michigan, United States of America",United States of America,NA,TRUE,Most data for this work has been made available in the paper and in the supplementary S1 Text. Analysis code and additional data used for this work can be found at https://github.com/epimath/norovirus_gii_wastewater_monitoring.,available in online repository,https://github.com/epimath/norovirus_gii_wastewater_monitoring,github,/Biology and life sciences/Microbiology/Medical microbiology/Microbial pathogens/Viral pathogens/Caliciviruses/Norovirus; /Biology and life sciences/Organisms/Viruses/RNA viruses/Caliciviruses/Norovirus; /Biology and life sciences/Organisms/Viruses/Viral pathogens/Caliciviruses/Norovirus; /Earth sciences/Geography/Human geography/Urban geography/Cities; /Medicine and health sciences/Critical care and emergency medicine; /Medicine and health sciences/Epidemiology; /Medicine and health sciences/Epidemiology/Digital epidemiology; /Medicine and health sciences/Epidemiology/Disease surveillance; /Medicine and health sciences/Pathology and laboratory medicine/Pathogens/Microbial pathogens/Viral pathogens/Caliciviruses/Norovirus; /Medicine and health sciences/Public and occupational health; /People and places/Geographical locations/North America/United States/Michigan; /Social sciences/Human geography/Urban geography/Cities,journals.plos.org,10.1371/journal.pwat.0000198,Research Article,2024-01-18
10.1371/journal.pwat.0000218,3,1,https://journals.plos.org/water/article?id=10.1371/journal.pwat.0000218,PLOS Water,Shifting formal education toward hydrosocial and hydrorelational learning,2024,FALSE,0,NA,NA,3,Dena W. McMartin,"Department of Geography and Environment, University of Lethbridge, Lethbridge, Canada",Canada,https://orcid.org/0000-0002-0824-0565,Dena W. McMartin,"Department of Geography and Environment, University of Lethbridge, Lethbridge, Canada",Canada,https://orcid.org/0000-0002-0824-0565,FALSE,NA,NA,NA,NA,/Biology and life sciences/Ecology/Ecosystems/Ecosystem functioning; /Biology and life sciences/Neuroscience/Cognitive science/Cognitive psychology/Learning/Human learning; /Biology and life sciences/Neuroscience/Learning and memory/Learning/Human learning; /Biology and life sciences/Psychology/Cognitive psychology/Learning/Human learning; /Earth sciences/Atmospheric science/Climatology/Climate change; /Earth sciences/Hydrology/Flooding; /Earth sciences/Marine and aquatic sciences/Aquatic environments/Freshwater environments/Fresh water; /Ecology and environmental sciences/Aquatic environments/Freshwater environments/Fresh water; /Ecology and environmental sciences/Ecology/Ecosystems/Ecosystem functioning; /Ecology and environmental sciences/Natural resources/Water resources; /Ecology and environmental sciences/Sustainability science; /Social sciences; /Social sciences/Psychology/Cognitive psychology/Learning/Human learning,journals.plos.org,10.1371/journal.pwat.0000218,Opinion,2024-01-18
10.1371/journal.pwat.0000160,2,12,https://journals.plos.org/water/article?id=10.1371/journal.pwat.0000160,PLOS Water,"Understanding contemporary challenges for water security in Ulaanbaatar, a semi-arid region in Mongolia",2023,TRUE,1,docx,https://journals.plos.org/water/article/file?id=10.1371/journal.pwat.0000160.s001&type=supplementary,1,Elena Gordillo Fuertes,"Masters of Public Policy and Global Affairs, University of British Columbia, Institute of Asian Research, Vancouver, Canada",Canada,https://orcid.org/0000-0002-2597-4317,Elena Gordillo Fuertes,"Masters of Public Policy and Global Affairs, University of British Columbia, Institute of Asian Research, Vancouver, Canada",Canada,https://orcid.org/0000-0002-2597-4317,TRUE,All data used in this assessment are openly accessible through the sources cited in the paper.,in paper,NA,NA,/Earth sciences/Hydrology/Flooding; /Earth sciences/Hydrology/Surface water; /Earth sciences/Marine and aquatic sciences/Aquatic environments/Freshwater environments/Rivers; /Earth sciences/Marine and aquatic sciences/Bodies of water/Rivers; /Ecology and environmental sciences/Aquatic environments/Freshwater environments/Rivers; /Ecology and environmental sciences/Natural resources/Water resources; /Ecology and environmental sciences/Pollution/Water pollution; /Ecology and environmental sciences/Water quality; /People and places/Geographical locations/Asia/Mongolia; /Social sciences/Political science/National security,journals.plos.org,10.1371/journal.pwat.0000160,Research Article,2023-12-08
10.1371/journal.pwat.0000212,2,12,https://journals.plos.org/water/article?id=10.1371/journal.pwat.0000212,PLOS Water,Correction: Convergence of mechanistic modeling and artificial intelligence in hydrologic science and engineering,2023,FALSE,0,NA,NA,1,NA NA,NA,NA,NA,NA,NA,NA,NA,FALSE,NA,NA,NA,NA,NA,journals.plos.org,10.1371/journal.pwat.0000212,Correction,2023-12-19
10.1371/journal.pwat.0000197,2,11,https://journals.plos.org/water/article?id=10.1371/journal.pwat.0000197,PLOS Water,Irish surface water response to the 2018 drought,2023,TRUE,14,docx; docx; docx; docx; epa; black; epa; a; xlsx; xlsx; xlsx; xlsx; xlsx; docx,https://journals.plos.org/water/article/file?id=10.1371/journal.pwat.0000197.s001&type=supplementary; https://journals.plos.org/water/article/file?id=10.1371/journal.pwat.0000197.s002&type=supplementary; https://journals.plos.org/water/article/file?id=10.1371/journal.pwat.0000197.s003&type=supplementary; https://journals.plos.org/water/article/file?id=10.1371/journal.pwat.0000197.s004&type=supplementary; https://journals.plos.org/water/article/file?id=10.1371/journal.pwat.0000197.s005&type=supplementary; https://journals.plos.org/water/article/file?id=10.1371/journal.pwat.0000197.s006&type=supplementary; https://journals.plos.org/water/article/file?id=10.1371/journal.pwat.0000197.s007&type=supplementary; https://journals.plos.org/water/article/file?id=10.1371/journal.pwat.0000197.s008&type=supplementary; https://journals.plos.org/water/article/file?id=10.1371/journal.pwat.0000197.s009&type=supplementary; https://journals.plos.org/water/article/file?id=10.1371/journal.pwat.0000197.s010&type=supplementary; https://journals.plos.org/water/article/file?id=10.1371/journal.pwat.0000197.s011&type=supplementary; https://journals.plos.org/water/article/file?id=10.1371/journal.pwat.0000197.s012&type=supplementary; https://journals.plos.org/water/article/file?id=10.1371/journal.pwat.0000197.s013&type=supplementary; https://journals.plos.org/water/article/file?id=10.1371/journal.pwat.0000197.s014&type=supplementary,5,Devin F. Smith,"School of Earth Sciences, The Ohio State University, Columbus, Ohio, United States of America",United States of America,https://orcid.org/0000-0001-6945-7306,Devin F. Smith,"School of Earth Sciences, The Ohio State University, Columbus, Ohio, United States of America",United States of America,https://orcid.org/0000-0001-6945-7306,TRUE,"All river δ18O and δ2H values are reported in this study. Upon publication content from S1 and S2 Tables will be available for open access through the Consortium of Universities for the Advancement of Hydrologic Science, Inc. HydroShare (https://www.hydroshare.org/). The data can be accessed upon manuscript publication at https://doi.org/10.4211/hs.aa3a731c51f44e4aba637e36e802117e. Data will also be uploaded to waterisotopes.org database. Data Further description of evaporation fraction calculation is provided in Diamond and Jack (2018).",available in online repository,https://www.hydroshare.org/; https://doi.org/10.4211/hs.aa3a731c51f44e4aba637e36e802117e; 10.4211/hs.aa3a731c51f44e4aba637e36e802117e,hydroshare,/Earth sciences/Atmospheric science/Meteorology; /Earth sciences/Atmospheric science/Meteorology/Rain; /Earth sciences/Geomorphology/Topography/Landforms/Islands; /Earth sciences/Hydrology/Surface water; /Earth sciences/Marine and aquatic sciences/Aquatic environments/Freshwater environments/Rivers; /Earth sciences/Marine and aquatic sciences/Bodies of water/Rivers; /Ecology and environmental sciences/Aquatic environments/Freshwater environments/Rivers; /Ecology and environmental sciences/Drought; /Ecology and environmental sciences/Natural resources/Water resources; /Physical sciences/Physics/Condensed matter physics/Phase transitions/Vaporization/Evaporation,journals.plos.org,10.1371/journal.pwat.0000197,Research Article,2023-11-14
10.1371/journal.pwat.0000100,2,9,https://journals.plos.org/water/article?id=10.1371/journal.pwat.0000100,PLOS Water,"Desiccation of ecosystem-critical microbialites in the shrinking Great Salt Lake, Utah (USA)",2023,TRUE,13,docx; a; tif; a; xlsx; xlsx; xlsx; xlsx; xlsx; xlsx; pdf; pdf; pdf,https://journals.plos.org/water/article/file?id=10.1371/journal.pwat.0000100.s001&type=supplementary; https://journals.plos.org/water/article/file?id=10.1371/journal.pwat.0000100.s002&type=supplementary; https://journals.plos.org/water/article/file?id=10.1371/journal.pwat.0000100.s003&type=supplementary; https://journals.plos.org/water/article/file?id=10.1371/journal.pwat.0000100.s004&type=supplementary; https://journals.plos.org/water/article/file?id=10.1371/journal.pwat.0000100.s005&type=supplementary; https://journals.plos.org/water/article/file?id=10.1371/journal.pwat.0000100.s006&type=supplementary; https://journals.plos.org/water/article/file?id=10.1371/journal.pwat.0000100.s007&type=supplementary; https://journals.plos.org/water/article/file?id=10.1371/journal.pwat.0000100.s008&type=supplementary; https://journals.plos.org/water/article/file?id=10.1371/journal.pwat.0000100.s009&type=supplementary; https://journals.plos.org/water/article/file?id=10.1371/journal.pwat.0000100.s010&type=supplementary; https://journals.plos.org/water/article/file?id=10.1371/journal.pwat.0000100.s011&type=supplementary; https://journals.plos.org/water/article/file?id=10.1371/journal.pwat.0000100.s012&type=supplementary; https://journals.plos.org/water/article/file?id=10.1371/journal.pwat.0000100.s013&type=supplementary,12,Carie Frantz,"Department of Earth and Environmental Sciences, Weber State University, Ogden, UT, United States of America",United States of America,https://orcid.org/0000-0003-2544-9245,Carie Frantz,"Department of Earth and Environmental Sciences, Weber State University, Ogden, UT, United States of America",United States of America,https://orcid.org/0000-0003-2544-9245,TRUE,"All data, including photographs and photomicrographs used for analyses in this paper are archived through Open Science Framework at https://osf.io/t6w5e/. Scripts used for image and data processing are archived under DOI:10.5281/zenodo.7502617. Sequences were deposited to NCBI’s SRA (https://www.ncbi.nlm.nih.gov/sra) under BioSample accession SAMN32545145–SAMN32545168.",available in online repository,https://osf.io/t6w5e/; https://doi.org/10.5281/zenodo.7502617; https://www.ncbi.nlm.nih.gov/sra; 10.5281/zenodo.7502617,zenodo; osf; ncbi/genbank,/Biology and life sciences/Cell biology/Cellular structures and organelles/Chloroplasts/Chlorophyll; /Biology and life sciences/Cell biology/Cellular types/Plant cells/Chloroplasts/Chlorophyll; /Biology and life sciences/Cell biology/Plant cell biology/Chloroplasts/Chlorophyll; /Biology and life sciences/Cell biology/Plant cell biology/Plant cells/Chloroplasts/Chlorophyll; /Biology and life sciences/Ecology/Ecosystems/Freshwater ecosystems/Limnetic ecosystems; /Biology and life sciences/Ecology/Ecosystems/Microbial ecosystems; /Biology and life sciences/Plant science/Plant cell biology/Chloroplasts/Chlorophyll; /Biology and life sciences/Plant science/Plant cell biology/Plant cells/Chloroplasts/Chlorophyll; /Earth sciences/Hydrology/Surface water; /Earth sciences/Marine and aquatic sciences/Aquatic environments/Freshwater environments/Lakes; /Earth sciences/Marine and aquatic sciences/Bodies of water/Lakes; /Earth sciences/Marine and aquatic sciences/Reefs; /Ecology and environmental sciences/Aquatic environments/Freshwater environments/Lakes; /Ecology and environmental sciences/Ecology/Ecosystems/Freshwater ecosystems/Limnetic ecosystems; /Ecology and environmental sciences/Ecology/Ecosystems/Microbial ecosystems; /Physical sciences/Chemistry/Chemical properties/Salinity; /Physical sciences/Chemistry/Chemical reactions/Bleaching; /Physical sciences/Chemistry/Physical chemistry/Chemical properties/Salinity; /Physical sciences/Materials science/Materials/Pigments/Organic pigments/Chlorophyll,journals.plos.org,10.1371/journal.pwat.0000100,Research Article,2023-09-12
10.1371/journal.pwat.0000086,2,12,https://journals.plos.org/water/article?id=10.1371/journal.pwat.0000086,PLOS Water,Sanitation services for the urban poor: A social capital approach to sanitation challenges in informal settlements,2023,TRUE,1,zip,https://journals.plos.org/water/article/file?id=10.1371/journal.pwat.0000086.s001&type=supplementary,6,Ivy Chumo,"African Population and Health Research Center (APHRC), Urbanization and Wellbeing Unit, Nairobi, Kenya",Kenya,https://orcid.org/0000-0003-1235-719X,Ivy Chumo,"African Population and Health Research Center (APHRC), Urbanization and Wellbeing Unit, Nairobi, Kenya",Kenya,https://orcid.org/0000-0003-1235-719X,TRUE,"We have provided a sample of transcripts (anonymized data). All the data cannot be shared publicly at the moment because, other manuscripts are underway being written using the same dataset. Once all the manuscripts are completed, data will be available from the APHRC data portal Institutional Data Access / Ethics Committee (contact via https://aphrc.org/microdata-portal/) for researchers who meet the criteria for access to confidential data.",available in online repository,https://aphrc.org/microdata-portal/,NA,/Biology and life sciences/Neuroscience/Cognitive science/Cognition/Decision making; /Biology and life sciences/Neuroscience/Cognitive science/Cognitive psychology/Decision making; /Biology and life sciences/Psychology/Cognitive psychology/Decision making; /Computer and information sciences/Network analysis/Network reciprocity; /Computer and information sciences/Network analysis/Social networks; /Engineering and technology/Transportation; /Medicine and health sciences/Epidemiology/Medical risk factors; /Medicine and health sciences/Health care/Environmental health/Sanitation; /Medicine and health sciences/Public and occupational health/Environmental health/Sanitation; /Research and analysis methods/Research design/Qualitative studies; /Social sciences/Economics/Finance; /Social sciences/Psychology/Cognitive psychology/Decision making; /Social sciences/Sociology/Social networks,journals.plos.org,10.1371/journal.pwat.0000086,Research Article,2023-12-20
10.1371/journal.pwat.0000144,2,11,https://journals.plos.org/water/article?id=10.1371/journal.pwat.0000144,PLOS Water,"Water sovereignty for Indigenous Peoples: Pathways to pluralist, legitimate and sustainable water laws in settler colonial states",2023,FALSE,0,NA,NA,1,Erin O’Donnell,"Melbourne Law School, University of Melbourne, Melbourne, Australia",Australia,https://orcid.org/0000-0002-2615-8012,Erin O’Donnell,"Melbourne Law School, University of Melbourne, Melbourne, Australia",Australia,https://orcid.org/0000-0002-2615-8012,FALSE,NA,NA,NA,NA,/Earth sciences/Hydrology/Surface water; /Earth sciences/Marine and aquatic sciences/Aquatic environments/Freshwater environments/Rivers; /Earth sciences/Marine and aquatic sciences/Bodies of water/Rivers; /Ecology and environmental sciences/Aquatic environments/Freshwater environments/Rivers; /Ecology and environmental sciences/Natural resources/Water resources; /Engineering and technology/Environmental engineering/Water management; /People and places/Geographical locations/Oceania/Australia; /People and places/Geographical locations/Oceania/New Zealand; /Social sciences/Law and legal sciences/State law; /Social sciences/Sociology/Culture,journals.plos.org,10.1371/journal.pwat.0000144,Review,2023-11-21
10.1371/journal.pwat.0000155,2,11,https://journals.plos.org/water/article?id=10.1371/journal.pwat.0000155,PLOS Water,"Improved urban runoff prediction using high-resolution land-use, imperviousness, and stormwater infrastructure data applied to a process-based ecohydrological model",2023,TRUE,8,tif; tif; tif; tif; zip; vnd.openxmlformats-officedocument.wordprocessingml.document; pdf; vnd.openxmlformats-officedocument.wordprocessingml.document,https://journals.plos.org/water/article/file?id=10.1371/journal.pwat.0000155.s001&type=supplementary; https://journals.plos.org/water/article/file?id=10.1371/journal.pwat.0000155.s002&type=supplementary; https://journals.plos.org/water/article/file?id=10.1371/journal.pwat.0000155.s003&type=supplementary; https://journals.plos.org/water/article/file?id=10.1371/journal.pwat.0000155.s004&type=supplementary; https://journals.plos.org/water/article/file?id=10.1371/journal.pwat.0000155.s005&type=supplementary; https://journals.plos.org/water/article/file?id=10.1371/journal.pwat.0000155.s006&type=supplementary; https://journals.plos.org/water/article/file?id=10.1371/journal.pwat.0000155.s007&type=supplementary; https://journals.plos.org/water/article/file?id=10.1371/journal.pwat.0000155.s008&type=supplementary,12,Jonathan Halama,"U.S. Environmental Protection Agency, Corvallis, OR, United States of America",United States of America,https://orcid.org/0000-0003-3862-7629,Jonathan Halama,"U.S. Environmental Protection Agency, Corvallis, OR, United States of America",United States of America,https://orcid.org/0000-0003-3862-7629,TRUE,All data can be found in the manuscript and supporting information files.,in paper,NA,NA,/Earth sciences/Geography/Geographic areas/Urban areas; /Earth sciences/Geography/Human geography/Urban geography/Urban areas; /Earth sciences/Geography/Physical geography/Watersheds; /Earth sciences/Hydrology/Surface water; /Ecology and environmental sciences/Environmental chemistry/Pollutants/Urban runoff; /Engineering and technology/Civil engineering/Transportation infrastructure/Roads; /Engineering and technology/Civil engineering/Urban infrastructure; /Engineering and technology/Transportation/Transportation infrastructure/Roads; /Physical sciences/Chemistry/Environmental chemistry/Pollutants/Urban runoff; /Physical sciences/Physics/Condensed matter physics/Phase transitions/Vaporization/Evaporation; /Research and analysis methods/Simulation and modeling; /Social sciences/Human geography/Urban geography/Urban areas,journals.plos.org,10.1371/journal.pwat.0000155,Research Article,2023-11-20
10.1371/journal.pwat.0000190,2,12,https://journals.plos.org/water/article?id=10.1371/journal.pwat.0000190,PLOS Water,Keep your head above water: Explaining disparities in local drinking water bills,2023,TRUE,4,docx; docx; docx; docx,https://journals.plos.org/water/article/file?id=10.1371/journal.pwat.0000190.s001&type=supplementary; https://journals.plos.org/water/article/file?id=10.1371/journal.pwat.0000190.s002&type=supplementary; https://journals.plos.org/water/article/file?id=10.1371/journal.pwat.0000190.s003&type=supplementary; https://journals.plos.org/water/article/file?id=10.1371/journal.pwat.0000190.s004&type=supplementary,3,Ahmed Rachid El-Khattabi,"Environmental Finance Center, School of Government, University of North Carolina at Chapel Hill, Chapel Hill, NC, United States of America",United States of America,https://orcid.org/0000-0001-6923-3978,Ahmed Rachid El-Khattabi,"Environmental Finance Center, School of Government, University of North Carolina at Chapel Hill, Chapel Hill, NC, United States of America",United States of America,https://orcid.org/0000-0001-6923-3978,TRUE,"We compile our dataset using data from American Community Survey, Safe Drinking Water Information System, and UNC’s Environmental Finance Center’s database. We are temporarily storing our compiled database one the following github repository: https://github.com/arelkhattabi/Disparities-in-Local-Drinking-Water-Bills/blob/main/FinalData_3-7-22_RaceRecode.csv.",available in online repository,https://github.com/arelkhattabi/Disparities-in-Local-Drinking-Water-Bills/blob/main/FinalData_3-7-22_RaceRecode.csv,github,/Earth sciences/Geography; /Earth sciences/Geography/Human geography/Urban geography/Cities; /Ecology and environmental sciences/Natural resources/Water resources; /Ecology and environmental sciences/Water quality; /People and places/Geographical locations/North America/United States/Arizona; /People and places/Geographical locations/North America/United States/New Hampshire; /People and places/Geographical locations/North America/United States/Wisconsin; /Research and analysis methods/Research design/Survey research/Census; /Social sciences/Human geography/Urban geography/Cities,journals.plos.org,10.1371/journal.pwat.0000190,Research Article,2023-12-21
10.1371/journal.pwat.0000170,2,12,https://journals.plos.org/water/article?id=10.1371/journal.pwat.0000170,PLOS Water,Whakamana te tangata – ka whai oranga te taiao: Indigenous led approaches for catchment health in Aotearoa-New Zealand,2023,FALSE,0,NA,NA,7,Shaun Awatere,"Manaaki Whenua–Landcare Research NZ Ltd, Hamilton, New Zealand",New Zealand,https://orcid.org/0000-0003-4616-808X,Shaun Awatere,"Manaaki Whenua–Landcare Research NZ Ltd, Hamilton, New Zealand",New Zealand,https://orcid.org/0000-0003-4616-808X,FALSE,NA,NA,NA,NA,/Biology and life sciences/Ecology/Ecosystems; /Biology and life sciences/Ecology/Ecosystems/Marine ecosystems; /Biology and life sciences/Neuroscience/Cognitive science/Cognition/Decision making; /Biology and life sciences/Neuroscience/Cognitive science/Cognitive psychology/Decision making; /Biology and life sciences/Psychology/Cognitive psychology/Decision making; /Earth sciences/Geomorphology/Topography/Landforms/Wetlands; /Earth sciences/Marine and aquatic sciences/Aquatic environments/Freshwater environments/Rivers; /Earth sciences/Marine and aquatic sciences/Aquatic environments/Freshwater environments/Wetlands; /Earth sciences/Marine and aquatic sciences/Bodies of water/Rivers; /Ecology and environmental sciences/Aquatic environments/Freshwater environments/Rivers; /Ecology and environmental sciences/Aquatic environments/Freshwater environments/Wetlands; /Ecology and environmental sciences/Ecology/Ecosystems; /Ecology and environmental sciences/Ecology/Ecosystems/Marine ecosystems; /Medicine and health sciences/Public and occupational health/Global health; /People and places/Population groupings/Ethnicities/Austronesian people/Polynesian people/Māori people; /Social sciences/Psychology/Cognitive psychology/Decision making; /Social sciences/Sociology/Culture,journals.plos.org,10.1371/journal.pwat.0000170,Review,2023-12-29
10.1371/journal.pwat.0000303,3,12,https://journals.plos.org/water/article?id=10.1371/journal.pwat.0000303,PLOS Water,Social vulnerability and exposure to private well water,2024,TRUE,9,top; docx; docx; docx; docx; docx; pdf; vnd.openxmlformats-officedocument.wordprocessingml.document; pdf,https://journals.plos.org/water/article/file?id=10.1371/journal.pwat.0000303.s001&type=supplementary; https://journals.plos.org/water/article/file?id=10.1371/journal.pwat.0000303.s002&type=supplementary; https://journals.plos.org/water/article/file?id=10.1371/journal.pwat.0000303.s003&type=supplementary; https://journals.plos.org/water/article/file?id=10.1371/journal.pwat.0000303.s004&type=supplementary; https://journals.plos.org/water/article/file?id=10.1371/journal.pwat.0000303.s005&type=supplementary; https://journals.plos.org/water/article/file?id=10.1371/journal.pwat.0000303.s006&type=supplementary; https://journals.plos.org/water/article/file?id=10.1371/journal.pwat.0000303.s007&type=supplementary; https://journals.plos.org/water/article/file?id=10.1371/journal.pwat.0000303.s008&type=supplementary; https://journals.plos.org/water/article/file?id=10.1371/journal.pwat.0000303.s009&type=supplementary,8,Miriam Wamsley,"Department of Epidemiology and Biostatistics, Temple University Philadelphia, Philadelphia, Pennsylvania, United States of America",United States of America,https://orcid.org/0000-0002-9402-8308,Heather M. Murphy,"Department of Epidemiology and Biostatistics, Temple University Philadelphia, Philadelphia, Pennsylvania, United States of America",United States of America,https://orcid.org/0000-0002-0435-8515,TRUE,"Data sources are all publicly available: Social vulnerability data: 10 measures of social vulnerability that may be related to a household’s exposure to a domestic well or to a community’s vulnerability to waterborne disease were taken from the CDC’s SVI measure as measured in 2018 at the census tract level. Data may be accessed here: https://www.atsdr.cdc.gov/placeandhealth/svi/data_documentation_download.html Measures of children under the age of 5, median construction age of the home, and proportion of households who are renters were taken from the ACS (5-year estimates from 2018 at the census tract level, published 2019). Data may be accessed here: https://www.socialexplorer.com/tables/ACS2018_5yr/R12897432 Census tract boundaries Tiger line shapefiles for the year 2010 may be accessed here: https://www2.census.gov/geo/pvs/tiger2010st/42_Pennsylvania/42001/tl_2010_42001_tract00.zip Public water supply boundaries These data are supplied by the Pennsylvania Department of Environmental Protection. Public water supplier’s service area data from the year 2018 were accessed and used via the Pennsylvania Spatial Data Access and may be accessed here: https://newdata-padep-1.opendata.arcgis.com/datasets/PADEP-1::public-water-systems-public-water-supplier-service-areas/about.",available in online repository,https://www.atsdr.cdc.gov/placeandhealth/svi/data_documentation_download.html; https://www.socialexplorer.com/tables/ACS2018_5yr/R12897432; https://www2.census.gov/geo/pvs/tiger2010st/42_Pennsylvania/42001/tl_2010_42001_tract00.zip; https://newdata-padep-1.opendata.arcgis.com/datasets/PADEP-1::public-water-systems-public-water-supplier-service-areas/about,NA,/Ecology and environmental sciences/Natural resources/Water resources; /Ecology and environmental sciences/Water quality; /Engineering and technology/Environmental engineering/Water management; /Medicine and health sciences/Epidemiology/Medical risk factors; /People and places/Geographical locations/North America/United States; /People and places/Geographical locations/North America/United States/Pennsylvania; /Physical sciences/Mathematics/Applied mathematics/Algorithms/Clustering algorithms; /Research and analysis methods/Research design/Survey research/Census; /Research and analysis methods/Simulation and modeling/Algorithms/Clustering algorithms,journals.plos.org,10.1371/journal.pwat.0000303,Research Article,2024-12-30
10.1371/journal.pwat.0000331,3,12,https://journals.plos.org/water/article?id=10.1371/journal.pwat.0000331,PLOS Water,"Correction: Martuwarra Fitzroy River Watershed: One society, one river law",2024,FALSE,0,NA,NA,1,NA NA,NA,NA,NA,NA,NA,NA,NA,FALSE,NA,NA,NA,NA,NA,journals.plos.org,10.1371/journal.pwat.0000331,Correction,2024-12-30
10.1371/journal.pwat.0000258,3,8,https://journals.plos.org/water/article?id=10.1371/journal.pwat.0000258,PLOS Water,"Assessing potential effects of oil and gas development activities on groundwater quality near and overlying the Elk Hills and North Coles Levee Oil Fields, San Joaquin Valley, California",2024,TRUE,17,1; mp4; pdf; xlsx; xlsx; xlsx; xlsx; xlsx; xlsx; xlsx; xlsx; xlsx; xlsx; xlsx; xlsx; xlsx; xlsx,https://journals.plos.org/water/article/file?id=10.1371/journal.pwat.0000258.s001&type=supplementary; https://journals.plos.org/water/article/file?id=10.1371/journal.pwat.0000258.s002&type=supplementary; https://journals.plos.org/water/article/file?id=10.1371/journal.pwat.0000258.s003&type=supplementary; https://journals.plos.org/water/article/file?id=10.1371/journal.pwat.0000258.s004&type=supplementary; https://journals.plos.org/water/article/file?id=10.1371/journal.pwat.0000258.s005&type=supplementary; https://journals.plos.org/water/article/file?id=10.1371/journal.pwat.0000258.s006&type=supplementary; https://journals.plos.org/water/article/file?id=10.1371/journal.pwat.0000258.s007&type=supplementary; https://journals.plos.org/water/article/file?id=10.1371/journal.pwat.0000258.s008&type=supplementary; https://journals.plos.org/water/article/file?id=10.1371/journal.pwat.0000258.s009&type=supplementary; https://journals.plos.org/water/article/file?id=10.1371/journal.pwat.0000258.s010&type=supplementary; https://journals.plos.org/water/article/file?id=10.1371/journal.pwat.0000258.s011&type=supplementary; https://journals.plos.org/water/article/file?id=10.1371/journal.pwat.0000258.s012&type=supplementary; https://journals.plos.org/water/article/file?id=10.1371/journal.pwat.0000258.s013&type=supplementary; https://journals.plos.org/water/article/file?id=10.1371/journal.pwat.0000258.s014&type=supplementary; https://journals.plos.org/water/article/file?id=10.1371/journal.pwat.0000258.s015&type=supplementary; https://journals.plos.org/water/article/file?id=10.1371/journal.pwat.0000258.s016&type=supplementary; https://journals.plos.org/water/article/file?id=10.1371/journal.pwat.0000258.s017&type=supplementary,11,John G. Warden,"U.S. Geological Survey, Austin, Texas, United States of America",United States of America,https://orcid.org/0000-0003-1384-458X,John G. Warden,"U.S. Geological Survey, Austin, Texas, United States of America",United States of America,https://orcid.org/0000-0003-1384-458X,TRUE,"Data are available from Warden, J.G., Marcusa, J.A., Schmer, M.E., Roberts, S.A., Watson, E., Stanton, J.S., McCarlson, A.J., Johnson, J.C., 2023, Water chemistry data for samples collected at groundwater and surface water sites in the Elk Hills study area, June 2017–April 2018, Kern County, California: U.S. Geological Survey data release, https://doi.org/10.5066/P98LFQA2. This is part of the USGS ScienceBase Catalog.",available in online repository,https://doi.org/10.5066/P98LFQA2; 10.5066/P98LFQA2,NA,/Biology and life sciences/Biochemistry/Lipids/Oils; /Earth sciences/Geochemistry; /Earth sciences/Geology/Petrology/Sediment; /Earth sciences/Geology/Sedimentary geology/Sediment; /Earth sciences/Geomorphology/Topography/Landforms/Valleys; /Earth sciences/Hydrology/Surface water; /Physical sciences/Chemistry/Chemical compounds/Hydrocarbons; /Physical sciences/Chemistry/Geochemistry; /Physical sciences/Physics/Condensed matter physics/Phase transitions/Vaporization/Evaporation; /Physical sciences/Physics/Particle physics/Composite particles/Atoms/Isotopes/Stable isotopes,journals.plos.org,10.1371/journal.pwat.0000258,Research Article,2024-08-05
10.1371/journal.pwat.0000298,3,12,https://journals.plos.org/water/article?id=10.1371/journal.pwat.0000298,PLOS Water,Development and evaluation of a digital behavioral economics game towards improved understanding of groundwater conservation in southern Colorado,2024,FALSE,0,NA,NA,5,Kat Demaree,"Mortenson Center in Global Engineering and Resilience, University of Colorado Boulder, Boulder, Colorado, United States of America",United States of America,NA,Evan Thomas,"Mortenson Center in Global Engineering and Resilience, University of Colorado Boulder, Boulder, Colorado, United States of America",United States of America,https://orcid.org/0000-0003-3095-8407,TRUE,This qualitative study did not produce data separate from that disclosed directly in the paper.,no data generated,NA,NA,/Biology and life sciences/Agriculture/Agricultural methods/Agricultural irrigation/Lift irrigation; /Biology and life sciences/Agriculture/Crop science/Crops; /Biology and life sciences/Neuroscience/Cognitive science/Cognition/Decision making; /Biology and life sciences/Neuroscience/Cognitive science/Cognitive psychology/Decision making; /Biology and life sciences/Psychology/Behavior/Recreation/Games; /Biology and life sciences/Psychology/Cognitive psychology/Decision making; /Ecology and environmental sciences/Natural resources/Water resources; /People and places/Population groupings/Professions/Agricultural workers; /Physical sciences/Mathematics/Applied mathematics/Game theory; /Social sciences/Economics/Finance; /Social sciences/Psychology/Behavior/Recreation/Games; /Social sciences/Psychology/Cognitive psychology/Decision making,journals.plos.org,10.1371/journal.pwat.0000298,Research Article,2024-12-31
10.1371/journal.pwat.0000327,3,12,https://journals.plos.org/water/article?id=10.1371/journal.pwat.0000327,PLOS Water,Geochemical evolution of municipal water in a natural hydrologic system and implications for urban watershed resilience,2024,TRUE,14,tif; a; tif; docx; docx; docx; docx; docx; docx; docx; docx; docx; docx; docx,https://journals.plos.org/water/article/file?id=10.1371/journal.pwat.0000327.s001&type=supplementary; https://journals.plos.org/water/article/file?id=10.1371/journal.pwat.0000327.s002&type=supplementary; https://journals.plos.org/water/article/file?id=10.1371/journal.pwat.0000327.s003&type=supplementary; https://journals.plos.org/water/article/file?id=10.1371/journal.pwat.0000327.s004&type=supplementary; https://journals.plos.org/water/article/file?id=10.1371/journal.pwat.0000327.s005&type=supplementary; https://journals.plos.org/water/article/file?id=10.1371/journal.pwat.0000327.s006&type=supplementary; https://journals.plos.org/water/article/file?id=10.1371/journal.pwat.0000327.s007&type=supplementary; https://journals.plos.org/water/article/file?id=10.1371/journal.pwat.0000327.s008&type=supplementary; https://journals.plos.org/water/article/file?id=10.1371/journal.pwat.0000327.s009&type=supplementary; https://journals.plos.org/water/article/file?id=10.1371/journal.pwat.0000327.s010&type=supplementary; https://journals.plos.org/water/article/file?id=10.1371/journal.pwat.0000327.s011&type=supplementary; https://journals.plos.org/water/article/file?id=10.1371/journal.pwat.0000327.s012&type=supplementary; https://journals.plos.org/water/article/file?id=10.1371/journal.pwat.0000327.s013&type=supplementary; https://journals.plos.org/water/article/file?id=10.1371/journal.pwat.0000327.s014&type=supplementary,2,Hunter Manlove,"Department of Earth & Planetary Sciences, Jackson School of Geosciences, The University of Texas at Austin, Austin, Texas, United States of America",United States of America,https://orcid.org/0009-0007-3367-4510,Hunter Manlove,"Department of Earth & Planetary Sciences, Jackson School of Geosciences, The University of Texas at Austin, Austin, Texas, United States of America",United States of America,https://orcid.org/0009-0007-3367-4510,TRUE,All data presented in this publication is available in the supplemental information tables provided.,in paper,NA,NA,/Earth sciences/Geochemistry; /Earth sciences/Geography/Human geography/Urban geography/Urbanization; /Earth sciences/Geography/Physical geography/Watersheds; /Earth sciences/Hydrology/Surface water; /Earth sciences/Mineralogy/Minerals/Calcite; /Earth sciences/Mineralogy/Minerals/Limestone; /Ecology and environmental sciences/Natural resources/Water resources; /Engineering and technology/Civil engineering/Urban infrastructure; /Physical sciences/Chemistry/Geochemistry; /Social sciences/Human geography/Urban geography/Urbanization,journals.plos.org,10.1371/journal.pwat.0000327,Research Article,2024-12-31
10.1371/journal.pwat.0000265,3,9,https://journals.plos.org/water/article?id=10.1371/journal.pwat.0000265,PLOS Water,"“In the dry season, our suffering doubles”: Barriers to water access in poor urban settlements in Ghana",2024,FALSE,0,NA,NA,3,Willow Leahy,"School of Kinesiology and Health Studies, Queen’s University, Kingston, Ontario, Canada",Canada,https://orcid.org/0000-0002-4294-1699,Florence Dery,"Department of Geography, Geomatics & Environment, University of Toronto, Mississauga, Ontario, Canada",Canada,https://orcid.org/0000-0002-9167-2405,TRUE,All data are in the manuscript.,in paper,NA,NA,/Ecology and environmental sciences/Natural resources/Water resources; /Ecology and environmental sciences/Pollution/Water pollution; /Ecology and environmental sciences/Sustainability science; /Engineering and technology/Civil engineering/Urban infrastructure; /Engineering and technology/Environmental engineering/Water management; /Medicine and health sciences/Health care/Environmental health/Sanitation; /Medicine and health sciences/Public and occupational health/Environmental health/Sanitation; /People and places/Geographical locations/Africa/Ghana; /Social sciences/Economics/Finance,journals.plos.org,10.1371/journal.pwat.0000265,Research Article,2024-09-18
10.1371/journal.pwat.0000241,3,11,https://journals.plos.org/water/article?id=10.1371/journal.pwat.0000241,PLOS Water,Field survey for assessing seawater reverse osmosis (SWRO) applications on very small islands in Indonesia,2024,TRUE,3,docx; xlsx; tiff,https://journals.plos.org/water/article/file?id=10.1371/journal.pwat.0000241.s001&type=supplementary; https://journals.plos.org/water/article/file?id=10.1371/journal.pwat.0000241.s002&type=supplementary; https://journals.plos.org/water/article/file?id=10.1371/journal.pwat.0000241.s003&type=supplementary,4,Amanatullah Savitri,"Department of Civil Engineering, Faculty of Civil Engineering and Planning, Universitas Internasional Batam, Kota Batam, Indonesia",Indonesia,https://orcid.org/0000-0002-5169-1521,Amanatullah Savitri,"Department of Civil Engineering, Faculty of Civil Engineering and Planning, Universitas Internasional Batam, Kota Batam, Indonesia",Indonesia,https://orcid.org/0000-0002-5169-1521,TRUE,Datasets for this research are available in this paper.,in paper,NA,NA,/Earth sciences/Geomorphology/Topography/Landforms/Islands; /Earth sciences/Hydrology/Surface water; /Earth sciences/Marine and aquatic sciences/Aquatic environments/Marine environments/Sea water; /Ecology and environmental sciences/Aquatic environments/Marine environments/Sea water; /Ecology and environmental sciences/Natural resources/Water resources; /Engineering and technology/Environmental engineering/Water management; /Medicine and health sciences/Health care/Environmental health/Sanitation; /Medicine and health sciences/Public and occupational health/Environmental health/Sanitation; /People and places/Geographical locations/Asia/Indonesia; /People and places/Geographical locations/Oceania/Indonesia; /Physical sciences/Physics/Electricity,journals.plos.org,10.1371/journal.pwat.0000241,Research Article,2024-11-15
10.1371/journal.pwat.0000451,4,11,https://journals.plos.org/water/article?id=10.1371/journal.pwat.0000451,PLOS Water,Innovative spectral methods for modeling and enhancing biogas yield from wastewater,2025,TRUE,4,txt; xlsx; vnd.openxmlformats-officedocument.wordprocessingml.document; vnd.openxmlformats-officedocument.wordprocessingml.document,https://journals.plos.org/water/article/file?id=10.1371/journal.pwat.0000451.s001&type=supplementary; https://journals.plos.org/water/article/file?id=10.1371/journal.pwat.0000451.s002&type=supplementary; https://journals.plos.org/water/article/file?id=10.1371/journal.pwat.0000451.s003&type=supplementary; https://journals.plos.org/water/article/file?id=10.1371/journal.pwat.0000451.s005&type=supplementary,4,Hajer Ouni,"Laboratory of Research Water Sciences and Technologies (LRSTE), National Institute of Agronomic Research of Tunisia (INAT), University of Carthage, Tunis, Tunisia",Tunisia,NA,Hatem Ksibi,"University of Sfax, IPEIS, Sfax, Tunisia",Tunisia,https://orcid.org/0000-0003-4144-9958,TRUE,The data supporting the findings of this study are available as a supplementary material (rar).,in paper,NA,NA,/Biology and life sciences/Agriculture/Agronomy/Plant products/Straw; /Biology and life sciences/Agriculture/Crop science/Plant products/Straw; /Biology and life sciences/Biophysics/Biophysical simulations; /Biology and life sciences/Computational biology/Biophysical simulations; /Biology and life sciences/Nutrition/Diet/Food; /Ecology and environmental sciences/Sustainability science; /Engineering and technology/Energy and power/Bioenergy/Biofuels/Biogas; /Engineering and technology/Energy and power/Fuels/Biofuels/Biogas; /Medicine and health sciences/Nutrition/Diet/Food; /Physical sciences/Materials science/Materials/Fuels/Biofuels/Biogas; /Physical sciences/Mathematics/Algebra/Polynomials; /Physical sciences/Mathematics/Differential equations; /Physical sciences/Physics/Biophysics/Biophysical simulations; /Research and analysis methods/Simulation and modeling,journals.plos.org,10.1371/journal.pwat.0000451,Research Article,2025-11-12
10.1371/journal.pwat.0000405,4,9,https://journals.plos.org/water/article?id=10.1371/journal.pwat.0000405,PLOS Water,Evaluating hydrological model performance using varying amounts of participatory monitoring water level data,2025,TRUE,3,tif; tif; docx,https://journals.plos.org/water/article/file?id=10.1371/journal.pwat.0000405.s001&type=supplementary; https://journals.plos.org/water/article/file?id=10.1371/journal.pwat.0000405.s002&type=supplementary; https://journals.plos.org/water/article/file?id=10.1371/journal.pwat.0000405.s003&type=supplementary,5,Fabian Mitze,"Centre for International Development and Environmental Research, Justus Liebig University, Giessen, Germany",Germany,https://orcid.org/0000-0002-5127-2378,Fabian Mitze,"Centre for International Development and Environmental Research, Justus Liebig University, Giessen, Germany",Germany,https://orcid.org/0000-0002-5127-2378,TRUE,All data and scripts and data used in the study can be obtained from Zenodo (https://doi.org/10.5281/zenodo.14772421).,available in online repository,https://doi.org/10.5281/zenodo.14772421; 10.5281/zenodo.14772421,zenodo,/Biology and life sciences/Ecology/Ecosystems/Forests; /Computer and information sciences/Artificial intelligence/Machine learning; /Earth sciences/Atmospheric science/Meteorology/Rain; /Earth sciences/Hydrology/Surface water; /Earth sciences/Seasons; /Ecology and environmental sciences/Ecology/Ecosystems/Forests; /Ecology and environmental sciences/Natural resources/Water resources; /Ecology and environmental sciences/Terrestrial environments/Forests; /Engineering and technology/Environmental engineering/Water management; /Research and analysis methods/Simulation and modeling,journals.plos.org,10.1371/journal.pwat.0000405,Research Article,2025-09-23
10.1371/journal.pwat.0000448,4,10,https://journals.plos.org/water/article?id=10.1371/journal.pwat.0000448,PLOS Water,"Bridging the Gap: Evidence-informed hygiene policy is needed and researcher, policy makers, and funders must work together to deliver it",2025,FALSE,0,NA,NA,6,Sarah Roberts,"Reckitt Global Hygiene Institute, London, United Kingdom",United Kingdom of Great Britain and Northern Ireland,NA,Robert Dreibelbis,"Department of Disease Control, London School of Hygiene and Tropical Medicine, London, United Kingdom",United Kingdom of Great Britain and Northern Ireland,https://orcid.org/0000-0002-9716-0419,FALSE,NA,NA,NA,NA,/Engineering and technology/Environmental engineering/Water management; /Medicine and health sciences/Health care/Environmental health/Sanitation; /Medicine and health sciences/Health care/Health care policy; /Medicine and health sciences/Public and occupational health; /Medicine and health sciences/Public and occupational health/Environmental health/Sanitation; /Medicine and health sciences/Public and occupational health/Global health; /Medicine and health sciences/Public and occupational health/Hygiene; /Science policy; /Social sciences/Political science/Public policy,journals.plos.org,10.1371/journal.pwat.0000448,Opinion,2025-10-16
10.1371/journal.pwat.0000441,4,10,https://journals.plos.org/water/article?id=10.1371/journal.pwat.0000441,PLOS Water,Assessment of water quality index in an afro-tropical stream impacted by palm oil mill effluents,2025,TRUE,1,docx,https://journals.plos.org/water/article/file?id=10.1371/journal.pwat.0000441.s001&type=supplementary,6,Fatimah Adenike Ajadi,"Department of Microbiology, Federal University of Health Sciences, Ila Orangun, Nigeria",Nigeria,NA,Oluwadamilare Emmanuel Obayemi,"Department of Biology, University of Ilesa, Ilesa, Nigeria",Nigeria,https://orcid.org/0000-0002-8527-8284,TRUE,All the data generated during this study are included in this published article (and its Supporting information files).,in paper,NA,NA,/Biology and life sciences/Agriculture/Agronomy/Plant products/Vegetable oils; /Biology and life sciences/Agriculture/Crop science/Plant products/Vegetable oils; /Earth sciences/Marine and aquatic sciences/Limnology/Effluent; /Earth sciences/Seasons; /Ecology and environmental sciences/Limnology/Effluent; /Ecology and environmental sciences/Pollution/Water pollution; /Ecology and environmental sciences/Water quality; /Ecology and environmental sciences/Water quality/Chemical oxygen demand; /Physical sciences/Chemistry/Chemical compounds/Nitrates; /Physical sciences/Materials science/Materials physics/Turbidity; /Physical sciences/Physics/Materials physics/Turbidity,journals.plos.org,10.1371/journal.pwat.0000441,Research Article,2025-10-07
10.1371/journal.pwat.0000377,4,12,https://journals.plos.org/water/article?id=10.1371/journal.pwat.0000377,PLOS Water,Photocatalytic removal of Cefixime using ZnO/BiOBr/Bi<sub>2</sub>S<sub>3</sub>: Suspended and immobilized on Graphite,2025,TRUE,10,xlsx; xlsx; if; a; tif; tif; tif; tif; tif; xlsx,https://journals.plos.org/water/article/file?id=10.1371/journal.pwat.0000377.s001&type=supplementary; https://journals.plos.org/water/article/file?id=10.1371/journal.pwat.0000377.s002&type=supplementary; https://journals.plos.org/water/article/file?id=10.1371/journal.pwat.0000377.s003&type=supplementary; https://journals.plos.org/water/article/file?id=10.1371/journal.pwat.0000377.s004&type=supplementary; https://journals.plos.org/water/article/file?id=10.1371/journal.pwat.0000377.s005&type=supplementary; https://journals.plos.org/water/article/file?id=10.1371/journal.pwat.0000377.s006&type=supplementary; https://journals.plos.org/water/article/file?id=10.1371/journal.pwat.0000377.s007&type=supplementary; https://journals.plos.org/water/article/file?id=10.1371/journal.pwat.0000377.s008&type=supplementary; https://journals.plos.org/water/article/file?id=10.1371/journal.pwat.0000377.s009&type=supplementary; https://journals.plos.org/water/article/file?id=10.1371/journal.pwat.0000377.s010&type=supplementary,5,Asal Rahpeyma,"Department of Chemical Engineering, Faculty of Engineering, University of Isfahan, Isfahan, Iran",Iran (Islamic Republic of),NA,Mehrdad Farhadian,"Department of Chemical Engineering, Faculty of Engineering, University of Isfahan, Isfahan, Iran",Iran (Islamic Republic of),https://orcid.org/0000-0002-8504-0516,TRUE,All the raw data were added in the Supporting information file.,in paper,NA,NA,/Earth sciences/Geography/Cartography/Isotherms; /Earth sciences/Mineralogy/Minerals/Graphite; /Engineering and technology/Nanotechnology/Nanomaterials; /Physical sciences/Chemistry/Chemical physics/Electron transfer; /Physical sciences/Chemistry/Chemical radicals/Hydroxyl radicals; /Physical sciences/Chemistry/Physical chemistry/Chemical radicals/Hydroxyl radicals; /Physical sciences/Chemistry/Physical chemistry/Sorption/Adsorption; /Physical sciences/Materials science/Materials/Nanomaterials; /Physical sciences/Physics/Chemical physics/Electron transfer; /Physical sciences/Physics/Classical mechanics/Reflection; /Physical sciences/Physics/Classical mechanics/Vibration,journals.plos.org,10.1371/journal.pwat.0000377,Research Article,2025-12-02
10.1371/journal.pwat.0000495,4,12,https://journals.plos.org/water/article?id=10.1371/journal.pwat.0000495,PLOS Water,Rethinking monitoring of the means of implementation for SDG 6 up to 2030 and beyond,2025,FALSE,0,NA,NA,8,Marina Takane,"Department of Environment, Climate Change, One Health and Migration, World Health Organization, Geneva, Switzerland",Switzerland,https://orcid.org/0009-0008-2192-2801,Marina Takane,"Department of Environment, Climate Change, One Health and Migration, World Health Organization, Geneva, Switzerland",Switzerland,https://orcid.org/0009-0008-2192-2801,FALSE,NA,NA,NA,NA,/Biology and life sciences/Neuroscience/Cognitive science/Cognition/Decision making; /Biology and life sciences/Neuroscience/Cognitive science/Cognitive psychology/Decision making; /Biology and life sciences/Psychology/Cognitive psychology/Decision making; /Ecology and environmental sciences/Natural resources/Water resources; /Ecology and environmental sciences/Sustainability science; /Ecology and environmental sciences/Water quality; /Engineering and technology/Environmental engineering/Water management; /Medicine and health sciences/Health care/Environmental health/Sanitation; /Medicine and health sciences/Public and occupational health/Environmental health/Sanitation; /Social sciences/Economics/Finance; /Social sciences/Political science/United Nations; /Social sciences/Psychology/Cognitive psychology/Decision making,journals.plos.org,10.1371/journal.pwat.0000495,Essay,2025-12-30
10.1371/journal.pwat.0000362,4,10,https://journals.plos.org/water/article?id=10.1371/journal.pwat.0000362,PLOS Water,Disparities in drinking water quality across the United States,2025,FALSE,0,NA,NA,3,Tina Bardot,"Oak Ridge Institute for Science and Technology, Washington, DC, United States of America",United States of America,NA,Ahmed Rachid El-Khattabi,"Environmental Finance Center, School of Government, University of North Carolina at Chapel Hill, Chapel Hill, North Carolina, United States of America",United States of America,https://orcid.org/0000-0001-6923-3978,TRUE,"We compile our dataset using records fromdata from the American Community Survey, EPA’s Safe Drinking Water Information SystemAct database, the third and fifth Unregulated Contaminant Monitoring Rule data, Six Year Review data, and a national dataset of community water system service area boundaries, among others. We are temporarily storing our compiled database atone the following github repository: https://github.com/wesaustin/ej_service_areas https://github.com/wesaustin/dw_service_areas_public.",available in online repository,https://github.com/wesaustin/ej_service_areas; https://github.com/wesaustin/dw_service_areas; https://github.com/wesaustin/dw_service_areas_public,github,/Ecology and environmental sciences/Natural resources/Water resources; /Ecology and environmental sciences/Pollution/Water pollution; /Ecology and environmental sciences/Water quality; /People and places/Population groupings/Ethnicities/Hispanic people; /Physical sciences/Chemistry/Chemical compounds/Nitrates; /Physical sciences/Chemistry/Chemical elements/Arsenic; /Physical sciences/Chemistry/Chemical elements/Metallic lead; /Physical sciences/Materials science/Materials/Contaminants,journals.plos.org,10.1371/journal.pwat.0000362,Research Article,2025-10-01
10.1371/journal.pwat.0000472,4,12,https://journals.plos.org/water/article?id=10.1371/journal.pwat.0000472,PLOS Water,Piped water skepticism: Implications for achieving water security,2025,FALSE,0,NA,NA,2,Patrick Thomson,"Global Institute of Sustainability and Innovation, Arizona State University, Tempe, Arizona, United States of America",United States of America,https://orcid.org/0000-0002-0697-1866,Patrick Thomson,"Global Institute of Sustainability and Innovation, Arizona State University, Tempe, Arizona, United States of America",United States of America,https://orcid.org/0000-0002-0697-1866,FALSE,NA,NA,NA,NA,/Biology and life sciences/Psychology/Psychological attitudes; /Biology and life sciences/Psychology/Psychological defense mechanisms; /Ecology and environmental sciences/Natural resources/Water resources; /Ecology and environmental sciences/Sustainability science; /Engineering and technology/Civil engineering/Urban infrastructure; /Engineering and technology/Environmental engineering/Water management; /Science policy/Research integrity/Research ethics; /Social sciences/Economics/Microeconomics/Urban economics; /Social sciences/Psychology/Psychological attitudes; /Social sciences/Psychology/Psychological defense mechanisms,journals.plos.org,10.1371/journal.pwat.0000472,Opinion,2025-12-11
10.1371/journal.pwat.0000502,5,1,https://journals.plos.org/water/article?id=10.1371/journal.pwat.0000502,PLOS Water,Harmonization of aggregated freshwater biotic data to support continental and global assessment,2026,TRUE,1,docx,https://journals.plos.org/water/article/file?id=10.1371/journal.pwat.0000502.s001&type=supplementary,10,Jennifer Lento,"Canadian Rivers Institute and Department of Biology, University of New Brunswick, Fredericton, New Brunswick, Canada",Canada,https://orcid.org/0000-0002-8098-4825,Jennifer Lento,"Canadian Rivers Institute and Department of Biology, University of New Brunswick, Fredericton, New Brunswick, Canada",Canada,https://orcid.org/0000-0002-8098-4825,FALSE,NA,NA,NA,NA,/Biology and life sciences/Ecology/Biodiversity; /Biology and life sciences/Ecology/Habitats; /Biology and life sciences/Organisms/Eukaryota/Animals/Invertebrates/Plankton/Zooplankton; /Biology and life sciences/Organisms/Eukaryota/Plants/Algae; /Biology and life sciences/Taxonomy; /Biology and life sciences/Zoology/Animals/Invertebrates/Plankton/Zooplankton; /Computer and information sciences/Data management/Taxonomy; /Earth sciences/Marine and aquatic sciences/Aquatic environments/Freshwater environments/Fresh water; /Earth sciences/Marine and aquatic sciences/Aquatic environments/Freshwater environments/Lakes; /Earth sciences/Marine and aquatic sciences/Bodies of water/Lakes; /Ecology and environmental sciences/Aquatic environments/Freshwater environments/Fresh water; /Ecology and environmental sciences/Aquatic environments/Freshwater environments/Lakes; /Ecology and environmental sciences/Ecology/Biodiversity; /Ecology and environmental sciences/Ecology/Habitats; /Ecology and environmental sciences/Environmental chemistry/Water chemistry; /Physical sciences/Chemistry/Environmental chemistry/Water chemistry,journals.plos.org,10.1371/journal.pwat.0000502,Review,2026-01-20
10.1371/journal.pwat.0000167,3,7,https://journals.plos.org/water/article?id=10.1371/journal.pwat.0000167,PLOS Water,Onsite sanitation systems and contamination of groundwater: A systematic review of the evidence for risk using the source-pathway-receptor model,2024,TRUE,1,docx,https://journals.plos.org/water/article/file?id=10.1371/journal.pwat.0000167.s001&type=supplementary,7,Maureen Mbae,"School of Civil Engineering, University of Leeds, Leeds, United Kingdom",United Kingdom of Great Britain and Northern Ireland,https://orcid.org/0000-0002-5945-1805,Maureen Mbae,"School of Civil Engineering, University of Leeds, Leeds, United Kingdom",United Kingdom of Great Britain and Northern Ireland,https://orcid.org/0000-0002-5945-1805,TRUE,All the papers referenced in the systematic review are publicly available. Nearly all will easily be found using various search tools such as PubMed and SCOPUS. The authors can provide copies of any that a reader cannot find.,NA,NA,NA,/Biology and life sciences/Physiology/Physiological processes/Excretion; /Earth sciences/Hydrology/Surface water; /Ecology and environmental sciences/Natural resources/Water resources; /Ecology and environmental sciences/Pollution/Water pollution; /Medicine and health sciences/Health care/Environmental health/Sanitation; /Medicine and health sciences/Public and occupational health/Environmental health/Sanitation; /Physical sciences/Chemistry/Chemical compounds/Nitrates; /Physical sciences/Materials science/Materials/Contaminants; /Research and analysis methods/Research assessment/Systematic reviews,journals.plos.org,10.1371/journal.pwat.0000167,Research Article,2024-07-29
10.1371/journal.pwat.0000310,3,12,https://journals.plos.org/water/article?id=10.1371/journal.pwat.0000310,PLOS Water,Salinity or sum of constituents—Methods comparison for computing dissolved solids concentrations in streams of the Upper Colorado River Basin,2024,TRUE,3,nwis; nwis; nwis,https://journals.plos.org/water/article/file?id=10.1371/journal.pwat.0000310.s001&type=supplementary; https://journals.plos.org/water/article/file?id=10.1371/journal.pwat.0000310.s002&type=supplementary; https://journals.plos.org/water/article/file?id=10.1371/journal.pwat.0000310.s003&type=supplementary,5,Fred D. Tillman,"U.S. Geological Survey, Arizona Water Science Center, Tucson, Arizona, United States of America",United States of America,https://orcid.org/0000-0002-2922-402X,Fred D. Tillman,"U.S. Geological Survey, Arizona Water Science Center, Tucson, Arizona, United States of America",United States of America,https://orcid.org/0000-0002-2922-402X,TRUE,All data discussed in this manuscript are provided in the Supporting Information and are publicly available through the U.S. Geological Survey’s National Water Information System database (https://waterdata.usgs.gov/nwis).,available in online repository,https://waterdata.usgs.gov/nwis,NA,/Earth sciences/Geology/Geological surveys; /Earth sciences/Hydrology/Surface water; /Earth sciences/Marine and aquatic sciences/Aquatic environments/Freshwater environments/Rivers; /Earth sciences/Marine and aquatic sciences/Bodies of water/Rivers; /Ecology and environmental sciences/Aquatic environments/Freshwater environments/Rivers; /Ecology and environmental sciences/Natural resources/Water resources; /People and places/Geographical locations/North America/United States/Colorado; /Physical sciences/Chemistry/Chemical compounds/Bicarbonates; /Physical sciences/Chemistry/Chemical compounds/Carbonates; /Physical sciences/Chemistry/Chemical properties/Salinity; /Physical sciences/Chemistry/Physical chemistry/Chemical properties/Salinity,journals.plos.org,10.1371/journal.pwat.0000310,Research Article,2024-12-17
10.1371/journal.pwat.0000260,3,12,https://journals.plos.org/water/article?id=10.1371/journal.pwat.0000260,PLOS Water,"Monitoring Indian ungauged small reservoirs volume from remote sensing: Feasibility, bias and perspectives",2024,FALSE,0,NA,NA,8,Claire Pascal,"CESBIO, Université de Toulouse, CNES/CNRS/INRAE/IRD/UT3, Toulouse, France",France,NA,Sylvain Ferrant,"CESBIO, Université de Toulouse, CNES/CNRS/INRAE/IRD/UT3, Toulouse, France",France,https://orcid.org/0000-0002-3478-2624,TRUE,"All the data used in this study are public, except the Pléiades imagery that are commercial. The Pléiades images (Pléiades © CNES 2021 Distribution AIRBUS DS) were licensed to CESBIO by Airbus. The Pléiades DEM is a derivative product subject to the CC-BY-NC 4.0 license preventing commercial use, https://creativecommons.org/licenses/by-nc/4.0/legalcode. We have publicly shared the Digital Elevation Model and derived variables on Zenodo with restricted access until the publication of the manuscript. If needed for the review, you can access to these data-sets by using these links: - 2m resolution DEM based stereoscopy Pleiades acquisitions in Telangana, South-India https://zenodo.org/records/10403040?token=[removed] - Subsample of the maximum Water Area Extent of Telangana Rainwater Harvesting System from Sentinel-2 https://zenodo.org/records/10402199?token=[removed] - Subsample of the maximum Water Area Extent of Telangana Rainwater Harvesting System from Pléiades DEM https://zenodo.org/records/10402355?token=[removed] - Maximum Water Area Extent of the Rainwater Harvesting System in Telangana from GSW https://zenodo.org/records/10402096?token=[removed]",available in online repository,https://creativecommons.org/licenses/by-nc/4.0/legalcode; https://zenodo.org/records/10403040?token=[removed]; https://zenodo.org/records/10402199?token=[removed]; https://zenodo.org/records/10402355?token=[removed]; https://zenodo.org/records/10402096?token=[removed],zenodo,/Biology and life sciences/Agriculture/Agricultural methods/Agricultural irrigation/Lift irrigation; /Earth sciences/Atmospheric science/Atmospheric physics/Atmospheric dynamics/Atmospheric clouds; /Earth sciences/Geophysics/Atmospheric physics/Atmospheric dynamics/Atmospheric clouds; /Earth sciences/Hydrology/Surface water; /Earth sciences/Marine and aquatic sciences/Aquatic environments/Freshwater environments/Rivers; /Earth sciences/Marine and aquatic sciences/Bodies of water/Rivers; /Ecology and environmental sciences/Aquatic environments/Freshwater environments/Rivers; /Engineering and technology/Remote sensing/Lidar; /Engineering and technology/Remote sensing/Radar; /People and places/Geographical locations/Asia/India; /Physical sciences/Physics/Geophysics/Atmospheric physics/Atmospheric dynamics/Atmospheric clouds; /Physical sciences/Physics/Particle physics/Elementary particles/Photons,journals.plos.org,10.1371/journal.pwat.0000260,Research Article,2024-12-17
10.1371/journal.pwat.0000206,3,8,https://journals.plos.org/water/article?id=10.1371/journal.pwat.0000206,PLOS Water,Hydrometeorology and geography affect hospitalizations for waterborne infectious diseases in the United States: A retrospective analysis,2024,TRUE,12,docx; docx; docx; docx; docx; docx; zip; zip; zip; tiff; tiff; tif,https://journals.plos.org/water/article/file?id=10.1371/journal.pwat.0000206.s001&type=supplementary; https://journals.plos.org/water/article/file?id=10.1371/journal.pwat.0000206.s002&type=supplementary; https://journals.plos.org/water/article/file?id=10.1371/journal.pwat.0000206.s003&type=supplementary; https://journals.plos.org/water/article/file?id=10.1371/journal.pwat.0000206.s004&type=supplementary; https://journals.plos.org/water/article/file?id=10.1371/journal.pwat.0000206.s005&type=supplementary; https://journals.plos.org/water/article/file?id=10.1371/journal.pwat.0000206.s006&type=supplementary; https://journals.plos.org/water/article/file?id=10.1371/journal.pwat.0000206.s007&type=supplementary; https://journals.plos.org/water/article/file?id=10.1371/journal.pwat.0000206.s008&type=supplementary; https://journals.plos.org/water/article/file?id=10.1371/journal.pwat.0000206.s009&type=supplementary; https://journals.plos.org/water/article/file?id=10.1371/journal.pwat.0000206.s010&type=supplementary; https://journals.plos.org/water/article/file?id=10.1371/journal.pwat.0000206.s011&type=supplementary; https://journals.plos.org/water/article/file?id=10.1371/journal.pwat.0000206.s012&type=supplementary,2,Victoria D. Lynch,"Department of Environmental Health Sciences, Columbia Mailman School of Public Health, Columbia University, New York, New York, United States of America",United States of America,https://orcid.org/0000-0003-0966-5474,Victoria D. Lynch,"Department of Environmental Health Sciences, Columbia Mailman School of Public Health, Columbia University, New York, New York, United States of America",United States of America,https://orcid.org/0000-0003-0966-5474,TRUE,We are unable to share the minimal dataset underlying the results because it contains potentially identifying information and cannot be publicly shared per the Healthcare Cost and Utilization Project (HCUP) Data Use Agreement (DUA) (https://hcup-us.ahrq.gov/team/NationwideDUA.pdf). The National Inpatient Sample (NIS) datasets from HCUP are publicly and easily available to purchase after completion of the Data Use Agreement Training Course (https://hcup-us.ahrq.gov/tech_assist/centdist.jsp). The contact information for requesting the data from the HCUP Central Distributor is: [email removed]@ahrq.gov; (866) 556-4287 (phone); (866) 792-5313 (fax).,available in online repository,https://hcup-us.ahrq.gov/team/NationwideDUA.pdf; https://hcup-us.ahrq.gov/tech_assist/centdist.jsp,NA,/Biology and life sciences/Microbiology/Medical microbiology/Microbial pathogens/Bacterial pathogens; /Earth sciences/Atmospheric science/Meteorology; /Earth sciences/Geography/Regional geography; /Earth sciences/Hydrology/Flooding; /Ecology and environmental sciences/Natural resources/Water resources; /Medicine and health sciences/Medical conditions/Infectious diseases/Bacterial diseases/Pseudomonas infections; /Medicine and health sciences/Medical conditions/Infectious diseases/Respiratory infections; /Medicine and health sciences/Medical conditions/Respiratory disorders/Respiratory infections; /Medicine and health sciences/Pathology and laboratory medicine/Pathogens; /Medicine and health sciences/Pathology and laboratory medicine/Pathogens/Microbial pathogens/Bacterial pathogens; /Medicine and health sciences/Pulmonology/Respiratory disorders/Respiratory infections,journals.plos.org,10.1371/journal.pwat.0000206,Research Article,2024-08-14
10.1371/journal.pwat.0000236,3,10,https://journals.plos.org/water/article?id=10.1371/journal.pwat.0000236,PLOS Water,Relational representation: Speaking with and not about Nature,2024,TRUE,2,docx; vnd.openxmlformats-officedocument.wordprocessingml.document,https://journals.plos.org/water/article/file?id=10.1371/journal.pwat.0000236.s001&type=supplementary; https://journals.plos.org/water/article/file?id=10.1371/journal.pwat.0000236.s002&type=supplementary,4,Lidia Cano-Pecharroman,"Massachusetts Institute of Technology, Cambridge, Massachusetts, United States of America",United States of America,https://orcid.org/0000-0001-9018-0241,Lidia Cano-Pecharroman,"Massachusetts Institute of Technology, Cambridge, Massachusetts, United States of America",United States of America,https://orcid.org/0000-0001-9018-0241,TRUE,"The majority of the data on which this paper is based comes from publicly available sources (see reference list). The paper also draws from a series of interviews conducted as part of Cano Pecharroman’s PhD research. These long-form, semi-structured interviews were conducted under an ethics process overseen by MIT’s institutional review board, COUHES (Committee on the Use of Humans as Experimental Subjects). All interviewees were informed that their data would be kept anonymous unless they explicitly requested to be named as the source of a quote. These interviews were used to enrich the publicly available data relied on for the paper, and no systematic analysis of the interviews was undertaken for this paper. As a result, the data set is the long-form interviews conducted with each participant. Due to the nature of these transcripts, it is possible to identify the speaker even if their personal details are redacted. In compliance with this commitment to anonymity in accordance with MIT’s Investigator Responsibilities, it is not possible to make this data publicly available. It may be possible to share some of this data upon request, and this should be directed to the lead author (Cano Pecharroman). Additional information regarding the ethical, cultural, and scientific considerations specific to inclusivity in global research is included in the Supporting Information. For further information on MIT's Committee on the Use of Humans as Experimental Subjects protocols and guidelies see couhes.mit.edu or get in contact via [email removed]@mit.edu.",in paper,NA,NA,/Biology and life sciences/Ecology/Ecosystems; /Biology and life sciences/Neuroscience/Cognitive science/Cognition/Decision making; /Biology and life sciences/Neuroscience/Cognitive science/Cognitive psychology/Decision making; /Biology and life sciences/Psychology/Cognitive psychology/Decision making; /Earth sciences/Hydrology/Surface water; /Earth sciences/Marine and aquatic sciences/Aquatic environments/Freshwater environments/Rivers; /Earth sciences/Marine and aquatic sciences/Bodies of water/Lagoons; /Earth sciences/Marine and aquatic sciences/Bodies of water/Rivers; /Ecology and environmental sciences/Aquatic environments/Freshwater environments/Rivers; /Ecology and environmental sciences/Ecology/Ecosystems; /Social sciences/Law and legal sciences; /Social sciences/Law and legal sciences/Legislation; /Social sciences/Psychology/Cognitive psychology/Decision making; /Social sciences/Sociology/Culture,journals.plos.org,10.1371/journal.pwat.0000236,Research Article,2024-10-16
10.1371/journal.pwat.0000304,3,10,https://journals.plos.org/water/article?id=10.1371/journal.pwat.0000304,PLOS Water,Septic systems in North Carolina: A neglected half of the state?,2024,FALSE,0,NA,NA,6,Lauren Sprouse,"Department of Environmental Sciences and Engineering, Gillings School of Global Public Health, University of North Carolina at Chapel Hill, Chapel Hill, North Carolina, United States of America",United States of America,NA,Musa Manga,"Department of Environmental Sciences and Engineering, Gillings School of Global Public Health, University of North Carolina at Chapel Hill, Chapel Hill, North Carolina, United States of America",United States of America,https://orcid.org/0000-0002-3317-7318,FALSE,NA,NA,NA,NA,/Earth sciences/Atmospheric science/Climatology/Climate change/Anthropogenic climate change; /Ecology and environmental sciences/Water quality; /Engineering and technology/Civil engineering/Urban infrastructure; /Engineering and technology/Environmental engineering/Water management; /Medicine and health sciences/Epidemiology/Medical risk factors; /Medicine and health sciences/Health care/Environmental health; /Medicine and health sciences/Health care/Environmental health/Sanitation; /Medicine and health sciences/Public and occupational health/Environmental health; /Medicine and health sciences/Public and occupational health/Environmental health/Sanitation; /People and places/Geographical locations/North America/United States/North Carolina,journals.plos.org,10.1371/journal.pwat.0000304,Essay,2024-10-17
10.1371/journal.pwat.0000195,3,10,https://journals.plos.org/water/article?id=10.1371/journal.pwat.0000195,PLOS Water,Considerations for the use of laboratory-based and field-based estimates of environmental tolerance in water management decisions for an endangered salmonid,2024,TRUE,1,docx,https://journals.plos.org/water/article/file?id=10.1371/journal.pwat.0000195.s001&type=supplementary,3,Steven C. Zeug,"Cramer Fish Sciences, Modeling, Analysis, and Synthesis Laboratory, Auburn, California, United States of America",United States of America,https://orcid.org/0000-0003-4330-1236,Steven C. Zeug,"Cramer Fish Sciences, Modeling, Analysis, and Synthesis Laboratory, Auburn, California, United States of America",United States of America,https://orcid.org/0000-0003-4330-1236,TRUE,The data and model code that support the findings of this study are publicly available through the Zenodo Archive https://zenodo.org/doi/10.5281/zenodo.10594251.,available in online repository,https://zenodo.org/doi/10.5281/zenodo.10594251; 10.5281/zenodo.10594251,zenodo,/Biology and life sciences/Developmental biology/Modes of reproduction/Sexual reproduction/Spawning; /Biology and life sciences/Organisms/Eukaryota/Animals/Vertebrates/Fish/Osteichthyes/Salmon; /Biology and life sciences/Physiology/Reproductive physiology/Eggs; /Biology and life sciences/Physiology/Reproductive physiology/Eggs/Bird eggs; /Biology and life sciences/Zoology/Animals/Vertebrates/Fish/Osteichthyes/Salmon; /Earth sciences/Hydrology/Surface water; /Earth sciences/Marine and aquatic sciences/Aquatic environments/Freshwater environments/Rivers; /Earth sciences/Marine and aquatic sciences/Bodies of water/Rivers; /Earth sciences/Seasons/Winter; /Ecology and environmental sciences/Aquatic environments/Freshwater environments/Rivers; /Physical sciences/Mathematics/Statistics/Statistical methods/Forecasting; /Research and analysis methods/Mathematical and statistical techniques/Statistical methods/Forecasting,journals.plos.org,10.1371/journal.pwat.0000195,Research Article,2024-10-31
10.1371/journal.pwat.0000233,3,10,https://journals.plos.org/water/article?id=10.1371/journal.pwat.0000233,PLOS Water,"Investigating impacts of gender-transformative interventions in water, sanitation, and hygiene: Structural validity, internal reliability and measurement invariance of the water, sanitation, and hygiene–Gender equality measure (WASH-GEM)",2024,TRUE,3,docx; csv; rmd,https://journals.plos.org/water/article/file?id=10.1371/journal.pwat.0000233.s001&type=supplementary; https://journals.plos.org/water/article/file?id=10.1371/journal.pwat.0000233.s002&type=supplementary; https://journals.plos.org/water/article/file?id=10.1371/journal.pwat.0000233.s003&type=supplementary,8,Jess MacArthur,"Institute for Sustainable Futures, University of Technology Sydney, Sydney, Australia",Australia,https://orcid.org/0000-0002-6645-5767,Jess MacArthur,"Institute for Sustainable Futures, University of Technology Sydney, Sydney, Australia",Australia,https://orcid.org/0000-0002-6645-5767,TRUE,De-identified data has been provided in supplementary materials.,in paper,NA,NA,/Biology and life sciences/Neuroscience/Cognitive neuroscience/Consciousness; /Biology and life sciences/Neuroscience/Cognitive science/Cognitive neuroscience/Consciousness; /Engineering and technology/Measurement; /Medicine and health sciences/Health care/Environmental health/Sanitation; /Medicine and health sciences/Mental health and psychiatry; /Medicine and health sciences/Public and occupational health/Environmental health/Sanitation; /Medicine and health sciences/Public and occupational health/Hygiene; /People and places/Geographical locations/Asia/Nepal; /Physical sciences/Mathematics/Statistics/Statistical methods/Factor analysis; /Research and analysis methods/Mathematical and statistical techniques/Statistical methods/Factor analysis; /Social sciences/Sociology/Sexual and gender issues,journals.plos.org,10.1371/journal.pwat.0000233,Research Article,2024-10-17
10.1371/journal.pwat.0000325,3,12,https://journals.plos.org/water/article?id=10.1371/journal.pwat.0000325,PLOS Water,Unsafe containment: Public health risks of septic tanks discharging to drains in Dhaka Bangladesh,2024,TRUE,2,docx; pdf,https://journals.plos.org/water/article/file?id=10.1371/journal.pwat.0000325.s001&type=supplementary; https://journals.plos.org/water/article/file?id=10.1371/journal.pwat.0000325.s002&type=supplementary,8,Freya Mills,"Institute for Sustainable Futures, University of Technology Sydney, Ultimo, New South Wales, Australia",Australia,https://orcid.org/0000-0003-3406-9076,Freya Mills,"Institute for Sustainable Futures, University of Technology Sydney, Ultimo, New South Wales, Australia",Australia,https://orcid.org/0000-0003-3406-9076,TRUE,Data provided in Supporting information appendix.,in paper,NA,NA,/Biology and life sciences/Microbiology/Medical microbiology/Microbial pathogens/Bacterial pathogens; /Biology and life sciences/Microbiology/Medical microbiology/Microbial pathogens/Bacterial pathogens/Escherichia coli; /Biology and life sciences/Microbiology/Medical microbiology/Microbial pathogens/Bacterial pathogens/Shigella; /Biology and life sciences/Organisms/Bacteria/Enterobacteriaceae/Escherichia/Escherichia coli; /Biology and life sciences/Organisms/Bacteria/Gut bacteria/Escherichia/Escherichia coli; /Biology and life sciences/Organisms/Bacteria/Shigella; /Biology and life sciences/Organisms/Eukaryota/Protozoans/Parasitic protozoans/Giardia; /Earth sciences/Marine and aquatic sciences/Limnology/Effluent; /Ecology and environmental sciences/Limnology/Effluent; /Medicine and health sciences/Epidemiology/Medical risk factors; /Medicine and health sciences/Health care/Environmental health/Sanitation; /Medicine and health sciences/Pathology and laboratory medicine/Pathogens/Microbial pathogens/Bacterial pathogens; /Medicine and health sciences/Pathology and laboratory medicine/Pathogens/Microbial pathogens/Bacterial pathogens/Escherichia coli; /Medicine and health sciences/Pathology and laboratory medicine/Pathogens/Microbial pathogens/Bacterial pathogens/Shigella; /Medicine and health sciences/Public and occupational health/Environmental health/Sanitation; /Physical sciences/Materials science/Materials/Sludge; /Research and analysis methods/Animal studies/Experimental organism systems/Model organisms/Escherichia coli; /Research and analysis methods/Animal studies/Experimental organism systems/Prokaryotic models/Escherichia coli; /Research and analysis methods/Model organisms/Escherichia coli,journals.plos.org,10.1371/journal.pwat.0000325,Research Article,2024-12-19
10.1371/journal.pwat.0000464,5,3,https://journals.plos.org/water/article?id=10.1371/journal.pwat.0000464,PLOS Water,Impact of natural lagooning wastewater treatment on antibiotic-resistant bacteria in Morocco,2026,TRUE,4,tiff; cod; xlsx; vnd.openxmlformats-officedocument.wordprocessingml.document,https://journals.plos.org/water/article/file?id=10.1371/journal.pwat.0000464.s001&type=supplementary; https://journals.plos.org/water/article/file?id=10.1371/journal.pwat.0000464.s002&type=supplementary; https://journals.plos.org/water/article/file?id=10.1371/journal.pwat.0000464.s003&type=supplementary; https://journals.plos.org/water/article/file?id=10.1371/journal.pwat.0000464.s005&type=supplementary,10,Habiba Raqraq,"Team of Biotechnology and Sustainable Development of Natural Resources, Biology-Geology Department, Polydisciplinary Faculty, Sultan Moulay Slimane University, Beni Mellal, Morocco",Morocco,https://orcid.org/0009-0000-8798-6121,Habiba Raqraq,"Team of Biotechnology and Sustainable Development of Natural Resources, Biology-Geology Department, Polydisciplinary Faculty, Sultan Moulay Slimane University, Beni Mellal, Morocco",Morocco,https://orcid.org/0009-0000-8798-6121,TRUE,All underlying data are available in the Supplementary Information (S1 and S2 tables).,in paper,NA,NA,/Biology and life sciences/Microbiology/Medical microbiology/Microbial pathogens/Bacterial pathogens/Enterococcus; /Biology and life sciences/Microbiology/Microbial control/Antimicrobial resistance/Antibiotic resistance; /Biology and life sciences/Organisms/Bacteria/Enterococcus; /Biology and life sciences/Organisms/Bacteria/Pseudomonas; /Earth sciences/Marine and aquatic sciences/Limnology/Effluent; /Earth sciences/Seasons; /Ecology and environmental sciences/Limnology/Effluent; /Ecology and environmental sciences/Pollution/Water pollution; /Medicine and health sciences/Epidemiology/Medical risk factors; /Medicine and health sciences/Medical conditions/Infectious diseases/Bacterial diseases/Enterococcus infections; /Medicine and health sciences/Pathology and laboratory medicine/Pathogens/Microbial pathogens/Bacterial pathogens/Enterococcus; /Medicine and health sciences/Pharmacology/Antimicrobial resistance/Antibiotic resistance,journals.plos.org,10.1371/journal.pwat.0000464,Research Article,2026-03-24
10.1371/journal.pwat.0000316,3,11,https://journals.plos.org/water/article?id=10.1371/journal.pwat.0000316,PLOS Water,"Challenges and opportunities for advancing data-driven WASH programming: Reflections from the UNC Chapel Hill <i>Water and Health Conference</i> side event ""DATA: A key for unlocking quality in WASH programming""",2024,FALSE,0,NA,NA,7,James Brown,"Dahdaleh Institute for Global Health Research, York University, Toronto, Canada",Canada,https://orcid.org/0009-0004-7502-3570,James Brown,"Dahdaleh Institute for Global Health Research, York University, Toronto, Canada",Canada,https://orcid.org/0009-0004-7502-3570,FALSE,NA,NA,NA,NA,/Biology and life sciences/Neuroscience/Cognitive science/Cognition/Decision making; /Biology and life sciences/Neuroscience/Cognitive science/Cognitive psychology/Decision making; /Biology and life sciences/Psychology/Cognitive psychology/Decision making; /Earth sciences/Geography/Economic geography/Low and middle income countries; /Ecology and environmental sciences/Natural resources/Water resources; /Ecology and environmental sciences/Water quality; /Engineering and technology/Remote sensing; /Medicine and health sciences/Epidemiology/Medical risk factors; /Science policy/Research funding; /Social sciences/Economics/Economic geography/Low and middle income countries; /Social sciences/Political science/Governments/Local governments; /Social sciences/Psychology/Cognitive psychology/Decision making,journals.plos.org,10.1371/journal.pwat.0000316,Opinion,2024-11-21
10.1371/journal.pwat.0000225,3,9,https://journals.plos.org/water/article?id=10.1371/journal.pwat.0000225,PLOS Water,Future amazon basin wetland hydrology under projected climate change,2024,TRUE,1,docx,https://journals.plos.org/water/article/file?id=10.1371/journal.pwat.0000225.s001&type=supplementary,3,Nic Gedney,"Met Office Hadley Centre, JCHMR, Wallingford, Oxfordshire, United Kingdom",United Kingdom of Great Britain and Northern Ireland,https://orcid.org/0000-0002-2165-5239,Nic Gedney,"Met Office Hadley Centre, JCHMR, Wallingford, Oxfordshire, United Kingdom",United Kingdom of Great Britain and Northern Ireland,https://orcid.org/0000-0002-2165-5239,TRUE,"The JULES simulation data can be accessed at doi:10.5281/zenodo.10459886. The MERIT DEM [45] is accessible online (https://hydro.iis.utokyo. ac.jp/~yamadai/MERIT_DEM/, last access: 14 December 2023). The HESS [19,20] product is available online (https://daac.ornl.gov/LBA/guides/LC07_Amazon_Wetlands.html, last access: 15 May 2024). The GIEMS [10,40] product can be acquired by contacting Catherine Prigent ([email removed]@obspm.fr). The SWAMPS-GLWD [41] product can be acquired by contacting Zhen Zhang ([email removed]@itpcas.ac.cn). The WAD2M [43] product is available online (https://zenodo.org/records/3998454, last access: 15 May 2024). The WFDEI [48] dataset is available from the ftp site at IIASA, Vienna (ftp.iiasa.ac.at, username: rfdata password: forceDATA, then use: cwd/WFDEI, last access: 15 May 2024). The HELIX [37] data can be acquired by contacting John Ceasar ([email removed]@metoffice.gov.uk). Upon publication the JULES simulation data can be accessed at doi: 10.5281/zenodo.10459886.",available in online repository,https://doi.org/10.5281/zenodo.10459886; https://hydro.iis.utokyo; https://daac.ornl.gov/LBA/guides/LC07_Amazon_Wetlands.html; https://zenodo.org/records/3998454; 10.5281/zenodo.10459886,zenodo,/Earth sciences/Atmospheric science/Climatology/Climate change; /Earth sciences/Atmospheric science/Meteorology; /Earth sciences/Atmospheric science/Meteorology/Rain; /Earth sciences/Geomorphology/Topography/Landforms/Wetlands; /Earth sciences/Hydrology/Flooding; /Earth sciences/Marine and aquatic sciences/Aquatic environments/Freshwater environments/Rivers; /Earth sciences/Marine and aquatic sciences/Aquatic environments/Freshwater environments/Wetlands; /Earth sciences/Marine and aquatic sciences/Bodies of water/Rivers; /Earth sciences/Seasons; /Ecology and environmental sciences/Aquatic environments/Freshwater environments/Rivers; /Ecology and environmental sciences/Aquatic environments/Freshwater environments/Wetlands; /Research and analysis methods/Simulation and modeling,journals.plos.org,10.1371/journal.pwat.0000225,Research Article,2024-09-30
10.1371/journal.pwat.0000438,4,10,https://journals.plos.org/water/article?id=10.1371/journal.pwat.0000438,PLOS Water,Using probability difference to compare streamflow information of alternatives for efficient operation of monitoring networks,2025,TRUE,6,docx; docx; docx; a; tif; plain,https://journals.plos.org/water/article/file?id=10.1371/journal.pwat.0000438.s001&type=supplementary; https://journals.plos.org/water/article/file?id=10.1371/journal.pwat.0000438.s002&type=supplementary; https://journals.plos.org/water/article/file?id=10.1371/journal.pwat.0000438.s003&type=supplementary; https://journals.plos.org/water/article/file?id=10.1371/journal.pwat.0000438.s004&type=supplementary; https://journals.plos.org/water/article/file?id=10.1371/journal.pwat.0000438.s005&type=supplementary; https://journals.plos.org/water/article/file?id=10.1371/journal.pwat.0000438.s007&type=supplementary,3,Christopher P. Konrad,"U.S. Geological Survey, Washington Water Science Center, Tacoma, Washington, United States of America",United States of America,https://orcid.org/0000-0002-7354-547X,Christopher P. Konrad,"U.S. Geological Survey, Washington Water Science Center, Tacoma, Washington, United States of America",United States of America,https://orcid.org/0000-0002-7354-547X,TRUE,"Data derived for this work are available at Konrad CP. Site information, probability differences, and entropy-based metrics of streamflow information for the USGS continuous streamflow monitoring network, 1981-2020. US Geological Survey. Data Release, 2025. doi: 10.5066/P14W2QOU.",available in online repository,https://doi.org/10.5066/P14W2QOU; 10.5066/P14W2QOU,NA,/Computer and information sciences/Information theory/Information entropy; /Computer and information sciences/Information theory/Information entropy/Conditional entropy; /Earth sciences/Hydrology/Flooding; /Engineering and technology/Measurement; /Physical sciences/Mathematics/Probability theory/Probability distribution; /Physical sciences/Mathematics/Probability theory/Statistical distributions; /Physical sciences/Physics/Thermodynamics/Entropy; /Social sciences/Economics,journals.plos.org,10.1371/journal.pwat.0000438,Research Article,2025-10-23
10.1371/journal.pwat.0000491,5,1,https://journals.plos.org/water/article?id=10.1371/journal.pwat.0000491,PLOS Water,Source water protection and wildfire threats: A simplified vulnerability assessment framework for drinking water intakes,2026,TRUE,4,docx; docx; docx; docx,https://journals.plos.org/water/article/file?id=10.1371/journal.pwat.0000491.s001&type=supplementary; https://journals.plos.org/water/article/file?id=10.1371/journal.pwat.0000491.s002&type=supplementary; https://journals.plos.org/water/article/file?id=10.1371/journal.pwat.0000491.s003&type=supplementary; https://journals.plos.org/water/article/file?id=10.1371/journal.pwat.0000491.s004&type=supplementary,4,Evelyne Pouliot,"Department of Civil, Geological and Mining Engineering, Polytechnique Montréal, Montréal, Quebec, Canada",Canada,https://orcid.org/0009-0001-0933-2779,Evelyne Pouliot,"Department of Civil, Geological and Mining Engineering, Polytechnique Montréal, Montréal, Quebec, Canada",Canada,https://orcid.org/0009-0001-0933-2779,TRUE,All relevant data are included in the paper or its Supporting information.,in paper,NA,NA,/Biology and life sciences/Ecology/Ecosystems/Forests; /Earth sciences/Atmospheric science/Climatology/Climate change; /Earth sciences/Atmospheric science/Meteorology/Rain; /Earth sciences/Geomorphology/Erosion; /Ecology and environmental sciences/Ecology/Ecosystems/Forests; /Ecology and environmental sciences/Natural resources/Water resources; /Ecology and environmental sciences/Pollution/Water pollution; /Ecology and environmental sciences/Terrestrial environments/Forests; /Ecology and environmental sciences/Wildfires; /Physical sciences/Materials science/Materials/Contaminants,journals.plos.org,10.1371/journal.pwat.0000491,Research Article,2026-01-05
10.1371/journal.pwat.0000428,4,11,https://journals.plos.org/water/article?id=10.1371/journal.pwat.0000428,PLOS Water,Mapping valley bottom inundation patterns from beaver dam activity: A potential proxy for hydrologic inefficiency,2025,TRUE,7,docx; docx; docx; pdf; pdf; m2; xlsx,https://journals.plos.org/water/article/file?id=10.1371/journal.pwat.0000428.s001&type=supplementary; https://journals.plos.org/water/article/file?id=10.1371/journal.pwat.0000428.s002&type=supplementary; https://journals.plos.org/water/article/file?id=10.1371/journal.pwat.0000428.s003&type=supplementary; https://journals.plos.org/water/article/file?id=10.1371/journal.pwat.0000428.s004&type=supplementary; https://journals.plos.org/water/article/file?id=10.1371/journal.pwat.0000428.s005&type=supplementary; https://journals.plos.org/water/article/file?id=10.1371/journal.pwat.0000428.s006&type=supplementary; https://journals.plos.org/water/article/file?id=10.1371/journal.pwat.0000428.s007&type=supplementary,9,Karen M. Bartelt,"Department of Watershed Sciences, Utah State University, Logan, Utah, United States of America",United States of America,https://orcid.org/0000-0003-4012-1694,Karen M. Bartelt,"Department of Watershed Sciences, Utah State University, Logan, Utah, United States of America",United States of America,https://orcid.org/0000-0003-4012-1694,TRUE,All data are available in the Riverscapes Data Exchange: https://data.riverscapes.net/c/d059fa0f-bbe5-4704-8b82-5007c7564e5e/.,available in online repository,https://data.riverscapes.net/c/d059fa0f-bbe5-4704-8b82-5007c7564e5e/,NA,/Biology and life sciences/Organisms/Eukaryota/Animals/Vertebrates/Amniotes/Mammals/Rodents/Beavers; /Biology and life sciences/Zoology/Animals/Vertebrates/Amniotes/Mammals/Rodents/Beavers; /Earth sciences/Geography/Physical geography/Watersheds; /Earth sciences/Geology/Geological surveys; /Earth sciences/Geomorphology/Topography/Landforms/Valleys; /Earth sciences/Hydrology/Flooding; /Earth sciences/Hydrology/Surface water; /Earth sciences/Marine and aquatic sciences/Aquatic environments/Freshwater environments/Rivers; /Earth sciences/Marine and aquatic sciences/Bodies of water/Ponds; /Earth sciences/Marine and aquatic sciences/Bodies of water/Rivers; /Ecology and environmental sciences/Aquatic environments/Freshwater environments/Rivers,journals.plos.org,10.1371/journal.pwat.0000428,Research Article,2025-11-05
10.1371/journal.pwat.0000447,4,11,https://journals.plos.org/water/article?id=10.1371/journal.pwat.0000447,PLOS Water,Rivers are messy: Beyond the water bias in research and management,2025,FALSE,0,NA,NA,3,Bathsheba Demuth,"Brown University, Institute at Brown for Environment and Society, Providence, Rhode Island, United States of America",United States of America,https://orcid.org/0000-0002-5018-0594,Bathsheba Demuth,"Brown University, Institute at Brown for Environment and Society, Providence, Rhode Island, United States of America",United States of America,https://orcid.org/0000-0002-5018-0594,FALSE,NA,NA,NA,NA,/Biology and life sciences/Ecology/Ecosystems/Wetland ecosystems/Delta ecosystems; /Earth sciences/Geology/Petrology/Sediment; /Earth sciences/Geology/Sedimentary geology/Sediment; /Earth sciences/Hydrology/Flooding; /Earth sciences/Hydrology/Surface water; /Earth sciences/Marine and aquatic sciences/Aquatic environments/Freshwater environments/Rivers; /Earth sciences/Marine and aquatic sciences/Bodies of water/Rivers; /Ecology and environmental sciences/Aquatic environments/Freshwater environments/Rivers; /Ecology and environmental sciences/Ecology/Ecosystems/Wetland ecosystems/Delta ecosystems; /Ecology and environmental sciences/Natural resources/Water resources; /Ecology and environmental sciences/Pollution/Water pollution; /Social sciences,journals.plos.org,10.1371/journal.pwat.0000447,Review,2025-11-05
10.1371/journal.pwat.0000390,4,10,https://journals.plos.org/water/article?id=10.1371/journal.pwat.0000390,PLOS Water,Protecting streams in urban catchments from excess runoff: International examples of stormwater target guidance and implementation,2025,FALSE,0,NA,NA,9,Geoff J. Vietz,"Streamology Pty Ltd, Melbourne, Australia",Australia,https://orcid.org/0009-0009-1704-7562,Geoff J. Vietz,"Streamology Pty Ltd, Melbourne, Australia",Australia,https://orcid.org/0009-0009-1704-7562,FALSE,NA,NA,NA,NA,/Earth sciences/Geography/Human geography/Urban geography/Cities; /Earth sciences/Geography/Human geography/Urban geography/Urbanization; /Ecology and environmental sciences/Environmental chemistry/Pollutants/Urban runoff; /Ecology and environmental sciences/Pollution/Water pollution; /Ecology and environmental sciences/Terrestrial environments/Urban environments; /Engineering and technology/Civil engineering/Urban infrastructure; /People and places/Geographical locations/Oceania/Australia; /Physical sciences/Chemistry/Environmental chemistry/Pollutants/Urban runoff; /Social sciences/Human geography/Urban geography/Cities; /Social sciences/Human geography/Urban geography/Urbanization; /Social sciences/Political science/Governments/Local governments,journals.plos.org,10.1371/journal.pwat.0000390,Review,2025-10-13
10.1371/journal.pwat.0000349,4,10,https://journals.plos.org/water/article?id=10.1371/journal.pwat.0000349,PLOS Water,"Human fecal markers in environmental waters and association with indicators of human and rodent infections in urban Salvador, Bahia, Brazil",2025,TRUE,2,docx; docx,https://journals.plos.org/water/article/file?id=10.1371/journal.pwat.0000349.s001&type=supplementary; https://journals.plos.org/water/article/file?id=10.1371/journal.pwat.0000349.s002&type=supplementary,13,Fábio Neves Souza,"Institute of Collective Health, Federal University of Bahia, Salvador, Bahia, Brazil",Brazil,https://orcid.org/0000-0002-3542-8918,Federico Costa,"Institute of Collective Health, Federal University of Bahia, Salvador, Bahia, Brazil",Brazil,https://orcid.org/0000-0001-6951-2336,TRUE,All data can be found in the Supplementary Materials.,in paper,NA,NA,/Biology and life sciences/Biochemistry/Nucleic acids/DNA/Forms of DNA/Mitochondrial DNA; /Biology and life sciences/Genetics/DNA/Forms of DNA/Mitochondrial DNA; /Biology and life sciences/Organisms/Eukaryota/Animals/Invertebrates/Helminths; /Biology and life sciences/Organisms/Eukaryota/Animals/Vertebrates/Amniotes/Mammals/Rodents; /Biology and life sciences/Zoology/Animals/Invertebrates/Helminths; /Biology and life sciences/Zoology/Animals/Vertebrates/Amniotes/Mammals/Rodents; /Earth sciences/Geomorphology/Topography/Landforms/Valleys; /Medicine and health sciences/Epidemiology/Disease surveillance/Infectious disease surveillance; /Medicine and health sciences/Gastroenterology and hepatology/Gastrointestinal infections; /Medicine and health sciences/Medical conditions/Infectious diseases/Infectious disease control/Infectious disease surveillance; /Medicine and health sciences/Medical conditions/Parasitic diseases/Helminth infections; /Medicine and health sciences/Public and occupational health,journals.plos.org,10.1371/journal.pwat.0000349,Research Article,2025-10-13
10.1371/journal.pwat.0000373,4,10,https://journals.plos.org/water/article?id=10.1371/journal.pwat.0000373,PLOS Water,Interpreting drinking water quality samples: Understanding contamination pathways at the point of collection,2025,TRUE,7,docx; docx; docx; docx; xlsx; vnd.openxmlformats-officedocument.wordprocessingml.document; vnd.openxmlformats-officedocument.wordprocessingml.document,https://journals.plos.org/water/article/file?id=10.1371/journal.pwat.0000373.s001&type=supplementary; https://journals.plos.org/water/article/file?id=10.1371/journal.pwat.0000373.s002&type=supplementary; https://journals.plos.org/water/article/file?id=10.1371/journal.pwat.0000373.s003&type=supplementary; https://journals.plos.org/water/article/file?id=10.1371/journal.pwat.0000373.s004&type=supplementary; https://journals.plos.org/water/article/file?id=10.1371/journal.pwat.0000373.s005&type=supplementary; https://journals.plos.org/water/article/file?id=10.1371/journal.pwat.0000373.s007&type=supplementary; https://journals.plos.org/water/article/file?id=10.1371/journal.pwat.0000373.s008&type=supplementary,8,Katrina J. Charles,"School of Geography and the Environment, University of Oxford, Oxford, United Kingdom",United Kingdom of Great Britain and Northern Ireland,https://orcid.org/0000-0002-2236-7589,Katrina J. Charles,"School of Geography and the Environment, University of Oxford, Oxford, United Kingdom",United Kingdom of Great Britain and Northern Ireland,https://orcid.org/0000-0002-2236-7589,TRUE,"The MICS datasets analysed during the current study are available from the MICS website, https://mics.unicef.org/ The icddr,b datasets in Table 1, used and analysed during the current study, are included in the Supporting information.",available in online repository,https://mics.unicef.org/,NA,/Biology and life sciences/Microbiology/Medical microbiology/Microbial pathogens/Bacterial pathogens/Escherichia coli; /Biology and life sciences/Organisms/Bacteria/Enterobacteriaceae/Escherichia/Escherichia coli; /Biology and life sciences/Organisms/Bacteria/Gut bacteria/Escherichia/Escherichia coli; /Ecology and environmental sciences/Natural resources/Water resources; /Ecology and environmental sciences/Pollution/Water pollution; /Ecology and environmental sciences/Water quality; /Engineering and technology/Environmental engineering/Water management; /Medicine and health sciences/Epidemiology/Medical risk factors; /Medicine and health sciences/Health care/Environmental health/Sanitation; /Medicine and health sciences/Pathology and laboratory medicine/Pathogens/Microbial pathogens/Bacterial pathogens/Escherichia coli; /Medicine and health sciences/Public and occupational health/Environmental health/Sanitation; /Medicine and health sciences/Public and occupational health/Hygiene; /Research and analysis methods/Animal studies/Experimental organism systems/Model organisms/Escherichia coli; /Research and analysis methods/Animal studies/Experimental organism systems/Prokaryotic models/Escherichia coli; /Research and analysis methods/Model organisms/Escherichia coli,journals.plos.org,10.1371/journal.pwat.0000373,Research Article,2025-10-14
10.1371/journal.pwat.0000348,4,11,https://journals.plos.org/water/article?id=10.1371/journal.pwat.0000348,PLOS Water,Tap water consumption amongst a cohort of UK twins is linked to perceptions of taste and health benefits,2025,TRUE,5,docx; a; pdf; vnd.openxmlformats-officedocument.wordprocessingml.document; vnd.openxmlformats-officedocument.wordprocessingml.document,https://journals.plos.org/water/article/file?id=10.1371/journal.pwat.0000348.s001&type=supplementary; https://journals.plos.org/water/article/file?id=10.1371/journal.pwat.0000348.s002&type=supplementary; https://journals.plos.org/water/article/file?id=10.1371/journal.pwat.0000348.s003&type=supplementary; https://journals.plos.org/water/article/file?id=10.1371/journal.pwat.0000348.s005&type=supplementary; https://journals.plos.org/water/article/file?id=10.1371/journal.pwat.0000348.s006&type=supplementary,11,Daniel N. Schillereff,"Department of Geography, King’s College London, London, United Kingdom",United Kingdom of Great Britain and Northern Ireland,https://orcid.org/0000-0002-4928-6068,Daniel N. Schillereff,"Department of Geography, King’s College London, London, United Kingdom",United Kingdom of Great Britain and Northern Ireland,https://orcid.org/0000-0002-4928-6068,TRUE,"Our study makes use of personal health behaviour data and demographic characteristics for individuals. Therefore, under UK data governance laws and the data governance protocols by which ethical approval for this study was granted, our questionnaire and demographic data is only available following reasonable request to the TwinsUK Data Access Committee. Information on data access and how to apply is available at https://twinsuk.ac.uk/researchers/access-data-and-samples/request-access/. All analytical R scripts used for this analysis can be found via our GitHub repository https://github.com/RuthBowyer/TwinsUKTapWaterConsumption commit reference 21c2baa at time of resubmission.",available in online repository,https://twinsuk.ac.uk/researchers/access-data-and-samples/request-access/; https://github.com/RuthBowyer/TwinsUKTapWaterConsumption,github,/Biology and life sciences/Developmental biology/Twins; /Biology and life sciences/Genetics; /Biology and life sciences/Genetics/Heredity; /Biology and life sciences/Neuroscience/Cognitive science/Cognitive psychology/Perception/Sensory perception; /Biology and life sciences/Neuroscience/Sensory perception; /Biology and life sciences/Nutrition/Diet; /Biology and life sciences/Psychology/Cognitive psychology/Perception/Sensory perception; /Ecology and environmental sciences/Natural resources/Water resources; /Medicine and health sciences/Nutrition/Diet; /People and places/Population groupings/Age groups; /Research and analysis methods/Research design/Survey research/Questionnaires; /Social sciences/Psychology/Cognitive psychology/Perception/Sensory perception,journals.plos.org,10.1371/journal.pwat.0000348,Research Article,2025-11-26
10.1371/journal.pwat.0000354,4,3,https://journals.plos.org/water/article?id=10.1371/journal.pwat.0000354,PLOS Water,Correction: Application of watershed-scale habitat modeling and decision-support tools for reservoir reoperations in coastal northern California,2025,FALSE,0,NA,NA,5,Doug Chalmers,NA,NA,NA,NA,NA,NA,NA,FALSE,NA,NA,NA,NA,NA,journals.plos.org,10.1371/journal.pwat.0000354,Correction,2025-03-05
10.1371/journal.pwat.0000189,4,1,https://journals.plos.org/water/article?id=10.1371/journal.pwat.0000189,PLOS Water,"Infection prevention and control and water, sanitation, and hygiene status of healthcare facilities in the Greater Kampala Metropolitan region during the COVID-19 pandemic in Uganda",2025,TRUE,7,docx; xlsx; vnd.oasis.opendocument.text; vnd.oasis.opendocument.text; vnd.openxmlformats-officedocument.wordprocessingml.document; vnd.openxmlformats-officedocument.wordprocessingml.document; vnd.oasis.opendocument.text,https://journals.plos.org/water/article/file?id=10.1371/journal.pwat.0000189.s001&type=supplementary; https://journals.plos.org/water/article/file?id=10.1371/journal.pwat.0000189.s002&type=supplementary; https://journals.plos.org/water/article/file?id=10.1371/journal.pwat.0000189.s003&type=supplementary; https://journals.plos.org/water/article/file?id=10.1371/journal.pwat.0000189.s004&type=supplementary; https://journals.plos.org/water/article/file?id=10.1371/journal.pwat.0000189.s005&type=supplementary; https://journals.plos.org/water/article/file?id=10.1371/journal.pwat.0000189.s006&type=supplementary; https://journals.plos.org/water/article/file?id=10.1371/journal.pwat.0000189.s007&type=supplementary,17,Richard K. Mugambe,"Department of Disease Control and Environmental Health, School of Public Health, College of Health Sciences, Makerere University, Kampala, Uganda",Uganda,https://orcid.org/0000-0003-2311-5436,Richard K. Mugambe,"Department of Disease Control and Environmental Health, School of Public Health, College of Health Sciences, Makerere University, Kampala, Uganda",Uganda,https://orcid.org/0000-0003-2311-5436,TRUE,All relevant data is provided in S1 Dataset.,in paper,NA,NA,/Biology and life sciences/Anatomy/Body limbs/Arms/Hands; /Ecology and environmental sciences/Natural resources/Water resources; /Medicine and health sciences/Anatomy/Body limbs/Arms/Hands; /Medicine and health sciences/Epidemiology/Pandemics; /Medicine and health sciences/Health care/Environmental health; /Medicine and health sciences/Health care/Environmental health/Sanitation; /Medicine and health sciences/Health care/Health care facilities; /Medicine and health sciences/Medical conditions/Infectious diseases/Viral diseases/COVID 19; /Medicine and health sciences/Public and occupational health/Environmental health; /Medicine and health sciences/Public and occupational health/Environmental health/Sanitation; /Medicine and health sciences/Public and occupational health/Hygiene,journals.plos.org,10.1371/journal.pwat.0000189,Research Article,2025-01-16
10.1371/journal.pwat.0000471,4,12,https://journals.plos.org/water/article?id=10.1371/journal.pwat.0000471,PLOS Water,Use of the household water insecurity experiences (HWISE) scale to evaluate rural water delivery in small Ecuadorian communities,2025,TRUE,5,docx; docx; docx; vnd.openxmlformats-officedocument.wordprocessingml.document; vnd.openxmlformats-officedocument.wordprocessingml.document,https://journals.plos.org/water/article/file?id=10.1371/journal.pwat.0000471.s001&type=supplementary; https://journals.plos.org/water/article/file?id=10.1371/journal.pwat.0000471.s002&type=supplementary; https://journals.plos.org/water/article/file?id=10.1371/journal.pwat.0000471.s003&type=supplementary; https://journals.plos.org/water/article/file?id=10.1371/journal.pwat.0000471.s005&type=supplementary; https://journals.plos.org/water/article/file?id=10.1371/journal.pwat.0000471.s006&type=supplementary,9,Gwenyth O. Lee,"Rutgers Global Health Institute and Department of Biostatistics and Epidemiology, Rutgers, The State University of New Jersey, New Brunswick, New Jersey, United States of America",United States of America,https://orcid.org/0000-0002-7889-3852,Samuel B. Schlesinger,"Green Empowerment, Portland, Oregon, United States of America",United States of America,https://orcid.org/0000-0001-9787-5601,TRUE,Data are uploaded to a Dryad data repository (https://doi.org/10.5061/dryad.5hqbzkhjh).,available in online repository,https://doi.org/10.5061/dryad.5hqbzkhjh; 10.5061/dryad.5hqbzkhjh,dryad,/Earth sciences/Hydrology/Surface water; /Ecology and environmental sciences/Natural resources/Water resources; /Ecology and environmental sciences/Water quality; /Engineering and technology/Environmental engineering/Water management; /People and places/Geographical locations/South America/Ecuador; /People and places/Population groupings/Ethnicities/Latin American people; /People and places/Population groupings/Ethnicities/Native American people/Quechua people; /Research and analysis methods/Research design/Survey research/Surveys,journals.plos.org,10.1371/journal.pwat.0000471,Research Article,2025-12-02
10.1371/journal.pwat.0000463,4,11,https://journals.plos.org/water/article?id=10.1371/journal.pwat.0000463,PLOS Water,"Correction: Assessing the impact of rightsizing drinking water infrastructure system in Flint, Michigan",2025,TRUE,2,pdf; pdf,https://journals.plos.org/water/article/file?id=10.1371/journal.pwat.0000463.s001&type=supplementary; https://journals.plos.org/water/article/file?id=10.1371/journal.pwat.0000463.s002&type=supplementary,1,NA NA,NA,NA,NA,NA,NA,NA,NA,FALSE,NA,NA,NA,NA,NA,journals.plos.org,10.1371/journal.pwat.0000463,Correction,2025-11-03
10.1371/journal.pwat.0000458,4,11,https://journals.plos.org/water/article?id=10.1371/journal.pwat.0000458,PLOS Water,Assessing climate and water information systems affordances for the agricultural sector in western United States,2025,TRUE,3,docx; docx; docx,https://journals.plos.org/water/article/file?id=10.1371/journal.pwat.0000458.s001&type=supplementary; https://journals.plos.org/water/article/file?id=10.1371/journal.pwat.0000458.s002&type=supplementary; https://journals.plos.org/water/article/file?id=10.1371/journal.pwat.0000458.s003&type=supplementary,6,Jaishri Srinivasan,"University of California Merced, Merced, California, United States of America",United States of America,https://orcid.org/0000-0003-3624-0754,Jaishri Srinivasan,"University of California Merced, Merced, California, United States of America",United States of America,https://orcid.org/0000-0003-3624-0754,TRUE,All data pertaining to the manuscript are included in the tables and figures and in supplementary information.,in paper,NA,NA,/Biology and life sciences/Neuroscience/Cognitive science/Cognition/Decision making; /Biology and life sciences/Neuroscience/Cognitive science/Cognitive psychology/Decision making; /Biology and life sciences/Psychology/Cognitive psychology/Decision making; /Computer and information sciences/Data management; /Earth sciences/Atmospheric science/Climatology/Climate change; /Ecology and environmental sciences/Natural resources/Water resources; /Engineering and technology/Environmental engineering/Water management; /People and places/Geographical locations/North America/United States/California; /People and places/Geographical locations/North America/United States/New Mexico; /People and places/Geographical locations/North America/United States/Utah; /Social sciences/Psychology/Cognitive psychology/Decision making,journals.plos.org,10.1371/journal.pwat.0000458,Research Article,2025-11-03
10.1371/journal.pwat.0000344,4,8,https://journals.plos.org/water/article?id=10.1371/journal.pwat.0000344,PLOS Water,Current international tools and guidance for the implementation of hand hygiene recommendations in community settings: a scoping review,2025,TRUE,11,doc; doc; doc; doc; doc; doc; doc; doc; doc; pdf; vnd.openxmlformats-officedocument.wordprocessingml.document,https://journals.plos.org/water/article/file?id=10.1371/journal.pwat.0000344.s001&type=supplementary; https://journals.plos.org/water/article/file?id=10.1371/journal.pwat.0000344.s002&type=supplementary; https://journals.plos.org/water/article/file?id=10.1371/journal.pwat.0000344.s003&type=supplementary; https://journals.plos.org/water/article/file?id=10.1371/journal.pwat.0000344.s004&type=supplementary; https://journals.plos.org/water/article/file?id=10.1371/journal.pwat.0000344.s005&type=supplementary; https://journals.plos.org/water/article/file?id=10.1371/journal.pwat.0000344.s006&type=supplementary; https://journals.plos.org/water/article/file?id=10.1371/journal.pwat.0000344.s007&type=supplementary; https://journals.plos.org/water/article/file?id=10.1371/journal.pwat.0000344.s008&type=supplementary; https://journals.plos.org/water/article/file?id=10.1371/journal.pwat.0000344.s009&type=supplementary; https://journals.plos.org/water/article/file?id=10.1371/journal.pwat.0000344.s010&type=supplementary; https://journals.plos.org/water/article/file?id=10.1371/journal.pwat.0000344.s011&type=supplementary,14,Clara MacLeod,"Department of Disease Control, London School of Hygiene and Tropical Medicine, Faculty of Infectious and Tropical Diseases, London, United Kingdom",United Kingdom of Great Britain and Northern Ireland,https://orcid.org/0000-0001-6952-9103,Clara MacLeod,"Department of Disease Control, London School of Hygiene and Tropical Medicine, Faculty of Infectious and Tropical Diseases, London, United Kingdom",United Kingdom of Great Britain and Northern Ireland,https://orcid.org/0000-0001-6952-9103,TRUE,The data extracted for this scoping review is included in S8 Table of the Supplementary information.,in paper,NA,NA,/Engineering and technology/Measurement; /Medicine and health sciences/Health care/Environmental health/Sanitation; /Medicine and health sciences/Medical conditions/Disabilities; /Medicine and health sciences/Public and occupational health; /Medicine and health sciences/Public and occupational health/Environmental health/Sanitation; /Medicine and health sciences/Public and occupational health/Hygiene; /Research and analysis methods/Database and informatics methods/Database searching; /Research and analysis methods/Research assessment/Systematic reviews; /Social sciences/Sociology/Education/Schools,journals.plos.org,10.1371/journal.pwat.0000344,Research Article,2025-08-20
10.1371/journal.pwat.0000411,4,8,https://journals.plos.org/water/article?id=10.1371/journal.pwat.0000411,PLOS Water,"Advancing the evidence for water, sanitation, and hygiene (WASH) systems strengthening: A Delphi study to define research priorities",2025,TRUE,1,docx,https://journals.plos.org/water/article/file?id=10.1371/journal.pwat.0000411.s001&type=supplementary,14,Lauren D’Mello-Guyett,"Department of Disease Control, Faculty of Infectious and Tropical Diseases, London School of Hygiene & Tropical Medicine, London, United Kingdom",United Kingdom of Great Britain and Northern Ireland,https://orcid.org/0000-0002-8174-1737,Lauren D’Mello-Guyett,"Department of Disease Control, Faculty of Infectious and Tropical Diseases, London School of Hygiene & Tropical Medicine, London, United Kingdom",United Kingdom of Great Britain and Northern Ireland,https://orcid.org/0000-0002-8174-1737,TRUE,All relevant data are within the paper.,in paper,NA,NA,/Biology and life sciences/Neuroscience/Cognitive science/Cognition/Decision making; /Biology and life sciences/Neuroscience/Cognitive science/Cognitive psychology/Decision making; /Biology and life sciences/Psychology/Cognitive psychology/Decision making; /Earth sciences/Atmospheric science/Climatology/Climate change; /Ecology and environmental sciences/Natural resources/Water resources; /Ecology and environmental sciences/Sustainability science; /Medicine and health sciences/Health care/Environmental health/Sanitation; /Medicine and health sciences/Public and occupational health/Environmental health/Sanitation; /Research and analysis methods/Research design/Survey research; /Research and analysis methods/Research design/Survey research/Surveys; /Social sciences/Economics/Finance; /Social sciences/Psychology/Cognitive psychology/Decision making,journals.plos.org,10.1371/journal.pwat.0000411,Research Article,2025-08-20
10.1371/journal.pwat.0000529,5,3,https://journals.plos.org/water/article?id=10.1371/journal.pwat.0000529,PLOS Water,Macroeconomic modeling of water resources: Conceptual and methodological challenges in CGE frameworks,2026,FALSE,0,NA,NA,2,Roberto Roson,"Department of Economics, Ca’ Foscari University of Venice, Venice, Italy",Italy,https://orcid.org/0000-0003-2110-5883,Martina Sartori,"Department of Economics, Statistics and Business, Universitas Mercatorum, Rome, Italy",Italy,https://orcid.org/0000-0002-2794-0532,FALSE,NA,NA,NA,NA,/Earth sciences/Atmospheric science/Climatology/Climate change; /Earth sciences/Seasons; /Ecology and environmental sciences/Natural resources/Water resources; /Ecology and environmental sciences/Water quality; /Engineering and technology/Civil engineering/Urban infrastructure; /Engineering and technology/Environmental engineering/Water management; /Physical sciences/Chemistry/Analytical chemistry/Chemical analysis/Water analysis; /Social sciences/Economics,journals.plos.org,10.1371/journal.pwat.0000529,Review,2026-03-23
10.1371/journal.pwat.0000520,5,5,https://journals.plos.org/water/article?id=10.1371/journal.pwat.0000520,PLOS Water,Assessment of primary production in optically complex waters: Towards a generalized bio-optical modelling approach,2026,TRUE,2,docx; docx,https://journals.plos.org/water/article/file?id=10.1371/journal.pwat.0000520.s001&type=supplementary; https://journals.plos.org/water/article/file?id=10.1371/journal.pwat.0000520.s002&type=supplementary,5,Jonas Wydler,"Department of Surface Waters - Research and Management, Swiss Federal Institute of Aquatic Science and Technology (EAWAG), Zurich, Switzerland",Switzerland,https://orcid.org/0009-0001-3808-9800,Jonas Wydler,"Department of Surface Waters - Research and Management, Swiss Federal Institute of Aquatic Science and Technology (EAWAG), Zurich, Switzerland",Switzerland,https://orcid.org/0009-0001-3808-9800,TRUE,Data for Lake Geneva were sourced from the Observatory on Lakes (OLA) programme (https://si-ola.inra.fr/si_lacs/). The Estonian lakes dataset is available via the data repository of the Estonian University of Life Sciences (https://doi.org/10.15159/eds.dt.26.01). Data for the Baltic Sea were accessed via the SHARKweb portal (https://shark.smhi.se/). Hourly surface shortwave radiation (SSRD) was downloaded from the ERA5 reanalysis via the Copernicus Climate Data Store (https://cds.climate.copernicus.eu). All other relevant data are within the manuscript and its Supporting Information files.,available in online repository,https://si-ola.inra.fr/si_lacs/; https://doi.org/10.15159/eds.dt.26.01; https://shark.smhi.se/; https://cds.climate.copernicus.eu; 10.15159/eds.dt.26.01,NA,/Biology and life sciences/Biochemistry/Plant biochemistry/Photosynthesis; /Biology and life sciences/Organisms/Eukaryota/Animals/Invertebrates/Plankton/Phytoplankton; /Biology and life sciences/Organisms/Eukaryota/Plants/Algae/Phytoplankton; /Biology and life sciences/Physiology/Plant physiology/Photoinhibition; /Biology and life sciences/Plant science/Plant biochemistry/Photosynthesis; /Biology and life sciences/Plant science/Plant physiology/Photoinhibition; /Biology and life sciences/Zoology/Animals/Invertebrates/Plankton/Phytoplankton; /Earth sciences/Hydrology/Surface water; /Earth sciences/Marine and aquatic sciences/Aquatic environments/Freshwater environments/Fresh water; /Earth sciences/Marine and aquatic sciences/Aquatic environments/Freshwater environments/Lakes; /Earth sciences/Marine and aquatic sciences/Bodies of water/Baltic Sea; /Earth sciences/Marine and aquatic sciences/Bodies of water/Lakes; /Ecology and environmental sciences/Aquatic environments/Freshwater environments/Fresh water; /Ecology and environmental sciences/Aquatic environments/Freshwater environments/Lakes; /Physical sciences/Physics/Electromagnetic radiation/Light,journals.plos.org,10.1371/journal.pwat.0000520,Research Article,2026-05-20
10.1371/journal.pwat.0000547,5,5,https://journals.plos.org/water/article?id=10.1371/journal.pwat.0000547,PLOS Water,Satisfaction and willingness-to-pay for water services in rural northern Ghana: Do we need intermediary steps toward safely managed services?,2026,TRUE,3,pdf; xlsx; docx,https://journals.plos.org/water/article/file?id=10.1371/journal.pwat.0000547.s001&type=supplementary; https://journals.plos.org/water/article/file?id=10.1371/journal.pwat.0000547.s002&type=supplementary; https://journals.plos.org/water/article/file?id=10.1371/journal.pwat.0000547.s003&type=supplementary,8,John Trimmer,"The Aquaya Institute, Nairobi, Kenya",Kenya,NA,Valerie Bauza,"The Aquaya Institute, San Anselmo, California, United States of America",United States of America,https://orcid.org/0000-0003-1919-0767,TRUE,All relevant data are included in the article and its Supporting information files.,in paper,NA,NA,/Earth sciences/Geography/Human geography/Urban geography/Towns; /Earth sciences/Hydrology/Surface water; /Ecology and environmental sciences/Natural resources/Water resources; /Ecology and environmental sciences/Water quality; /Engineering and technology/Environmental engineering/Water management; /Medicine and health sciences/Health care/Environmental health/Sanitation; /Medicine and health sciences/Public and occupational health/Environmental health/Sanitation; /People and places/Geographical locations/Africa/Ghana; /Research and analysis methods/Research design/Survey research/Surveys; /Social sciences/Human geography/Urban geography/Towns,journals.plos.org,10.1371/journal.pwat.0000547,Research Article,2026-05-08
10.1371/journal.pwat.0000511,5,5,https://journals.plos.org/water/article?id=10.1371/journal.pwat.0000511,PLOS Water,Application of an integrated GIS-AHP water quality index to evaluate the groundwater suitability for irrigation in a coastal aquifer in northeastern Algeria,2026,TRUE,4,docx; vnd.openxmlformats-officedocument.wordprocessingml.document; vnd.openxmlformats-officedocument.wordprocessingml.document; vnd.openxmlformats-officedocument.wordprocessingml.document,https://journals.plos.org/water/article/file?id=10.1371/journal.pwat.0000511.s001&type=supplementary; https://journals.plos.org/water/article/file?id=10.1371/journal.pwat.0000511.s002&type=supplementary; https://journals.plos.org/water/article/file?id=10.1371/journal.pwat.0000511.s005&type=supplementary; https://journals.plos.org/water/article/file?id=10.1371/journal.pwat.0000511.s004&type=supplementary,9,Faouzi Zahi,"Laboratory of Geological Engineering, Faculty of Natural and Life Sciences, University of Jijel, Jijel, Algeria",Algeria,https://orcid.org/0000-0001-6134-8500,Mohamed A. E. AbdelRahman,"Division of Environmental Studies and Land Use, National Authority for Remote Sensing and Space Sciences (NARSS), Cairo, Egypt",Egypt,https://orcid.org/0000-0001-8639-591X,TRUE,All relevant data are within the paper and its Supporting information files.,in paper,NA,NA,/Biology and life sciences/Agriculture/Agricultural methods/Agricultural irrigation; /Biology and life sciences/Agriculture/Agricultural soil science; /Computer and information sciences/Geoinformatics/Geographic information systems; /Earth sciences/Geography/Geoinformatics/Geographic information systems; /Earth sciences/Soil science/Agricultural soil science; /Ecology and environmental sciences/Sustainability science; /Ecology and environmental sciences/Water quality; /Physical sciences/Chemistry/Chemical properties/Salinity; /Physical sciences/Chemistry/Physical chemistry/Chemical properties/Salinity; /Physical sciences/Materials science/Material properties/Permeability; /Physical sciences/Physics/Electricity/Electric conductivity,journals.plos.org,10.1371/journal.pwat.0000511,Research Article,2026-05-11
10.1371/journal.pwat.0000467,5,5,https://journals.plos.org/water/article?id=10.1371/journal.pwat.0000467,PLOS Water,Predicting household piped water consumption using satellite and street view images in two Indian cities,2026,TRUE,2,docx; vnd.openxmlformats-officedocument.wordprocessingml.document,https://journals.plos.org/water/article/file?id=10.1371/journal.pwat.0000467.s001&type=supplementary; https://journals.plos.org/water/article/file?id=10.1371/journal.pwat.0000467.s002&type=supplementary,4,Qiao Wang,"World Bank, Washington, District of Columbia, United States of America",United States of America,https://orcid.org/0009-0004-3848-9224,Qiao Wang,"World Bank, Washington, District of Columbia, United States of America",United States of America,https://orcid.org/0009-0004-3848-9224,TRUE,The Data Availability statement is under discussion and will be provided in a forthcoming update to this article.,NA,NA,NA,/Biology and life sciences/Population biology/Population metrics/Population density; /Earth sciences/Geography/Human geography/Urban geography/Cities; /Ecology and environmental sciences/Natural resources/Water resources; /Engineering and technology/Civil engineering/Transportation infrastructure; /Engineering and technology/Civil engineering/Transportation infrastructure/Roads; /Engineering and technology/Civil engineering/Urban infrastructure; /Engineering and technology/Environmental engineering/Water management; /Engineering and technology/Transportation/Transportation infrastructure; /Engineering and technology/Transportation/Transportation infrastructure/Roads; /People and places/Geographical locations/Asia/India; /Social sciences/Human geography/Urban geography/Cities,journals.plos.org,10.1371/journal.pwat.0000467,Research Article,2026-05-14
10.1371/journal.pwat.0000429,5,5,https://journals.plos.org/water/article?id=10.1371/journal.pwat.0000429,PLOS Water,Socio-health vulnerabilities and diarrheal disease risks in rural Burkina Faso: A livelihoods approach,2026,TRUE,11,tif; tif; tif; xlsx; xlsx; xlsx; xlsx; xlsx; xlsx; docx; docx,https://journals.plos.org/water/article/file?id=10.1371/journal.pwat.0000429.s001&type=supplementary; https://journals.plos.org/water/article/file?id=10.1371/journal.pwat.0000429.s002&type=supplementary; https://journals.plos.org/water/article/file?id=10.1371/journal.pwat.0000429.s003&type=supplementary; https://journals.plos.org/water/article/file?id=10.1371/journal.pwat.0000429.s004&type=supplementary; https://journals.plos.org/water/article/file?id=10.1371/journal.pwat.0000429.s005&type=supplementary; https://journals.plos.org/water/article/file?id=10.1371/journal.pwat.0000429.s006&type=supplementary; https://journals.plos.org/water/article/file?id=10.1371/journal.pwat.0000429.s007&type=supplementary; https://journals.plos.org/water/article/file?id=10.1371/journal.pwat.0000429.s008&type=supplementary; https://journals.plos.org/water/article/file?id=10.1371/journal.pwat.0000429.s009&type=supplementary; https://journals.plos.org/water/article/file?id=10.1371/journal.pwat.0000429.s010&type=supplementary; https://journals.plos.org/water/article/file?id=10.1371/journal.pwat.0000429.s011&type=supplementary,7,Yasmina Rufine Karambiri,"LERMIT, Joseph Ki-Zerbo University, Ouagadougou, Burkina Faso",Burkina Faso,https://orcid.org/0009-0005-0079-5661,Yasmina Rufine Karambiri,"LERMIT, Joseph Ki-Zerbo University, Ouagadougou, Burkina Faso",Burkina Faso,https://orcid.org/0009-0005-0079-5661,TRUE,The survey questionnaire used in this study is available in Karambiri et al. (2025a) at https://doi.org/10.34847/NKL.BB095S96 and as Supplementary Information (S2 File). Location data for all layers can be found on Indigeo in Karambiri et al. (2025b) at https://doi.org/10.35110/483e7a4f-008b-4a8d-af16-e6ba006cff69.,available in online repository,https://doi.org/10.34847/NKL.BB095S96; https://doi.org/10.35110/483e7a4f-008b-4a8d-af16-e6ba006cff69; 10.34847/NKL.BB095S96; 10.35110/483e7a4f-008b-4a8d-af16-e6ba006cff69,NA,/Earth sciences/Hydrology/Surface water; /Ecology and environmental sciences/Natural resources/Water resources; /Medicine and health sciences/Clinical medicine/Signs and symptoms/Diarrhea; /Medicine and health sciences/Epidemiology/Medical risk factors; /Medicine and health sciences/Gastroenterology and hepatology/Diarrhea; /Medicine and health sciences/Health care/Environmental health/Sanitation; /Medicine and health sciences/Public and occupational health/Environmental health/Sanitation; /Medicine and health sciences/Public and occupational health/Hygiene; /Social sciences/Economics/Finance; /Social sciences/Economics/Human capital,journals.plos.org,10.1371/journal.pwat.0000429,Research Article,2026-05-15
10.1371/journal.pwat.0000550,5,5,https://journals.plos.org/water/article?id=10.1371/journal.pwat.0000550,PLOS Water,"Ancestral sociohydrology: Transforming water research by learning from multiple ways of knowing, relating to, and governing water",2026,FALSE,0,NA,NA,8,Luigi Piemontese,"Department of Agriculture, Food, Environment and Forestry, University of Florence, Florence, Italy",Italy,https://orcid.org/0000-0002-1600-5450,Luigi Piemontese,"Department of Agriculture, Food, Environment and Forestry, University of Florence, Florence, Italy",Italy,https://orcid.org/0000-0002-1600-5450,FALSE,NA,NA,NA,NA,/Biology and life sciences/Ecology/Community ecology; /Biology and life sciences/Ecology/Spatial and landscape ecology; /Earth sciences/Hydrology; /Earth sciences/Hydrology/Surface water; /Earth sciences/Hydrology/Water cycle; /Ecology and environmental sciences/Ecology/Community ecology; /Ecology and environmental sciences/Ecology/Spatial and landscape ecology; /Ecology and environmental sciences/Natural resources/Water resources; /People and places/Population groupings/Ethnicities/Native American people/Zapotec people; /Social sciences/Sociology/Culture,journals.plos.org,10.1371/journal.pwat.0000550,Essay,2026-05-04
10.1371/journal.pwat.0000468,5,4,https://journals.plos.org/water/article?id=10.1371/journal.pwat.0000468,PLOS Water,"Persistence and UV inactivation of SARS-CoV-2 in wastewater: Experimental characterization of time, temperature, and aerosolization effects",2026,TRUE,5,docx; docx; docx; docx; docx,https://journals.plos.org/water/article/file?id=10.1371/journal.pwat.0000468.s001&type=supplementary; https://journals.plos.org/water/article/file?id=10.1371/journal.pwat.0000468.s002&type=supplementary; https://journals.plos.org/water/article/file?id=10.1371/journal.pwat.0000468.s003&type=supplementary; https://journals.plos.org/water/article/file?id=10.1371/journal.pwat.0000468.s004&type=supplementary; https://journals.plos.org/water/article/file?id=10.1371/journal.pwat.0000468.s005&type=supplementary,11,Justin M. Donovan,"Department of Microbiology and Immunology, Western University, London, Ontario, Canada",Canada,https://orcid.org/0000-0001-9292-4793,Eric J. Arts,"Department of Microbiology and Immunology, Western University, London, Ontario, Canada",Canada,NA,TRUE,https://doi.org/10.5281/zenodo.15691570.,available in online repository,https://doi.org/10.5281/zenodo.15691570; 10.5281/zenodo.15691570,zenodo,/Biology and life sciences/Microbiology/Medical microbiology/Microbial pathogens/Viral pathogens/Coronaviruses/SARS coronavirus/SARS CoV 2; /Biology and life sciences/Microbiology/Virology/Viral replication; /Biology and life sciences/Organisms/Viruses/RNA viruses/Coronaviruses/SARS coronavirus/SARS CoV 2; /Biology and life sciences/Organisms/Viruses/Viral pathogens/Coronaviruses/SARS coronavirus/SARS CoV 2; /Medicine and health sciences/Epidemiology/Medical risk factors; /Medicine and health sciences/Health care/Sanitization/Disinfection; /Medicine and health sciences/Medical conditions/Infectious diseases/Infectious disease control/Sanitization/Disinfection; /Medicine and health sciences/Medical conditions/Infectious diseases/Respiratory infections; /Medicine and health sciences/Medical conditions/Respiratory disorders/Respiratory infections; /Medicine and health sciences/Pathology and laboratory medicine/Pathogens/Microbial pathogens/Viral pathogens/Coronaviruses/SARS coronavirus/SARS CoV 2; /Medicine and health sciences/Public and occupational health; /Medicine and health sciences/Public and occupational health/Preventive medicine/Sanitization/Disinfection; /Medicine and health sciences/Pulmonology/Respiratory disorders/Respiratory infections; /Physical sciences/Materials science/Materials/Mixtures/Aerosols; /Physical sciences/Physics/Electromagnetic radiation/Light/Ultraviolet radiation,journals.plos.org,10.1371/journal.pwat.0000468,Research Article,2026-04-29
10.1371/journal.pwat.0000543,5,5,https://journals.plos.org/water/article?id=10.1371/journal.pwat.0000543,PLOS Water,Guiding principles for establishing and strengthening environmental microbiology laboratories for public health in resource-limited settings,2026,FALSE,0,NA,NA,9,Jennifer Murphy,"Waterborne Disease Prevention Branch, Centers for Disease Control and Prevention, Atlanta, Georgia, United States of America",United States of America,NA,Jennifer Murphy,"Waterborne Disease Prevention Branch, Centers for Disease Control and Prevention, Atlanta, Georgia, United States of America",United States of America,NA,FALSE,NA,NA,NA,NA,/Biology and life sciences/Ecology/Microbial ecology; /Biology and life sciences/Microbiology/Microbial ecology; /Computer and information sciences/Data management; /Ecology and environmental sciences/Ecology/Microbial ecology; /Ecology and environmental sciences/Sustainability science; /Ecology and environmental sciences/Water quality; /Engineering and technology/Civil engineering/Urban infrastructure; /Medicine and health sciences/Diagnostic medicine/Clinical laboratory sciences/Clinical laboratories; /Medicine and health sciences/Public and occupational health; /Research and analysis methods/Research facilities/Research laboratories/Government laboratories,journals.plos.org,10.1371/journal.pwat.0000543,Opinion,2026-05-04
10.1371/journal.pwat.0000520,5,5,https://journals.plos.org/water/article?id=10.1371/journal.pwat.0000520,PLOS Water,Assessment of primary production in optically complex waters: Towards a generalized bio-optical modelling approach,2026,TRUE,2,docx; docx,https://journals.plos.org/water/article/file?id=10.1371/journal.pwat.0000520.s001&type=supplementary; https://journals.plos.org/water/article/file?id=10.1371/journal.pwat.0000520.s002&type=supplementary,5,Jonas Wydler,"Department of Surface Waters - Research and Management, Swiss Federal Institute of Aquatic Science and Technology (EAWAG), Zurich, Switzerland",Switzerland,https://orcid.org/0009-0001-3808-9800,Jonas Wydler,"Department of Surface Waters - Research and Management, Swiss Federal Institute of Aquatic Science and Technology (EAWAG), Zurich, Switzerland",Switzerland,https://orcid.org/0009-0001-3808-9800,TRUE,Data for Lake Geneva were sourced from the Observatory on Lakes (OLA) programme (https://si-ola.inra.fr/si_lacs/). The Estonian lakes dataset is available via the data repository of the Estonian University of Life Sciences (https://doi.org/10.15159/eds.dt.26.01). Data for the Baltic Sea were accessed via the SHARKweb portal (https://shark.smhi.se/). Hourly surface shortwave radiation (SSRD) was downloaded from the ERA5 reanalysis via the Copernicus Climate Data Store (https://cds.climate.copernicus.eu). All other relevant data are within the manuscript and its Supporting Information files.,available in online repository,https://si-ola.inra.fr/si_lacs/; https://doi.org/10.15159/eds.dt.26.01; https://shark.smhi.se/; https://cds.climate.copernicus.eu; 10.15159/eds.dt.26.01,NA,/Biology and life sciences/Biochemistry/Plant biochemistry/Photosynthesis; /Biology and life sciences/Organisms/Eukaryota/Animals/Invertebrates/Plankton/Phytoplankton; /Biology and life sciences/Organisms/Eukaryota/Plants/Algae/Phytoplankton; /Biology and life sciences/Physiology/Plant physiology/Photoinhibition; /Biology and life sciences/Plant science/Plant biochemistry/Photosynthesis; /Biology and life sciences/Plant science/Plant physiology/Photoinhibition; /Biology and life sciences/Zoology/Animals/Invertebrates/Plankton/Phytoplankton; /Earth sciences/Hydrology/Surface water; /Earth sciences/Marine and aquatic sciences/Aquatic environments/Freshwater environments/Fresh water; /Earth sciences/Marine and aquatic sciences/Aquatic environments/Freshwater environments/Lakes; /Earth sciences/Marine and aquatic sciences/Bodies of water/Baltic Sea; /Earth sciences/Marine and aquatic sciences/Bodies of water/Lakes; /Ecology and environmental sciences/Aquatic environments/Freshwater environments/Fresh water; /Ecology and environmental sciences/Aquatic environments/Freshwater environments/Lakes; /Physical sciences/Physics/Electromagnetic radiation/Light,journals.plos.org,10.1371/journal.pwat.0000520,Research Article,2026-05-20
10.1371/journal.pwat.0000483,5,5,https://journals.plos.org/water/article?id=10.1371/journal.pwat.0000483,PLOS Water,Seasonal assessment of microbiological and physicochemical water quality in Lake Tana: Implications for drinking water in island communities,2026,TRUE,4,pdf; vnd.openxmlformats-officedocument.wordprocessingml.document; vnd.openxmlformats-officedocument.wordprocessingml.document; vnd.openxmlformats-officedocument.wordprocessingml.document,https://journals.plos.org/water/article/file?id=10.1371/journal.pwat.0000483.s001&type=supplementary; https://journals.plos.org/water/article/file?id=10.1371/journal.pwat.0000483.s002&type=supplementary; https://journals.plos.org/water/article/file?id=10.1371/journal.pwat.0000483.s003&type=supplementary; https://journals.plos.org/water/article/file?id=10.1371/journal.pwat.0000483.s004&type=supplementary,11,Menber Berihun Nigatu,"Department of Water Supply and Sanitary Engineering, Faculty of Civil and Water Resources Engineering, Bahir Dar Institute of Technology, Bahir Dar University, Bahir Dar, Ethiopia",Ethiopia,https://orcid.org/0009-0008-3772-2636,Menber Berihun Nigatu,"Department of Water Supply and Sanitary Engineering, Faculty of Civil and Water Resources Engineering, Bahir Dar Institute of Technology, Bahir Dar University, Bahir Dar, Ethiopia",Ethiopia,https://orcid.org/0009-0008-3772-2636,TRUE,All the relevant data are available in this paper.,in paper,NA,NA,/Earth sciences/Geomorphology/Topography/Landforms/Islands; /Earth sciences/Hydrology/Surface water; /Earth sciences/Marine and aquatic sciences/Aquatic environments/Freshwater environments/Lakes; /Earth sciences/Marine and aquatic sciences/Bodies of water/Lakes; /Earth sciences/Seasons; /Ecology and environmental sciences/Aquatic environments/Freshwater environments/Lakes; /Ecology and environmental sciences/Natural resources/Water resources; /Ecology and environmental sciences/Water quality; /Medicine and health sciences/Epidemiology/Medical risk factors; /Physical sciences/Materials science/Materials physics/Turbidity; /Physical sciences/Physics/Materials physics/Turbidity,journals.plos.org,10.1371/journal.pwat.0000483,Research Article,2026-05-21
10.1371/journal.pwat.0000427,5,5,https://journals.plos.org/water/article?id=10.1371/journal.pwat.0000427,PLOS Water,Age-stratified socio-demographic determinants of water insecurity in urban Ghana: Evidence from Accra,2026,TRUE,6,docx; vnd.openxmlformats-officedocument.wordprocessingml.document; vnd.openxmlformats-officedocument.wordprocessingml.document; vnd.openxmlformats-officedocument.wordprocessingml.document; vnd.openxmlformats-officedocument.wordprocessingml.document; vnd.openxmlformats-officedocument.wordprocessingml.document,https://journals.plos.org/water/article/file?id=10.1371/journal.pwat.0000427.s001&type=supplementary; https://journals.plos.org/water/article/file?id=10.1371/journal.pwat.0000427.s002&type=supplementary; https://journals.plos.org/water/article/file?id=10.1371/journal.pwat.0000427.s006&type=supplementary; https://journals.plos.org/water/article/file?id=10.1371/journal.pwat.0000427.s004&type=supplementary; https://journals.plos.org/water/article/file?id=10.1371/journal.pwat.0000427.s005&type=supplementary; https://journals.plos.org/water/article/file?id=10.1371/journal.pwat.0000427.s007&type=supplementary,6,Meshack Achore,"Department of Population Health, School of Health Sciences, Hofstra University, Hempstead, New York, United States of America",United States of America,NA,Francis Dakyaga,"Department of Local Governance and City Management, University of Business and Integrated Development Studies, Wa, Ghana",Ghana,https://orcid.org/0000-0003-3801-8516,TRUE,"Data contain potentially identifying or sensitive patient information, and has been opposed by the Institutional Review Board (IRB)/ the research ethics committee. Data are available from the institutional data access/General Research Ethics Board (GREB) of Queens University ([email removed]@queensu.ca) for researchers who meet the criteria for access to the confidential data.",NA,NA,NA,/Biology and life sciences/Neuroscience/Cognitive science/Cognition/Decision making; /Biology and life sciences/Neuroscience/Cognitive science/Cognitive psychology/Decision making; /Biology and life sciences/Psychology/Cognitive psychology/Decision making; /Ecology and environmental sciences/Natural resources/Water resources; /Engineering and technology/Civil engineering/Urban infrastructure; /Engineering and technology/Environmental engineering/Water management; /People and places/Population groupings/Age groups; /People and places/Population groupings/Age groups/Adults; /People and places/Population groupings/Age groups/Adults/Elderly; /Social sciences/Psychology/Cognitive psychology/Decision making; /Social sciences/Sociology/Education/Schools,journals.plos.org,10.1371/journal.pwat.0000427,Research Article,2026-05-21
10.1371/journal.pwat.0000496,5,5,https://journals.plos.org/water/article?id=10.1371/journal.pwat.0000496,PLOS Water,Identifying impacts and causes of drinking water quality issues through community-based participatory research in a suburban neighborhood in Texas: The case of Austin’s Colony,2026,TRUE,27,docx; a; docx; a; docx; na; na; na; docx; tds; tceq; docx; docx; docx; docx; docx; blue; docx; docx; docx; docx; a; docx; pdf; pdf; vnd.openxmlformats-officedocument.wordprocessingml.document; vnd.openxmlformats-officedocument.wordprocessingml.document,https://journals.plos.org/water/article/file?id=10.1371/journal.pwat.0000496.s001&type=supplementary; https://journals.plos.org/water/article/file?id=10.1371/journal.pwat.0000496.s002&type=supplementary; https://journals.plos.org/water/article/file?id=10.1371/journal.pwat.0000496.s003&type=supplementary; https://journals.plos.org/water/article/file?id=10.1371/journal.pwat.0000496.s004&type=supplementary; https://journals.plos.org/water/article/file?id=10.1371/journal.pwat.0000496.s005&type=supplementary; https://journals.plos.org/water/article/file?id=10.1371/journal.pwat.0000496.s006&type=supplementary; https://journals.plos.org/water/article/file?id=10.1371/journal.pwat.0000496.s007&type=supplementary; https://journals.plos.org/water/article/file?id=10.1371/journal.pwat.0000496.s008&type=supplementary; https://journals.plos.org/water/article/file?id=10.1371/journal.pwat.0000496.s009&type=supplementary; https://journals.plos.org/water/article/file?id=10.1371/journal.pwat.0000496.s010&type=supplementary; https://journals.plos.org/water/article/file?id=10.1371/journal.pwat.0000496.s011&type=supplementary; https://journals.plos.org/water/article/file?id=10.1371/journal.pwat.0000496.s012&type=supplementary; https://journals.plos.org/water/article/file?id=10.1371/journal.pwat.0000496.s013&type=supplementary; https://journals.plos.org/water/article/file?id=10.1371/journal.pwat.0000496.s014&type=supplementary; https://journals.plos.org/water/article/file?id=10.1371/journal.pwat.0000496.s015&type=supplementary; https://journals.plos.org/water/article/file?id=10.1371/journal.pwat.0000496.s016&type=supplementary; https://journals.plos.org/water/article/file?id=10.1371/journal.pwat.0000496.s017&type=supplementary; https://journals.plos.org/water/article/file?id=10.1371/journal.pwat.0000496.s018&type=supplementary; https://journals.plos.org/water/article/file?id=10.1371/journal.pwat.0000496.s019&type=supplementary; https://journals.plos.org/water/article/file?id=10.1371/journal.pwat.0000496.s020&type=supplementary; https://journals.plos.org/water/article/file?id=10.1371/journal.pwat.0000496.s021&type=supplementary; https://journals.plos.org/water/article/file?id=10.1371/journal.pwat.0000496.s022&type=supplementary; https://journals.plos.org/water/article/file?id=10.1371/journal.pwat.0000496.s023&type=supplementary; https://journals.plos.org/water/article/file?id=10.1371/journal.pwat.0000496.s024&type=supplementary; https://journals.plos.org/water/article/file?id=10.1371/journal.pwat.0000496.s027&type=supplementary; https://journals.plos.org/water/article/file?id=10.1371/journal.pwat.0000496.s026&type=supplementary; https://journals.plos.org/water/article/file?id=10.1371/journal.pwat.0000496.s028&type=supplementary,16,David Bahamón-Pinzón,"Department of Earth & Planetary Sciences, University of Texas at Austin, Austin, Texas, United States of America",United States of America,https://orcid.org/0000-0003-2149-1964,David Bahamón-Pinzón,"Department of Earth & Planetary Sciences, University of Texas at Austin, Austin, Texas, United States of America",United States of America,https://orcid.org/0000-0003-2149-1964,TRUE,All data are in the manuscript and/or supporting information files.,in paper,NA,NA,/Earth sciences/Geochemistry; /Earth sciences/Geography/Human geography/Social geography/Neighborhoods; /Earth sciences/Hydrology/Surface water; /Ecology and environmental sciences/Natural resources/Water resources; /Ecology and environmental sciences/Water quality; /Engineering and technology/Environmental engineering/Water management; /Physical sciences/Chemistry/Geochemistry; /Physical sciences/Chemistry/Physical chemistry/Ions/Cations; /Research and analysis methods/Research design/Survey research/Surveys; /Social sciences/Human geography/Social geography/Neighborhoods,journals.plos.org,10.1371/journal.pwat.0000496,Research Article,2026-05-21
10.1371/journal.pwat.0000440,5,4,https://journals.plos.org/water/article?id=10.1371/journal.pwat.0000440,PLOS Water,"In-line chlorination for drinking water in rural Odisha, India: A randomized controlled implementation trial",2026,TRUE,11,docx; docx; docx; docx; tif; tif; tif; docx; tif; tif; docx,https://journals.plos.org/water/article/file?id=10.1371/journal.pwat.0000440.s001&type=supplementary; https://journals.plos.org/water/article/file?id=10.1371/journal.pwat.0000440.s002&type=supplementary; https://journals.plos.org/water/article/file?id=10.1371/journal.pwat.0000440.s003&type=supplementary; https://journals.plos.org/water/article/file?id=10.1371/journal.pwat.0000440.s004&type=supplementary; https://journals.plos.org/water/article/file?id=10.1371/journal.pwat.0000440.s005&type=supplementary; https://journals.plos.org/water/article/file?id=10.1371/journal.pwat.0000440.s006&type=supplementary; https://journals.plos.org/water/article/file?id=10.1371/journal.pwat.0000440.s007&type=supplementary; https://journals.plos.org/water/article/file?id=10.1371/journal.pwat.0000440.s008&type=supplementary; https://journals.plos.org/water/article/file?id=10.1371/journal.pwat.0000440.s009&type=supplementary; https://journals.plos.org/water/article/file?id=10.1371/journal.pwat.0000440.s010&type=supplementary; https://journals.plos.org/water/article/file?id=10.1371/journal.pwat.0000440.s011&type=supplementary,8,Jeremy Lowe,"Department of Civil and Environmental Engineering, University of California Berkeley, Berkeley, California, United States of America",United States of America,https://orcid.org/0000-0001-5472-9954,Elisa M. Maffioli,"Department of Health Management and Policy, University of Michigan, Ann Arbor, Michigan, United States of America",United States of America,https://orcid.org/0000-0003-3303-7945,TRUE,"All data and scripts are available on Open Science Framework https://osf.io/mx7z2/, DOI 10.17605/OSF.IO/MX7Z2.",available in online repository,https://osf.io/mx7z2/; http://10.17605/OSF.IO/MX7Z2; 10.17605/OSF.IO/MX7Z2,osf,/Biology and life sciences/Microbiology/Medical microbiology/Microbial pathogens/Bacterial pathogens/Escherichia coli; /Biology and life sciences/Microbiology/Microbial control/Antimicrobial resistance/Antibiotic resistance; /Biology and life sciences/Microbiology/Microbial control/Antimicrobials/Antibiotics; /Biology and life sciences/Neuroscience/Cognitive science/Cognitive psychology/Perception/Sensory perception/Taste; /Biology and life sciences/Neuroscience/Sensory perception/Taste; /Biology and life sciences/Organisms/Bacteria/Enterobacteriaceae/Escherichia/Escherichia coli; /Biology and life sciences/Organisms/Bacteria/Gut bacteria/Escherichia/Escherichia coli; /Biology and life sciences/Psychology/Cognitive psychology/Perception/Sensory perception/Taste; /Ecology and environmental sciences/Natural resources/Water resources; /Ecology and environmental sciences/Water quality; /Medicine and health sciences/Health care/Sanitization/Disinfection; /Medicine and health sciences/Medical conditions/Infectious diseases/Infectious disease control/Sanitization/Disinfection; /Medicine and health sciences/Pathology and laboratory medicine/Pathogens/Microbial pathogens/Bacterial pathogens/Escherichia coli; /Medicine and health sciences/Pharmacology/Antimicrobial resistance/Antibiotic resistance; /Medicine and health sciences/Pharmacology/Drugs/Antimicrobials/Antibiotics; /Medicine and health sciences/Public and occupational health/Preventive medicine/Sanitization/Disinfection; /Physical sciences/Chemistry/Chemical elements/Chlorine; /Research and analysis methods/Animal studies/Experimental organism systems/Model organisms/Escherichia coli; /Research and analysis methods/Animal studies/Experimental organism systems/Prokaryotic models/Escherichia coli; /Research and analysis methods/Model organisms/Escherichia coli; /Social sciences/Psychology/Cognitive psychology/Perception/Sensory perception/Taste,journals.plos.org,10.1371/journal.pwat.0000440,Research Article,2026-04-29
10.1371/journal.pwat.0000381,5,5,https://journals.plos.org/water/article?id=10.1371/journal.pwat.0000381,PLOS Water,Water governance in the Tocantins-Araguaia Hydrographic Region: Assessing viability using a participatory systemic approach,2026,TRUE,3,docx; docx; docx,https://journals.plos.org/water/article/file?id=10.1371/journal.pwat.0000381.s001&type=supplementary; https://journals.plos.org/water/article/file?id=10.1371/journal.pwat.0000381.s002&type=supplementary; https://journals.plos.org/water/article/file?id=10.1371/journal.pwat.0000381.s003&type=supplementary,9,Juliana Mariano Alves,"Center for Development and Environmental Performance Assessment, State University of Tocantins (Unitins), Palmas, Brazil",Brazil,https://orcid.org/0000-0002-7322-342X,Juliana Mariano Alves,"Center for Development and Environmental Performance Assessment, State University of Tocantins (Unitins), Palmas, Brazil",Brazil,https://orcid.org/0000-0002-7322-342X,TRUE,All relevant data supporting the findings of this study are included within the manuscript and its supplementary materials. Publicly available data sources used in this research have been cited appropriately in the references.,in paper,NA,NA,/Biology and life sciences/Neuroscience/Cognitive science/Cognition/Decision making; /Biology and life sciences/Neuroscience/Cognitive science/Cognitive psychology/Decision making; /Biology and life sciences/Psychology/Cognitive psychology/Decision making; /Computer and information sciences/Data management; /Earth sciences/Hydrology/Surface water; /Earth sciences/Marine and aquatic sciences/Aquatic environments/Freshwater environments/Rivers; /Earth sciences/Marine and aquatic sciences/Bodies of water/Rivers; /Ecology and environmental sciences/Aquatic environments/Freshwater environments/Rivers; /Ecology and environmental sciences/Natural resources/Water resources; /Ecology and environmental sciences/Water quality; /Engineering and technology/Environmental engineering/Water management; /Social sciences/Law and legal sciences/Regulations; /Social sciences/Psychology/Cognitive psychology/Decision making,journals.plos.org,10.1371/journal.pwat.0000381,Research Article,2026-05-11
10.1371/journal.pwat.0000544,5,5,https://journals.plos.org/water/article?id=10.1371/journal.pwat.0000544,PLOS Water,"Experiences of accessing water services in water scarce displacement settings: A case study of internally displaced people and host communities in Hargeisa, Somaliland",2026,TRUE,3,xlsx; docx; docx,https://journals.plos.org/water/article/file?id=10.1371/journal.pwat.0000544.s001&type=supplementary; https://journals.plos.org/water/article/file?id=10.1371/journal.pwat.0000544.s002&type=supplementary; https://journals.plos.org/water/article/file?id=10.1371/journal.pwat.0000544.s003&type=supplementary,4,Ayan Hujaleh,"School of Architecture, Building and Civil Engineering, Loughborough University, Loughborough, United Kingdom",United Kingdom of Great Britain and Northern Ireland,https://orcid.org/0000-0002-8407-8782,Ayan Hujaleh,"School of Architecture, Building and Civil Engineering, Loughborough University, Loughborough, United Kingdom",United Kingdom of Great Britain and Northern Ireland,https://orcid.org/0000-0002-8407-8782,TRUE,All relevant data are within the paper and the Supporting information files.,in paper,NA,NA,/Earth sciences/Geography/Geographic areas/Urban areas; /Earth sciences/Geography/Human geography/Urban geography/Urban areas; /Earth sciences/Hydrology/Surface water; /Earth sciences/Marine and aquatic sciences/Aquatic environments/Freshwater environments/Rivers; /Earth sciences/Marine and aquatic sciences/Bodies of water/Rivers; /Ecology and environmental sciences/Aquatic environments/Freshwater environments/Rivers; /Ecology and environmental sciences/Natural resources/Water resources; /Engineering and technology/Civil engineering/Urban infrastructure; /Engineering and technology/Environmental engineering/Water management; /Medicine and health sciences/Health care/Environmental health/Sanitation; /Medicine and health sciences/Public and occupational health/Environmental health/Sanitation; /People and places/Population groupings/Ethnicities/African people/Somalian people; /Social sciences/Human geography/Urban geography/Urban areas,journals.plos.org,10.1371/journal.pwat.0000544,Research Article,2026-05-12
10.1371/journal.pwat.0000450,5,4,https://journals.plos.org/water/article?id=10.1371/journal.pwat.0000450,PLOS Water,"Hydrogeology, groundwater salinity distributions, and assessment of the effect of oil-production activities on groundwater in the Midway Valley area, western Kern County, San Joaquin Valley, California",2026,TRUE,3,pdf; vnd.openxmlformats-officedocument.presentationml.presentation; vnd.openxmlformats-officedocument.wordprocessingml.document,https://journals.plos.org/water/article/file?id=10.1371/journal.pwat.0000450.s001&type=supplementary; https://journals.plos.org/water/article/file?id=10.1371/journal.pwat.0000450.s003&type=supplementary; https://journals.plos.org/water/article/file?id=10.1371/journal.pwat.0000450.s004&type=supplementary,9,Janice M. Gillespie,"United States of America Geological Survey, California Water Science Center, San Diego, California, United States of America",United States of America,https://orcid.org/0000-0003-1667-3472,Janice M. Gillespie,"United States of America Geological Survey, California Water Science Center, San Diego, California, United States of America",United States of America,https://orcid.org/0000-0003-1667-3472,TRUE,"Gannon, R.S., Warden, J.G., and Gillespie, J.M., 2026, Geophysical, geological, hydrological, and geochemical data for aquifer salinity mapping in the Midway Valley, Kern County, California: U.S. Geological Survey data release, https://doi.org/10.5066/P1ZVZAEG.",available in online repository,https://doi.org/10.5066/P1ZVZAEG; 10.5066/P1ZVZAEG,NA,/Biology and life sciences/Biochemistry/Lipids/Oils; /Earth sciences/Geomorphology/Topography/Landforms/Valleys; /Earth sciences/Geophysics; /Earth sciences/Marine and aquatic sciences/Bodies of water/Ponds; /Engineering and technology/Energy and power/Fuels/Fossil fuels/Crude oil; /People and places/Geographical locations/North America/United States/California; /Physical sciences/Chemistry/Chemical properties/Salinity; /Physical sciences/Chemistry/Physical chemistry/Chemical properties/Salinity; /Physical sciences/Materials science/Material properties/Porosity; /Physical sciences/Materials science/Materials/Fuels/Fossil fuels/Crude oil; /Physical sciences/Physics/Geophysics,journals.plos.org,10.1371/journal.pwat.0000450,Research Article,2026-04-17
10.1371/journal.pwat.0000501,5,3,https://journals.plos.org/water/article?id=10.1371/journal.pwat.0000501,PLOS Water,Achieving sub-part per trillion trace level PFAS quantification in drinking water using an optimized fast flow solid-phase extraction and UPLC-MS/MS method,2026,TRUE,2,xlsx; eis,https://journals.plos.org/water/article/file?id=10.1371/journal.pwat.0000501.s001&type=supplementary; https://journals.plos.org/water/article/file?id=10.1371/journal.pwat.0000501.s002&type=supplementary,3,Deepak Timalsina,"Department of Chemistry, College of Liberal Arts and Sciences, The University of Kansas, Lawrence, Kansas, United States of America",United States of America,NA,Michael Zhuo Wang,"Department of Chemistry, College of Liberal Arts and Sciences, The University of Kansas, Lawrence, Kansas, United States of America",United States of America,https://orcid.org/0000-0003-2494-4172,TRUE,All relevant data are within the paper and its Supporting Information files.,in paper,NA,NA,/Biology and life sciences/Microbiology/Microbial control/Antimicrobials/Antibiotics/Sulfonamide; /Ecology and environmental sciences/Natural resources/Water resources; /Engineering and technology/Instrumentation/Instrument calibration; /Medicine and health sciences/Pharmacology/Drugs/Antimicrobials/Antibiotics/Sulfonamide; /People and places/Geographical locations/North America/United States; /Physical sciences/Chemistry/Chemical compounds/Acids/Carboxylic acids; /Physical sciences/Chemistry/Chemical compounds/Hydroxides; /Physical sciences/Chemistry/Chemical compounds/Organic compounds/Carboxylic acids; /Physical sciences/Chemistry/Organic chemistry/Organic compounds/Carboxylic acids; /Physical sciences/Physics/Classical mechanics/Continuum mechanics/Fluid mechanics/Fluid dynamics/Flow rate; /Research and analysis methods/Equipment preparation/Instrument calibration; /Research and analysis methods/Separation processes/Elution,journals.plos.org,10.1371/journal.pwat.0000501,Research Article,2026-03-30
10.1371/journal.pwat.0000452,5,4,https://journals.plos.org/water/article?id=10.1371/journal.pwat.0000452,PLOS Water,Development of a coupled hydro-economic model to support groundwater irrigation decisions,2026,TRUE,11,tif; tif; tif; tif; tif; tif; tif; tif; tif; pdf; pdf,https://journals.plos.org/water/article/file?id=10.1371/journal.pwat.0000452.s001&type=supplementary; https://journals.plos.org/water/article/file?id=10.1371/journal.pwat.0000452.s002&type=supplementary; https://journals.plos.org/water/article/file?id=10.1371/journal.pwat.0000452.s003&type=supplementary; https://journals.plos.org/water/article/file?id=10.1371/journal.pwat.0000452.s004&type=supplementary; https://journals.plos.org/water/article/file?id=10.1371/journal.pwat.0000452.s005&type=supplementary; https://journals.plos.org/water/article/file?id=10.1371/journal.pwat.0000452.s006&type=supplementary; https://journals.plos.org/water/article/file?id=10.1371/journal.pwat.0000452.s007&type=supplementary; https://journals.plos.org/water/article/file?id=10.1371/journal.pwat.0000452.s008&type=supplementary; https://journals.plos.org/water/article/file?id=10.1371/journal.pwat.0000452.s009&type=supplementary; https://journals.plos.org/water/article/file?id=10.1371/journal.pwat.0000452.s010&type=supplementary; https://journals.plos.org/water/article/file?id=10.1371/journal.pwat.0000452.s011&type=supplementary,3,Boyao Tian,"Department of Earth and Environmental Sciences, University of Waterloo, Waterloo, Canada",Canada,https://orcid.org/0009-0008-1749-1164,Boyao Tian,"Department of Earth and Environmental Sciences, University of Waterloo, Waterloo, Canada",Canada,https://orcid.org/0009-0008-1749-1164,TRUE,All data are included in the paper.,in paper,NA,NA,/Biology and life sciences/Agriculture/Agricultural economics; /Biology and life sciences/Agriculture/Agricultural methods/Agricultural irrigation/Lift irrigation; /Biology and life sciences/Agriculture/Agricultural methods/Sustainable agriculture; /Biology and life sciences/Agriculture/Crop science/Crops; /Earth sciences/Atmospheric science/Meteorology/Rain; /Ecology and environmental sciences/Sustainability science; /Ecology and environmental sciences/Sustainability science/Sustainable agriculture; /Medicine and health sciences/Epidemiology/Medical risk factors; /Physical sciences/Mathematics/Statistics/Statistical methods/Monte Carlo method; /Research and analysis methods/Mathematical and statistical techniques/Statistical methods/Monte Carlo method; /Social sciences/Economics/Agricultural economics,journals.plos.org,10.1371/journal.pwat.0000452,Research Article,2026-04-03
10.1371/journal.pwat.0000528,5,4,https://journals.plos.org/water/article?id=10.1371/journal.pwat.0000528,PLOS Water,Removal of chromium(VI) from water utilizing a column loaded with H<sub>3</sub>PO<sub>4</sub>-activated <i>Areca catechu</i> waste,2026,TRUE,20,tif; tif; vi; tif; tif; nm; cm; min; xlsx; xlsx; xlsx; xlsx; xlsx; xlsx; xlsx; xlsx; xlsx; vnd.openxmlformats-officedocument.wordprocessingml.document; vnd.openxmlformats-officedocument.wordprocessingml.document; vnd.openxmlformats-officedocument.wordprocessingml.document,https://journals.plos.org/water/article/file?id=10.1371/journal.pwat.0000528.s001&type=supplementary; https://journals.plos.org/water/article/file?id=10.1371/journal.pwat.0000528.s002&type=supplementary; https://journals.plos.org/water/article/file?id=10.1371/journal.pwat.0000528.s003&type=supplementary; https://journals.plos.org/water/article/file?id=10.1371/journal.pwat.0000528.s004&type=supplementary; https://journals.plos.org/water/article/file?id=10.1371/journal.pwat.0000528.s005&type=supplementary; https://journals.plos.org/water/article/file?id=10.1371/journal.pwat.0000528.s006&type=supplementary; https://journals.plos.org/water/article/file?id=10.1371/journal.pwat.0000528.s007&type=supplementary; https://journals.plos.org/water/article/file?id=10.1371/journal.pwat.0000528.s008&type=supplementary; https://journals.plos.org/water/article/file?id=10.1371/journal.pwat.0000528.s009&type=supplementary; https://journals.plos.org/water/article/file?id=10.1371/journal.pwat.0000528.s010&type=supplementary; https://journals.plos.org/water/article/file?id=10.1371/journal.pwat.0000528.s011&type=supplementary; https://journals.plos.org/water/article/file?id=10.1371/journal.pwat.0000528.s012&type=supplementary; https://journals.plos.org/water/article/file?id=10.1371/journal.pwat.0000528.s013&type=supplementary; https://journals.plos.org/water/article/file?id=10.1371/journal.pwat.0000528.s014&type=supplementary; https://journals.plos.org/water/article/file?id=10.1371/journal.pwat.0000528.s015&type=supplementary; https://journals.plos.org/water/article/file?id=10.1371/journal.pwat.0000528.s016&type=supplementary; https://journals.plos.org/water/article/file?id=10.1371/journal.pwat.0000528.s017&type=supplementary; https://journals.plos.org/water/article/file?id=10.1371/journal.pwat.0000528.s018&type=supplementary; https://journals.plos.org/water/article/file?id=10.1371/journal.pwat.0000528.s019&type=supplementary; https://journals.plos.org/water/article/file?id=10.1371/journal.pwat.0000528.s021&type=supplementary,5,Prabin Basnet,"Central Department of Chemistry, Tribhuvan University, Kirtipur, Kathmandu, Nepal",Nepal,https://orcid.org/0000-0001-7881-2592,Hari Paudyal,"Central Department of Chemistry, Tribhuvan University, Kirtipur, Kathmandu, Nepal",Nepal,NA,TRUE,All data can be found in the manuscript and Supporting Information Files.,in paper,NA,NA,/Ecology and environmental sciences/Pollution/Water pollution; /Physical sciences/Chemistry/Chemical compounds/Acids/Phosphoric acids; /Physical sciences/Chemistry/Chemical elements/Chromium; /Physical sciences/Chemistry/Physical chemistry/Sorption/Adsorption; /Physical sciences/Mathematics/Statistics/Statistical data; /Physical sciences/Physics/Classical mechanics/Continuum mechanics/Fluid mechanics/Fluid dynamics/Flow rate; /Physical sciences/Physics/Classical mechanics/Continuum mechanics/Fluid mechanics/Fluid dynamics/Fluid flow; /Physical sciences/Physics/Mass transfer,journals.plos.org,10.1371/journal.pwat.0000528,Research Article,2026-04-02
10.1371/journal.pwat.0000532,5,4,https://journals.plos.org/water/article?id=10.1371/journal.pwat.0000532,PLOS Water,"High-quality shared sanitation should be recognized as an acceptable service level, clearly defined, and embedded in global monitoring frameworks",2026,FALSE,0,NA,NA,20,Sarah Lebu,"Department of Environmental Sciences and Engineering, Gillings School of Global Public Health, the University of North Carolina at Chapel Hill, Chapel Hill, North Carolina, United States of America",United States of America,https://orcid.org/0000-0002-5618-3091,Musa Manga,"Department of Environmental Sciences and Engineering, Gillings School of Global Public Health, the University of North Carolina at Chapel Hill, Chapel Hill, North Carolina, United States of America",United States of America,https://orcid.org/0000-0002-3317-7318,FALSE,NA,NA,NA,NA,/Earth sciences/Geography/Human geography/Urban geography/Cities; /Ecology and environmental sciences/Sustainability science; /Engineering and technology/Civil engineering/Urban infrastructure; /Medicine and health sciences/Health care/Environmental health/Sanitation; /Medicine and health sciences/Public and occupational health; /Medicine and health sciences/Public and occupational health/Environmental health/Sanitation; /Medicine and health sciences/Public and occupational health/Hygiene; /People and places/Geographical locations/Africa/Uganda; /Social sciences/Economics/Finance; /Social sciences/Human geography/Urban geography/Cities,journals.plos.org,10.1371/journal.pwat.0000532,Opinion,2026-04-02
10.1371/journal.pwat.0000393,5,4,https://journals.plos.org/water/article?id=10.1371/journal.pwat.0000393,PLOS Water,Environmental pathogen hazards reveal need for improved sanitation infrastructure in Alabama's Black Belt,2026,TRUE,9,docx; docx; docx; xlsx; xlsx; csv; csv; xlsx; csv,https://journals.plos.org/water/article/file?id=10.1371/journal.pwat.0000393.s001&type=supplementary; https://journals.plos.org/water/article/file?id=10.1371/journal.pwat.0000393.s002&type=supplementary; https://journals.plos.org/water/article/file?id=10.1371/journal.pwat.0000393.s003&type=supplementary; https://journals.plos.org/water/article/file?id=10.1371/journal.pwat.0000393.s004&type=supplementary; https://journals.plos.org/water/article/file?id=10.1371/journal.pwat.0000393.s005&type=supplementary; https://journals.plos.org/water/article/file?id=10.1371/journal.pwat.0000393.s006&type=supplementary; https://journals.plos.org/water/article/file?id=10.1371/journal.pwat.0000393.s007&type=supplementary; https://journals.plos.org/water/article/file?id=10.1371/journal.pwat.0000393.s008&type=supplementary; https://journals.plos.org/water/article/file?id=10.1371/journal.pwat.0000393.s009&type=supplementary,5,Olivia A. Harmon,"Department of Environmental Science and Engineering, The University of North Carolina at Chapel Hill, Chapel Hill, North Carolina, United States of America",United States of America,https://orcid.org/0000-0002-5953-8089,Joe Brown,"Department of Environmental Science and Engineering, The University of North Carolina at Chapel Hill, Chapel Hill, North Carolina, United States of America",United States of America,https://orcid.org/0000-0002-5200-4148,TRUE,The datasets generated and analyzed during this study are available at https://osf.io/9kvfa/.,available in online repository,https://osf.io/9kvfa/,osf,/Biology and life sciences/Microbiology/Medical microbiology/Microbial pathogens/Bacterial pathogens; /Biology and life sciences/Microbiology/Medical microbiology/Microbial pathogens/Bacterial pathogens/Enterococcus; /Biology and life sciences/Microbiology/Medical microbiology/Microbial pathogens/Bacterial pathogens/Escherichia coli; /Biology and life sciences/Organisms/Bacteria/Enterobacteriaceae/Escherichia/Escherichia coli; /Biology and life sciences/Organisms/Bacteria/Enterococcus; /Biology and life sciences/Organisms/Bacteria/Gut bacteria/Escherichia/Escherichia coli; /Biology and life sciences/Organisms/Eukaryota/Protozoans/Cryptosporidium; /Biology and life sciences/Organisms/Eukaryota/Protozoans/Parasitic protozoans/Blastocystis; /Biology and life sciences/Organisms/Eukaryota/Protozoans/Parasitic protozoans/Cryptosporidium; /Earth sciences/Hydrology/Surface water; /Engineering and technology/Industrial engineering/Quality control; /Medicine and health sciences/Health care/Environmental health/Sanitation; /Medicine and health sciences/Pathology and laboratory medicine/Pathogens/Microbial pathogens/Bacterial pathogens; /Medicine and health sciences/Pathology and laboratory medicine/Pathogens/Microbial pathogens/Bacterial pathogens/Enterococcus; /Medicine and health sciences/Pathology and laboratory medicine/Pathogens/Microbial pathogens/Bacterial pathogens/Escherichia coli; /Medicine and health sciences/Public and occupational health/Environmental health/Sanitation; /Research and analysis methods/Animal studies/Experimental organism systems/Model organisms/Escherichia coli; /Research and analysis methods/Animal studies/Experimental organism systems/Prokaryotic models/Escherichia coli; /Research and analysis methods/Model organisms/Escherichia coli,journals.plos.org,10.1371/journal.pwat.0000393,Research Article,2026-04-22
10.1371/journal.pwat.0000515,5,4,https://journals.plos.org/water/article?id=10.1371/journal.pwat.0000515,PLOS Water,Contextualizing cannabis water demand and potential for streamflow impacts relative to residential and agricultural users in Northern California,2026,TRUE,4,docx; docx; docx; docx,https://journals.plos.org/water/article/file?id=10.1371/journal.pwat.0000515.s001&type=supplementary; https://journals.plos.org/water/article/file?id=10.1371/journal.pwat.0000515.s002&type=supplementary; https://journals.plos.org/water/article/file?id=10.1371/journal.pwat.0000515.s003&type=supplementary; https://journals.plos.org/water/article/file?id=10.1371/journal.pwat.0000515.s004&type=supplementary,3,Christopher Dillis,"University of California Berkeley, Berkeley, California, United States of America",United States of America,https://orcid.org/0000-0003-4208-5332,Christopher Dillis,"University of California Berkeley, Berkeley, California, United States of America",United States of America,https://orcid.org/0000-0003-4208-5332,TRUE,The data used in this study may be accessed at https://doi.org/10.5061/dryad.k3j9kd5q4.,available in online repository,https://doi.org/10.5061/dryad.k3j9kd5q4; 10.5061/dryad.k3j9kd5q4,dryad,/Biology and life sciences/Agriculture; /Biology and life sciences/Agriculture/Crop science/Crops; /Biology and life sciences/Agriculture/Farms; /Earth sciences/Geography/Physical geography/Watersheds; /Ecology and environmental sciences/Natural resources/Water resources; /Medicine and health sciences/Pharmacology/Behavioral pharmacology/Recreational drug use/Cannabis; /People and places/Geographical locations/North America/United States/California; /Physical sciences/Mathematics/Discrete mathematics/Combinatorics/Permutation,journals.plos.org,10.1371/journal.pwat.0000515,Research Article,2026-04-22
10.1371/journal.pwat.0000477,5,4,https://journals.plos.org/water/article?id=10.1371/journal.pwat.0000477,PLOS Water,Acceptability and effectiveness of a Supertowel intervention for handwashing in a humanitarian setting in Northeast Nigeria,2026,TRUE,11,xlsx; xlsx; xlsx; pdf; pdf; pdf; pdf; pdf; pdf; pdf; vnd.openxmlformats-officedocument.wordprocessingml.document,https://journals.plos.org/water/article/file?id=10.1371/journal.pwat.0000477.s001&type=supplementary; https://journals.plos.org/water/article/file?id=10.1371/journal.pwat.0000477.s002&type=supplementary; https://journals.plos.org/water/article/file?id=10.1371/journal.pwat.0000477.s003&type=supplementary; https://journals.plos.org/water/article/file?id=10.1371/journal.pwat.0000477.s004&type=supplementary; https://journals.plos.org/water/article/file?id=10.1371/journal.pwat.0000477.s005&type=supplementary; https://journals.plos.org/water/article/file?id=10.1371/journal.pwat.0000477.s006&type=supplementary; https://journals.plos.org/water/article/file?id=10.1371/journal.pwat.0000477.s007&type=supplementary; https://journals.plos.org/water/article/file?id=10.1371/journal.pwat.0000477.s008&type=supplementary; https://journals.plos.org/water/article/file?id=10.1371/journal.pwat.0000477.s010&type=supplementary; https://journals.plos.org/water/article/file?id=10.1371/journal.pwat.0000477.s009&type=supplementary; https://journals.plos.org/water/article/file?id=10.1371/journal.pwat.0000477.s011&type=supplementary,11,Laura Limarzi-Klyn,"Department of Infectious and Tropical Diseases, London School of Hygiene and Tropical Medicine, London, United Kingdom",United Kingdom of Great Britain and Northern Ireland,https://orcid.org/0000-0001-9052-4956,Thomas Heath,"Action contre la Faim, Rue de Paris, Montreuil, France",France,https://orcid.org/0000-0002-7383-9259,TRUE,"The raw, unprocessed data underlying this study are maintained in Excel spreadsheets. To comply with PLOS Water’s data policy, the minimal datasets—i.e., the numerical values used to generate all figures and graphs—are included within the paper and its Supplementary Information. No separate public repository is used at this time. All data necessary to replicate the reported findings are available in these files. In accordance with PLOS policy, we have provided the original, uncurated Excel files.",in paper,NA,NA,/Biology and life sciences/Anatomy/Body limbs/Arms/Hands; /Biology and life sciences/Microbiology/Medical microbiology/Microbial pathogens/Bacterial pathogens/Vibrio cholerae; /Biology and life sciences/Organisms/Bacteria/Vibrio/Vibrio cholerae; /Ecology and environmental sciences/Natural resources/Water resources; /Medicine and health sciences/Anatomy/Body limbs/Arms/Hands; /Medicine and health sciences/Clinical medicine/Signs and symptoms/Diarrhea; /Medicine and health sciences/Gastroenterology and hepatology/Diarrhea; /Medicine and health sciences/Pathology and laboratory medicine/Pathogens/Microbial pathogens/Bacterial pathogens/Vibrio cholerae; /Medicine and health sciences/Public and occupational health/Hygiene; /Medicine and health sciences/Public and occupational health/Hygiene/Hand washing; /People and places/Geographical locations/Africa/Nigeria; /Physical sciences/Chemistry/Chemical compounds/Salts/Soaps,journals.plos.org,10.1371/journal.pwat.0000477,Research Article,2026-04-15
10.1371/journal.pwat.0000510,5,4,https://journals.plos.org/water/article?id=10.1371/journal.pwat.0000510,PLOS Water,Sanitation access and satisfaction in northern Haiti: Insights from a quasi-census survey,2026,TRUE,2,docx; vnd.openxmlformats-officedocument.wordprocessingml.document,https://journals.plos.org/water/article/file?id=10.1371/journal.pwat.0000510.s001&type=supplementary; https://journals.plos.org/water/article/file?id=10.1371/journal.pwat.0000510.s003&type=supplementary,10,Maya Lubeck-Schricker,"Sustainable Organic Integrated Livelihoods (SOIL), Cap Haitien, Haiti",Haiti,https://orcid.org/0000-0002-8659-5943,Maya Lubeck-Schricker,"Sustainable Organic Integrated Livelihoods (SOIL), Cap Haitien, Haiti",Haiti,https://orcid.org/0000-0002-8659-5943,TRUE,Underlying data presented in this study can be found at the following link: https://data.humdata.org/dataset/quasi-census-of-sanitation-access-and-behavior-in-northern-haiti Code for data analysis and visualization can be found at the following link: https://zenodo.org/records/19113994.,available in online repository,https://data.humdata.org/dataset/quasi-census-of-sanitation-access-and-behavior-in-northern-haiti; https://zenodo.org/records/19113994,zenodo,/Biology and life sciences/Physiology/Physiological processes/Defecation; /Earth sciences/Geography; /Earth sciences/Geography/Human geography/Social geography/Neighborhoods; /Earth sciences/Hydrology/Flooding; /Medicine and health sciences/Health care/Environmental health/Sanitation; /Medicine and health sciences/Public and occupational health/Environmental health/Sanitation; /People and places/Geographical locations/North America/Caribbean/Haiti; /Research and analysis methods/Research design/Survey research/Surveys; /Social sciences/Economics/Finance; /Social sciences/Human geography/Social geography/Neighborhoods,journals.plos.org,10.1371/journal.pwat.0000510,Research Article,2026-04-16
10.1371/journal.pwat.0000402,5,4,https://journals.plos.org/water/article?id=10.1371/journal.pwat.0000402,PLOS Water,"Quantifying lead (Pb) leaching from galvanized handpump spouts, leaded brass taps, and stainless-steel alternatives using the NSF 61 test protocol: Implications for safe rural water supply",2026,TRUE,7,tiff; docx; docx; docx; xlsx; tiff; tiff,https://journals.plos.org/water/article/file?id=10.1371/journal.pwat.0000402.s001&type=supplementary; https://journals.plos.org/water/article/file?id=10.1371/journal.pwat.0000402.s002&type=supplementary; https://journals.plos.org/water/article/file?id=10.1371/journal.pwat.0000402.s003&type=supplementary; https://journals.plos.org/water/article/file?id=10.1371/journal.pwat.0000402.s004&type=supplementary; https://journals.plos.org/water/article/file?id=10.1371/journal.pwat.0000402.s005&type=supplementary; https://journals.plos.org/water/article/file?id=10.1371/journal.pwat.0000402.s006&type=supplementary; https://journals.plos.org/water/article/file?id=10.1371/journal.pwat.0000402.s007&type=supplementary,6,Kyle Rezek,"Department of Environmental Sciences and Engineering, Gillings School of Global Public Heath, University of North Carolina at Chapel Hill, Chapel Hill, North Carolina, United States of America",United States of America,https://orcid.org/0009-0003-9430-4696,Kyle Rezek,"Department of Environmental Sciences and Engineering, Gillings School of Global Public Heath, University of North Carolina at Chapel Hill, Chapel Hill, North Carolina, United States of America",United States of America,https://orcid.org/0009-0003-9430-4696,TRUE,All data from this study are available in the Supporting information provided.,in paper,NA,NA,/Earth sciences/Geography/Economic geography/Low and middle income countries; /Ecology and environmental sciences/Natural resources/Water resources; /Physical sciences/Chemistry/Chemical elements/Metallic lead; /Physical sciences/Chemistry/Chemical reactions/Corrosion; /Physical sciences/Chemistry/Polymer chemistry/Macromolecules/Polymers/Polyvinyl chloride; /Physical sciences/Chemistry/Polymer chemistry/Polymers/Polyvinyl chloride; /Physical sciences/Materials science/Materials/Polymers/Polyvinyl chloride; /Physical sciences/Materials science/Metallurgy/Alloys/Brass; /Physical sciences/Materials science/Metallurgy/Alloys/Steel; /Physical sciences/Mathematics/Statistics/Statistical methods/Test statistics; /Research and analysis methods/Mathematical and statistical techniques/Statistical methods/Test statistics; /Social sciences/Economics/Economic geography/Low and middle income countries,journals.plos.org,10.1371/journal.pwat.0000402,Research Article,2026-04-17
10.1371/journal.pwat.0000251,3,7,https://journals.plos.org/water/article?id=10.1371/journal.pwat.0000251,PLOS Water,Missing in action: The UN Water Action Agenda needs an overhauled commitment-setting process,2024,FALSE,0,NA,NA,9,Ryan Cronk,"The Water Institute, University of North Carolina at Chapel Hill, Chapel Hill, North Carolina, United States of America",United States of America,https://orcid.org/0000-0003-0157-4447,Ryan Cronk,"The Water Institute, University of North Carolina at Chapel Hill, Chapel Hill, North Carolina, United States of America",United States of America,https://orcid.org/0000-0003-0157-4447,FALSE,NA,NA,NA,NA,/Earth sciences/Geography/Economic geography/Low and middle income countries; /Ecology and environmental sciences/Natural resources/Water resources; /Engineering and technology/Measurement/Time measurement; /Medicine and health sciences/Health care/Environmental health/Sanitation; /Medicine and health sciences/Public and occupational health/Environmental health/Sanitation; /Medicine and health sciences/Public and occupational health/Hygiene; /Physical sciences/Chemistry/Analytical chemistry/Chemical analysis/Water analysis; /Social sciences/Economics/Economic geography/Low and middle income countries; /Social sciences/Political science/United Nations; /Social sciences/Sociology/Culture/Cross-cultural studies,journals.plos.org,10.1371/journal.pwat.0000251,Opinion,2024-07-11
10.1371/journal.pwat.0000237,3,4,https://journals.plos.org/water/article?id=10.1371/journal.pwat.0000237,PLOS Water,Integrating data within watershed management and public health,2024,FALSE,0,NA,NA,1,Lars K. Hallstrom,"Professor of Political Science and Director, Prentice Institute for Global Population and Economy, University of Lethbridge, Lethbridge, Alberta, Canada",Canada,https://orcid.org/0009-0005-1001-2384,Lars K. Hallstrom,"Professor of Political Science and Director, Prentice Institute for Global Population and Economy, University of Lethbridge, Lethbridge, Alberta, Canada",Canada,https://orcid.org/0009-0005-1001-2384,FALSE,NA,NA,NA,NA,/Computer and information sciences/Data management; /Ecology and environmental sciences/Natural resources; /Ecology and environmental sciences/Natural resources/Water resources; /Medicine and health sciences/Health care/Environmental health; /Medicine and health sciences/Public and occupational health; /Medicine and health sciences/Public and occupational health/Behavioral and social aspects of health; /Medicine and health sciences/Public and occupational health/Environmental health; /People and places/Geographical locations/North America/Canada; /Science policy,journals.plos.org,10.1371/journal.pwat.0000237,Opinion,2024-04-16
10.1371/journal.pwat.0000274,3,7,https://journals.plos.org/water/article?id=10.1371/journal.pwat.0000274,PLOS Water,Correction: Contemporary and relic waters strongly decoupled in arid alpine environments,2024,FALSE,0,NA,NA,4,Brendan J. Moran,NA,NA,NA,NA,NA,NA,NA,FALSE,NA,NA,NA,NA,NA,journals.plos.org,10.1371/journal.pwat.0000274,Correction,2024-07-22
10.1371/journal.pwat.0000238,3,7,https://journals.plos.org/water/article?id=10.1371/journal.pwat.0000238,PLOS Water,222 nm causes greater protein damage and repair inhibition of <i>E</i>. <i>coli</i> than 254 nm for water disinfection,2024,TRUE,16,doc; xlsx; xlsx; tiff; tiff; a; tiff; tiff; a; blue; blue; a; blue; blue; blue; tiff,https://journals.plos.org/water/article/file?id=10.1371/journal.pwat.0000238.s001&type=supplementary; https://journals.plos.org/water/article/file?id=10.1371/journal.pwat.0000238.s002&type=supplementary; https://journals.plos.org/water/article/file?id=10.1371/journal.pwat.0000238.s003&type=supplementary; https://journals.plos.org/water/article/file?id=10.1371/journal.pwat.0000238.s004&type=supplementary; https://journals.plos.org/water/article/file?id=10.1371/journal.pwat.0000238.s005&type=supplementary; https://journals.plos.org/water/article/file?id=10.1371/journal.pwat.0000238.s006&type=supplementary; https://journals.plos.org/water/article/file?id=10.1371/journal.pwat.0000238.s007&type=supplementary; https://journals.plos.org/water/article/file?id=10.1371/journal.pwat.0000238.s008&type=supplementary; https://journals.plos.org/water/article/file?id=10.1371/journal.pwat.0000238.s009&type=supplementary; https://journals.plos.org/water/article/file?id=10.1371/journal.pwat.0000238.s010&type=supplementary; https://journals.plos.org/water/article/file?id=10.1371/journal.pwat.0000238.s011&type=supplementary; https://journals.plos.org/water/article/file?id=10.1371/journal.pwat.0000238.s012&type=supplementary; https://journals.plos.org/water/article/file?id=10.1371/journal.pwat.0000238.s013&type=supplementary; https://journals.plos.org/water/article/file?id=10.1371/journal.pwat.0000238.s014&type=supplementary; https://journals.plos.org/water/article/file?id=10.1371/journal.pwat.0000238.s015&type=supplementary; https://journals.plos.org/water/article/file?id=10.1371/journal.pwat.0000238.s016&type=supplementary,3,David McDonald,"Department of Civil, Environmental, and Geodetic Engineering, The Ohio State University, Columbus, Ohio, United States of America",United States of America,NA,Natalie M. Hull,"Department of Civil, Environmental, and Geodetic Engineering, The Ohio State University, Columbus, Ohio, United States of America",United States of America,https://orcid.org/0000-0003-2876-6721,TRUE,Relevant data is available on figshare via the following DOI: 10.6084/m9.figshare.25376107.,available in online repository,https://doi.org/10.6084/m9.figshare.25376107; 10.6084/m9.figshare.25376107,figshare,/Biology and life sciences/Biochemistry/Nucleic acids/DNA/DNA damage; /Biology and life sciences/Biochemistry/Nucleic acids/DNA/DNA repair; /Biology and life sciences/Genetics/DNA/DNA damage; /Biology and life sciences/Genetics/DNA/DNA repair; /Biology and life sciences/Microbiology/Medical microbiology/Microbial pathogens/Bacterial pathogens/Escherichia coli; /Biology and life sciences/Organisms/Bacteria/Enterobacteriaceae/Escherichia/Escherichia coli; /Biology and life sciences/Organisms/Bacteria/Gut bacteria/Escherichia/Escherichia coli; /Medicine and health sciences/Health care/Sanitization/Disinfection; /Medicine and health sciences/Medical conditions/Infectious diseases/Infectious disease control/Sanitization/Disinfection; /Medicine and health sciences/Pathology and laboratory medicine/Pathogens/Microbial pathogens/Bacterial pathogens/Escherichia coli; /Medicine and health sciences/Public and occupational health/Preventive medicine/Sanitization/Disinfection; /Physical sciences/Mathematics/Statistics/Statistical methods/Regression analysis/Linear regression analysis; /Physical sciences/Physics/Electromagnetic radiation/Light; /Physical sciences/Physics/Electromagnetic radiation/Light/Artificial light; /Research and analysis methods/Animal studies/Experimental organism systems/Model organisms/Escherichia coli; /Research and analysis methods/Animal studies/Experimental organism systems/Prokaryotic models/Escherichia coli; /Research and analysis methods/Immunologic techniques/Immunoassays/Enzyme-linked immunoassays; /Research and analysis methods/Mathematical and statistical techniques/Statistical methods/Regression analysis/Linear regression analysis; /Research and analysis methods/Model organisms/Escherichia coli,journals.plos.org,10.1371/journal.pwat.0000238,Research Article,2024-07-24
10.1371/journal.pwat.0000039,1,8,https://journals.plos.org/water/article?id=10.1371/journal.pwat.0000039,PLOS Water,Barriers to water infrastructure investment: Findings from a survey of U.S. local elected officials,2022,TRUE,4,pdf; pdf; pdf; pdf,https://journals.plos.org/water/article/file?id=10.1371/journal.pwat.0000039.s001&type=supplementary; https://journals.plos.org/water/article/file?id=10.1371/journal.pwat.0000039.s002&type=supplementary; https://journals.plos.org/water/article/file?id=10.1371/journal.pwat.0000039.s003&type=supplementary; https://journals.plos.org/water/article/file?id=10.1371/journal.pwat.0000039.s004&type=supplementary,2,Katy Hansen,"Environmental Policy Innovation Center (EPIC), Washington, DC, United States of America",United States of America,NA,Megan Mullin,"Nicholas School of the Environment, Duke University, Durham, NC, United States of America",United States of America,https://orcid.org/0000-0002-1936-802X,TRUE,Data and replication material will be made available upon publication at https://dataverse.harvard.edu/dataverse/meganmullin.,available in online repository,https://dataverse.harvard.edu/dataverse/meganmullin,dataverse,/Biology and life sciences/Psychology/Psychological attitudes; /Ecology and environmental sciences/Natural resources/Water resources; /Engineering and technology/Civil engineering/Urban infrastructure; /Engineering and technology/Environmental engineering/Water management; /Research and analysis methods/Research design/Survey research/Surveys; /Social sciences/Economics/Development economics/Economic development; /Social sciences/Economics/Finance; /Social sciences/Political science/Governments/Local governments; /Social sciences/Psychology/Psychological attitudes,journals.plos.org,10.1371/journal.pwat.0000039,Research Article,2022-08-16
10.1371/journal.pwat.0000033,1,8,https://journals.plos.org/water/article?id=10.1371/journal.pwat.0000033,PLOS Water,Impacts of temperature and hydraulic regime on discolouration and biofilm fouling in drinking water distribution systems,2022,TRUE,3,pdf; pdf; pdf,https://journals.plos.org/water/article/file?id=10.1371/journal.pwat.0000033.s001&type=supplementary; https://journals.plos.org/water/article/file?id=10.1371/journal.pwat.0000033.s002&type=supplementary; https://journals.plos.org/water/article/file?id=10.1371/journal.pwat.0000033.s003&type=supplementary,4,Katherine E. Fish,"Civil and Structural Engineering, Sheffield Water Centre, The University of Sheffield, Sheffield, United Kingdom",United Kingdom of Great Britain and Northern Ireland,https://orcid.org/0000-0002-3265-2826,Katherine E. Fish,"Civil and Structural Engineering, Sheffield Water Centre, The University of Sheffield, Sheffield, United Kingdom",United Kingdom of Great Britain and Northern Ireland,https://orcid.org/0000-0002-3265-2826,TRUE,"All data supporting reported results are provided in the article. Tables of data used to produce the plots and statistical outputs presented will be available via the University of Sheffield’s Online Research Data repository, ORDA: https://orda.sheffield.ac.uk/ at the DOI: 10.15131/shef.data.20343450.",available in online repository,https://orda.sheffield.ac.uk/; https://doi.org/10.15131/shef.data.20343450; 10.15131/shef.data.20343450,NA,/Biology and life sciences/Microbiology/Bacteriology/Bacterial biofilms; /Biology and life sciences/Microbiology/Biofilms; /Biology and life sciences/Microbiology/Biofilms/Bacterial biofilms; /Ecology and environmental sciences/Natural resources/Water resources; /Ecology and environmental sciences/Water quality; /Physical sciences/Chemistry/Chemical elements/Manganese; /Physical sciences/Materials science/Materials physics/Turbidity; /Physical sciences/Physics/Classical mechanics/Continuum mechanics/Fluid mechanics/Fluid dynamics/Flow rate; /Physical sciences/Physics/Classical mechanics/Mechanical stress/Shear stresses; /Physical sciences/Physics/Materials physics/Turbidity,journals.plos.org,10.1371/journal.pwat.0000033,Research Article,2022-08-16
10.1371/journal.pwat.0000036,1,8,https://journals.plos.org/water/article?id=10.1371/journal.pwat.0000036,PLOS Water,Fostering the transformative potential of participatory photography: Insights from water and sanitation assessments,2022,TRUE,3,pdf; xlsx; docx,https://journals.plos.org/water/article/file?id=10.1371/journal.pwat.0000036.s001&type=supplementary; https://journals.plos.org/water/article/file?id=10.1371/journal.pwat.0000036.s002&type=supplementary; https://journals.plos.org/water/article/file?id=10.1371/journal.pwat.0000036.s003&type=supplementary,4,Jess MacArthur,"Institute for Sustainable Futures, University of Technology Sydney, Ultimo, NSW, Australia",Australia,https://orcid.org/0000-0002-6645-5767,Jess MacArthur,"Institute for Sustainable Futures, University of Technology Sydney, Ultimo, NSW, Australia",Australia,https://orcid.org/0000-0002-6645-5767,TRUE,Relevant reflection and literature data for Components 1 and 2 of the study are included in supplementary materials.,in paper,NA,NA,/Engineering and technology/Equipment/Communication equipment/Cell phones; /Engineering and technology/Equipment/Optical equipment/Cameras; /Medicine and health sciences/Health care/Environmental health/Sanitation; /Medicine and health sciences/Public and occupational health/Environmental health/Sanitation; /Physical sciences/Physics/Classical mechanics/Reflection; /Research and analysis methods/Database and informatics methods/Database searching; /Research and analysis methods/Imaging techniques/Photography; /Science policy/Research integrity/Research ethics; /Social sciences/Sociology/Sexual and gender issues,journals.plos.org,10.1371/journal.pwat.0000036,Research Article,2022-08-12
10.1371/journal.pwat.0000048,1,9,https://journals.plos.org/water/article?id=10.1371/journal.pwat.0000048,PLOS Water,Integration of silicate minerals for ammonium and phosphate removal with an on-site wastewater treatment prototype,2022,TRUE,7,pdf; xlsx; xlsx; xlsx; pdf; xlsx; pdf,https://journals.plos.org/water/article/file?id=10.1371/journal.pwat.0000048.s001&type=supplementary; https://journals.plos.org/water/article/file?id=10.1371/journal.pwat.0000048.s002&type=supplementary; https://journals.plos.org/water/article/file?id=10.1371/journal.pwat.0000048.s003&type=supplementary; https://journals.plos.org/water/article/file?id=10.1371/journal.pwat.0000048.s004&type=supplementary; https://journals.plos.org/water/article/file?id=10.1371/journal.pwat.0000048.s005&type=supplementary; https://journals.plos.org/water/article/file?id=10.1371/journal.pwat.0000048.s006&type=supplementary; https://journals.plos.org/water/article/file?id=10.1371/journal.pwat.0000048.s007&type=supplementary,7,Mariana M. Vasquez,"Center for Water, Sanitation, Hygiene, and Infectious Disease (WaSH-AID), Duke University, Durham, NC, United States of America",United States of America,https://orcid.org/0000-0001-6309-1972,Lena Trotochaud,"Center for Water, Sanitation, Hygiene, and Infectious Disease (WaSH-AID), Duke University, Durham, NC, United States of America",United States of America,https://orcid.org/0000-0002-8816-3781,TRUE,All underlying data for this manuscript are including in the Supporting Information files.,in paper,NA,NA,/Biology and life sciences/Agriculture/Agrochemicals/Fertilizers; /Earth sciences/Marine and aquatic sciences/Limnology/Effluent; /Ecology and environmental sciences/Limnology/Effluent; /Ecology and environmental sciences/Pollution/Water pollution; /Engineering and technology/Technology development/Prototypes; /Physical sciences/Chemistry/Chemical compounds/Phosphates; /Physical sciences/Chemistry/Physical chemistry/Sorption; /Physical sciences/Chemistry/Physical chemistry/Sorption/Desorption; /Physical sciences/Physics/States of matter/Fluids/Liquids,journals.plos.org,10.1371/journal.pwat.0000048,Research Article,2022-09-19
10.1371/journal.pwat.0000029,1,8,https://journals.plos.org/water/article?id=10.1371/journal.pwat.0000029,PLOS Water,"Assessment of drinking water access and household water insecurity: A cross sectional study in three rural communities of the Menoua division, West Cameroon",2022,TRUE,2,docx; csv,https://journals.plos.org/water/article/file?id=10.1371/journal.pwat.0000029.s001&type=supplementary; https://journals.plos.org/water/article/file?id=10.1371/journal.pwat.0000029.s002&type=supplementary,11,Carole Debora Nounkeu,"Regional Hospital Limbe, Limbe, Cameroon",Cameroon,NA,Dieudonne Kuate,"Department of Biochemistry, University of Dschang, Dschang, Cameroon",Cameroon,https://orcid.org/0000-0003-4750-7389,TRUE,The datasets used and/or analyzed during the current study are available as a supplemental document.,in paper,NA,NA,/Earth sciences/Hydrology/Surface water; /Earth sciences/Marine and aquatic sciences/Aquatic environments/Freshwater environments/Fresh water; /Ecology and environmental sciences/Aquatic environments/Freshwater environments/Fresh water; /Ecology and environmental sciences/Natural resources/Water resources; /Engineering and technology/Environmental engineering/Water management; /Medicine and health sciences/Clinical medicine/Signs and symptoms/Diarrhea; /Medicine and health sciences/Gastroenterology and hepatology/Diarrhea; /Medicine and health sciences/Health care/Environmental health/Sanitation; /Medicine and health sciences/Public and occupational health/Environmental health/Sanitation; /People and places/Geographical locations/Africa/Cameroon; /People and places/Population groupings/Age groups/Children; /People and places/Population groupings/Families/Children,journals.plos.org,10.1371/journal.pwat.0000029,Research Article,2022-08-18
10.1371/journal.pwat.0000013,1,3,https://journals.plos.org/water/article?id=10.1371/journal.pwat.0000013,PLOS Water,“Where does it go?”: Perceptions and problems of riverine and marine litter amongst South Africa and Malawi’s urban poor,2022,TRUE,6,docx; docx; docx; pdf; vnd.openxmlformats-officedocument.wordprocessingml.document; vnd.openxmlformats-officedocument.wordprocessingml.document,https://journals.plos.org/water/article/file?id=10.1371/journal.pwat.0000013.s001&type=supplementary; https://journals.plos.org/water/article/file?id=10.1371/journal.pwat.0000013.s002&type=supplementary; https://journals.plos.org/water/article/file?id=10.1371/journal.pwat.0000013.s003&type=supplementary; https://journals.plos.org/water/article/file?id=10.1371/journal.pwat.0000013.s004&type=supplementary; https://journals.plos.org/water/article/file?id=10.1371/journal.pwat.0000013.s005&type=supplementary; https://journals.plos.org/water/article/file?id=10.1371/journal.pwat.0000013.s006&type=supplementary,9,Marc Kalina,"Department of Mechanical and Process Engineering (MAVT), ETH Zürich, Zürich, Switzerland",Switzerland,https://orcid.org/0000-0002-6335-3845,Marc Kalina,"Department of Mechanical and Process Engineering (MAVT), ETH Zürich, Zürich, Switzerland",Switzerland,https://orcid.org/0000-0002-6335-3845,TRUE,All underlying data is publicly available at Figshare: https://figshare.com/s/b9400844fed2c938240e.,available in online repository,https://figshare.com/s/b9400844fed2c938240e,figshare,/Earth sciences/Geomorphology/Topography/Landforms/Beaches; /Earth sciences/Hydrology/Flooding; /Earth sciences/Hydrology/Surface water; /Earth sciences/Marine and aquatic sciences/Aquatic environments/Freshwater environments/Lakes; /Earth sciences/Marine and aquatic sciences/Aquatic environments/Freshwater environments/Rivers; /Earth sciences/Marine and aquatic sciences/Aquatic environments/Marine environments; /Earth sciences/Marine and aquatic sciences/Bodies of water/Lakes; /Earth sciences/Marine and aquatic sciences/Bodies of water/Oceans; /Earth sciences/Marine and aquatic sciences/Bodies of water/Rivers; /Ecology and environmental sciences/Aquatic environments/Freshwater environments/Lakes; /Ecology and environmental sciences/Aquatic environments/Freshwater environments/Rivers; /Ecology and environmental sciences/Aquatic environments/Marine environments; /Ecology and environmental sciences/Pollution/Water pollution,journals.plos.org,10.1371/journal.pwat.0000013,Research Article,2022-03-07
10.1371/journal.pwat.0000023,1,6,https://journals.plos.org/water/article?id=10.1371/journal.pwat.0000023,PLOS Water,The water industry and the decarbonisation of cities: A comprehensive review in the context of Cop26,2022,TRUE,1,tif,https://journals.plos.org/water/article/file?id=10.1371/journal.pwat.0000023.s001&type=supplementary,2,Peter M. J. Fisher,"University of Melbourne, Melbourne, Australia",Australia,NA,Peter M. J. Fisher,"University of Melbourne, Melbourne, Australia",Australia,NA,FALSE,NA,NA,NA,NA,/Earth sciences/Geography/Human geography/Urban geography/Cities; /Earth sciences/Hydrology/Surface water; /Earth sciences/Marine and aquatic sciences/Aquatic environments/Marine environments/Sea water; /Ecology and environmental sciences/Aquatic environments/Marine environments/Sea water; /Ecology and environmental sciences/Natural resources/Water resources; /Ecology and environmental sciences/Pollution/Water pollution; /Engineering and technology/Energy and power/Alternative energy; /Engineering and technology/Environmental engineering/Water management/Desalination; /Engineering and technology/Sanitary engineering/Sewage; /Social sciences/Human geography/Urban geography/Cities,journals.plos.org,10.1371/journal.pwat.0000023,Review,2022-06-02
10.1371/journal.pwat.0000125,3,2,https://journals.plos.org/water/article?id=10.1371/journal.pwat.0000125,PLOS Water,The invisibility of health effects associated with water pollution within disease burden estimates: Analysis from a Colombian Andean watershed,2024,TRUE,6,docx; docx; docx; vnd.openxmlformats-officedocument.wordprocessingml.document; vnd.openxmlformats-officedocument.wordprocessingml.document; vnd.openxmlformats-officedocument.wordprocessingml.document,https://journals.plos.org/water/article/file?id=10.1371/journal.pwat.0000125.s001&type=supplementary; https://journals.plos.org/water/article/file?id=10.1371/journal.pwat.0000125.s002&type=supplementary; https://journals.plos.org/water/article/file?id=10.1371/journal.pwat.0000125.s003&type=supplementary; https://journals.plos.org/water/article/file?id=10.1371/journal.pwat.0000125.s004&type=supplementary; https://journals.plos.org/water/article/file?id=10.1371/journal.pwat.0000125.s005&type=supplementary; https://journals.plos.org/water/article/file?id=10.1371/journal.pwat.0000125.s006&type=supplementary,9,Fabian Mendez,"School of Public Health, Universidad del Valle, Cali, Colombia",Colombia,https://orcid.org/0000-0002-5201-8822,Fabian Mendez,"School of Public Health, Universidad del Valle, Cali, Colombia",Colombia,https://orcid.org/0000-0002-5201-8822,TRUE,"All data necessary to replicate the study’s findings are publicly available without restriction at the time of publication. Information of mortality and morbidity are available at: https://waterhubdata.com/documents/747 and https://waterhubdata.com/documents/748, respectively. Also, information on disability weights, Life expectancy and relative risks for communicable and non-communicable diseases were obtained from the GBD 2019 Data Resources at https://ghdx.healthdata.org/gbd-2019. Finally, population data and household hazardous conditions are available at the Colombian Department of Statistics (DANE) at: http://microdatos.dane.gov.co/index.php/catalog/643/get_microdata.",available in online repository,https://waterhubdata.com/documents/747; https://waterhubdata.com/documents/748; https://ghdx.healthdata.org/gbd-2019; http://microdatos.dane.gov.co/index.php/catalog/643/get_microdata,NA,/Biology and life sciences/Ecology/Ecosystems; /Ecology and environmental sciences/Ecology/Ecosystems; /Ecology and environmental sciences/Natural resources/Water resources; /Ecology and environmental sciences/Pollution/Water pollution; /Medicine and health sciences/Epidemiology/Medical risk factors; /Medicine and health sciences/Medical conditions/Infectious diseases; /Medicine and health sciences/Medical conditions/Noncommunicable diseases; /Medicine and health sciences/Public and occupational health; /Medicine and health sciences/Public and occupational health/Global health,journals.plos.org,10.1371/journal.pwat.0000125,Research Article,2024-02-05
10.1371/journal.pwat.0000181,3,2,https://journals.plos.org/water/article?id=10.1371/journal.pwat.0000181,PLOS Water,Microbial and physicochemical water quality changes within distribution and premise plumbing systems during a chlorine conversion,2024,TRUE,6,a; a; tif; tif; a; pdf,https://journals.plos.org/water/article/file?id=10.1371/journal.pwat.0000181.s001&type=supplementary; https://journals.plos.org/water/article/file?id=10.1371/journal.pwat.0000181.s002&type=supplementary; https://journals.plos.org/water/article/file?id=10.1371/journal.pwat.0000181.s003&type=supplementary; https://journals.plos.org/water/article/file?id=10.1371/journal.pwat.0000181.s004&type=supplementary; https://journals.plos.org/water/article/file?id=10.1371/journal.pwat.0000181.s005&type=supplementary; https://journals.plos.org/water/article/file?id=10.1371/journal.pwat.0000181.s006&type=supplementary,2,Helen Y. Buse,"Office of Research and Development, United States Environmental Protection Agency, Cincinnati, Ohio, United States of America",United States of America,https://orcid.org/0000-0001-5618-6738,Helen Y. Buse,"Office of Research and Development, United States Environmental Protection Agency, Cincinnati, Ohio, United States of America",United States of America,https://orcid.org/0000-0001-5618-6738,TRUE,Raw data is publicly deposited on the USEPA's ScienceHub website (https://catalog.data.gov/harvest/epa-sciencehub). The Illumina raw sequence reads are deposited in the National Center for Biotechnology Information (NCBI) Sequence Read Archive (SRA) database under the BioProject accession number PRJNA871216 (Temporary Submission ID: SUB11952375 Release date: 2023-10-31). https://www.ncbi.nlm.nih.gov/sra/.,available in online repository,https://catalog.data.gov/harvest/epa-sciencehub; https://www.ncbi.nlm.nih.gov/sra/,ncbi/genbank,/Biology and life sciences/Microbiology/Medical microbiology/Microbial pathogens/Bacterial pathogens/Legionella/Legionella pneumophila; /Biology and life sciences/Microbiology/Medical microbiology/Microbial pathogens/Bacterial pathogens/Pseudomonas aeruginosa; /Biology and life sciences/Organisms/Bacteria/Legionella/Legionella pneumophila; /Biology and life sciences/Organisms/Bacteria/Pseudomonas/Pseudomonas aeruginosa; /Earth sciences/Geology/Petrology/Sediment; /Earth sciences/Geology/Sedimentary geology/Sediment; /Ecology and environmental sciences/Natural resources/Water resources; /Ecology and environmental sciences/Water quality; /Engineering and technology/Environmental engineering/Water management; /Medicine and health sciences/Pathology and laboratory medicine/Pathogens/Microbial pathogens/Bacterial pathogens/Legionella/Legionella pneumophila; /Medicine and health sciences/Pathology and laboratory medicine/Pathogens/Microbial pathogens/Bacterial pathogens/Pseudomonas aeruginosa; /Physical sciences/Chemistry/Chemical elements/Chlorine; /Research and analysis methods/Storage and handling/Specimen storage,journals.plos.org,10.1371/journal.pwat.0000181,Research Article,2024-02-08
10.1371/journal.pwat.0000208,3,5,https://journals.plos.org/water/article?id=10.1371/journal.pwat.0000208,PLOS Water,Unregulated drinking water contaminants and adverse birth outcomes in Virginia,2024,TRUE,2,pdf; vnd.openxmlformats-officedocument.wordprocessingml.document,https://journals.plos.org/water/article/file?id=10.1371/journal.pwat.0000208.s001&type=supplementary; https://journals.plos.org/water/article/file?id=10.1371/journal.pwat.0000208.s002&type=supplementary,7,Holly A. Young,"Department of Geography, Virginia Tech, Blacksburg, Virginia, United States of America",United States of America,https://orcid.org/0000-0003-0609-1567,Holly A. Young,"Department of Geography, Virginia Tech, Blacksburg, Virginia, United States of America",United States of America,https://orcid.org/0000-0003-0609-1567,TRUE,Occurrence data from the Unregulated Contaminant Monitoring Rule are publicly available on the Environmental Protection Agency's website (https://www.epa.gov/dwucmr/occurrence-data-unregulated-contaminant-monitoring-rule) Individual-level birth records are restricted by each agency's Institutional Review Board (IRB) and cannot be made accessible to the public or research community. Contact information for the VDH IRB can be found here: https://www.vdh.virginia.gov/institutional-review-board/. Birth records are available from the Virginia Department of Health. Contact information for the VDH Vital Events Statistics Program can be found here: https://www.vdh.virginia.gov/vital-event-statistics-program/.,available in online repository,https://www.epa.gov/dwucmr/occurrence-data-unregulated-contaminant-monitoring-rule; https://www.vdh.virginia.gov/institutional-review-board/; https://www.vdh.virginia.gov/vital-event-statistics-program/,NA,/Biology and life sciences/Physiology/Physiological parameters/Body weight/Birth weight; /Ecology and environmental sciences/Natural resources/Water resources; /Ecology and environmental sciences/Pollution/Water pollution; /Medicine and health sciences/Women's health/Maternal health/Birth/Preterm birth; /Medicine and health sciences/Women's health/Maternal health/Pregnancy/Pregnancy complications/Preterm birth; /Medicine and health sciences/Women's health/Obstetrics and gynecology/Birth/Preterm birth; /Medicine and health sciences/Women's health/Obstetrics and gynecology/Pregnancy/Pregnancy complications/Preterm birth; /People and places/Geographical locations/North America/United States/Virginia; /Physical sciences/Chemistry/Chemical elements/Molybdenum; /Physical sciences/Chemistry/Chemical elements/Vanadium; /Physical sciences/Materials science/Materials/Contaminants,journals.plos.org,10.1371/journal.pwat.0000208,Research Article,2024-05-01
10.1371/journal.pwat.0000153,3,2,https://journals.plos.org/water/article?id=10.1371/journal.pwat.0000153,PLOS Water,Can crop production intensification through irrigation be sustainable? An <i>ex-ante</i> impact study of the south-central coastal zone of Bangladesh,2024,TRUE,8,xlsx; xlsx; xlsx; tif; tif; pdf; vnd.openxmlformats-officedocument.wordprocessingml.document; vnd.openxmlformats-officedocument.wordprocessingml.document,https://journals.plos.org/water/article/file?id=10.1371/journal.pwat.0000153.s001&type=supplementary; https://journals.plos.org/water/article/file?id=10.1371/journal.pwat.0000153.s002&type=supplementary; https://journals.plos.org/water/article/file?id=10.1371/journal.pwat.0000153.s003&type=supplementary; https://journals.plos.org/water/article/file?id=10.1371/journal.pwat.0000153.s004&type=supplementary; https://journals.plos.org/water/article/file?id=10.1371/journal.pwat.0000153.s005&type=supplementary; https://journals.plos.org/water/article/file?id=10.1371/journal.pwat.0000153.s006&type=supplementary; https://journals.plos.org/water/article/file?id=10.1371/journal.pwat.0000153.s007&type=supplementary; https://journals.plos.org/water/article/file?id=10.1371/journal.pwat.0000153.s008&type=supplementary,10,Zahirul Haque Khan,"Institute of Water Modelling, Dhaka, Bangladesh",Bangladesh,NA,Md Raqubul Hasib,"Institute of Water Modelling, Dhaka, Bangladesh",Bangladesh,https://orcid.org/0009-0003-2443-2457,TRUE,"The authors affirm that the article and its supplemental material have the data justify the study's conclusions. On reasonable request, the raw data will be provided.",in paper,NA,NA,/Biology and life sciences/Agriculture/Agricultural methods/Agricultural irrigation/Lift irrigation; /Biology and life sciences/Agriculture/Crop science/Crops; /Earth sciences/Atmospheric science/Climatology/Climate change; /Earth sciences/Hydrology/Surface water; /Earth sciences/Marine and aquatic sciences/Aquatic environments/Freshwater environments/Fresh water; /Earth sciences/Marine and aquatic sciences/Aquatic environments/Freshwater environments/Rivers; /Earth sciences/Marine and aquatic sciences/Bodies of water/Rivers; /Ecology and environmental sciences/Aquatic environments/Freshwater environments/Fresh water; /Ecology and environmental sciences/Aquatic environments/Freshwater environments/Rivers; /Engineering and technology/Civil engineering/Transportation infrastructure/Canals; /Engineering and technology/Transportation/Transportation infrastructure/Canals; /Physical sciences/Chemistry/Chemical properties/Salinity; /Physical sciences/Chemistry/Physical chemistry/Chemical properties/Salinity,journals.plos.org,10.1371/journal.pwat.0000153,Research Article,2024-02-13
10.1371/journal.pwat.0000165,3,4,https://journals.plos.org/water/article?id=10.1371/journal.pwat.0000165,PLOS Water,Large scale water yield assessment for sparsely monitored river basins: A case study for Afghanistan,2024,FALSE,0,NA,NA,7,Fazlul Karim,"Environment Business Unit, Commonwealth Scientific & Industrial Research Organisation, Acton, ACT, Australia",Australia,https://orcid.org/0000-0002-6369-7410,Fazlul Karim,"Environment Business Unit, Commonwealth Scientific & Industrial Research Organisation, Acton, ACT, Australia",Australia,https://orcid.org/0000-0002-6369-7410,TRUE,All data will be available if the manuscript is selected for publication.,NA,NA,NA,/Earth sciences/Atmospheric science/Meteorology/Rain; /Earth sciences/Atmospheric science/Meteorology/Snow; /Earth sciences/Glaciology/Glaciers; /Earth sciences/Hydrology/Surface water; /Earth sciences/Marine and aquatic sciences/Aquatic environments/Freshwater environments/Rivers; /Earth sciences/Marine and aquatic sciences/Bodies of water/Rivers; /Ecology and environmental sciences/Aquatic environments/Freshwater environments/Rivers; /Ecology and environmental sciences/Natural resources/Water resources; /People and places/Geographical locations/Asia/Afghanistan; /Physical sciences/Physics/Condensed matter physics/Phase transitions/Melting,journals.plos.org,10.1371/journal.pwat.0000165,Research Article,2024-04-16
10.1371/journal.pwat.0000119,2,8,https://journals.plos.org/water/article?id=10.1371/journal.pwat.0000119,PLOS Water,"Daily stream temperature predictions for free-flowing streams in the Pacific Northwest, USA",2023,TRUE,5,xlsx; tif; tif; tif; 2021,https://journals.plos.org/water/article/file?id=10.1371/journal.pwat.0000119.s001&type=supplementary; https://journals.plos.org/water/article/file?id=10.1371/journal.pwat.0000119.s002&type=supplementary; https://journals.plos.org/water/article/file?id=10.1371/journal.pwat.0000119.s003&type=supplementary; https://journals.plos.org/water/article/file?id=10.1371/journal.pwat.0000119.s004&type=supplementary; https://journals.plos.org/water/article/file?id=10.1371/journal.pwat.0000119.s005&type=supplementary,5,Jared E. Siegel,"Ocean Associates Inc., contracted to Northwest Fisheries Science Center, National Marine Fisheries Service, National Oceanic and Atmospheric Administration, Seattle, WA, United States of America",United States of America,https://orcid.org/0000-0002-9177-4284,Jared E. Siegel,"Ocean Associates Inc., contracted to Northwest Fisheries Science Center, National Marine Fisheries Service, National Oceanic and Atmospheric Administration, Seattle, WA, United States of America",United States of America,https://orcid.org/0000-0002-9177-4284,TRUE,All code is available at https://github.com/aimeefullerton/daily-st-pnw under the CC-BY-4.0 license. Predictions of stream temperature and covariate data needed to fit models and make predictions are available at https://doi.org/10.5281/zenodo.8174951.,available in online repository,https://github.com/aimeefullerton/daily-st-pnw; https://doi.org/10.5281/zenodo.8174951; 10.5281/zenodo.8174951,zenodo; github,/Earth sciences/Atmospheric science/Climatology/Climate change; /Earth sciences/Atmospheric science/Meteorology/Rain; /Earth sciences/Hydrology/Surface water; /Earth sciences/Seasons; /Earth sciences/Seasons/Summer; /Physical sciences/Mathematics/Statistics/Statistical methods/Forecasting; /Physical sciences/Mathematics/Statistics/Statistical models; /Physical sciences/Physics/Classical mechanics/Dynamics/Aerodynamics/Air flow; /Research and analysis methods/Mathematical and statistical techniques/Statistical methods/Forecasting,journals.plos.org,10.1371/journal.pwat.0000119,Research Article,2023-08-30
10.1371/journal.pwat.0000107,2,8,https://journals.plos.org/water/article?id=10.1371/journal.pwat.0000107,PLOS Water,Protecting fish and farms: Incentivising adoption of modern fish-protection screens for water pumps and gravity-fed diversions in Australia,2023,FALSE,0,NA,NA,4,Thomas S. Rayner,"New South Wales Department of Primary Industries–Fisheries, Taylors Beach, NSW, Australia",Australia,https://orcid.org/0000-0001-9616-1068,Thomas S. Rayner,"New South Wales Department of Primary Industries–Fisheries, Taylors Beach, NSW, Australia",Australia,https://orcid.org/0000-0001-9616-1068,TRUE,"Data on stakeholder motivations and abilities and data on water diversions have been withheld from publication to protect participant privacy. These data are unable to be completely deidentified. Data have been used to provide valuable interpretation, while protecting the provacy of stakeholders involved in incentive programs, whom are required for these conservation efforts to be successful. Stakeholder perceptions data were collected under Negligible Low Risk Human Ethics approved by authors' Institutional Review Board (INT20/376227). The data custodian is Dr Marita Pearson. Her email address is [email removed]@dpi.nsw.gov.au.",NA,NA,NA,/Biology and life sciences/Agriculture/Agricultural methods/Agricultural irrigation; /Biology and life sciences/Agriculture/Agricultural methods/Agricultural irrigation/Lift irrigation; /Biology and life sciences/Organisms/Eukaryota/Animals/Vertebrates/Fish; /Biology and life sciences/Organisms/Eukaryota/Animals/Vertebrates/Fish/Freshwater fish; /Biology and life sciences/Zoology/Animals/Vertebrates/Fish; /Biology and life sciences/Zoology/Animals/Vertebrates/Fish/Freshwater fish; /Ecology and environmental sciences/Natural resources/Water resources; /Medicine and health sciences/Health care/Health care policy/Screening guidelines; /Social sciences/Economics/Finance; /Social sciences/Sociology/Communications/Social communication,journals.plos.org,10.1371/journal.pwat.0000107,Research Article,2023-08-30
10.1371/journal.pwat.0000117,2,9,https://journals.plos.org/water/article?id=10.1371/journal.pwat.0000117,PLOS Water,Environmental monitoring of antimicrobial resistant bacteria in North Carolina water and wastewater using the WHO Tricycle protocol in combination with membrane filtration and compartment bag test methods for detecting and quantifying ESBL <i>E</i>. <i>coli</i>,2023,TRUE,1,docx,https://journals.plos.org/water/article/file?id=10.1371/journal.pwat.0000117.s001&type=supplementary,4,K. Clark Appling,"Gillings School of Global Public Health, Department of Environmental Sciences and Engineering, University of North Carolina at Chapel Hill, Chapel Hill, NC, United States of America",United States of America,NA,Michael B. Fisher,"Gillings School of Global Public Health, Department of Environmental Sciences and Engineering, University of North Carolina at Chapel Hill, Chapel Hill, NC, United States of America",United States of America,https://orcid.org/0000-0003-0159-8238,TRUE,All data can be found in the manuscript and supporting information files.,in paper,NA,NA,/Biology and life sciences/Agriculture/Animal management/Livestock; /Biology and life sciences/Microbiology/Medical microbiology/Microbial pathogens/Bacterial pathogens/Escherichia coli; /Biology and life sciences/Microbiology/Microbial control/Antimicrobial resistance; /Biology and life sciences/Microbiology/Microbial control/Antimicrobials/Antibiotics; /Biology and life sciences/Organisms/Bacteria/Enterobacteriaceae/Escherichia/Escherichia coli; /Biology and life sciences/Organisms/Bacteria/Gut bacteria/Escherichia/Escherichia coli; /Biology and life sciences/Organisms/Eukaryota/Animals/Vertebrates/Amniotes/Birds/Fowl/Gamefowl/Chickens; /Biology and life sciences/Organisms/Eukaryota/Animals/Vertebrates/Amniotes/Birds/Poultry; /Biology and life sciences/Organisms/Eukaryota/Animals/Vertebrates/Amniotes/Birds/Poultry/Chickens; /Biology and life sciences/Zoology/Animals/Vertebrates/Amniotes/Birds/Fowl/Gamefowl/Chickens; /Biology and life sciences/Zoology/Animals/Vertebrates/Amniotes/Birds/Poultry; /Biology and life sciences/Zoology/Animals/Vertebrates/Amniotes/Birds/Poultry/Chickens; /Earth sciences/Hydrology/Surface water; /Medicine and health sciences/Pathology and laboratory medicine/Pathogens/Microbial pathogens/Bacterial pathogens/Escherichia coli; /Medicine and health sciences/Pharmacology/Antimicrobial resistance; /Medicine and health sciences/Pharmacology/Drugs/Antimicrobials/Antibiotics; /Research and analysis methods/Animal studies/Experimental organism systems/Model organisms/Escherichia coli; /Research and analysis methods/Animal studies/Experimental organism systems/Prokaryotic models/Escherichia coli; /Research and analysis methods/Model organisms/Escherichia coli; /Research and analysis methods/Separation processes/Filtration,journals.plos.org,10.1371/journal.pwat.0000117,Research Article,2023-09-19
10.1371/journal.pwat.0000075,2,5,https://journals.plos.org/water/article?id=10.1371/journal.pwat.0000075,PLOS Water,"Community perceptions and practices on quality and safety of drinking water in Mbarara city, south western Uganda",2023,TRUE,2,vnd.openxmlformats-officedocument.wordprocessingml.document; vnd.openxmlformats-officedocument.wordprocessingml.document,https://journals.plos.org/water/article/file?id=10.1371/journal.pwat.0000075.s001&type=supplementary; https://journals.plos.org/water/article/file?id=10.1371/journal.pwat.0000075.s002&type=supplementary,9,Abaasa N. Catherine,"Faculty of Medicine, Mbarara University of Science and Technology, Mbarara, Uganda",Uganda,https://orcid.org/0000-0001-6882-1831,Abaasa N. Catherine,"Faculty of Medicine, Mbarara University of Science and Technology, Mbarara, Uganda",Uganda,https://orcid.org/0000-0001-6882-1831,TRUE,"To ensure confidentiality of participants’ information as agreed up on during Ethical approval and Consent Process, qualitative interview transcripts’ file is only visible to the direct research team or through Mbarara University of Science and Technology Research Ethics Committee, P.O. Box 1410 Mbarara, Tel: +256-48-543-3795, Fax: +256-48-542-0782, E-mail: [email removed]@must.ac.ug, [email removed]@gmail.com since they are not publically available.",NA,NA,NA,/Earth sciences/Hydrology/Surface water; /Earth sciences/Marine and aquatic sciences/Aquatic environments/Freshwater environments/Rivers; /Earth sciences/Marine and aquatic sciences/Bodies of water/Rivers; /Ecology and environmental sciences/Aquatic environments/Freshwater environments/Rivers; /Ecology and environmental sciences/Natural resources/Water resources; /Ecology and environmental sciences/Pollution/Water pollution; /Ecology and environmental sciences/Water quality; /Engineering and technology/Environmental engineering/Water management; /Engineering and technology/Sanitary engineering/Solid waste management/Sewage treatment; /Medicine and health sciences/Health care/Environmental health/Sanitation; /Medicine and health sciences/Public and occupational health/Environmental health/Sanitation,journals.plos.org,10.1371/journal.pwat.0000075,Research Article,2023-05-30
10.1371/journal.pwat.0000146,2,8,https://journals.plos.org/water/article?id=10.1371/journal.pwat.0000146,PLOS Water,"The status of water access, sanitation, and hygiene in schools: A cross sectional survey to identify capacities and assess coverage in Garoua, North Cameroon",2023,TRUE,1,pdf,https://journals.plos.org/water/article/file?id=10.1371/journal.pwat.0000146.s001&type=supplementary,16,Carole Debora Nounkeu,"Regional Delegation of Public Health of Littoral, Douala, Littoral, Cameroon",Cameroon,https://orcid.org/0000-0002-7291-6988,Georges Nguefack-Tsague,"Faculty of Medicine and Biomedical Sciences, University of Yaoundé 1, Yaoundé, Cameroon",Cameroon,https://orcid.org/0000-0002-3847-3490,TRUE,"The data has been submitted and is published on the Mendeley Data and Digital Commons Data Repository. This is the citation to the dataset Nguefack-Tsague, Georges; Aoutaksa, Kevin; Nounkeu, Carole (2023), “The status of water access, sanitation, and hygiene in schools: a cross sectional survey to identify capacities and assess coverage in Garoua, North Cameroon”, Mendeley Data, V1, doi: 10.17632/wh7xt9v6hg.1 URL: https://data.mendeley.com/datasets/wh7xt9v6hg/1.",available in online repository,https://doi.org/10.17632/wh7xt9v6hg.1; https://data.mendeley.com/datasets/wh7xt9v6hg/1; 10.17632/wh7xt9v6hg.1,mendeley data,/Ecology and environmental sciences/Natural resources/Water resources; /Engineering and technology/Environmental engineering/Water management; /Medicine and health sciences/Health care/Environmental health/Sanitation; /Medicine and health sciences/Public and occupational health/Environmental health/Sanitation; /Medicine and health sciences/Public and occupational health/Hygiene; /Medicine and health sciences/Public and occupational health/Hygiene/Hand washing; /People and places/Population groupings/Age groups/Children; /People and places/Population groupings/Families/Children; /Physical sciences/Chemistry/Chemical compounds/Salts/Soaps; /Social sciences/Sociology/Education/Schools,journals.plos.org,10.1371/journal.pwat.0000146,Research Article,2023-08-30
10.1371/journal.pwat.0000112,2,8,https://journals.plos.org/water/article?id=10.1371/journal.pwat.0000112,PLOS Water,Evaluating Clean Water Act progress drivers for Idaho rivers and streams 2002–2022,2023,TRUE,4,vnd.openxmlformats-officedocument.wordprocessingml.document; pdf; vnd.openxmlformats-officedocument.wordprocessingml.document; vnd.openxmlformats-officedocument.wordprocessingml.document,https://journals.plos.org/water/article/file?id=10.1371/journal.pwat.0000112.s001&type=supplementary; https://journals.plos.org/water/article/file?id=10.1371/journal.pwat.0000112.s002&type=supplementary; https://journals.plos.org/water/article/file?id=10.1371/journal.pwat.0000112.s003&type=supplementary; https://journals.plos.org/water/article/file?id=10.1371/journal.pwat.0000112.s004&type=supplementary,3,Jason Williams,"Idaho Department of Environmental Quality, Lewiston, Idaho, United States of America",United States of America,https://orcid.org/0000-0002-0511-4416,Jason Williams,"Idaho Department of Environmental Quality, Lewiston, Idaho, United States of America",United States of America,https://orcid.org/0000-0002-0511-4416,TRUE,Data and R code used for analyses are available in a public Open Science Framework repository. https://doi.org/10.17605/OSF.IO/Z4S89 or DOI 10.17605/OSF.IO/Z4S89.,available in online repository,https://doi.org/10.17605/OSF.IO/Z4S89; 10.17605/OSF.IO/Z4S89,osf,/Biology and life sciences/Neuroscience/Cognitive neuroscience/Cognitive neurology/Cognitive impairment; /Biology and life sciences/Neuroscience/Cognitive science/Cognitive neuroscience/Cognitive neurology/Cognitive impairment; /Computer and information sciences/Software engineering/Computer software; /Earth sciences/Hydrology/Surface water; /Earth sciences/Marine and aquatic sciences/Aquatic environments/Freshwater environments/Lakes; /Earth sciences/Marine and aquatic sciences/Aquatic environments/Freshwater environments/Rivers; /Earth sciences/Marine and aquatic sciences/Bodies of water/Lakes; /Earth sciences/Marine and aquatic sciences/Bodies of water/Rivers; /Ecology and environmental sciences/Aquatic environments/Freshwater environments/Lakes; /Ecology and environmental sciences/Aquatic environments/Freshwater environments/Rivers; /Ecology and environmental sciences/Pollution/Water pollution; /Ecology and environmental sciences/Water quality; /Engineering and technology/Software engineering/Computer software; /Medicine and health sciences/Neurology/Cognitive neurology/Cognitive impairment; /People and places/Geographical locations/North America/United States/Idaho,journals.plos.org,10.1371/journal.pwat.0000112,Research Article,2023-08-30
10.1371/journal.pwat.0000177,2,10,https://journals.plos.org/water/article?id=10.1371/journal.pwat.0000177,PLOS Water,Analysis of <i>Microcystis aeruginosa</i> physiology by spectral flow cytometry: Impact of chemical and light exposure,2023,TRUE,6,tif; tif; tif; vnd.openxmlformats-officedocument.wordprocessingml.document; vnd.openxmlformats-officedocument.wordprocessingml.document; vnd.openxmlformats-officedocument.wordprocessingml.document,https://journals.plos.org/water/article/file?id=10.1371/journal.pwat.0000177.s001&type=supplementary; https://journals.plos.org/water/article/file?id=10.1371/journal.pwat.0000177.s002&type=supplementary; https://journals.plos.org/water/article/file?id=10.1371/journal.pwat.0000177.s003&type=supplementary; https://journals.plos.org/water/article/file?id=10.1371/journal.pwat.0000177.s004&type=supplementary; https://journals.plos.org/water/article/file?id=10.1371/journal.pwat.0000177.s005&type=supplementary; https://journals.plos.org/water/article/file?id=10.1371/journal.pwat.0000177.s006&type=supplementary,7,Emma T. Brentjens,"Oak Ridge Institute for Science and Education Research Participation Program hosted by U.S. Environmental Protection Agency, Oak Ridge, TN, United States of America",United States of America,NA,Robert M. Zucker,"Public Health and Integrated Toxicology Division, Center for Public Health and Environmental Assessment, U.S. Environmental Protection Agency, Office of Research and Development, RTP, NC, United States of America",United States of America,https://orcid.org/0000-0002-6602-8706,TRUE,The data that was obtained is the sole property of the EPA and is not owned by any commercial company. We use FCS express software (third-party) as it has added features that can be used to analyze Cytek spectral data that are not available in the Cytek Spectra Flo operating system. The data belongs to the EPA and not the Cytek company or a third-party company. The data is collected on a Cytek Aurora flow cytometer which is owned by the EPA. The standard procedure that we use with the generated data is to convert the Spectra Flo data into FCS 3.0 files which can be used by an EPA scientist or by other investigators that have third-party software. Converting data from a flow cytometer to FCS files is a standard procedure used by the flow cytometry community to analyze data for further analysis. The authors did not have any special access privileges from the Cytek company or a third-party software company. The Spectra Flo data can be used by individuals that have a Cytek flow cytometer or have access to any third-party software that can read FCS 3.0 files.,not shareable,NA,NA,/Biology and life sciences/Biochemistry/Plant biochemistry/Photosynthesis; /Biology and life sciences/Organisms/Bacteria/Cyanobacteria; /Biology and life sciences/Plant science/Plant biochemistry/Photosynthesis; /Engineering and technology/Equipment/Optical equipment/Lasers; /Physical sciences/Materials science/Materials/Pigments; /Physical sciences/Physics/Electromagnetic radiation/Light; /Physical sciences/Physics/Electromagnetic radiation/Light/Artificial light; /Physical sciences/Physics/Electromagnetic radiation/Light/Light scattering; /Physical sciences/Physics/Electromagnetic radiation/Luminescence/Fluorescence; /Physical sciences/Physics/Scattering/Light scattering,journals.plos.org,10.1371/journal.pwat.0000177,Research Article,2023-10-27
10.1371/journal.pwat.0000136,2,10,https://journals.plos.org/water/article?id=10.1371/journal.pwat.0000136,PLOS Water,Tracing isotope precipitation patterns across Mexico,2023,TRUE,4,tif; xlsx; xlsx; docx,https://journals.plos.org/water/article/file?id=10.1371/journal.pwat.0000136.s001&type=supplementary; https://journals.plos.org/water/article/file?id=10.1371/journal.pwat.0000136.s002&type=supplementary; https://journals.plos.org/water/article/file?id=10.1371/journal.pwat.0000136.s003&type=supplementary; https://journals.plos.org/water/article/file?id=10.1371/journal.pwat.0000136.s004&type=supplementary,10,Ricardo Sánchez-Murillo,"Department of Earth and Environmental Sciences, University of Texas, Arlington, Texas, United States of America",United States of America,https://orcid.org/0000-0001-8721-8093,Ricardo Sánchez-Murillo,"Department of Earth and Environmental Sciences, University of Texas, Arlington, Texas, United States of America",United States of America,https://orcid.org/0000-0001-8721-8093,TRUE,All data is available within the supplementary information and from Hydroshare at https://www.hydroshare.org/resource/909aaa5edf1040b6a6244a0ca7f58890/.,available in online repository,https://www.hydroshare.org/resource/909aaa5edf1040b6a6244a0ca7f58890/,hydroshare,/Earth sciences/Atmospheric science/Meteorology; /Earth sciences/Atmospheric science/Meteorology/Rain; /Earth sciences/Marine and aquatic sciences/Bodies of water/Gulfs/Gulf of Mexico; /Earth sciences/Marine and aquatic sciences/Bodies of water/Oceans/Pacific Ocean; /Earth sciences/Seasons; /People and places/Geographical locations/North America/Caribbean; /People and places/Geographical locations/North America/Mexico; /Physical sciences/Physics/Particle physics/Composite particles/Atoms/Isotopes,journals.plos.org,10.1371/journal.pwat.0000136,Research Article,2023-10-11
10.1371/journal.pwat.0000128,2,5,https://journals.plos.org/water/article?id=10.1371/journal.pwat.0000128,PLOS Water,"The need to acknowledge, study and engage with new water justice movements",2023,FALSE,0,NA,NA,3,Lena Hommes,"Water Resources Management Group, Department of Environmental Sciences, Wageningen University, Wageningen, The Netherlands",Netherlands,https://orcid.org/0000-0002-5042-0121,Lena Hommes,"Water Resources Management Group, Department of Environmental Sciences, Wageningen University, Wageningen, The Netherlands",Netherlands,https://orcid.org/0000-0002-5042-0121,FALSE,NA,NA,NA,NA,/Biology and life sciences/Ecology/Community ecology; /Earth sciences/Geomorphology/Topography/Landforms/Wetlands; /Earth sciences/Hydrology/Surface water; /Earth sciences/Marine and aquatic sciences/Aquatic environments/Freshwater environments/Rivers; /Earth sciences/Marine and aquatic sciences/Aquatic environments/Freshwater environments/Wetlands; /Earth sciences/Marine and aquatic sciences/Bodies of water/Rivers; /Ecology and environmental sciences/Aquatic environments/Freshwater environments/Rivers; /Ecology and environmental sciences/Aquatic environments/Freshwater environments/Wetlands; /Ecology and environmental sciences/Ecology/Community ecology; /Ecology and environmental sciences/Natural resources/Water resources; /Ecology and environmental sciences/Pollution/Water pollution; /Social sciences/Sociology/Culture; /Social sciences/Sociology/Social movements,journals.plos.org,10.1371/journal.pwat.0000128,Opinion,2023-05-17
10.1371/journal.pwat.0000135,2,10,https://journals.plos.org/water/article?id=10.1371/journal.pwat.0000135,PLOS Water,"Assessing the impact of anthropogenic influences on the sediment quality of Owalla Reservoir, Southwest, Nigeria",2023,TRUE,3,pdf; vnd.openxmlformats-officedocument.wordprocessingml.document; vnd.openxmlformats-officedocument.wordprocessingml.document,https://journals.plos.org/water/article/file?id=10.1371/journal.pwat.0000135.s001&type=supplementary; https://journals.plos.org/water/article/file?id=10.1371/journal.pwat.0000135.s002&type=supplementary; https://journals.plos.org/water/article/file?id=10.1371/journal.pwat.0000135.s003&type=supplementary,7,Adedeji Idowu Aduwo,"Department of Zoology, Obafemi Awolowo University, Ile-Ife, Nigeria",Nigeria,https://orcid.org/0000-0002-1733-9129,Taiwo Adekanmi Adesakin,"Department of Biology, Ahmadu Bello University, Zaria, Nigeria",Nigeria,https://orcid.org/0000-0003-3547-0152,TRUE,"The data that provide this study can be access on this website provided below upon request. http//:zoo.oauife.edu.ng email: [email removed]@oauife.edu.ng Department of Zoology, Obafemi Awolowo University, P.M.B. 13, Ile-Ife, Nigeria (+234) 8104563456.",available in online repository,http//:zoo.oauife.edu.ng,NA,/Earth sciences/Geology/Petrology/Sediment; /Earth sciences/Geology/Sedimentary geology/Sediment; /Earth sciences/Hydrology/Surface water; /Earth sciences/Seasons; /Physical sciences/Chemistry/Chemical compounds/Phosphates; /Physical sciences/Chemistry/Chemical compounds/Salts/Sulfates; /Physical sciences/Chemistry/Chemical elements/Hydrogen; /Physical sciences/Chemistry/Physical chemistry/Ions/Anions; /Physical sciences/Mathematics/Statistics/Statistical methods/Multivariate analysis/Principal component analysis; /Research and analysis methods/Mathematical and statistical techniques/Statistical methods/Multivariate analysis/Principal component analysis,journals.plos.org,10.1371/journal.pwat.0000135,Research Article,2023-10-11
10.1371/journal.pwat.0000154,2,9,https://journals.plos.org/water/article?id=10.1371/journal.pwat.0000154,PLOS Water,"Household water insecurity experiences and their perceived determinants in a low-income community of Cartagena, Colombia, during a water service expansion project",2023,TRUE,1,docx,https://journals.plos.org/water/article/file?id=10.1371/journal.pwat.0000154.s001&type=supplementary,3,Andrea K. Lemaitre,"Abess Center for Ecosystem Science and Policy, University of Miami, Coral Gables, Florida, United States of America",United States of America,https://orcid.org/0000-0002-4486-4228,Justin Stoler,"Abess Center for Ecosystem Science and Policy, University of Miami, Coral Gables, Florida, United States of America",United States of America,https://orcid.org/0000-0001-8435-7012,TRUE,The data used in this study are publicly available at the University of Miami’s Scholarship@Miami scholarly repository using the following link: doi.org/10.17604/6vrb-0520.,available in online repository,https://doi.org/10.17604/6vrb-0520; 10.17604/6vrb-0520,NA,/Ecology and environmental sciences/Natural resources/Water resources; /Ecology and environmental sciences/Water quality; /Engineering and technology/Civil engineering/Urban infrastructure; /Engineering and technology/Environmental engineering/Water management; /Medicine and health sciences/Health care/Environmental health/Sanitation; /Medicine and health sciences/Mental health and psychiatry; /Medicine and health sciences/Public and occupational health/Environmental health/Sanitation; /Medicine and health sciences/Public and occupational health/Hygiene; /Social sciences/Economics/Commerce/Vendors,journals.plos.org,10.1371/journal.pwat.0000154,Research Article,2023-09-05
10.1371/journal.pwat.0000069,2,6,https://journals.plos.org/water/article?id=10.1371/journal.pwat.0000069,PLOS Water,Application of watershed-scale habitat modeling and decision-support tools for reservoir reoperations in coastal northern California,2023,TRUE,8,pdf; pdf; pdf; pdf; tif; tif; tif; vnd.openxmlformats-officedocument.wordprocessingml.document,https://journals.plos.org/water/article/file?id=10.1371/journal.pwat.0000069.s001&type=supplementary; https://journals.plos.org/water/article/file?id=10.1371/journal.pwat.0000069.s002&type=supplementary; https://journals.plos.org/water/article/file?id=10.1371/journal.pwat.0000069.s003&type=supplementary; https://journals.plos.org/water/article/file?id=10.1371/journal.pwat.0000069.s004&type=supplementary; https://journals.plos.org/water/article/file?id=10.1371/journal.pwat.0000069.s005&type=supplementary; https://journals.plos.org/water/article/file?id=10.1371/journal.pwat.0000069.s006&type=supplementary; https://journals.plos.org/water/article/file?id=10.1371/journal.pwat.0000069.s007&type=supplementary; https://journals.plos.org/water/article/file?id=10.1371/journal.pwat.0000069.s008&type=supplementary,7,Doug Chalmers,"US Centre, Stockholm Environment Institute, Davis, California, United States of America",United States of America,https://orcid.org/0000-0003-2511-279X,Doug Chalmers,"US Centre, Stockholm Environment Institute, Davis, California, United States of America",United States of America,https://orcid.org/0000-0003-2511-279X,TRUE,The complete modeling results dataset is available for free to the public using the Tableau Public visualization: https://public.tableau.com/app/profile/laura7607/viz/BiologicalEvaluationFrameworkinWEAPResults_Dec5th/Story1.,available in online repository,https://public.tableau.com/app/profile/laura7607/viz/BiologicalEvaluationFrameworkinWEAPResults_Dec5th/Story1,NA,/Biology and life sciences/Developmental biology/Modes of reproduction/Sexual reproduction/Spawning; /Biology and life sciences/Ecology/Habitats; /Biology and life sciences/Organisms/Eukaryota/Animals/Vertebrates/Fish/Freshwater fish; /Biology and life sciences/Zoology/Animals/Vertebrates/Fish/Freshwater fish; /Earth sciences/Geomorphology/Topography/Landforms/Valleys; /Earth sciences/Hydrology/Surface water; /Earth sciences/Marine and aquatic sciences/Aquatic environments/Freshwater environments/Rivers; /Earth sciences/Marine and aquatic sciences/Bodies of water/Rivers; /Ecology and environmental sciences/Aquatic environments/Freshwater environments/Rivers; /Ecology and environmental sciences/Ecology/Habitats; /Ecology and environmental sciences/Natural resources/Water resources; /Engineering and technology/Environmental engineering/Water management,journals.plos.org,10.1371/journal.pwat.0000069,Research Article,2023-06-08
10.1371/journal.pwat.0000133,2,6,https://journals.plos.org/water/article?id=10.1371/journal.pwat.0000133,PLOS Water,Benchmarks of production for atmospheric water generators in the United States,2023,TRUE,1,tif,https://journals.plos.org/water/article/file?id=10.1371/journal.pwat.0000133.s001&type=supplementary,3,Erica Sadowski,"Department of Systems Engineering and Management, Air Force Institute of Technology, Wright-Patterson AFB, OH, United States of America",United States of America,NA,Christopher M. Chini,"Department of Systems Engineering and Management, Air Force Institute of Technology, Wright-Patterson AFB, OH, United States of America",United States of America,https://orcid.org/0000-0002-1208-3646,TRUE,Data used in this research are proprietary aggregations of weather station data by AccuWeather and can be accessed through their company or through the original weather source locations. The resulting data can be found as shapefiles and raster files in the Zenodo database DOI: 10.5281/zenodo.7837310.,available in online repository,https://doi.org/10.5281/zenodo.7837310; 10.5281/zenodo.7837310,zenodo,/Earth sciences/Atmospheric science/Meteorology/Humidity; /Earth sciences/Atmospheric science/Meteorology/Weather; /Earth sciences/Seasons; /Ecology and environmental sciences/Natural resources/Water resources; /Ecology and environmental sciences/Pollution/Water pollution; /Engineering and technology/Industrial engineering/Reliability engineering/Reliability; /People and places/Geographical locations/North America/United States; /Physical sciences/Chemistry/Physical chemistry/Sorption,journals.plos.org,10.1371/journal.pwat.0000133,Research Article,2023-06-08
10.1371/journal.pwat.0000120,2,6,https://journals.plos.org/water/article?id=10.1371/journal.pwat.0000120,PLOS Water,Chemical composition of organic acid digest from a municipal wastewater treatment plant and chemical modeling of nuisance struvite formation and phosphorus recovery as brushite,2023,FALSE,0,NA,NA,3,Phillip Barak,"Department of Soil Science, University of Wisconsin-Madison, Madison, Wisconsin, United States of America",United States of America,https://orcid.org/0000-0002-1033-3795,Phillip Barak,"Department of Soil Science, University of Wisconsin-Madison, Madison, Wisconsin, United States of America",United States of America,https://orcid.org/0000-0002-1033-3795,TRUE,"The data set on which this project is based is available at OSFHome at doi 10.17605/OSF.IO/3JAEW, subject to a CC-By Attribution 4.0 International license.",available in online repository,https://doi.org/10.17605/OSF.IO/3JAEW; 10.17605/OSF.IO/3JAEW,osf,/Physical sciences/Chemistry/Chemical compounds/Acids/Organic acids; /Physical sciences/Chemistry/Chemical compounds/Carbon dioxide; /Physical sciences/Chemistry/Chemical compounds/Hydroxides; /Physical sciences/Chemistry/Chemical compounds/Methane; /Physical sciences/Chemistry/Chemical compounds/Phosphates; /Physical sciences/Chemistry/Chemical reactions/Chemical precipitation; /Physical sciences/Chemistry/Physical chemistry/Ions/Anions; /Physical sciences/Materials science/Materials/Sludge,journals.plos.org,10.1371/journal.pwat.0000120,Research Article,2023-06-08
10.1371/journal.pwat.0000116,2,11,https://journals.plos.org/water/article?id=10.1371/journal.pwat.0000116,PLOS Water,Nature based solutions for flood risks: What insights do the social representations of experts provide?,2023,TRUE,2,docx; xlsx,https://journals.plos.org/water/article/file?id=10.1371/journal.pwat.0000116.s001&type=supplementary; https://journals.plos.org/water/article/file?id=10.1371/journal.pwat.0000116.s002&type=supplementary,4,Pénélope Brueder,"RECOVER, INRAE/ADEME, Aix-en-Provence, France",France,https://orcid.org/0009-0002-7761-9971,Pénélope Brueder,"RECOVER, INRAE/ADEME, Aix-en-Provence, France",France,https://orcid.org/0009-0002-7761-9971,TRUE,All data are within the manuscript and its Supporting Information files.,in paper,NA,NA,/Biology and life sciences/Ecology/Biodiversity; /Biology and life sciences/Ecology/Community ecology/Ecological risk; /Biology and life sciences/Psychology/Psychological attitudes; /Earth sciences/Geomorphology/Topography/Landforms/Wetlands; /Earth sciences/Hydrology/Flooding; /Earth sciences/Marine and aquatic sciences/Aquatic environments/Freshwater environments/Rivers; /Earth sciences/Marine and aquatic sciences/Aquatic environments/Freshwater environments/Wetlands; /Earth sciences/Marine and aquatic sciences/Bodies of water/Rivers; /Ecology and environmental sciences/Aquatic environments/Freshwater environments/Rivers; /Ecology and environmental sciences/Aquatic environments/Freshwater environments/Wetlands; /Ecology and environmental sciences/Ecology/Biodiversity; /Ecology and environmental sciences/Ecology/Community ecology/Ecological risk; /Engineering and technology/Civil engineering; /Medicine and health sciences/Epidemiology/Medical risk factors; /Social sciences/Psychology/Psychological attitudes,journals.plos.org,10.1371/journal.pwat.0000116,Research Article,2023-11-01
10.1371/journal.pwat.0000172,2,9,https://journals.plos.org/water/article?id=10.1371/journal.pwat.0000172,PLOS Water,Browning of Scottish surface water sources exposed to climate change,2023,FALSE,0,NA,NA,4,Ståle Haaland,"Norwegian Institute of Bioeconomy Research, NIBIO, Ås, Norway",Norway,https://orcid.org/0009-0005-0687-4790,Ståle Haaland,"Norwegian Institute of Bioeconomy Research, NIBIO, Ås, Norway",Norway,https://orcid.org/0009-0005-0687-4790,TRUE,Raw data used can be found at: DOI 10.17605/OSF.IO/96R3F Public databases are linked to in the manuscript.,available in online repository,https://doi.org/10.17605/OSF.IO/96R3F; 10.17605/OSF.IO/96R3F,osf,/Earth sciences/Atmospheric science/Atmospheric chemistry/Acid deposition; /Earth sciences/Atmospheric science/Climatology/Climate change; /Earth sciences/Atmospheric science/Meteorology; /Earth sciences/Atmospheric science/Meteorology/Rain; /Earth sciences/Hydrology/Surface water; /Earth sciences/Seasons; /Earth sciences/Seasons/Summer; /Ecology and environmental sciences/Environmental chemistry/Atmospheric chemistry/Acid deposition; /Physical sciences/Chemistry/Chemical reactions/Chemical precipitation; /Physical sciences/Chemistry/Environmental chemistry/Atmospheric chemistry/Acid deposition,journals.plos.org,10.1371/journal.pwat.0000172,Research Article,2023-09-07
10.1371/journal.pwat.0000173,2,9,https://journals.plos.org/water/article?id=10.1371/journal.pwat.0000173,PLOS Water,Putting diplomacy at the forefront of Water Diplomacy,2023,FALSE,0,NA,NA,4,Hussam Hussein,"Somerville College, University of Oxford, Oxford, United Kingdom",United Kingdom of Great Britain and Northern Ireland,https://orcid.org/0000-0002-1238-1715,Hussam Hussein,"Somerville College, University of Oxford, Oxford, United Kingdom",United Kingdom of Great Britain and Northern Ireland,https://orcid.org/0000-0002-1238-1715,FALSE,NA,NA,NA,NA,/Earth sciences/Atmospheric science/Climatology/Climate change; /Earth sciences/Hydrology/Surface water; /Earth sciences/Marine and aquatic sciences/Aquatic environments/Freshwater environments/Fresh water; /Earth sciences/Marine and aquatic sciences/Aquatic environments/Freshwater environments/Rivers; /Earth sciences/Marine and aquatic sciences/Bodies of water/Rivers; /Ecology and environmental sciences/Aquatic environments/Freshwater environments/Fresh water; /Ecology and environmental sciences/Aquatic environments/Freshwater environments/Rivers; /Ecology and environmental sciences/Environmental economics; /Ecology and environmental sciences/Natural resources/Water resources; /Ecology and environmental sciences/Sustainability science; /Engineering and technology/Environmental engineering/Water management; /Social sciences/Economics/Environmental economics,journals.plos.org,10.1371/journal.pwat.0000173,Review,2023-09-07
10.1371/journal.pwat.0000126,2,6,https://journals.plos.org/water/article?id=10.1371/journal.pwat.0000126,PLOS Water,The potential for nature-based solutions to combat the freshwater biodiversity crisis,2023,TRUE,2,docx; tif,https://journals.plos.org/water/article/file?id=10.1371/journal.pwat.0000126.s001&type=supplementary; https://journals.plos.org/water/article/file?id=10.1371/journal.pwat.0000126.s002&type=supplementary,6,Charles B. van Rees,"Odum School of Ecology and River Basin Center, University of Georgia, Athens, Georgia, United States of America",United States of America,https://orcid.org/0000-0003-0558-3674,Charles B. van Rees,"Odum School of Ecology and River Basin Center, University of Georgia, Athens, Georgia, United States of America",United States of America,https://orcid.org/0000-0003-0558-3674,FALSE,NA,NA,NA,NA,/Biology and life sciences/Ecology/Biodiversity; /Biology and life sciences/Ecology/Ecosystems; /Earth sciences/Hydrology/Flooding; /Earth sciences/Marine and aquatic sciences/Aquatic environments/Freshwater environments/Fresh water; /Earth sciences/Marine and aquatic sciences/Aquatic environments/Freshwater environments/Rivers; /Earth sciences/Marine and aquatic sciences/Bodies of water/Rivers; /Ecology and environmental sciences/Aquatic environments/Freshwater environments/Fresh water; /Ecology and environmental sciences/Aquatic environments/Freshwater environments/Rivers; /Ecology and environmental sciences/Conservation science; /Ecology and environmental sciences/Ecology/Biodiversity; /Ecology and environmental sciences/Ecology/Ecosystems; /Ecology and environmental sciences/Water quality; /Engineering and technology/Civil engineering/Urban infrastructure,journals.plos.org,10.1371/journal.pwat.0000126,Review,2023-06-08
10.1371/journal.pwat.0000093,2,6,https://journals.plos.org/water/article?id=10.1371/journal.pwat.0000093,PLOS Water,Determinants of consistency of use of household water filters in emergencies: Insights from a protracted drought in Northern Kenya,2023,TRUE,4,docx; docx; vnd.openxmlformats-officedocument.wordprocessingml.document; 002,https://journals.plos.org/water/article/file?id=10.1371/journal.pwat.0000093.s001&type=supplementary; https://journals.plos.org/water/article/file?id=10.1371/journal.pwat.0000093.s002&type=supplementary; https://journals.plos.org/water/article/file?id=10.1371/journal.pwat.0000093.s003&type=supplementary; https://journals.plos.org/water/article/file?id=10.1371/journal.pwat.0000093.s004&type=supplementary,9,George Kiambuthi Wainaina,"Swiss Federal Institute of Aquatic Science and Technology (Eawag), Dübendorf, Switzerland",Switzerland,https://orcid.org/0000-0002-3596-5596,George Kiambuthi Wainaina,"Swiss Federal Institute of Aquatic Science and Technology (Eawag), Dübendorf, Switzerland",Switzerland,https://orcid.org/0000-0002-3596-5596,TRUE,I have ethical restrictions from the ethical committees involved since the data was collected from human subjects. The name of the ethical committee is Eawag Ethical Review Committee and the contact person is Rik Eggen ([email removed]@eawag.ch).,NA,NA,NA,/Biology and life sciences/Neuroscience/Cognitive science/Cognitive psychology/Perception/Sensory perception; /Biology and life sciences/Neuroscience/Sensory perception; /Biology and life sciences/Psychology/Behavior; /Biology and life sciences/Psychology/Cognitive psychology/Perception/Sensory perception; /Biology and life sciences/Psychology/Psychological attitudes; /Ecology and environmental sciences/Natural resources/Water resources; /Ecology and environmental sciences/Water quality; /Medicine and health sciences/Health care/Psychological and psychosocial issues; /Physical sciences/Physics/Classical mechanics/Continuum mechanics/Fluid mechanics/Fluid dynamics/Flow rate; /Research and analysis methods/Research design/Survey research/Surveys; /Social sciences/Psychology/Behavior; /Social sciences/Psychology/Cognitive psychology/Perception/Sensory perception; /Social sciences/Psychology/Psychological attitudes,journals.plos.org,10.1371/journal.pwat.0000093,Research Article,2023-06-08
10.1371/journal.pwat.0000169,2,9,https://journals.plos.org/water/article?id=10.1371/journal.pwat.0000169,PLOS Water,Deep reinforcement learning for irrigation scheduling using high-dimensional sensor feedback,2023,FALSE,0,NA,NA,3,Yuji Saikai,"School of Mathematics and Statistics, the University of Melbourne, Melbourne, VIC, Australia",Australia,https://orcid.org/0000-0002-2665-653X,Yuji Saikai,"School of Mathematics and Statistics, the University of Melbourne, Melbourne, VIC, Australia",Australia,https://orcid.org/0000-0002-2665-653X,TRUE,"The code, simulation files, and other data are all found on the author’s website (https://github.com/ysaikai/RLIR). The link is also included in the manuscript.",available in online repository,https://github.com/ysaikai/RLIR,github,/Biology and life sciences/Agriculture/Agricultural methods/Agricultural irrigation; /Biology and life sciences/Agriculture/Agricultural soil science; /Biology and life sciences/Agriculture/Crop science/Crops; /Biology and life sciences/Neuroscience/Cognitive science/Cognition/Decision making; /Biology and life sciences/Neuroscience/Cognitive science/Cognitive psychology/Decision making; /Biology and life sciences/Neuroscience/Neural networks; /Biology and life sciences/Organisms/Eukaryota/Plants/Grasses/Wheat; /Biology and life sciences/Psychology/Cognitive psychology/Decision making; /Computer and information sciences/Artificial intelligence/Machine learning; /Computer and information sciences/Neural networks; /Earth sciences/Soil science/Agricultural soil science; /Physical sciences/Mathematics/Optimization; /Social sciences/Psychology/Cognitive psychology/Decision making,journals.plos.org,10.1371/journal.pwat.0000169,Research Article,2023-09-06
10.1371/journal.pwat.0000052,2,9,https://journals.plos.org/water/article?id=10.1371/journal.pwat.0000052,PLOS Water,Enteric virus removal by municipal wastewater treatment to achieve requirements for potable reuse,2023,TRUE,20,a; tif; ddpcr; tif; r2; xlsx; cultured; mcrt; r2; 6; drain; ddpcr; ddpcr; docx; current; orv; ceffcraw; docx; vnd.openxmlformats-officedocument.wordprocessingml.document; vnd.openxmlformats-officedocument.wordprocessingml.document,https://journals.plos.org/water/article/file?id=10.1371/journal.pwat.0000052.s001&type=supplementary; https://journals.plos.org/water/article/file?id=10.1371/journal.pwat.0000052.s002&type=supplementary; https://journals.plos.org/water/article/file?id=10.1371/journal.pwat.0000052.s003&type=supplementary; https://journals.plos.org/water/article/file?id=10.1371/journal.pwat.0000052.s004&type=supplementary; https://journals.plos.org/water/article/file?id=10.1371/journal.pwat.0000052.s005&type=supplementary; https://journals.plos.org/water/article/file?id=10.1371/journal.pwat.0000052.s006&type=supplementary; https://journals.plos.org/water/article/file?id=10.1371/journal.pwat.0000052.s007&type=supplementary; https://journals.plos.org/water/article/file?id=10.1371/journal.pwat.0000052.s008&type=supplementary; https://journals.plos.org/water/article/file?id=10.1371/journal.pwat.0000052.s009&type=supplementary; https://journals.plos.org/water/article/file?id=10.1371/journal.pwat.0000052.s010&type=supplementary; https://journals.plos.org/water/article/file?id=10.1371/journal.pwat.0000052.s011&type=supplementary; https://journals.plos.org/water/article/file?id=10.1371/journal.pwat.0000052.s012&type=supplementary; https://journals.plos.org/water/article/file?id=10.1371/journal.pwat.0000052.s013&type=supplementary; https://journals.plos.org/water/article/file?id=10.1371/journal.pwat.0000052.s014&type=supplementary; https://journals.plos.org/water/article/file?id=10.1371/journal.pwat.0000052.s015&type=supplementary; https://journals.plos.org/water/article/file?id=10.1371/journal.pwat.0000052.s016&type=supplementary; https://journals.plos.org/water/article/file?id=10.1371/journal.pwat.0000052.s017&type=supplementary; https://journals.plos.org/water/article/file?id=10.1371/journal.pwat.0000052.s018&type=supplementary; https://journals.plos.org/water/article/file?id=10.1371/journal.pwat.0000052.s019&type=supplementary; https://journals.plos.org/water/article/file?id=10.1371/journal.pwat.0000052.s020&type=supplementary,8,Julio A. Polanco,"Research and Development Department, Orange County Water District, Fountain Valley, California, United States of America",United States of America,https://orcid.org/0000-0002-7908-8767,Megan H. Plumlee,"Research and Development Department, Orange County Water District, Fountain Valley, California, United States of America",United States of America,https://orcid.org/0000-0003-1073-5767,TRUE,All data in supporting information files.,in paper,NA,NA,/Biology and life sciences/Microbiology/Medical microbiology/Microbial pathogens/Viral pathogens/Caliciviruses/Norovirus; /Biology and life sciences/Organisms/Viruses/RNA viruses/Caliciviruses/Norovirus; /Biology and life sciences/Organisms/Viruses/Viral pathogens/Caliciviruses/Norovirus; /Earth sciences/Marine and aquatic sciences/Limnology/Effluent; /Ecology and environmental sciences/Limnology/Effluent; /Ecology and environmental sciences/Natural resources/Water resources; /Ecology and environmental sciences/Pollution/Water pollution; /Medicine and health sciences/Pathology and laboratory medicine/Pathogens/Microbial pathogens/Viral pathogens/Caliciviruses/Norovirus; /Physical sciences/Materials science/Materials/Sludge; /Physical sciences/Mathematics/Probability theory/Probability distribution; /Physical sciences/Mathematics/Probability theory/Random variables/Covariance; /Physical sciences/Mathematics/Statistics/Statistical methods/Monte Carlo method; /Research and analysis methods/Mathematical and statistical techniques/Statistical methods/Monte Carlo method,journals.plos.org,10.1371/journal.pwat.0000052,Research Article,2023-09-27
10.1371/journal.pwat.0000099,2,6,https://journals.plos.org/water/article?id=10.1371/journal.pwat.0000099,PLOS Water,Environmental DNA (eDNA) based fish biodiversity assessment of two Himalayan rivers of Nepal reveals diversity differences and highlights new species distribution records,2023,TRUE,4,docx; docx; tiff; pdf,https://journals.plos.org/water/article/file?id=10.1371/journal.pwat.0000099.s001&type=supplementary; https://journals.plos.org/water/article/file?id=10.1371/journal.pwat.0000099.s002&type=supplementary; https://journals.plos.org/water/article/file?id=10.1371/journal.pwat.0000099.s003&type=supplementary; https://journals.plos.org/water/article/file?id=10.1371/journal.pwat.0000099.s004&type=supplementary,29,Prajwol Manandhar,"Center for Molecular Dynamics Nepal, Kathmandu, Nepal",Nepal,NA,Dibesh Karmacharya,"Center for Molecular Dynamics Nepal, Kathmandu, Nepal",Nepal,https://orcid.org/0000-0001-5093-6737,TRUE,Data associated to the study is submitted to NCBI Genbank database and information is provided in Table 1 in the manuscript.,in paper,NA,ncbi/genbank,/Biology and life sciences/Agriculture/Aquaculture/Fisheries/Fish farming; /Biology and life sciences/Ecology/Biodiversity; /Biology and life sciences/Organisms/Eukaryota/Animals/Vertebrates/Fish/Freshwater fish; /Biology and life sciences/Taxonomy; /Biology and life sciences/Zoology/Animals/Vertebrates/Fish/Freshwater fish; /Computer and information sciences/Data management/Taxonomy; /Earth sciences/Hydrology/Surface water; /Earth sciences/Marine and aquatic sciences/Aquatic environments/Freshwater environments/Rivers; /Earth sciences/Marine and aquatic sciences/Bodies of water/Rivers; /Ecology and environmental sciences/Aquatic environments/Freshwater environments/Rivers; /Ecology and environmental sciences/Ecology/Biodiversity; /People and places/Geographical locations/Asia/Nepal; /Research and analysis methods/Database and informatics methods/Bioinformatics/Sequence analysis/Sequence databases; /Research and analysis methods/Database and informatics methods/Biological databases/Sequence databases,journals.plos.org,10.1371/journal.pwat.0000099,Research Article,2023-06-07
10.1371/journal.pwat.0000108,2,5,https://journals.plos.org/water/article?id=10.1371/journal.pwat.0000108,PLOS Water,Estimated reduction of nitrogen in streams of the Chesapeake Bay in areas with agricultural conservation practices,2023,TRUE,1,docx,https://journals.plos.org/water/article/file?id=10.1371/journal.pwat.0000108.s001&type=supplementary,4,Andrew J. Sekellick,"U.S. Geological Survey, Maryland-Delaware-DC Water Science Center, Baltimore, Maryland, United States of America",United States of America,https://orcid.org/0000-0002-0440-7655,Andrew J. Sekellick,"U.S. Geological Survey, Maryland-Delaware-DC Water Science Center, Baltimore, Maryland, United States of America",United States of America,https://orcid.org/0000-0002-0440-7655,TRUE,"Data inputs, predictions, and a model archive of the SPARROW models presented are available at https://doi.org/10.5066/P92GMKHB.",available in online repository,https://doi.org/10.5066/P92GMKHB; 10.5066/P92GMKHB,NA,/Biology and life sciences/Agriculture; /Biology and life sciences/Agriculture/Crop science/Crop management; /Biology and life sciences/Agriculture/Crop science/Crops; /Biology and life sciences/Organisms/Eukaryota/Animals/Wildlife; /Biology and life sciences/Zoology/Animals/Wildlife; /Earth sciences/Geography/Human geography/Land use/Agricultural land; /Earth sciences/Geomorphology/Topography/Landforms/Wetlands; /Earth sciences/Marine and aquatic sciences/Aquatic environments/Freshwater environments/Wetlands; /Ecology and environmental sciences/Aquatic environments/Freshwater environments/Wetlands; /Ecology and environmental sciences/Terrestrial environments/Agricultural land; /Ecology and environmental sciences/Water quality; /Physical sciences/Chemistry/Chemical compounds/Carbonates; /Social sciences/Human geography/Land use/Agricultural land,journals.plos.org,10.1371/journal.pwat.0000108,Research Article,2023-05-05
10.1371/journal.pwat.0000097,2,8,https://journals.plos.org/water/article?id=10.1371/journal.pwat.0000097,PLOS Water,"Securing urban water supply through reservoir reoperation–An analysis of power resources and equity in cases from India, Spain and the USA",2023,TRUE,7,docx; docx; docx; docx; vnd.openxmlformats-officedocument.wordprocessingml.document; vnd.openxmlformats-officedocument.wordprocessingml.document; vnd.openxmlformats-officedocument.wordprocessingml.document,https://journals.plos.org/water/article/file?id=10.1371/journal.pwat.0000097.s001&type=supplementary; https://journals.plos.org/water/article/file?id=10.1371/journal.pwat.0000097.s002&type=supplementary; https://journals.plos.org/water/article/file?id=10.1371/journal.pwat.0000097.s003&type=supplementary; https://journals.plos.org/water/article/file?id=10.1371/journal.pwat.0000097.s004&type=supplementary; https://journals.plos.org/water/article/file?id=10.1371/journal.pwat.0000097.s005&type=supplementary; https://journals.plos.org/water/article/file?id=10.1371/journal.pwat.0000097.s006&type=supplementary; https://journals.plos.org/water/article/file?id=10.1371/journal.pwat.0000097.s007&type=supplementary,4,Laura Turley,"Environmental Governance and Territorial Development Hub, University of Geneva, Geneva, Switzerland",Switzerland,https://orcid.org/0000-0002-5179-1282,Laura Turley,"Environmental Governance and Territorial Development Hub, University of Geneva, Geneva, Switzerland",Switzerland,https://orcid.org/0000-0002-5179-1282,TRUE,"The interview protocol, list of organizations interviewed, and overview of the participatory network maps are included as supplementary material. Original interview transcripts have not been included in order to maintain confidentiality, as permissions for publication of the full transcripts were not requested during data collection. Professor Christian Bréthaut, University of Geneva, is able to receive requests for data for this paper at [email removed]@unige.ch.",in paper,NA,NA,/Biology and life sciences/Agriculture; /Biology and life sciences/Agriculture/Agricultural methods/Agricultural irrigation; /Biology and life sciences/Neuroscience/Cognitive science/Cognition/Decision making; /Biology and life sciences/Neuroscience/Cognitive science/Cognitive psychology/Decision making; /Biology and life sciences/Psychology/Cognitive psychology/Decision making; /Earth sciences/Geography/Human geography/Urban geography/Cities; /Earth sciences/Hydrology/Surface water; /Ecology and environmental sciences/Natural resources/Water resources; /Engineering and technology/Civil engineering/Urban infrastructure; /Social sciences/Economics/Finance; /Social sciences/Human geography/Urban geography/Cities; /Social sciences/Psychology/Cognitive psychology/Decision making,journals.plos.org,10.1371/journal.pwat.0000097,Research Article,2023-08-07
10.1371/journal.pwat.0000059,2,8,https://journals.plos.org/water/article?id=10.1371/journal.pwat.0000059,PLOS Water,Convergence of mechanistic modeling and artificial intelligence in hydrologic science and engineering,2023,FALSE,0,NA,NA,5,Rafael Muñoz-Carpena,"Agricultural and Biological Engineering, University of Florida, Gainesville, FL, United States of America",United States of America,https://orcid.org/0000-0003-2838-1514,Rafael Muñoz-Carpena,"Agricultural and Biological Engineering, University of Florida, Gainesville, FL, United States of America",United States of America,https://orcid.org/0000-0003-2838-1514,FALSE,NA,NA,NA,NA,/Computer and information sciences/Artificial intelligence; /Computer and information sciences/Artificial intelligence/Machine learning; /Computer and information sciences/Data management; /Computer and information sciences/Systems science/Nonlinear dynamics; /Earth sciences/Geography/Human geography/Land use; /Earth sciences/Hydrology; /Engineering and technology/Remote sensing; /Physical sciences/Mathematics/Statistics/Statistical methods/Forecasting; /Physical sciences/Mathematics/Systems science/Nonlinear dynamics; /Research and analysis methods/Mathematical and statistical techniques/Statistical methods/Forecasting; /Social sciences/Human geography/Land use,journals.plos.org,10.1371/journal.pwat.0000059,Review,2023-08-07
10.1371/journal.pwat.0000123,2,5,https://journals.plos.org/water/article?id=10.1371/journal.pwat.0000123,PLOS Water,Affordability of household water services across the United States,2023,TRUE,2,docx; csv,https://journals.plos.org/water/article/file?id=10.1371/journal.pwat.0000123.s001&type=supplementary; https://journals.plos.org/water/article/file?id=10.1371/journal.pwat.0000123.s002&type=supplementary,3,Lauren A. Patterson,"Nicholas Institute for Energy, Environment and Sustainability, Duke University, Durham, North Carolina, United States of America",United States of America,https://orcid.org/0000-0002-7512-7845,Lauren A. Patterson,"Nicholas Institute for Energy, Environment and Sustainability, Duke University, Durham, North Carolina, United States of America",United States of America,https://orcid.org/0000-0002-7512-7845,TRUE,All data in Supporting information files.,in paper,NA,NA,/Earth sciences/Geography/Regional geography; /Ecology and environmental sciences/Natural resources/Water resources; /Ecology and environmental sciences/Pollution/Water pollution; /Ecology and environmental sciences/Water quality; /Engineering and technology/Environmental engineering/Water management; /Research and analysis methods/Research design/Survey research/Census; /Social sciences/Economics/Finance; /Social sciences/Economics/Labor economics/Salaries/Minimum wage,journals.plos.org,10.1371/journal.pwat.0000123,Research Article,2023-05-10
10.1371/journal.pwat.0000134,2,5,https://journals.plos.org/water/article?id=10.1371/journal.pwat.0000134,PLOS Water,"An assessment of the water, sanitation and hygiene (WASH) situation in rural Volta Region, Ghana",2023,TRUE,5,pdf; docx; xlsx; final; vnd.openxmlformats-officedocument.wordprocessingml.document,https://journals.plos.org/water/article/file?id=10.1371/journal.pwat.0000134.s001&type=supplementary; https://journals.plos.org/water/article/file?id=10.1371/journal.pwat.0000134.s002&type=supplementary; https://journals.plos.org/water/article/file?id=10.1371/journal.pwat.0000134.s003&type=supplementary; https://journals.plos.org/water/article/file?id=10.1371/journal.pwat.0000134.s004&type=supplementary; https://journals.plos.org/water/article/file?id=10.1371/journal.pwat.0000134.s005&type=supplementary,10,Joseph Osarfo,"Department of Community Health, School of Medicine, University of Health and Allied Health (UHAS), Ho, Ghana",Ghana,https://orcid.org/0000-0002-5366-3997,Joseph Osarfo,"Department of Community Health, School of Medicine, University of Health and Allied Health (UHAS), Ho, Ghana",Ghana,https://orcid.org/0000-0002-5366-3997,TRUE,Data underlying the findings described in the manuscript have been provided as part of the supplementary information.,in paper,NA,NA,/Biology and life sciences/Physiology/Physiological processes/Defecation; /Earth sciences/Hydrology/Surface water; /Ecology and environmental sciences/Natural resources/Water resources; /Medicine and health sciences/Clinical medicine/Signs and symptoms/Diarrhea; /Medicine and health sciences/Clinical medicine/Signs and symptoms/Rashes; /Medicine and health sciences/Dermatology/Skin diseases/Rashes; /Medicine and health sciences/Gastroenterology and hepatology/Diarrhea; /Medicine and health sciences/Health care/Environmental health/Sanitation; /Medicine and health sciences/Medical conditions/Skin diseases/Rashes; /Medicine and health sciences/Public and occupational health/Environmental health/Sanitation; /Medicine and health sciences/Public and occupational health/Hygiene; /People and places/Geographical locations/Africa/Ghana,journals.plos.org,10.1371/journal.pwat.0000134,Research Article,2023-05-26
10.1371/journal.pwat.0000159,2,8,https://journals.plos.org/water/article?id=10.1371/journal.pwat.0000159,PLOS Water,Water funds within village savings and loans associations: A promising solution to improve water user fee collection in rural Uganda,2023,TRUE,4,docx; xlsx; pdf; pdf,https://journals.plos.org/water/article/file?id=10.1371/journal.pwat.0000159.s001&type=supplementary; https://journals.plos.org/water/article/file?id=10.1371/journal.pwat.0000159.s002&type=supplementary; https://journals.plos.org/water/article/file?id=10.1371/journal.pwat.0000159.s003&type=supplementary; https://journals.plos.org/water/article/file?id=10.1371/journal.pwat.0000159.s004&type=supplementary,6,Katherine Marshall,"The Aquaya Institute, Kampala, Uganda",Uganda,https://orcid.org/0009-0002-1138-601X,Katherine Marshall,"The Aquaya Institute, Kampala, Uganda",Uganda,https://orcid.org/0009-0002-1138-601X,TRUE,All data are available as part of the supplementary information.,in paper,NA,NA,/Biology and life sciences/Agriculture; /Ecology and environmental sciences/Natural resources/Water resources; /Engineering and technology/Environmental engineering/Water management; /Engineering and technology/Transportation; /People and places/Geographical locations/Africa/Uganda; /Social sciences/Economics/Commerce/Payment; /Social sciences/Economics/Finance; /Social sciences/Political science/Governments/Local governments,journals.plos.org,10.1371/journal.pwat.0000159,Research Article,2023-08-09
10.1371/journal.pwat.0000124,2,8,https://journals.plos.org/water/article?id=10.1371/journal.pwat.0000124,PLOS Water,Leveraging high spatiotemporal resolution data of pesticides applied to agricultural fields in California to identify toxicity reduction opportunities,2023,TRUE,1,pdf,https://journals.plos.org/water/article/file?id=10.1371/journal.pwat.0000124.s001&type=supplementary,4,Nicol Parker,"Bren School of Environmental Science and Management, University of California, Santa Barbara, Santa Barbara, CA, United States of America",United States of America,https://orcid.org/0000-0002-2318-4928,Arturo A. Keller,"Bren School of Environmental Science and Management, University of California, Santa Barbara, Santa Barbara, CA, United States of America",United States of America,https://orcid.org/0000-0002-7638-662X,TRUE,Data and Software Accessibility through dryad: https://datadryad.org/stash/share/7a-F-jEXmlvWi3-xeRx_X4osZqXrr8Nh97tnx2bBOSk Web tool (also posted under software under the dryad doi): https://nicol-parker.shinyapps.io/Environmental-Release-Tool/.,available in online repository,https://datadryad.org/stash/share/7a-F-jEXmlvWi3-xeRx_X4osZqXrr8Nh97tnx2bBOSk; https://nicol-parker.shinyapps.io/Environmental-Release-Tool/,dryad,/Biology and life sciences/Agriculture/Agrochemicals/Pesticides; /Biology and life sciences/Agriculture/Crop science/Crops; /Biology and life sciences/Agriculture/Pest control/Pesticides; /Biology and life sciences/Organisms/Eukaryota/Animals/Invertebrates; /Biology and life sciences/Organisms/Eukaryota/Plants/Nonvascular plants; /Biology and life sciences/Organisms/Eukaryota/Plants/Vascular plants; /Biology and life sciences/Toxicology/Predictive toxicology; /Biology and life sciences/Toxicology/Toxicity; /Biology and life sciences/Zoology/Animals/Invertebrates; /Medicine and health sciences/Health care/Health economics; /Medicine and health sciences/Pathology and laboratory medicine/Toxicology/Predictive toxicology; /Medicine and health sciences/Pathology and laboratory medicine/Toxicology/Toxicity; /Social sciences/Economics/Health economics,journals.plos.org,10.1371/journal.pwat.0000124,Research Article,2023-08-09
10.1371/journal.pwat.0000145,2,8,https://journals.plos.org/water/article?id=10.1371/journal.pwat.0000145,PLOS Water,Gridded precipitation products on the Hindu Kush-Himalaya: Performance and accuracy of seven precipitation products,2023,TRUE,4,xlsx; pdf; vnd.openxmlformats-officedocument.wordprocessingml.document; vnd.openxmlformats-officedocument.wordprocessingml.document,https://journals.plos.org/water/article/file?id=10.1371/journal.pwat.0000145.s001&type=supplementary; https://journals.plos.org/water/article/file?id=10.1371/journal.pwat.0000145.s002&type=supplementary; https://journals.plos.org/water/article/file?id=10.1371/journal.pwat.0000145.s003&type=supplementary; https://journals.plos.org/water/article/file?id=10.1371/journal.pwat.0000145.s004&type=supplementary,9,Bhogendra Mishra,"Policy Research Institute, Kathmandu, Nepal",Nepal,https://orcid.org/0000-0002-8998-8160,Bhogendra Mishra,"Policy Research Institute, Kathmandu, Nepal",Nepal,https://orcid.org/0000-0002-8998-8160,TRUE,All data were acquired from the public repositories and incorporated all sources in the manuscripts.,in paper,NA,NA,/Earth sciences/Atmospheric science/Climatology/Climate change; /Earth sciences/Atmospheric science/Climatology/Monsoons; /Earth sciences/Atmospheric science/Meteorology/Rain; /Earth sciences/Atmospheric science/Meteorology/Snow; /Earth sciences/Marine and aquatic sciences/Aquatic environments/Freshwater environments/Rivers; /Earth sciences/Marine and aquatic sciences/Bodies of water/Rivers; /Ecology and environmental sciences/Aquatic environments/Freshwater environments/Rivers; /People and places/Population groupings/Religious faiths/Hinduism; /Physical sciences/Physics/Electromagnetic radiation/Microwave radiation; /Research and analysis methods/Precipitation techniques,journals.plos.org,10.1371/journal.pwat.0000145,Research Article,2023-08-08
10.1371/journal.pwat.0000137,2,6,https://journals.plos.org/water/article?id=10.1371/journal.pwat.0000137,PLOS Water,Disparities in disruptions to public drinking water services in Texas communities during Winter Storm Uri 2021,2023,TRUE,1,pdf,https://journals.plos.org/water/article/file?id=10.1371/journal.pwat.0000137.s001&type=supplementary,4,Brianna Tomko,"School of Earth Sciences, The Ohio State University, Columbus, OH, United States of America",United States of America,NA,Audrey H. Sawyer,"School of Earth Sciences, The Ohio State University, Columbus, OH, United States of America",United States of America,https://orcid.org/0000-0001-8174-0542,TRUE,Data have been uploaded to Zenodo 10.5281/zenodo.7447637.,available in online repository,https://doi.org/10.5281/zenodo.7447637; 10.5281/zenodo.7447637,zenodo,/Earth sciences/Atmospheric science/Meteorology/Storms; /Earth sciences/Seasons/Winter; /Ecology and environmental sciences/Natural resources/Water resources; /Engineering and technology/Environmental engineering/Water management; /People and places/Geographical locations/North America/United States/Texas; /People and places/Population groupings/Ethnicities; /Research and analysis methods/Research design/Survey research/Census; /Social sciences/Sociology/Communications/Social communication,journals.plos.org,10.1371/journal.pwat.0000137,Research Article,2023-06-21
10.1371/journal.pwat.0000141,2,7,https://journals.plos.org/water/article?id=10.1371/journal.pwat.0000141,PLOS Water,Investigating water safety in multi-purpose buildings used as an elementary school and plumbing remediation effectiveness,2023,TRUE,8,docx; docx; docx; docx; a; tiff; a; docx,https://journals.plos.org/water/article/file?id=10.1371/journal.pwat.0000141.s001&type=supplementary; https://journals.plos.org/water/article/file?id=10.1371/journal.pwat.0000141.s002&type=supplementary; https://journals.plos.org/water/article/file?id=10.1371/journal.pwat.0000141.s003&type=supplementary; https://journals.plos.org/water/article/file?id=10.1371/journal.pwat.0000141.s004&type=supplementary; https://journals.plos.org/water/article/file?id=10.1371/journal.pwat.0000141.s005&type=supplementary; https://journals.plos.org/water/article/file?id=10.1371/journal.pwat.0000141.s006&type=supplementary; https://journals.plos.org/water/article/file?id=10.1371/journal.pwat.0000141.s007&type=supplementary; https://journals.plos.org/water/article/file?id=10.1371/journal.pwat.0000141.s008&type=supplementary,8,Kyungyeon Ra,"Lyles School of Civil Engineering, Purdue University, West Lafayette, IN, United States of America",United States of America,https://orcid.org/0000-0003-0591-6504,Andrew J. Whelton,"Lyles School of Civil Engineering, Division of Environmental and Ecological Engineering, Purdue University, West Lafayette, IN, United States of America",United States of America,https://orcid.org/0000-0001-5934-3081,TRUE,All data are provided as part of the submitted article.,in paper,NA,NA,/Biology and life sciences/Microbiology/Medical microbiology/Microbial pathogens/Bacterial pathogens/Legionella/Legionella pneumophila; /Biology and life sciences/Organisms/Bacteria/Legionella/Legionella pneumophila; /Biology and life sciences/Toxicology/Toxic agents/Toxins/Heavy metals; /Ecology and environmental sciences/Natural resources/Water resources; /Ecology and environmental sciences/Water quality; /Engineering and technology/Environmental engineering/Water management; /Medicine and health sciences/Pathology and laboratory medicine/Pathogens/Microbial pathogens/Bacterial pathogens/Legionella/Legionella pneumophila; /Medicine and health sciences/Pathology and laboratory medicine/Toxicology/Toxic agents/Toxins/Heavy metals; /Physical sciences/Chemistry/Chemical elements/Chlorine; /Physical sciences/Chemistry/Chemical elements/Heavy metals; /Physical sciences/Chemistry/Chemical elements/Metallic lead; /Social sciences/Sociology/Education/Schools,journals.plos.org,10.1371/journal.pwat.0000141,Research Article,2023-07-06
10.1371/journal.pwat.0000180,2,9,https://journals.plos.org/water/article?id=10.1371/journal.pwat.0000180,PLOS Water,To integrate or not to integrate? Water and waste as unified basic services,2023,FALSE,0,NA,NA,2,Abishek Sankara Narayan,"Swiss Federal Institute of Aquatic Science and Technology (Eawag), Department of Sanitation, Water and Solid Waste for Development, Dübendorf, Switzerland",Switzerland,NA,Marisa Boller,"Swiss Federal Institute of Aquatic Science and Technology (Eawag), Department of Sanitation, Water and Solid Waste for Development, Dübendorf, Switzerland",Switzerland,https://orcid.org/0000-0002-1267-2635,FALSE,NA,NA,NA,NA,/Computer and information sciences/Computer architecture/User interfaces; /Ecology and environmental sciences/Natural resources/Water resources; /Ecology and environmental sciences/Pollution/Water pollution; /Ecology and environmental sciences/Sustainability science; /Engineering and technology/Civil engineering/Urban infrastructure; /Engineering and technology/Environmental engineering/Water management; /Medicine and health sciences/Health care/Environmental health/Sanitation; /Medicine and health sciences/Public and occupational health/Environmental health/Sanitation; /Physical sciences/Materials science/Materials/Sludge,journals.plos.org,10.1371/journal.pwat.0000180,Opinion,2023-09-20
10.1371/journal.pwat.0000178,2,9,https://journals.plos.org/water/article?id=10.1371/journal.pwat.0000178,PLOS Water,Synthetic wastewater prepared from readily available materials: Characteristics and economics,2023,TRUE,2,docx; docx,https://journals.plos.org/water/article/file?id=10.1371/journal.pwat.0000178.s001&type=supplementary; https://journals.plos.org/water/article/file?id=10.1371/journal.pwat.0000178.s002&type=supplementary,4,Abigail K. Kargol,"School of Environmental and Forest Sciences, University of Washington, Seattle, Washington, United States of America",United States of America,https://orcid.org/0000-0002-7860-044X,Heidi L. Gough,"School of Environmental and Forest Sciences, University of Washington, Seattle, Washington, United States of America",United States of America,https://orcid.org/0000-0002-2402-722X,TRUE,All data related to this study are available in the main text or supplemental information of this manuscript.,in paper,NA,NA,/Biology and life sciences/Nutrition/Diet/Food; /Biology and life sciences/Organisms/Eukaryota/Animals/Vertebrates/Amniotes/Mammals/Dogs; /Biology and life sciences/Zoology/Animals/Vertebrates/Amniotes/Mammals/Dogs; /Earth sciences/Marine and aquatic sciences/Limnology/Effluent; /Ecology and environmental sciences/Limnology/Effluent; /Ecology and environmental sciences/Pollution/Water pollution; /Ecology and environmental sciences/Water quality/Chemical oxygen demand; /Medicine and health sciences/Nutrition/Diet/Food; /Physical sciences/Chemistry/Chemical compounds/Ammonia; /Physical sciences/Chemistry/Chemical compounds/Nitrates; /Physical sciences/Materials science/Materials/Mixtures/Particulates,journals.plos.org,10.1371/journal.pwat.0000178,Research Article,2023-09-20
10.1371/journal.pwat.0000053,2,10,https://journals.plos.org/water/article?id=10.1371/journal.pwat.0000053,PLOS Water,Low-cost domestic rainwater harvesting in rural southeast Madagascar: A process and outcome evaluation,2023,TRUE,5,docx; docx; docx; docx; xlsx,https://journals.plos.org/water/article/file?id=10.1371/journal.pwat.0000053.s001&type=supplementary; https://journals.plos.org/water/article/file?id=10.1371/journal.pwat.0000053.s002&type=supplementary; https://journals.plos.org/water/article/file?id=10.1371/journal.pwat.0000053.s003&type=supplementary; https://journals.plos.org/water/article/file?id=10.1371/journal.pwat.0000053.s004&type=supplementary; https://journals.plos.org/water/article/file?id=10.1371/journal.pwat.0000053.s005&type=supplementary,11,Jasmine Kelly,"Department of Water, Sanitation, and Hygiene, SEED Madagascar, Fort Dauphin, Anosy, Madagascar",Madagascar,https://orcid.org/0000-0002-4890-7336,Jasmine Kelly,"Department of Water, Sanitation, and Hygiene, SEED Madagascar, Fort Dauphin, Anosy, Madagascar",Madagascar,https://orcid.org/0000-0002-4890-7336,TRUE,Data generated by this research has been de-identified and provided under supplementary materials of the manuscript.,in paper,NA,NA,/Earth sciences/Hydrology/Surface water; /Ecology and environmental sciences/Natural resources/Water resources; /Ecology and environmental sciences/Water quality; /Medicine and health sciences/Clinical medicine/Signs and symptoms/Diarrhea; /Medicine and health sciences/Gastroenterology and hepatology/Diarrhea; /Medicine and health sciences/Public and occupational health/Hygiene; /Physical sciences/Chemistry/Chemical compounds/Salts/Soaps; /Social sciences/Economics/Commerce/Payment; /Social sciences/Economics/Finance,journals.plos.org,10.1371/journal.pwat.0000053,Research Article,2023-10-25
10.1371/journal.pwat.0000518,5,2,https://journals.plos.org/water/article?id=10.1371/journal.pwat.0000518,PLOS Water,Observational gaps leave global assessment of riverine heatwaves lagging across inland waters,2026,FALSE,0,NA,NA,2,Sebastiano Piccolroaz,"Department of Civil, Environmental and Mechanical Engineering, University of Trento, Trento, Italy",Italy,https://orcid.org/0000-0003-1796-7624,Sebastiano Piccolroaz,"Department of Civil, Environmental and Mechanical Engineering, University of Trento, Trento, Italy",Italy,https://orcid.org/0000-0003-1796-7624,FALSE,NA,NA,NA,NA,/Biology and life sciences/Biochemistry/Metabolism/Metabolic pathways/Xenobiotic metabolism; /Biology and life sciences/Toxicology/Toxicity; /Earth sciences/Hydrology/Surface water; /Earth sciences/Marine and aquatic sciences/Aquatic environments/Freshwater environments/Lakes; /Earth sciences/Marine and aquatic sciences/Aquatic environments/Freshwater environments/Rivers; /Earth sciences/Marine and aquatic sciences/Bodies of water/Estuaries; /Earth sciences/Marine and aquatic sciences/Bodies of water/Lakes; /Earth sciences/Marine and aquatic sciences/Bodies of water/Rivers; /Ecology and environmental sciences/Aquatic environments/Freshwater environments/Lakes; /Ecology and environmental sciences/Aquatic environments/Freshwater environments/Rivers; /Ecology and environmental sciences/Natural resources/Water resources; /Ecology and environmental sciences/Water quality; /Medicine and health sciences/Pathology and laboratory medicine/Toxicology/Toxicity,journals.plos.org,10.1371/journal.pwat.0000518,Opinion,2026-02-13
10.1371/journal.pwat.0000499,5,2,https://journals.plos.org/water/article?id=10.1371/journal.pwat.0000499,PLOS Water,"Groundwater quality near an oil field in a stream-dominated recharge setting, California, USA",2026,TRUE,10,docx; tif; xlsx; xlsx; xlsx; xlsx; xlsx; xlsx; xlsx; xlsx,https://journals.plos.org/water/article/file?id=10.1371/journal.pwat.0000499.s001&type=supplementary; https://journals.plos.org/water/article/file?id=10.1371/journal.pwat.0000499.s002&type=supplementary; https://journals.plos.org/water/article/file?id=10.1371/journal.pwat.0000499.s003&type=supplementary; https://journals.plos.org/water/article/file?id=10.1371/journal.pwat.0000499.s004&type=supplementary; https://journals.plos.org/water/article/file?id=10.1371/journal.pwat.0000499.s005&type=supplementary; https://journals.plos.org/water/article/file?id=10.1371/journal.pwat.0000499.s006&type=supplementary; https://journals.plos.org/water/article/file?id=10.1371/journal.pwat.0000499.s007&type=supplementary; https://journals.plos.org/water/article/file?id=10.1371/journal.pwat.0000499.s008&type=supplementary; https://journals.plos.org/water/article/file?id=10.1371/journal.pwat.0000499.s009&type=supplementary; https://journals.plos.org/water/article/file?id=10.1371/journal.pwat.0000499.s010&type=supplementary,8,Jennifer S. Stanton,"U.S. Geological Survey, Northborough, Massachusetts, United States of America",United States of America,https://orcid.org/0000-0002-2520-753X,Jennifer S. Stanton,"U.S. Geological Survey, Northborough, Massachusetts, United States of America",United States of America,https://orcid.org/0000-0002-2520-753X,TRUE,"Data are available from: 1) Stanton JS, Marcusa JA. Water chemistry data for samples collected at groundwater and surface-water sites in the San Ardo Oil Field study area, March 2019–May 2021, Monterey County, California. U.S. Geological Survey. Data release. 2024, https://doi.org/10.5066/P1UK4WU4. 2) U.S. Geological Survey. USGS water data for the nation; 2025. National Water Information System Database, https://doi.org/10.5066/F7P55KJN. 3) Stephens MJ, Chang W, Gillespie JM, McMahon PB, Davis TA, Warden JG, Stanton JS. Groundwater elevation data and models in and around select California oil fields. U.S. Geological Survey. Data release, 2023; v3.0, September 2025, https://doi.org/10.5066/P9E5MTAM.",available in online repository,https://doi.org/10.5066/P1UK4WU4; https://doi.org/10.5066/F7P55KJN; https://doi.org/10.5066/P9E5MTAM; 10.5066/P1UK4WU4; 10.5066/F7P55KJN; 10.5066/P9E5MTAM,NA,/Biology and life sciences/Biochemistry/Lipids/Oils; /Earth sciences/Geochemistry; /Earth sciences/Geomorphology/Topography/Landforms/Valleys; /Earth sciences/Hydrology/Surface water; /People and places/Geographical locations/North America/United States/California; /Physical sciences/Chemistry/Chemical compounds/Hydrocarbons; /Physical sciences/Chemistry/Chemical compounds/Methane; /Physical sciences/Chemistry/Geochemistry; /Physical sciences/Materials science/Materials/Organic materials/Petroleum,journals.plos.org,10.1371/journal.pwat.0000499,Research Article,2026-02-12
10.1371/journal.pwat.0000384,5,2,https://journals.plos.org/water/article?id=10.1371/journal.pwat.0000384,PLOS Water,WASHed in stereotypes: A rigorous review of water-gender narratives in LMICs,2026,TRUE,8,docx; docx; xlsx; docx; xlsx; xlsx; docx; docx,https://journals.plos.org/water/article/file?id=10.1371/journal.pwat.0000384.s001&type=supplementary; https://journals.plos.org/water/article/file?id=10.1371/journal.pwat.0000384.s002&type=supplementary; https://journals.plos.org/water/article/file?id=10.1371/journal.pwat.0000384.s003&type=supplementary; https://journals.plos.org/water/article/file?id=10.1371/journal.pwat.0000384.s004&type=supplementary; https://journals.plos.org/water/article/file?id=10.1371/journal.pwat.0000384.s005&type=supplementary; https://journals.plos.org/water/article/file?id=10.1371/journal.pwat.0000384.s006&type=supplementary; https://journals.plos.org/water/article/file?id=10.1371/journal.pwat.0000384.s007&type=supplementary; https://journals.plos.org/water/article/file?id=10.1371/journal.pwat.0000384.s008&type=supplementary,3,Spurthi Kolipaka,"School of Civil Engineering, University of Leeds, Leeds, United Kingdom",United Kingdom of Great Britain and Northern Ireland,https://orcid.org/0009-0008-0950-7859,Spurthi Kolipaka,"School of Civil Engineering, University of Leeds, Leeds, United Kingdom",United Kingdom of Great Britain and Northern Ireland,https://orcid.org/0009-0008-0950-7859,TRUE,All data are in the paper and supporting information files.,in paper,NA,NA,/Biology and life sciences/Neuroscience/Cognitive science/Cognition/Decision making; /Biology and life sciences/Neuroscience/Cognitive science/Cognitive psychology/Decision making; /Biology and life sciences/Psychology/Cognitive psychology/Decision making; /Earth sciences/Geography/Economic geography/Low and middle income countries; /Ecology and environmental sciences/Natural resources/Water resources; /Engineering and technology/Environmental engineering/Water management; /Medicine and health sciences/Health care/Environmental health/Sanitation; /Medicine and health sciences/Public and occupational health/Environmental health/Sanitation; /Research and analysis methods/Database and informatics methods/Database searching; /Social sciences/Economics; /Social sciences/Economics/Economic geography/Low and middle income countries; /Social sciences/Psychology/Cognitive psychology/Decision making; /Social sciences/Sociology/Sexual and gender issues,journals.plos.org,10.1371/journal.pwat.0000384,Research Article,2026-02-12
10.1371/journal.pwat.0000445,5,2,https://journals.plos.org/water/article?id=10.1371/journal.pwat.0000445,PLOS Water,"Developing environmental flows and metrics to quantify river ecosystem needs for regional water planning in Georgia, USA",2026,TRUE,2,vnd.openxmlformats-officedocument.wordprocessingml.document; vnd.openxmlformats-officedocument.wordprocessingml.document,https://journals.plos.org/water/article/file?id=10.1371/journal.pwat.0000445.s001&type=supplementary; https://journals.plos.org/water/article/file?id=10.1371/journal.pwat.0000445.s002&type=supplementary,10,Laura E. Rack,"Odum School of Ecology, University of Georgia, Athens, Georgia, United States of America",United States of America,https://orcid.org/0009-0009-0387-9069,Laura E. Rack,"Odum School of Ecology, University of Georgia, Athens, Georgia, United States of America",United States of America,https://orcid.org/0009-0009-0387-9069,TRUE,"We cited publications and theses we extracted data from, included links for reports or public databases to access reports, and provided contact information for references that are not publicly available in the citation list. Data was extracted from the following citations for the section ‘Developing Metrics for Water Planning’ and Table 2: 49, 50, 51, 53, 54, 55, 56, 57, 58. The following citations require database searches or an agency contact: 31. Yoe C. Trade-off analysis planning and procedures guidebook. Alexandria, VA: U.S. Army Institute for Water Resources; 2002. Contract No.: IWR Report 02-R-2. [Available by search at: https://iwrlibrary.sec.usace.army.mil or direct link: https://publibrary.sec.usace.army.mil/resource?title=Trade-Off%20Analysis%20Planning%20and%20Procedures%20Guidebook&documentId=fbee8a0d-16e1-4dcc-a6f1-8c69c8859b2f]. 57. EA Engineering S, and Technology, Inc.,. Georgia Power Company Sinclair License Application, Accession No. 19950914-0187, FERC e-library, Docket P-1951; 1995.[Available from: https://elibrary.ferc.gov/eLibrary/filelist?accession_number=19950914-0187&optimized=false&sid=68099c01-8ef8-48f2-8de9-955cc8f8b60f]. 38. ARCADIS. Methods for flow regime evaluation, Ocmulgee River, Georgia. prepared for Georgia Environmental Protection Division; 2019.[Report available by request from [email removed]@dnr.ga.gov].",available in online repository,https://iwrlibrary.sec.usace.army.mil; https://publibrary.sec.usace.army.mil/resource?title=Trade-Off%20Analysis%20Planning%20and%20Procedures%20Guidebook&documentId=fbee8a0d-16e1-4dcc-a6f1-8c69c8859b2f; https://elibrary.ferc.gov/eLibrary/filelist?accession_number=19950914-0187&optimized=false&sid=68099c01-8ef8-48f2-8de9-955cc8f8b60f; https://publibrary.sec.usace.army.mil/resource?title=Trade-Off%20Analysis%20Planning%20and%20Procedures%20Guidebook&documentId=fbee8a0d-16e1-4dcc-a6f1-8c69c8859b2f]; https://elibrary.ferc.gov/eLibrary/filelist?accession_number=19950914-0187&optimized=false&sid=68099c01-8ef8-48f2-8de9-955cc8f8b60f],NA,/Biology and life sciences/Developmental biology/Modes of reproduction/Sexual reproduction/Spawning; /Biology and life sciences/Ecology/Ecosystems; /Biology and life sciences/Organisms/Eukaryota/Animals/Vertebrates/Fish/Freshwater fish; /Biology and life sciences/Zoology/Animals/Vertebrates/Fish/Freshwater fish; /Earth sciences/Hydrology/Flooding; /Earth sciences/Hydrology/Surface water; /Earth sciences/Marine and aquatic sciences/Aquatic environments/Freshwater environments/Rivers; /Earth sciences/Marine and aquatic sciences/Bodies of water/Rivers; /Ecology and environmental sciences/Aquatic environments/Freshwater environments/Rivers; /Ecology and environmental sciences/Conservation science/Environmental protection; /Ecology and environmental sciences/Ecology/Ecosystems; /Ecology and environmental sciences/Environmental protection; /Ecology and environmental sciences/Natural resources/Water resources,journals.plos.org,10.1371/journal.pwat.0000445,Research Article,2026-02-09
10.1371/journal.pwat.0000497,5,2,https://journals.plos.org/water/article?id=10.1371/journal.pwat.0000497,PLOS Water,How to stop the flow of lead in new and existing drinking water systems,2026,FALSE,0,NA,NA,22,Jennifer Hoponick Redmon,"RTI International, Research Triangle Park, North Carolina, United States of America,",NA,https://orcid.org/0000-0001-5655-3737,Jennifer Hoponick Redmon,"RTI International, Research Triangle Park, North Carolina, United States of America,",NA,https://orcid.org/0000-0001-5655-3737,FALSE,NA,NA,NA,NA,/Ecology and environmental sciences/Natural resources/Water resources; /Ecology and environmental sciences/Pollution/Water pollution; /Engineering and technology/Civil engineering/Urban infrastructure; /Engineering and technology/Environmental engineering/Water management; /Medicine and health sciences/Epidemiology/Medical risk factors; /Medicine and health sciences/Public and occupational health; /Physical sciences/Chemistry/Analytical chemistry/Chemical analysis/Water analysis; /Physical sciences/Chemistry/Chemical elements/Metallic lead,journals.plos.org,10.1371/journal.pwat.0000497,Opinion,2026-02-06
10.1371/journal.pwat.0000519,5,3,https://journals.plos.org/water/article?id=10.1371/journal.pwat.0000519,PLOS Water,"Benefits of piped water connections in underserved communities: A matched household comparison in Accra, Ghana",2026,TRUE,2,docx; pdf,https://journals.plos.org/water/article/file?id=10.1371/journal.pwat.0000519.s001&type=supplementary; https://journals.plos.org/water/article/file?id=10.1371/journal.pwat.0000519.s003&type=supplementary,11,Frederick G. B. Goddard,"The Aquaya Institute, San Anselmo, California, United States of America",United States of America,https://orcid.org/0000-0001-7585-0120,Frederick G. B. Goddard,"The Aquaya Institute, San Anselmo, California, United States of America",United States of America,https://orcid.org/0000-0001-7585-0120,TRUE,The data and the data collection tool have been made publicly available. They can be accessed here: https://github.com/fredgoddard/urban-wash-accra-data.,available in online repository,https://github.com/fredgoddard/urban-wash-accra-data,github,/Earth sciences/Geography/Geographic areas/Urban areas; /Earth sciences/Geography/Human geography/Urban geography/Urban areas; /Ecology and environmental sciences/Natural resources/Water resources; /Ecology and environmental sciences/Pollution/Water pollution; /Ecology and environmental sciences/Water quality; /Engineering and technology/Environmental engineering/Water management; /Medicine and health sciences/Health care/Environmental health/Sanitation; /Medicine and health sciences/Public and occupational health/Environmental health/Sanitation; /People and places/Geographical locations/Africa/Ghana; /Social sciences/Human geography/Urban geography/Urban areas; /Social sciences/Sociology/Education/Schools,journals.plos.org,10.1371/journal.pwat.0000519,Research Article,2026-03-02
10.1371/journal.pwat.0000517,5,2,https://journals.plos.org/water/article?id=10.1371/journal.pwat.0000517,PLOS Water,Water for climate action,2026,FALSE,0,NA,NA,1,Jon Lane,"Stockholm International Water Institute, Stockholm, Sweden",Sweden,NA,Jon Lane,"Stockholm International Water Institute, Stockholm, Sweden",Sweden,NA,FALSE,NA,NA,NA,NA,/Biology and life sciences/Organisms/Eukaryota/Plants/Grasses/Rice; /Earth sciences/Atmospheric science/Atmospheric chemistry/Greenhouse gases; /Earth sciences/Atmospheric science/Climatology/Climate change; /Earth sciences/Atmospheric science/Climatology/Climate change/Anthropogenic climate change; /Ecology and environmental sciences/Environmental chemistry/Atmospheric chemistry/Greenhouse gases; /Ecology and environmental sciences/Pollution/Water pollution; /Engineering and technology/Environmental engineering/Water management; /Medicine and health sciences/Health care/Environmental health/Sanitation; /Medicine and health sciences/Public and occupational health/Environmental health/Sanitation; /Physical sciences/Chemistry/Chemical compounds/Methane; /Physical sciences/Chemistry/Environmental chemistry/Atmospheric chemistry/Greenhouse gases; /Research and analysis methods/Animal studies/Experimental organism systems/Plant and algal models/Rice,journals.plos.org,10.1371/journal.pwat.0000517,Editorial,2026-02-09
10.1371/journal.pwat.0000262,3,6,https://journals.plos.org/water/article?id=10.1371/journal.pwat.0000262,PLOS Water,Deconstructing and remaking power dynamics in WASH,2024,FALSE,0,NA,NA,1,Tanvi Nagpal,"Senior Associate (Non-resident), CSIS Global Food and Water Security Program, Washington, District of Columbia, United States of America",United States of America,https://orcid.org/0000-0001-6561-8280,Tanvi Nagpal,"Senior Associate (Non-resident), CSIS Global Food and Water Security Program, Washington, District of Columbia, United States of America",United States of America,https://orcid.org/0000-0001-6561-8280,FALSE,NA,NA,NA,NA,/Biology and life sciences/Neuroscience/Cognitive science/Cognitive psychology/Learning/Human learning; /Biology and life sciences/Neuroscience/Learning and memory/Learning/Human learning; /Biology and life sciences/Psychology/Cognitive psychology/Learning/Human learning; /Engineering and technology/Environmental engineering/Water management; /Medicine and health sciences/Health care/Environmental health/Sanitation; /Medicine and health sciences/Health care/Health education and awareness; /Medicine and health sciences/Public and occupational health; /Medicine and health sciences/Public and occupational health/Environmental health/Sanitation; /Medicine and health sciences/Public and occupational health/Hygiene; /People and places/Geographical locations/North America/United States/North Carolina; /Social sciences/Psychology/Cognitive psychology/Learning/Human learning; /Social sciences/Sociology/Social discrimination/Racial discrimination,journals.plos.org,10.1371/journal.pwat.0000262,Opinion,2024-06-21
10.1371/journal.pwat.0000184,3,3,https://journals.plos.org/water/article?id=10.1371/journal.pwat.0000184,PLOS Water,An invisible water surcharge: Climate warming increases crop water demand in the San Joaquin Valley’s groundwater-dependent irrigated agriculture,2024,FALSE,0,NA,NA,5,Kelley Moyers,"Department of Civil and Environmental Engineering, School of Engineering, University of California, Merced, Merced, California, United States of America",United States of America,https://orcid.org/0000-0002-8731-7013,Joshua H. Viers,"Department of Civil and Environmental Engineering, School of Engineering, University of California, Merced, Merced, California, United States of America",United States of America,https://orcid.org/0000-0001-7957-7942,TRUE,"The gridMET datasets are cataloged at https://thredds.northwestknowledge.net/thredds/reacch_climate_MET_catalog.html. Land use data are available online through the California Natural Resources Agency available at https://data.cnra.ca.gov/dataset/statewide-crop-mapping. Crop coefficients are available online California Natural Resources Agency available at https://data.cnra.ca.gov/dataset/cal-simetaw-unit-values. Code for calculations used in this manuscript is available on Github (https://github.com/kdrechsler2/Ag-Tax) and can be run in Octave (open access) or MATLAB. Spatial analyses were restricted to California Department of Water Resources sub-basin boundaries denominated as Planning Areas 606, 607, 608, 609, 702, 703, 704, 705, 706, 708, 709, and 710 described here https://data.cnra.ca.gov/dataset/ca-gw-basin-boundary-descriptions. These largely comport with the 15 groundwater basins used by Escriva-Bou et al. 2023. Map data sources for Fig 1 are cropping from CNRA as above; California State Outline from TIGER 2016 United State Census Bureau; and Global base map from Esri, HERE, Garmin, FAO, NOAA, USGS, © OpenStreetMap contributors, and the GIS User Community.",available in online repository,https://thredds.northwestknowledge.net/thredds/reacch_climate_MET_catalog.html; https://data.cnra.ca.gov/dataset/statewide-crop-mapping; https://data.cnra.ca.gov/dataset/cal-simetaw-unit-values; https://github.com/kdrechsler2/Ag-Tax; https://data.cnra.ca.gov/dataset/ca-gw-basin-boundary-descriptions,github,/Biology and life sciences/Agriculture/Crop science/Crop management; /Biology and life sciences/Agriculture/Crop science/Crops; /Biology and life sciences/Organisms/Eukaryota/Plants/Fruits; /Earth sciences/Atmospheric science/Climatology/Climate change; /Earth sciences/Geography/Human geography/Land use; /Earth sciences/Geomorphology/Topography/Landforms/Valleys; /Ecology and environmental sciences/Drought; /Ecology and environmental sciences/Natural resources/Water resources; /Social sciences/Human geography/Land use,journals.plos.org,10.1371/journal.pwat.0000184,Research Article,2024-03-13
10.1371/journal.pwat.0000235,3,5,https://journals.plos.org/water/article?id=10.1371/journal.pwat.0000235,PLOS Water,Conditions for successful nitrogen removal from source-separated urine by partial nitritation/anammox,2024,TRUE,2,pdf; pdf,https://journals.plos.org/water/article/file?id=10.1371/journal.pwat.0000235.s001&type=supplementary; https://journals.plos.org/water/article/file?id=10.1371/journal.pwat.0000235.s002&type=supplementary,10,Valentin Faust,"Eawag, Swiss Federal Institute of Aquatic Science and Technology, Dübendorf, Switzerland",Switzerland,https://orcid.org/0000-0001-7617-7425,Kai M. Udert,"Eawag, Swiss Federal Institute of Aquatic Science and Technology, Dübendorf, Switzerland",Switzerland,https://orcid.org/0000-0002-8051-7362,TRUE,"The raw data of all measured parameters is available in the following FAIR repository: Eawag Research Data Institutional collection (ERIC),https://doi.org/10.25678/000CAR. The original contributions in the form of 16S rRNA data presented can be found under: https://www.ncbi.nlm.nih.gov/sra/PRJNA1051360.",available in online repository,https://doi.org/10.25678/000CAR; https://www.ncbi.nlm.nih.gov/sra/PRJNA1051360; 10.25678/000CAR,ncbi/genbank,/Biology and life sciences/Anatomy/Body fluids/Urine; /Biology and life sciences/Physiology/Body fluids/Urine; /Earth sciences/Marine and aquatic sciences/Limnology/Effluent; /Ecology and environmental sciences/Limnology/Effluent; /Medicine and health sciences/Anatomy/Body fluids/Urine; /Physical sciences/Chemistry/Chemical compounds/Nitrates; /Physical sciences/Chemistry/Chemical compounds/Nitrites; /Physical sciences/Chemistry/Chemical elements/Nitrogen; /Physical sciences/Chemistry/Chemical properties/Salinity; /Physical sciences/Chemistry/Physical chemistry/Chemical properties/Salinity; /Physical sciences/Chemistry/Physical chemistry/Ions/Cations; /Physical sciences/Materials science/Materials/Sludge,journals.plos.org,10.1371/journal.pwat.0000235,Research Article,2024-05-22
10.1371/journal.pwat.0000278,3,8,https://journals.plos.org/water/article?id=10.1371/journal.pwat.0000278,PLOS Water,A review of residential water conservation policies and attempts to measure their effectiveness,2024,FALSE,0,NA,NA,3,Alexander Maas,"Dept. of Agricultural Economics and Rural Sociology, University of Idaho, Moscow, Idaho, United States of America",United States of America,https://orcid.org/0000-0002-6689-3628,Alexander Maas,"Dept. of Agricultural Economics and Rural Sociology, University of Idaho, Moscow, Idaho, United States of America",United States of America,https://orcid.org/0000-0002-6689-3628,FALSE,NA,NA,NA,NA,/Earth sciences/Hydrology/Surface water; /Ecology and environmental sciences/Natural resources/Water resources; /Ecology and environmental sciences/Water quality; /Engineering and technology/Environmental engineering/Water management; /Engineering and technology/Structural engineering/Built structures; /People and places/Geographical locations/North America/United States; /Social sciences/Economics/Industrial organization/Regulation of public utilities; /Social sciences/Economics/Microeconomics/Urban economics,journals.plos.org,10.1371/journal.pwat.0000278,Review,2024-08-19
10.1371/journal.pwat.0000283,3,10,https://journals.plos.org/water/article?id=10.1371/journal.pwat.0000283,PLOS Water,Spatial and multivariate assessment of access to water for sustainable agriculture intensification in semi-arid Ghana,2024,TRUE,1,vnd.openxmlformats-officedocument.wordprocessingml.document,https://journals.plos.org/water/article/file?id=10.1371/journal.pwat.0000283.s001&type=supplementary,9,Ebenezer N. K. Boateng,"Department of Geography and Regional Planning, University of Cape Coast, Cape Coast, Ghana",Ghana,https://orcid.org/0000-0002-3911-5345,Ebenezer N. K. Boateng,"Department of Geography and Regional Planning, University of Cape Coast, Cape Coast, Ghana",Ghana,https://orcid.org/0000-0002-3911-5345,TRUE,The data supporting the findings of this study are available in the Figshare repository at https://doi.org/10.6084/m9.figshare.26528080.v1. The data are publicly accessible and can be freely used under the terms provided in the repository.,available in online repository,https://doi.org/10.6084/m9.figshare.26528080.v1; 10.6084/m9.figshare.26528080.v1,figshare,/Biology and life sciences/Agriculture; /Biology and life sciences/Agriculture/Agricultural methods/Sustainable agriculture; /Earth sciences/Hydrology/Surface water; /Earth sciences/Marine and aquatic sciences/Aquatic environments/Freshwater environments/Rivers; /Earth sciences/Marine and aquatic sciences/Bodies of water/Rivers; /Ecology and environmental sciences/Aquatic environments/Freshwater environments/Rivers; /Ecology and environmental sciences/Natural resources/Water resources; /Ecology and environmental sciences/Sustainability science; /Ecology and environmental sciences/Sustainability science/Sustainable agriculture; /Engineering and technology/Civil engineering/Urban infrastructure; /People and places/Population groupings/Professions/Agricultural workers,journals.plos.org,10.1371/journal.pwat.0000283,Research Article,2024-10-24
10.1371/journal.pwat.0000322,3,12,https://journals.plos.org/water/article?id=10.1371/journal.pwat.0000322,PLOS Water,Correction: Transforming place-based management within watersheds in Fiji: The watershed interventions for systems health project,2024,FALSE,0,NA,NA,1,NA NA,NA,NA,NA,NA,NA,NA,NA,FALSE,NA,NA,NA,NA,NA,journals.plos.org,10.1371/journal.pwat.0000322,Correction,2024-12-02
10.1371/journal.pwat.0000318,3,12,https://journals.plos.org/water/article?id=10.1371/journal.pwat.0000318,PLOS Water,"Transboundary sky waters in the Middle East: Definition, challenges, and opportunities",2024,FALSE,0,NA,NA,2,Amin Dezfuli,"NASA Goddard Space Flight Center, Greenbelt, Maryland, United States of America",United States of America,https://orcid.org/0000-0003-3274-8542,Amin Dezfuli,"NASA Goddard Space Flight Center, Greenbelt, Maryland, United States of America",United States of America,https://orcid.org/0000-0003-3274-8542,FALSE,NA,NA,NA,NA,/Earth sciences/Atmospheric science/Meteorology/Rain; /Earth sciences/Atmospheric science/Meteorology/Weather; /Earth sciences/Atmospheric science/Sky; /Earth sciences/Hydrology/Surface water; /Ecology and environmental sciences/Natural resources/Water resources; /Physical sciences/Chemistry/Chemical reactions/Chemical precipitation; /Physical sciences/Materials science/Materials/Dust; /Physical sciences/Physics/States of matter/Fluids/Vapors,journals.plos.org,10.1371/journal.pwat.0000318,Opinion,2024-12-02
10.1371/journal.pwat.0000161,3,7,https://journals.plos.org/water/article?id=10.1371/journal.pwat.0000161,PLOS Water,"Assessing the sustained effects of a water filter intervention: A 30-month longitudinal study in Rwamagana, Rwanda",2024,TRUE,9,docx; docx; tif; xlsx; xlsx; xlsx; xlsx; xlsx; xlsx,https://journals.plos.org/water/article/file?id=10.1371/journal.pwat.0000161.s001&type=supplementary; https://journals.plos.org/water/article/file?id=10.1371/journal.pwat.0000161.s002&type=supplementary; https://journals.plos.org/water/article/file?id=10.1371/journal.pwat.0000161.s003&type=supplementary; https://journals.plos.org/water/article/file?id=10.1371/journal.pwat.0000161.s004&type=supplementary; https://journals.plos.org/water/article/file?id=10.1371/journal.pwat.0000161.s005&type=supplementary; https://journals.plos.org/water/article/file?id=10.1371/journal.pwat.0000161.s006&type=supplementary; https://journals.plos.org/water/article/file?id=10.1371/journal.pwat.0000161.s007&type=supplementary; https://journals.plos.org/water/article/file?id=10.1371/journal.pwat.0000161.s008&type=supplementary; https://journals.plos.org/water/article/file?id=10.1371/journal.pwat.0000161.s009&type=supplementary,7,Sabrina S. Haque,"Gangarosa Department of Environmental Health, Emory University Rollins School of Public Health, Atlanta, Georgia, United States of America",United States of America,https://orcid.org/0000-0001-7876-9782,Thomas Clasen,"Gangarosa Department of Environmental Health, Emory University Rollins School of Public Health, Atlanta, Georgia, United States of America",United States of America,https://orcid.org/0000-0003-4062-5788,TRUE,Data is available in UNC Dataverse: https://doi.org/10.15139/S3/FZYJ6Z.,available in online repository,https://doi.org/10.15139/S3/FZYJ6Z; 10.15139/S3/FZYJ6Z,dataverse,/Biology and life sciences/Microbiology/Medical microbiology/Microbial pathogens/Bacterial pathogens/Escherichia coli; /Biology and life sciences/Organisms/Bacteria/Enterobacteriaceae/Escherichia/Escherichia coli; /Biology and life sciences/Organisms/Bacteria/Gut bacteria/Escherichia/Escherichia coli; /Ecology and environmental sciences/Natural resources/Water resources; /Ecology and environmental sciences/Pollution/Water pollution; /Ecology and environmental sciences/Water quality; /Medicine and health sciences/Clinical medicine/Signs and symptoms/Diarrhea; /Medicine and health sciences/Gastroenterology and hepatology/Diarrhea; /Medicine and health sciences/Health care/Environmental health; /Medicine and health sciences/Pathology and laboratory medicine/Pathogens/Microbial pathogens/Bacterial pathogens/Escherichia coli; /Medicine and health sciences/Public and occupational health/Environmental health; /People and places/Geographical locations/Africa/Rwanda; /Physical sciences/Materials science/Material properties/Surface properties/Surface temperature; /Research and analysis methods/Animal studies/Experimental organism systems/Model organisms/Escherichia coli; /Research and analysis methods/Animal studies/Experimental organism systems/Prokaryotic models/Escherichia coli; /Research and analysis methods/Model organisms/Escherichia coli,journals.plos.org,10.1371/journal.pwat.0000161,Research Article,2024-07-25
10.1371/journal.pwat.0000200,3,8,https://journals.plos.org/water/article?id=10.1371/journal.pwat.0000200,PLOS Water,Citarum Living Lab: Co-creating visions for sustainable river revitalisation,2024,FALSE,0,NA,NA,17,Paris Hadfield,"Monash Sustainable Development Institute, Monash University, Clayton, Victoria, Australia",Australia,https://orcid.org/0000-0001-9755-2650,Paris Hadfield,"Monash Sustainable Development Institute, Monash University, Clayton, Victoria, Australia",Australia,https://orcid.org/0000-0001-9755-2650,TRUE,"In accordance with our human research ethics protocols approved by Monash University Human Research Ethics Committee [Project ID: 31261], the qualitative data referenced in this study (including project meeting minutes, community workshop outputs, and researcher reflections) must remain private / confidential. Specifically, raw data is not permitted to be published or shared with external parties; publications can reference the organisation and role of participants in research activities, and where relevant, anonymised quotes from recorded interviews and workshops can be included. Otherwise, qualitative data is paraphrased and referenced in aggregate. The Monash University Human Research Ethics Committee can be contacted at [email removed]@monash.edu +61 3 990 52052. For enquiries about access to internal project reports referenced in the paper, please contact the corresponding author.",in paper,NA,NA,/Biology and life sciences/Ecology/Community ecology; /Earth sciences/Marine and aquatic sciences/Aquatic environments/Freshwater environments/Rivers; /Earth sciences/Marine and aquatic sciences/Bodies of water/Rivers; /Ecology and environmental sciences/Aquatic environments/Freshwater environments/Rivers; /Ecology and environmental sciences/Ecology/Community ecology; /Ecology and environmental sciences/Pollution/Water pollution; /Engineering and technology/Environmental engineering/Water management; /Medicine and health sciences/Health care/Environmental health/Sanitation; /Medicine and health sciences/Public and occupational health/Environmental health/Sanitation; /Physical sciences/Physics/Classical mechanics/Reflection; /Research and analysis methods/Research design; /Social sciences/Sociology/Education/Workshops,journals.plos.org,10.1371/journal.pwat.0000200,Research Article,2024-08-23
10.1371/journal.pwat.0000295,3,10,https://journals.plos.org/water/article?id=10.1371/journal.pwat.0000295,PLOS Water,"Comparison of passive and manual chlorination in small piped water networks in rural Ghana: Technical performance, ease-of-use, and cost",2024,TRUE,4,docx; xlsx; vnd.openxmlformats-officedocument.wordprocessingml.document; vnd.openxmlformats-officedocument.wordprocessingml.document,https://journals.plos.org/water/article/file?id=10.1371/journal.pwat.0000295.s001&type=supplementary; https://journals.plos.org/water/article/file?id=10.1371/journal.pwat.0000295.s002&type=supplementary; https://journals.plos.org/water/article/file?id=10.1371/journal.pwat.0000295.s003&type=supplementary; https://journals.plos.org/water/article/file?id=10.1371/journal.pwat.0000295.s004&type=supplementary,12,Caroline Delaire,"The Aquaya Institute, Larkspur, California, United States of America",United States of America,https://orcid.org/0000-0001-8359-6847,Caroline Delaire,"The Aquaya Institute, Larkspur, California, United States of America",United States of America,https://orcid.org/0000-0001-8359-6847,TRUE,The dataset and analysis script have been made available as part of the supplementary information and on a GitHub repository.,available in online repository,NA,NA,/Ecology and environmental sciences/Natural resources/Water resources; /Ecology and environmental sciences/Water quality; /Engineering and technology/Environmental engineering/Water management; /Physical sciences/Chemistry/Chemical elements/Chlorine; /Physical sciences/Chemistry/Chemical elements/Manganese; /Physical sciences/Materials science/Materials physics/Turbidity; /Physical sciences/Physics/Electricity; /Physical sciences/Physics/Materials physics/Turbidity; /Social sciences/Economics/Finance,journals.plos.org,10.1371/journal.pwat.0000295,Research Article,2024-10-16
10.1371/journal.pwat.0000185,3,10,https://journals.plos.org/water/article?id=10.1371/journal.pwat.0000185,PLOS Water,"Process evaluation of an urban piped water supply infrastructure improvement programme in Uvira, Democratic Republic of the Congo",2024,TRUE,3,docx; docx; docx,https://journals.plos.org/water/article/file?id=10.1371/journal.pwat.0000185.s001&type=supplementary; https://journals.plos.org/water/article/file?id=10.1371/journal.pwat.0000185.s002&type=supplementary; https://journals.plos.org/water/article/file?id=10.1371/journal.pwat.0000185.s003&type=supplementary,13,Karin Gallandat,"Department of Disease Control, London School of Hygiene and Tropical Medicine, London, United Kingdom",United Kingdom of Great Britain and Northern Ireland,https://orcid.org/0000-0001-6412-1483,Karin Gallandat,"Department of Disease Control, London School of Hygiene and Tropical Medicine, London, United Kingdom",United Kingdom of Great Britain and Northern Ireland,https://orcid.org/0000-0001-6412-1483,TRUE,Data used to generate Fig 4 are available on the following public Open Science Framework (OSF) folder: https://osf.io/76sev/?view_only=e96559353c004ca7ad048b68c42cd380 All household survey data used for preparation of the manuscript will be made available upon publication on the following OSF folder: https://osf.io/tdspg/?view_only=f85189ea00fd42b1b58ab81ec409c8ae All other documents and datasets referenced in the manuscript are available upon request from the corresponding author.,available in online repository,https://osf.io/76sev/?view_only=e96559353c004ca7ad048b68c42cd380; https://osf.io/tdspg/?view_only=f85189ea00fd42b1b58ab81ec409c8ae,osf,/Earth sciences/Hydrology/Flooding; /Earth sciences/Hydrology/Surface water; /Ecology and environmental sciences/Natural resources/Water resources; /Ecology and environmental sciences/Water quality; /Engineering and technology/Civil engineering/Urban infrastructure; /Engineering and technology/Environmental engineering/Water management; /Medicine and health sciences/Health care/Environmental health/Sanitation; /Medicine and health sciences/Medical conditions/Infectious diseases/Bacterial diseases/Cholera; /Medicine and health sciences/Medical conditions/Tropical diseases/Neglected tropical diseases/Cholera; /Medicine and health sciences/Public and occupational health/Environmental health/Sanitation,journals.plos.org,10.1371/journal.pwat.0000185,Research Article,2024-10-31
10.1371/journal.pwat.0000244,3,7,https://journals.plos.org/water/article?id=10.1371/journal.pwat.0000244,PLOS Water,"Evaluation of point-of-use treatments and biochar to reduce 1,2,3-trichloropropane (TCP) contamination in drinking water",2024,TRUE,11,docx; docx; docx; xps; docx; docx; docx; docx; docx; pdf; vnd.openxmlformats-officedocument.wordprocessingml.document,https://journals.plos.org/water/article/file?id=10.1371/journal.pwat.0000244.s001&type=supplementary; https://journals.plos.org/water/article/file?id=10.1371/journal.pwat.0000244.s002&type=supplementary; https://journals.plos.org/water/article/file?id=10.1371/journal.pwat.0000244.s003&type=supplementary; https://journals.plos.org/water/article/file?id=10.1371/journal.pwat.0000244.s004&type=supplementary; https://journals.plos.org/water/article/file?id=10.1371/journal.pwat.0000244.s005&type=supplementary; https://journals.plos.org/water/article/file?id=10.1371/journal.pwat.0000244.s006&type=supplementary; https://journals.plos.org/water/article/file?id=10.1371/journal.pwat.0000244.s007&type=supplementary; https://journals.plos.org/water/article/file?id=10.1371/journal.pwat.0000244.s008&type=supplementary; https://journals.plos.org/water/article/file?id=10.1371/journal.pwat.0000244.s009&type=supplementary; https://journals.plos.org/water/article/file?id=10.1371/journal.pwat.0000244.s010&type=supplementary; https://journals.plos.org/water/article/file?id=10.1371/journal.pwat.0000244.s011&type=supplementary,7,B. Hope Hauptman,"Environmental Systems Graduate Group, University of California Merced, Merced, California, United States of America",United States of America,https://orcid.org/0000-0002-3417-4143,B. Hope Hauptman,"Environmental Systems Graduate Group, University of California Merced, Merced, California, United States of America",United States of America,https://orcid.org/0000-0002-3417-4143,TRUE,The data that support the findings of this study are available through Dryad at: https://doi.org/doi:10.5061/dryad.d51c5b09f.,available in online repository,https://doi.org/doi:10.5061/dryad.d51c5b09f; 10.5061/dryad.d51c5b09f,dryad,/Earth sciences/Geography/Cartography/Isotherms; /Ecology and environmental sciences/Natural resources/Water resources; /Engineering and technology/Energy and power/Fuels/Fossil fuels/Coal; /Physical sciences/Chemistry/Physical chemistry/Sorption; /Physical sciences/Chemistry/Physical chemistry/Sorption/Adsorption; /Physical sciences/Materials science/Materials/Contaminants; /Physical sciences/Materials science/Materials/Fuels/Fossil fuels/Coal; /Physical sciences/Materials science/Materials/Organic materials/Coal; /Physical sciences/Physics/Classical mechanics/Continuum mechanics/Fluid mechanics/Fluid dynamics/Flow rate; /Research and analysis methods/Spectrum analysis techniques/Electron beam spectrum analysis techniques/X-ray photoelectron spectroscopy,journals.plos.org,10.1371/journal.pwat.0000244,Research Article,2024-07-05
10.1371/journal.pwat.0000216,3,6,https://journals.plos.org/water/article?id=10.1371/journal.pwat.0000216,PLOS Water,Household water insecurity experience in the Upper West Region of Ghana: Insights for effective water resource management,2024,TRUE,1,docx,https://journals.plos.org/water/article/file?id=10.1371/journal.pwat.0000216.s001&type=supplementary,5,Cornelius K. A. Pienaah,"Department of Geography and Environment, University of Western Ontario, London, Ontario, Canada",Canada,https://orcid.org/0000-0003-4528-3086,Cornelius K. A. Pienaah,"Department of Geography and Environment, University of Western Ontario, London, Ontario, Canada",Canada,https://orcid.org/0000-0003-4528-3086,TRUE,All relevant data are within the paper and its Supporting Information files.,in paper,NA,NA,/Ecology and environmental sciences/Natural resources/Water resources; /Ecology and environmental sciences/Pollution/Water pollution; /Ecology and environmental sciences/Sustainability science; /Engineering and technology/Environmental engineering/Water management; /Medicine and health sciences/Epidemiology/Medical risk factors; /Medicine and health sciences/Health care/Environmental health/Sanitation; /Medicine and health sciences/Health care/Health education and awareness; /Medicine and health sciences/Public and occupational health/Environmental health/Sanitation; /People and places/Geographical locations/Africa/Ghana,journals.plos.org,10.1371/journal.pwat.0000216,Research Article,2024-06-06
10.1371/journal.pwat.0000305,3,10,https://journals.plos.org/water/article?id=10.1371/journal.pwat.0000305,PLOS Water,An urgent call for resilient WASH solutions at fish landing sites,2024,FALSE,0,NA,NA,7,Tusabe Fred,"Infectious Diseases Institute, Makerere University, Kampala, Uganda",Uganda,https://orcid.org/0000-0002-9716-6917,Tusabe Fred,"Infectious Diseases Institute, Makerere University, Kampala, Uganda",Uganda,https://orcid.org/0000-0002-9716-6917,FALSE,NA,NA,NA,NA,/Biology and life sciences/Organisms/Eukaryota/Animals/Vertebrates/Fish; /Biology and life sciences/Zoology/Animals/Vertebrates/Fish; /Earth sciences/Hydrology/Flooding; /Ecology and environmental sciences/Natural resources/Water resources; /Ecology and environmental sciences/Pollution/Water pollution; /Engineering and technology/Civil engineering/Urban infrastructure; /Medicine and health sciences/Epidemiology/Medical risk factors; /Medicine and health sciences/Health care/Environmental health/Sanitation; /Medicine and health sciences/Public and occupational health/Environmental health/Sanitation; /Medicine and health sciences/Public and occupational health/Hygiene,journals.plos.org,10.1371/journal.pwat.0000305,Opinion,2024-10-23
10.1371/journal.pwat.0000315,3,12,https://journals.plos.org/water/article?id=10.1371/journal.pwat.0000315,PLOS Water,"Disposable diaper consumption and waste in urban Ghana and Kenya: The role of manufacturing, distribution, and branding",2024,TRUE,1,xlsx,https://journals.plos.org/water/article/file?id=10.1371/journal.pwat.0000315.s001&type=supplementary,8,Joseph Okotto-Okotto,"Victoria Institute for Research on Environment and Development (VIRED) International, Rabuor, Kisumu County, Kenya",Kenya,https://orcid.org/0000-0002-4656-8369,Moses Asamoah,"School of Economic, Social and Political Sciences, University of Southampton, Southampton, United Kingdom",United Kingdom of Great Britain and Northern Ireland,https://orcid.org/0000-0002-2242-6366,TRUE,The data for the diaper use survey are available for download at https://dx.doi.org/10.5255/UKDA-SN-856911. UN-Comtrade international trade data are available from https://comtradeplus.un.org/.,available in online repository,https://dx.doi.org/10.5255/UKDA-SN-856911; https://comtradeplus.un.org/; 10.5255/UKDA-SN-856911,NA,/Earth sciences/Geography/Human geography/Urban geography/Cities; /Medicine and health sciences/Pediatrics/Child health; /Medicine and health sciences/Public and occupational health/Child health; /Medicine and health sciences/Public and occupational health/Hygiene; /People and places/Geographical locations/Africa/Ghana; /People and places/Geographical locations/Africa/Kenya; /Physical sciences/Materials science/Materials/Plastics; /Research and analysis methods/Research design/Survey research/Surveys; /Social sciences/Economics/Commerce/International trade; /Social sciences/Human geography/Urban geography/Cities,journals.plos.org,10.1371/journal.pwat.0000315,Research Article,2024-12-11
10.1371/journal.pwat.0000011,1,3,https://journals.plos.org/water/article?id=10.1371/journal.pwat.0000011,PLOS Water,Shared water facilities and risk of COVID-19 in resource-poor settings: A transmission modelling study,2022,TRUE,10,tiff; tiff; tiff; tiff; tiff; tiff; tiff; tiff; tiff; vnd.openxmlformats-officedocument.wordprocessingml.document,https://journals.plos.org/water/article/file?id=10.1371/journal.pwat.0000011.s001&type=supplementary; https://journals.plos.org/water/article/file?id=10.1371/journal.pwat.0000011.s002&type=supplementary; https://journals.plos.org/water/article/file?id=10.1371/journal.pwat.0000011.s003&type=supplementary; https://journals.plos.org/water/article/file?id=10.1371/journal.pwat.0000011.s004&type=supplementary; https://journals.plos.org/water/article/file?id=10.1371/journal.pwat.0000011.s005&type=supplementary; https://journals.plos.org/water/article/file?id=10.1371/journal.pwat.0000011.s006&type=supplementary; https://journals.plos.org/water/article/file?id=10.1371/journal.pwat.0000011.s007&type=supplementary; https://journals.plos.org/water/article/file?id=10.1371/journal.pwat.0000011.s008&type=supplementary; https://journals.plos.org/water/article/file?id=10.1371/journal.pwat.0000011.s009&type=supplementary; https://journals.plos.org/water/article/file?id=10.1371/journal.pwat.0000011.s010&type=supplementary,10,Michael A. L. Hayashi,"Department of Epidemiology, School of Public Health, University of Michigan, Ann Arbor, Michigan, United States of America",United States of America,https://orcid.org/0000-0003-3335-6196,Joseph N. S. Eisenberg,"Department of Epidemiology, School of Public Health, University of Michigan, Ann Arbor, Michigan, United States of America",United States of America,https://orcid.org/0000-0001-8019-296X,TRUE,Data was not collected for this modeling study. All scripts and models needed to reproduce the results presented in this manuscript are available in the following github public repository https://github.com/malhayashi/shared_water_covid.,available in online repository,https://github.com/malhayashi/shared_water_covid,github,/Biology and life sciences/Population biology/Population metrics/Population density; /Ecology and environmental sciences/Terrestrial environments/Urban environments; /Engineering and technology/Civil engineering/Urban infrastructure; /Medicine and health sciences/Epidemiology/Medical risk factors; /Medicine and health sciences/Medical conditions/Infectious diseases/Infectious disease control/Social distancing; /Medicine and health sciences/Medical conditions/Infectious diseases/Viral diseases/COVID 19; /People and places/Geographical locations/Africa/Kenya; /People and places/Geographical locations/Asia/India,journals.plos.org,10.1371/journal.pwat.0000011,Research Article,2022-03-09
10.1371/journal.pwat.0000006,1,3,https://journals.plos.org/water/article?id=10.1371/journal.pwat.0000006,PLOS Water,Over the weekend: Water stagnation and contaminant exceedances in a green office building,2022,TRUE,1,docx,https://journals.plos.org/water/article/file?id=10.1371/journal.pwat.0000006.s001&type=supplementary,9,Elizabeth Montagnino,"Lyles School of Civil Engineering, Purdue University, West Lafayette, IN, United States of America",United States of America,NA,Andrew J. Whelton,"Lyles School of Civil Engineering, Division of Environmental and Ecological Engineering, Purdue University, West Lafayette, IN, United States of America",United States of America,https://orcid.org/0000-0001-5934-3081,TRUE,All relevant data are within the paper and its Supporting Information files.,in paper,NA,NA,/Biology and life sciences/Microbiology/Medical microbiology/Microbial pathogens/Bacterial pathogens/Legionella; /Biology and life sciences/Microbiology/Medical microbiology/Microbial pathogens/Bacterial pathogens/Legionella/Legionella pneumophila; /Biology and life sciences/Organisms/Bacteria/Legionella; /Biology and life sciences/Organisms/Bacteria/Legionella/Legionella pneumophila; /Ecology and environmental sciences/Natural resources/Water resources; /Ecology and environmental sciences/Water quality; /Engineering and technology/Environmental engineering/Water management; /Medicine and health sciences/Pathology and laboratory medicine/Pathogens/Microbial pathogens/Bacterial pathogens/Legionella; /Medicine and health sciences/Pathology and laboratory medicine/Pathogens/Microbial pathogens/Bacterial pathogens/Legionella/Legionella pneumophila; /Physical sciences/Chemistry/Chemical elements/Chlorine; /Physical sciences/Chemistry/Chemical elements/Metallic lead; /Research and analysis methods/Cell enumeration techniques/Total cell counting,journals.plos.org,10.1371/journal.pwat.0000006,Research Article,2022-03-09
10.1371/journal.pwat.0000024,1,6,https://journals.plos.org/water/article?id=10.1371/journal.pwat.0000024,PLOS Water,Determinants of rural hand-pump functionality through maintenance provision in the Central African Republic,2022,TRUE,5,docx; docx; docx; docx; csv,https://journals.plos.org/water/article/file?id=10.1371/journal.pwat.0000024.s001&type=supplementary; https://journals.plos.org/water/article/file?id=10.1371/journal.pwat.0000024.s002&type=supplementary; https://journals.plos.org/water/article/file?id=10.1371/journal.pwat.0000024.s003&type=supplementary; https://journals.plos.org/water/article/file?id=10.1371/journal.pwat.0000024.s004&type=supplementary; https://journals.plos.org/water/article/file?id=10.1371/journal.pwat.0000024.s005&type=supplementary,6,Eliza Lynn Fink,"Department of Civil, Environmental, and Architectural Engineering, University of Colorado Boulder, Boulder, Colorado, United States of America",United States of America,https://orcid.org/0000-0002-7812-2177,Pranav Chintalapati,"Department of Civil, Environmental, and Architectural Engineering, University of Colorado Boulder, Boulder, Colorado, United States of America",United States of America,https://orcid.org/0000-0003-3263-9485,TRUE,Maintenance data records used in analysis are included as a csv file in Supplementary Information. R code used in data compilation and statistical analysis can be found on GitHub with this link: https://github.com/eliza-f/wfg_2021.,available in online repository,https://github.com/eliza-f/wfg_2021,github,/Computer and information sciences/Data management; /Earth sciences/Geography/Geographic areas/Urban areas; /Earth sciences/Geography/Human geography/Urban geography/Urban areas; /Ecology and environmental sciences/Natural resources/Water resources; /Engineering and technology/Civil engineering/Urban infrastructure; /Engineering and technology/Environmental engineering/Water management; /People and places/Population groupings/Professions/Technicians; /Science policy/Science and technology workforce/Careers in research/Technicians; /Social sciences/Economics/Commerce/Payment; /Social sciences/Economics/Finance; /Social sciences/Human geography/Urban geography/Urban areas,journals.plos.org,10.1371/journal.pwat.0000024,Research Article,2022-06-09
10.1371/journal.pwat.0000024,1,6,https://journals.plos.org/water/article?id=10.1371/journal.pwat.0000024,PLOS Water,Determinants of rural hand-pump functionality through maintenance provision in the Central African Republic,2022,TRUE,5,docx; docx; docx; docx; csv,https://journals.plos.org/water/article/file?id=10.1371/journal.pwat.0000024.s001&type=supplementary; https://journals.plos.org/water/article/file?id=10.1371/journal.pwat.0000024.s002&type=supplementary; https://journals.plos.org/water/article/file?id=10.1371/journal.pwat.0000024.s003&type=supplementary; https://journals.plos.org/water/article/file?id=10.1371/journal.pwat.0000024.s004&type=supplementary; https://journals.plos.org/water/article/file?id=10.1371/journal.pwat.0000024.s005&type=supplementary,6,Eliza Lynn Fink,"Department of Civil, Environmental, and Architectural Engineering, University of Colorado Boulder, Boulder, Colorado, United States of America",United States of America,https://orcid.org/0000-0002-7812-2177,Pranav Chintalapati,"Department of Civil, Environmental, and Architectural Engineering, University of Colorado Boulder, Boulder, Colorado, United States of America",United States of America,https://orcid.org/0000-0003-3263-9485,TRUE,Maintenance data records used in analysis are included as a csv file in Supplementary Information. R code used in data compilation and statistical analysis can be found on GitHub with this link: https://github.com/eliza-f/wfg_2021.,available in online repository,https://github.com/eliza-f/wfg_2021,github,/Computer and information sciences/Data management; /Earth sciences/Geography/Geographic areas/Urban areas; /Earth sciences/Geography/Human geography/Urban geography/Urban areas; /Ecology and environmental sciences/Natural resources/Water resources; /Engineering and technology/Civil engineering/Urban infrastructure; /Engineering and technology/Environmental engineering/Water management; /People and places/Population groupings/Professions/Technicians; /Science policy/Science and technology workforce/Careers in research/Technicians; /Social sciences/Economics/Commerce/Payment; /Social sciences/Economics/Finance; /Social sciences/Human geography/Urban geography/Urban areas,journals.plos.org,10.1371/journal.pwat.0000024,Research Article,2022-06-09
10.1371/journal.pwat.0000022,1,6,https://journals.plos.org/water/article?id=10.1371/journal.pwat.0000022,PLOS Water,"Spatial heterogeneity of neighborhood-level water and sanitation access in informal urban settlements: A cross-sectional case study in Beira, Mozambique",2022,TRUE,6,docx; docx; docx; tif; tif; docx,https://journals.plos.org/water/article/file?id=10.1371/journal.pwat.0000022.s001&type=supplementary; https://journals.plos.org/water/article/file?id=10.1371/journal.pwat.0000022.s002&type=supplementary; https://journals.plos.org/water/article/file?id=10.1371/journal.pwat.0000022.s003&type=supplementary; https://journals.plos.org/water/article/file?id=10.1371/journal.pwat.0000022.s004&type=supplementary; https://journals.plos.org/water/article/file?id=10.1371/journal.pwat.0000022.s005&type=supplementary; https://journals.plos.org/water/article/file?id=10.1371/journal.pwat.0000022.s006&type=supplementary,11,Courtney Victor,"Gangarosa Department of Environmental Health, Emory University, Atlanta, Georgia, United States of America",United States of America,https://orcid.org/0000-0002-3082-6423,Courtney Victor,"Gangarosa Department of Environmental Health, Emory University, Atlanta, Georgia, United States of America",United States of America,https://orcid.org/0000-0002-3082-6423,TRUE,Deidentified raw data and analysis code can be accessed on our project OSF (Open Science Framework) site upon publication at this link: https://osf.io/2a963/. Geocoded locations of study participants used to generate the maps will not be publicly available due to ethical concerns and protection of our study participants.,available in online repository,https://osf.io/2a963/,osf,/Earth sciences/Geography/Human geography/Social geography/Neighborhoods; /Earth sciences/Geography/Human geography/Urban geography/Cities; /Ecology and environmental sciences/Natural resources/Water resources; /Ecology and environmental sciences/Water quality; /Engineering and technology/Environmental engineering/Water management; /Medicine and health sciences/Health care/Environmental health/Sanitation; /Medicine and health sciences/Public and occupational health/Environmental health/Sanitation; /People and places/Geographical locations/Africa/Mozambique; /People and places/Population groupings/Age groups/Children; /People and places/Population groupings/Families/Children; /Social sciences/Human geography/Social geography/Neighborhoods; /Social sciences/Human geography/Urban geography/Cities,journals.plos.org,10.1371/journal.pwat.0000022,Research Article,2022-06-09
10.1371/journal.pwat.0000008,1,2,https://journals.plos.org/water/article?id=10.1371/journal.pwat.0000008,PLOS Water,"A model-based prediction and analysis of seasonal and tidal influence on pollutants distribution from city outfalls of river Ganges in West Bengal, India and its mapping using GIS tool",2022,TRUE,2,twenty; north,https://journals.plos.org/water/article/file?id=10.1371/journal.pwat.0000008.s001&type=supplementary; https://journals.plos.org/water/article/file?id=10.1371/journal.pwat.0000008.s002&type=supplementary,7,Sayanti Kar,"Department of Civil Engineering, Jadavpur University, Kolkata, India",India,NA,Abhishek RoyChowdhury,"Environmental Science and Natural Resources, School of Science, Navajo Technical University, Crown Point, NM, United States of America",United States of America,https://orcid.org/0000-0001-6277-0404,TRUE,All the data has been provided in the supporting information files.,in paper,NA,NA,/Biology and life sciences/Toxicology/Toxic agents/Toxins/Heavy metals; /Earth sciences/Atmospheric science/Climatology/Monsoons; /Earth sciences/Geophysics/Tides; /Earth sciences/Marine and aquatic sciences/Aquatic environments/Freshwater environments/Rivers; /Earth sciences/Marine and aquatic sciences/Bodies of water/Rivers; /Ecology and environmental sciences/Aquatic environments/Freshwater environments/Rivers; /Ecology and environmental sciences/Pollution/Water pollution; /Ecology and environmental sciences/Water quality; /Medicine and health sciences/Pathology and laboratory medicine/Toxicology/Toxic agents/Toxins/Heavy metals; /Physical sciences/Chemistry/Chemical compounds/Nitrates; /Physical sciences/Chemistry/Chemical elements/Heavy metals; /Physical sciences/Mathematics/Algebra/Polynomials; /Physical sciences/Physics/Geophysics/Tides,journals.plos.org,10.1371/journal.pwat.0000008,Research Article,2022-02-15
10.1371/journal.pwat.0000018,1,2,https://journals.plos.org/water/article?id=10.1371/journal.pwat.0000018,PLOS Water,<i>PLOS Water</i>: A bridge and a voice for the water sectors,2022,FALSE,0,NA,NA,2,Jennifer Davis,"Department of Civil & Environmental Engineering, Woods Institute for the Environment, Stanford University, Stanford, California, United States of America",United States of America,https://orcid.org/0000-0001-5368-4002,Jennifer Davis,"Department of Civil & Environmental Engineering, Woods Institute for the Environment, Stanford University, Stanford, California, United States of America",United States of America,https://orcid.org/0000-0001-5368-4002,FALSE,NA,NA,NA,NA,/Biology and life sciences/Ecology/Ecosystems; /Earth sciences/Geography/Human geography/Urban geography/Towns; /Earth sciences/Geography/Human geography/Urban geography/Urbanization; /Earth sciences/Geomorphology/Topography/Landforms/Wetlands; /Earth sciences/Hydrology/Surface water; /Earth sciences/Marine and aquatic sciences/Aquatic environments/Freshwater environments/Fresh water; /Earth sciences/Marine and aquatic sciences/Aquatic environments/Freshwater environments/Wetlands; /Ecology and environmental sciences/Aquatic environments/Freshwater environments/Fresh water; /Ecology and environmental sciences/Aquatic environments/Freshwater environments/Wetlands; /Ecology and environmental sciences/Ecology/Ecosystems; /Ecology and environmental sciences/Natural resources/Water resources; /Social sciences/Human geography/Urban geography/Towns; /Social sciences/Human geography/Urban geography/Urbanization; /Social sciences/Sociology/Culture,journals.plos.org,10.1371/journal.pwat.0000018,Editorial,2022-02-15
10.1371/journal.pwat.0000012,1,4,https://journals.plos.org/water/article?id=10.1371/journal.pwat.0000012,PLOS Water,Solar circulator to restore dissolved oxygen in a hypoxic ice-covered lake,2022,TRUE,6,docx; docx; tiff; a; pdf; vnd.openxmlformats-officedocument.wordprocessingml.document,https://journals.plos.org/water/article/file?id=10.1371/journal.pwat.0000012.s001&type=supplementary; https://journals.plos.org/water/article/file?id=10.1371/journal.pwat.0000012.s002&type=supplementary; https://journals.plos.org/water/article/file?id=10.1371/journal.pwat.0000012.s003&type=supplementary; https://journals.plos.org/water/article/file?id=10.1371/journal.pwat.0000012.s004&type=supplementary; https://journals.plos.org/water/article/file?id=10.1371/journal.pwat.0000012.s005&type=supplementary; https://journals.plos.org/water/article/file?id=10.1371/journal.pwat.0000012.s006&type=supplementary,11,Kyle F. Flynn,"KF2 Consulting, Helena, Montana, United States of America",United States of America,NA,Kyle F. Flynn,"KF2 Consulting, Helena, Montana, United States of America",United States of America,NA,TRUE,The final dataset are available on Dryad: https://doi.org/10.5061/dryad.m37pvmd4j.,available in online repository,https://doi.org/10.5061/dryad.m37pvmd4j; 10.5061/dryad.m37pvmd4j,dryad,/Earth sciences/Glaciology/Polynyas; /Earth sciences/Hydrology/Surface water; /Earth sciences/Marine and aquatic sciences/Aquatic environments/Freshwater environments/Lakes; /Earth sciences/Marine and aquatic sciences/Bodies of water/Lakes; /Earth sciences/Marine and aquatic sciences/Oceanography/Water columns; /Earth sciences/Seasons/Winter; /Ecology and environmental sciences/Aquatic environments/Freshwater environments/Lakes; /Ecology and environmental sciences/Environmental chemistry/Water chemistry/Aquatic hypoxia; /Physical sciences/Chemistry/Chemical elements/Oxygen; /Physical sciences/Chemistry/Environmental chemistry/Water chemistry/Aquatic hypoxia; /Physical sciences/Materials science/Materials physics/Turbidity; /Physical sciences/Physics/Materials physics/Turbidity,journals.plos.org,10.1371/journal.pwat.0000012,Research Article,2022-04-21
10.1371/journal.pwat.0000014,1,4,https://journals.plos.org/water/article?id=10.1371/journal.pwat.0000014,PLOS Water,Dissolved oxygen sensor in an automated hyporheic sampling system reveals biogeochemical dynamics,2022,TRUE,5,tif; tif; tif; tif; xlsx,https://journals.plos.org/water/article/file?id=10.1371/journal.pwat.0000014.s001&type=supplementary; https://journals.plos.org/water/article/file?id=10.1371/journal.pwat.0000014.s002&type=supplementary; https://journals.plos.org/water/article/file?id=10.1371/journal.pwat.0000014.s003&type=supplementary; https://journals.plos.org/water/article/file?id=10.1371/journal.pwat.0000014.s004&type=supplementary; https://journals.plos.org/water/article/file?id=10.1371/journal.pwat.0000014.s005&type=supplementary,17,Matthew H. Kaufman,"Pacific Northwest National Laboratory, Richland, Washington, United States of America",United States of America,https://orcid.org/0000-0003-1498-8219,Matthew H. Kaufman,"Pacific Northwest National Laboratory, Richland, Washington, United States of America",United States of America,https://orcid.org/0000-0003-1498-8219,TRUE,The dataset for this publication is hosted on ESS-DIVE and can be accessed at the following location: https://data.ess-dive.lbl.gov/datasets/doi:10.15485/1839767.,available in online repository,https://data.ess-dive.lbl.gov/datasets/doi:10.15485/1839767; 10.15485/1839767,NA,/Earth sciences/Geochemistry/Biogeochemistry; /Earth sciences/Hydrology/Surface water; /Earth sciences/Marine and aquatic sciences/Aquatic environments/Freshwater environments/Rivers; /Earth sciences/Marine and aquatic sciences/Bodies of water/Rivers; /Earth sciences/Soil science/Soil perturbation; /Ecology and environmental sciences/Aquatic environments/Freshwater environments/Rivers; /Ecology and environmental sciences/Biogeochemistry; /Ecology and environmental sciences/Water quality/Dissolved oxygen; /Engineering and technology/Electronics engineering/Electronics/Solenoids; /Engineering and technology/Measurement/Time measurement; /Physical sciences/Chemistry/Chemical compounds/Nitrates; /Physical sciences/Chemistry/Geochemistry/Biogeochemistry,journals.plos.org,10.1371/journal.pwat.0000014,Research Article,2022-04-26
10.1371/journal.pwat.0000004,1,2,https://journals.plos.org/water/article?id=10.1371/journal.pwat.0000004,PLOS Water,Linking stormwater control performance to stream ecosystem outcomes: Incorporating a performance metric into effective imperviousness,2022,TRUE,8,pdf; pdf; pdf; pdf; pdf; vnd.openxmlformats-officedocument.wordprocessingml.document; vnd.openxmlformats-officedocument.wordprocessingml.document; vnd.openxmlformats-officedocument.wordprocessingml.document,https://journals.plos.org/water/article/file?id=10.1371/journal.pwat.0000004.s001&type=supplementary; https://journals.plos.org/water/article/file?id=10.1371/journal.pwat.0000004.s002&type=supplementary; https://journals.plos.org/water/article/file?id=10.1371/journal.pwat.0000004.s003&type=supplementary; https://journals.plos.org/water/article/file?id=10.1371/journal.pwat.0000004.s004&type=supplementary; https://journals.plos.org/water/article/file?id=10.1371/journal.pwat.0000004.s005&type=supplementary; https://journals.plos.org/water/article/file?id=10.1371/journal.pwat.0000004.s006&type=supplementary; https://journals.plos.org/water/article/file?id=10.1371/journal.pwat.0000004.s007&type=supplementary; https://journals.plos.org/water/article/file?id=10.1371/journal.pwat.0000004.s008&type=supplementary,11,Christopher J. Walsh,"Waterway Ecosystem Research Group, School of Ecosystem and Forest Sciences, The University of Melbourne, Burnley, Victoria, Australia",Australia,https://orcid.org/0000-0002-4181-6722,Christopher J. Walsh,"Waterway Ecosystem Research Group, School of Ecosystem and Forest Sciences, The University of Melbourne, Burnley, Victoria, Australia",Australia,https://orcid.org/0000-0002-4181-6722,TRUE,All data and code are available from the Open Science Framework: https://doi.org/10.17605/OSF.IO/57AZQ.,available in online repository,https://doi.org/10.17605/OSF.IO/57AZQ; 10.17605/OSF.IO/57AZQ,osf,/Biology and life sciences/Ecology/Ecosystems; /Biology and life sciences/Ecology/Ecosystems/Urban ecosystems; /Biology and life sciences/Ecology/Urban ecology; /Ecology and environmental sciences/Ecology/Ecosystems; /Ecology and environmental sciences/Ecology/Ecosystems/Urban ecosystems; /Ecology and environmental sciences/Ecology/Urban ecology; /Ecology and environmental sciences/Pollution/Water pollution; /Ecology and environmental sciences/Water quality; /Physical sciences/Mathematics/Statistics/Statistical models; /Research and analysis methods/Research design/Experimental design; /Research and analysis methods/Simulation and modeling,journals.plos.org,10.1371/journal.pwat.0000004,Research Article,2022-02-15
10.1371/journal.pwat.0000010,1,2,https://journals.plos.org/water/article?id=10.1371/journal.pwat.0000010,PLOS Water,Water resources and trade: A research vision,2022,FALSE,0,NA,NA,2,Peter Debaere,"University of Virginia, Darden School of Business, Charlottesville, VA, United States of America",United States of America,NA,Megan Konar,"University of Illinois at Urbana-Champaign, Civil and Environmental Engineering, Urbana, IL, United States of America",United States of America,https://orcid.org/0000-0003-0540-8438,FALSE,NA,NA,NA,NA,/Biology and life sciences/Agriculture; /Biology and life sciences/Agriculture/Crop science/Crops; /Earth sciences/Hydrology/Water cycle; /Ecology and environmental sciences/Drought; /Ecology and environmental sciences/Natural resources/Water resources; /People and places/Population groupings/Professions/Agricultural workers; /Physical sciences/Mathematics/Mathematical economics/Econometrics; /Social sciences/Economics/Commerce/International trade; /Social sciences/Economics/Economic analysis/Econometrics; /Social sciences/Economics/Mathematical economics/Econometrics,journals.plos.org,10.1371/journal.pwat.0000010,Opinion,2022-02-15
10.1371/journal.pwat.0000002,1,2,https://journals.plos.org/water/article?id=10.1371/journal.pwat.0000002,PLOS Water,Every rung counts–A retrospective analysis of global sanitation progress across the service-level ladder under the MDGs,2022,TRUE,1,docx,https://journals.plos.org/water/article/file?id=10.1371/journal.pwat.0000002.s001&type=supplementary,4,Julia Zimmerman,"Department of Civil, Construction and Environmental Engineering, University of Alabama, Tuscaloosa, Alabama, United States of America",United States of America,NA,Mark Elliott,"Department of Civil, Construction and Environmental Engineering, University of Alabama, Tuscaloosa, Alabama, United States of America",United States of America,https://orcid.org/0000-0002-7835-0612,TRUE,All data used in the analysis are available for download at my public research website (MS Excel format): https://melliott.people.ua.edu/data.html.,available in online repository,https://melliott.people.ua.edu/data.html,NA,/Biology and life sciences/Physiology/Physiological processes/Defecation; /Earth sciences/Geography/Geographic areas/Rural areas; /Earth sciences/Geography/Geographic areas/Urban areas; /Earth sciences/Geography/Human geography/Urban geography/Urban areas; /Ecology and environmental sciences/Natural resources/Water resources; /Medicine and health sciences/Health care/Environmental health/Sanitation; /Medicine and health sciences/Public and occupational health/Environmental health/Sanitation; /People and places/Geographical locations/Africa/Ghana; /People and places/Geographical locations/Africa/South Sudan; /People and places/Geographical locations/Europe/European Union/Poland; /Social sciences/Human geography/Urban geography/Urban areas,journals.plos.org,10.1371/journal.pwat.0000002,Research Article,2022-02-15
10.1371/journal.pwat.0000016,1,5,https://journals.plos.org/water/article?id=10.1371/journal.pwat.0000016,PLOS Water,A bias correction method for precipitation through recognizing mesoscale precipitation systems corresponding to weather conditions,2022,TRUE,9,tif; usgs; tif; tif; a; pptx; pdf; pdf; vnd.openxmlformats-officedocument.wordprocessingml.document,https://journals.plos.org/water/article/file?id=10.1371/journal.pwat.0000016.s001&type=supplementary; https://journals.plos.org/water/article/file?id=10.1371/journal.pwat.0000016.s002&type=supplementary; https://journals.plos.org/water/article/file?id=10.1371/journal.pwat.0000016.s003&type=supplementary; https://journals.plos.org/water/article/file?id=10.1371/journal.pwat.0000016.s004&type=supplementary; https://journals.plos.org/water/article/file?id=10.1371/journal.pwat.0000016.s005&type=supplementary; https://journals.plos.org/water/article/file?id=10.1371/journal.pwat.0000016.s006&type=supplementary; https://journals.plos.org/water/article/file?id=10.1371/journal.pwat.0000016.s007&type=supplementary; https://journals.plos.org/water/article/file?id=10.1371/journal.pwat.0000016.s008&type=supplementary; https://journals.plos.org/water/article/file?id=10.1371/journal.pwat.0000016.s009&type=supplementary,6,Takao Yoshikane,"Institute of Industrial Science, The University of Tokyo, Kashiwa-shi, Chiba, Japan",Japan,https://orcid.org/0000-0003-1391-8892,Takao Yoshikane,"Institute of Industrial Science, The University of Tokyo, Kashiwa-shi, Chiba, Japan",Japan,https://orcid.org/0000-0003-1391-8892,TRUE,"The MSM-GPV data were obtained from the archive system (http://apps.diasjp.net/gpv) of the Kitsuregawa laboratories at the Institute of Industrial Science, University of Tokyo. The Radar-AMeDAS data, which were provided by the JMA, are available by contacting the Japan Meteorological Business Support Center (http://www.jmbsc.or.jp/en/contact.html) by emailing the International Service Officer ([email removed]@jmbsc.or.jp). The official name of the Radar-AMeDAS dataset in Japan is “Kaiseki-Uryou”. Topographic data of U.S. Geological Survey (USGS) (http://www.usgs.gov) was used. Made with Natural Earth. Free vector and raster map data @ naturalearthdata.com. (http://www.naturalearthdata.com/about/terms-of-use/).",available in online repository,http://apps.diasjp.net/gpv; http://www.jmbsc.or.jp/en/contact.html; http://www.usgs.gov; http://www.naturalearthdata.com/about/terms-of-use/,NA,/Computer and information sciences/Artificial intelligence/Machine learning; /Computer and information sciences/Artificial intelligence/Machine learning/Support vector machines; /Computer and information sciences/Geoinformatics/Spatial autocorrelation; /Earth sciences/Atmospheric science/Meteorology; /Earth sciences/Atmospheric science/Meteorology/Rain; /Earth sciences/Geography/Geoinformatics/Spatial autocorrelation; /Earth sciences/Geology/Geological surveys; /Research and analysis methods/Precipitation techniques; /Research and analysis methods/Simulation and modeling,journals.plos.org,10.1371/journal.pwat.0000016,Research Article,2022-05-12
10.1371/journal.pwat.0000026,1,6,https://journals.plos.org/water/article?id=10.1371/journal.pwat.0000026,PLOS Water,"Water, sanitation, and women’s empowerment: A systematic review and qualitative metasynthesis",2022,TRUE,12,a; docx; docx; docx; docx; docx; docx; docx; docx; pdf; vnd.openxmlformats-officedocument.wordprocessingml.document; vnd.openxmlformats-officedocument.wordprocessingml.document,https://journals.plos.org/water/article/file?id=10.1371/journal.pwat.0000026.s001&type=supplementary; https://journals.plos.org/water/article/file?id=10.1371/journal.pwat.0000026.s002&type=supplementary; https://journals.plos.org/water/article/file?id=10.1371/journal.pwat.0000026.s003&type=supplementary; https://journals.plos.org/water/article/file?id=10.1371/journal.pwat.0000026.s004&type=supplementary; https://journals.plos.org/water/article/file?id=10.1371/journal.pwat.0000026.s005&type=supplementary; https://journals.plos.org/water/article/file?id=10.1371/journal.pwat.0000026.s006&type=supplementary; https://journals.plos.org/water/article/file?id=10.1371/journal.pwat.0000026.s007&type=supplementary; https://journals.plos.org/water/article/file?id=10.1371/journal.pwat.0000026.s008&type=supplementary; https://journals.plos.org/water/article/file?id=10.1371/journal.pwat.0000026.s009&type=supplementary; https://journals.plos.org/water/article/file?id=10.1371/journal.pwat.0000026.s010&type=supplementary; https://journals.plos.org/water/article/file?id=10.1371/journal.pwat.0000026.s011&type=supplementary; https://journals.plos.org/water/article/file?id=10.1371/journal.pwat.0000026.s012&type=supplementary,14,Bethany A. Caruso,"Hubert Department of Global Health, Rollins School of Public Health, Emory University, Atlanta, Georgia, United States of America",United States of America,https://orcid.org/0000-0001-9738-9857,Bethany A. Caruso,"Hubert Department of Global Health, Rollins School of Public Health, Emory University, Atlanta, Georgia, United States of America",United States of America,https://orcid.org/0000-0001-9738-9857,TRUE,The authors confirm that the data supporting the findings of this study are available within the article and its supplementary materials.,in paper,NA,NA,/Biology and life sciences/Neuroscience/Cognitive science/Cognition/Decision making; /Biology and life sciences/Neuroscience/Cognitive science/Cognitive psychology/Decision making; /Biology and life sciences/Physiology/Physiological processes/Defecation; /Biology and life sciences/Psychology/Cognitive psychology/Decision making; /Ecology and environmental sciences/Natural resources/Water resources; /Engineering and technology/Environmental engineering/Water management; /Medicine and health sciences/Health care/Environmental health/Sanitation; /Medicine and health sciences/Public and occupational health/Environmental health/Sanitation; /People and places/Geographical locations/Asia/India; /Social sciences/Economics/Finance; /Social sciences/Psychology/Cognitive psychology/Decision making; /Social sciences/Sociology/Sexual and gender issues,journals.plos.org,10.1371/journal.pwat.0000026,Research Article,2022-06-07
10.1371/journal.pwat.0000020,1,4,https://journals.plos.org/water/article?id=10.1371/journal.pwat.0000020,PLOS Water,"Gapu, water, creates knowledge and is a life force to be respected",2022,FALSE,0,NA,NA,10,NA NA,NA,NA,NA,Sarah Wright,"Gay’wu Group of Women, Discipline of Geography and Environmental Studies, The University of Newcastle, Newcastle, Australia",Australia,https://orcid.org/0000-0002-8595-4529,FALSE,NA,NA,NA,NA,/Biology and life sciences/Neuroscience/Cognitive science/Cognitive psychology/Learning/Human learning; /Biology and life sciences/Neuroscience/Learning and memory/Learning/Human learning; /Biology and life sciences/Physiology/Biological locomotion/Walking; /Biology and life sciences/Psychology/Cognitive psychology/Learning/Human learning; /Earth sciences/Geophysics/Tides; /Earth sciences/Marine and aquatic sciences/Aquatic environments/Freshwater environments/Fresh water; /Earth sciences/Marine and aquatic sciences/Aquatic environments/Marine environments/Sea water; /Ecology and environmental sciences/Aquatic environments/Freshwater environments/Fresh water; /Ecology and environmental sciences/Aquatic environments/Marine environments/Sea water; /People and places/Demography/Indigenous populations; /People and places/Geographical locations/Oceania/Australia; /Physical sciences/Physics/Geophysics/Tides; /Social sciences/Anthropology/Indigenous populations; /Social sciences/Psychology/Cognitive psychology/Learning/Human learning; /Social sciences/Sociology/Human families,journals.plos.org,10.1371/journal.pwat.0000020,Review,2022-04-28
10.1371/journal.pwat.0000021,1,5,https://journals.plos.org/water/article?id=10.1371/journal.pwat.0000021,PLOS Water,"Analysis of management systems for sustainability of infection prevention and control, and water sanitation and hygiene in healthcare facilities in the Greater Kampala Area, Uganda",2022,TRUE,3,xlsx; pdf; vnd.openxmlformats-officedocument.wordprocessingml.document,https://journals.plos.org/water/article/file?id=10.1371/journal.pwat.0000021.s001&type=supplementary; https://journals.plos.org/water/article/file?id=10.1371/journal.pwat.0000021.s002&type=supplementary; https://journals.plos.org/water/article/file?id=10.1371/journal.pwat.0000021.s003&type=supplementary,18,John Bosco Isunju,"Disease Control and Environmental Health Department, Makerere University School of Public Health, Kampala, College of Health Sciences, Kampala, Uganda",Uganda,https://orcid.org/0000-0001-7396-7851,John Bosco Isunju,"Disease Control and Environmental Health Department, Makerere University School of Public Health, Kampala, College of Health Sciences, Kampala, Uganda",Uganda,https://orcid.org/0000-0001-7396-7851,TRUE,Data has been uploaded as supporting information,in paper,NA,NA,/Ecology and environmental sciences/Sustainability science; /Medicine and health sciences/Health care/Environmental health/Sanitation; /Medicine and health sciences/Health care/Health care facilities; /Medicine and health sciences/Public and occupational health; /Medicine and health sciences/Public and occupational health/Environmental health/Sanitation; /Medicine and health sciences/Public and occupational health/Hygiene; /People and places/Geographical locations/Africa/Uganda; /Social sciences/Economics/Finance; /Social sciences/Economics/Finance/Financial management/Budgets,journals.plos.org,10.1371/journal.pwat.0000021,Research Article,2022-05-19
10.1371/journal.pwat.0000007,1,2,https://journals.plos.org/water/article?id=10.1371/journal.pwat.0000007,PLOS Water,Operationalizing a routine wastewater monitoring laboratory for SARS-CoV-2,2022,TRUE,22,xlsx; xlsx; xlsx; xlsx; xlsx; pdf; pdf; pdf; pdf; pdf; pdf; png; png; png; png; png; png; png; png; png; png; pdf,https://journals.plos.org/water/article/file?id=10.1371/journal.pwat.0000007.s001&type=supplementary; https://journals.plos.org/water/article/file?id=10.1371/journal.pwat.0000007.s002&type=supplementary; https://journals.plos.org/water/article/file?id=10.1371/journal.pwat.0000007.s003&type=supplementary; https://journals.plos.org/water/article/file?id=10.1371/journal.pwat.0000007.s004&type=supplementary; https://journals.plos.org/water/article/file?id=10.1371/journal.pwat.0000007.s005&type=supplementary; https://journals.plos.org/water/article/file?id=10.1371/journal.pwat.0000007.s006&type=supplementary; https://journals.plos.org/water/article/file?id=10.1371/journal.pwat.0000007.s007&type=supplementary; https://journals.plos.org/water/article/file?id=10.1371/journal.pwat.0000007.s008&type=supplementary; https://journals.plos.org/water/article/file?id=10.1371/journal.pwat.0000007.s009&type=supplementary; https://journals.plos.org/water/article/file?id=10.1371/journal.pwat.0000007.s010&type=supplementary; https://journals.plos.org/water/article/file?id=10.1371/journal.pwat.0000007.s011&type=supplementary; https://journals.plos.org/water/article/file?id=10.1371/journal.pwat.0000007.s012&type=supplementary; https://journals.plos.org/water/article/file?id=10.1371/journal.pwat.0000007.s013&type=supplementary; https://journals.plos.org/water/article/file?id=10.1371/journal.pwat.0000007.s014&type=supplementary; https://journals.plos.org/water/article/file?id=10.1371/journal.pwat.0000007.s015&type=supplementary; https://journals.plos.org/water/article/file?id=10.1371/journal.pwat.0000007.s016&type=supplementary; https://journals.plos.org/water/article/file?id=10.1371/journal.pwat.0000007.s017&type=supplementary; https://journals.plos.org/water/article/file?id=10.1371/journal.pwat.0000007.s018&type=supplementary; https://journals.plos.org/water/article/file?id=10.1371/journal.pwat.0000007.s019&type=supplementary; https://journals.plos.org/water/article/file?id=10.1371/journal.pwat.0000007.s020&type=supplementary; https://journals.plos.org/water/article/file?id=10.1371/journal.pwat.0000007.s021&type=supplementary; https://journals.plos.org/water/article/file?id=10.1371/journal.pwat.0000007.s022&type=supplementary,11,Rose S. Kantor,"Department of Civil and Environmental Engineering, University of California, Berkeley, California, United States of America",United States of America,https://orcid.org/0000-0002-5402-8979,Rose S. Kantor,"Department of Civil and Environmental Engineering, University of California, Berkeley, California, United States of America",United States of America,https://orcid.org/0000-0002-5402-8979,TRUE,Data are available in the Supplementary Texts and Tables. Code is available at https://github.com/wastewaterlab/data_analysis.,available in online repository,https://github.com/wastewaterlab/data_analysis,github,/Biology and life sciences/Microbiology/Medical microbiology/Microbial pathogens/Viral pathogens/Coronaviruses/SARS coronavirus/SARS CoV 2; /Biology and life sciences/Organisms/Viruses/RNA viruses/Coronaviruses/SARS coronavirus/SARS CoV 2; /Biology and life sciences/Organisms/Viruses/Viral pathogens/Coronaviruses/SARS coronavirus/SARS CoV 2; /Engineering and technology/Systems engineering/Quality assurance; /Medicine and health sciences/Diagnostic medicine/Virus testing; /Medicine and health sciences/Epidemiology/Pandemics; /Medicine and health sciences/Medical conditions/Infectious diseases/Viral diseases/COVID 19; /Medicine and health sciences/Pathology and laboratory medicine/Pathogens/Microbial pathogens/Viral pathogens/Coronaviruses/SARS coronavirus/SARS CoV 2; /Medicine and health sciences/Public and occupational health; /Research and analysis methods/Extraction techniques/RNA extraction; /Research and analysis methods/Research facilities/Research laboratories/Government laboratories,journals.plos.org,10.1371/journal.pwat.0000007,Research Article,2022-02-15
10.1371/journal.pwat.0000003,1,2,https://journals.plos.org/water/article?id=10.1371/journal.pwat.0000003,PLOS Water,Institutional influences on local government support for professionalized maintenance of water supply infrastructure in rural Uganda: A qualitative analysis,2022,TRUE,6,pdf; pdf; pdf; pdf; pdf; pdf,https://journals.plos.org/water/article/file?id=10.1371/journal.pwat.0000003.s001&type=supplementary; https://journals.plos.org/water/article/file?id=10.1371/journal.pwat.0000003.s002&type=supplementary; https://journals.plos.org/water/article/file?id=10.1371/journal.pwat.0000003.s003&type=supplementary; https://journals.plos.org/water/article/file?id=10.1371/journal.pwat.0000003.s004&type=supplementary; https://journals.plos.org/water/article/file?id=10.1371/journal.pwat.0000003.s005&type=supplementary; https://journals.plos.org/water/article/file?id=10.1371/journal.pwat.0000003.s006&type=supplementary,5,Caleb Cord,"Department of Civil, Environmental, and Architectural Engineering, University of Colorado Boulder, Boulder, Colorado, United States of America",United States of America,https://orcid.org/0000-0001-5289-1093,Caleb Cord,"Department of Civil, Environmental, and Architectural Engineering, University of Colorado Boulder, Boulder, Colorado, United States of America",United States of America,https://orcid.org/0000-0001-5289-1093,TRUE,"Only qualitative data was used for this study. All data analyzed, with the exception of publicly available policy documents, was in the form of transcripts from semi-structured interviews. Excerpts from the interview transcripts are provided within the manuscript and summaries of the data’s contents relevant to the study are provided in supporting information tables. In accordance with the approved protocol #19-0605 by the University of Colorado Boulder Institutional Review Board and to minimize risks to our participants, raw data from this study in the form of interview transcripts may not be made publicly available for any purpose. Additionally, participants were informed that raw data would not be made publicly available as part of the approved verbal consent process. To ensure privacy and confidentiality and minimize risks to participants, no individuals who were part of this study may be enabled to access information regarding the other participants or the data they provided. Thus, all metadata provided in supporting information tables is completely de-identified and grouped only according to position classifications of “technical” or “political,” as defined in the “Methods” section of the manuscript.",in paper,NA,NA,/Ecology and environmental sciences/Natural resources/Water resources; /Ecology and environmental sciences/Sustainability science; /Engineering and technology/Environmental engineering/Water management; /Medicine and health sciences/Health care/Environmental health/Sanitation; /Medicine and health sciences/Public and occupational health/Environmental health/Sanitation; /People and places/Geographical locations/Africa/Uganda; /Social sciences/Economics/Finance; /Social sciences/Law and legal sciences/Regulations; /Social sciences/Political science/Governments/Local governments,journals.plos.org,10.1371/journal.pwat.0000003,Research Article,2022-02-15
10.1371/journal.pwat.0000032,1,7,https://journals.plos.org/water/article?id=10.1371/journal.pwat.0000032,PLOS Water,Field performance of the GaugeCam image-based water level measurement system,2022,TRUE,4,tif; tif; left; docx,https://journals.plos.org/water/article/file?id=10.1371/journal.pwat.0000032.s001&type=supplementary; https://journals.plos.org/water/article/file?id=10.1371/journal.pwat.0000032.s002&type=supplementary; https://journals.plos.org/water/article/file?id=10.1371/journal.pwat.0000032.s003&type=supplementary; https://journals.plos.org/water/article/file?id=10.1371/journal.pwat.0000032.s004&type=supplementary,6,François Birgand,"Department of Biological & Agricultural Engineering, NC State University, Raleigh, NC, United States of America",United States of America,https://orcid.org/0000-0002-5366-1166,François Birgand,"Department of Biological & Agricultural Engineering, NC State University, Raleigh, NC, United States of America",United States of America,https://orcid.org/0000-0002-5366-1166,TRUE,All stage measurement values obtained manually from images and via sensors are fully available at https://doi.org/10.5061/dryad.2v6wwpzqk.,available in online repository,https://doi.org/10.5061/dryad.2v6wwpzqk; 10.5061/dryad.2v6wwpzqk,dryad,/Biology and life sciences/Biomechanics/Musculoskeletal mechanics; /Biology and life sciences/Chronobiology/Daylight; /Biology and life sciences/Physiology/Muscle physiology/Musculoskeletal mechanics; /Earth sciences/Marine and aquatic sciences/Aquatic environments/Freshwater environments/Marshes; /Ecology and environmental sciences/Aquatic environments/Freshwater environments/Marshes; /Ecology and environmental sciences/Daylight; /Engineering and technology/Equipment/Optical equipment/Cameras; /Engineering and technology/Equipment/Optical equipment/Optical lenses; /Physical sciences/Mathematics/Probability theory/Statistical distributions; /Physical sciences/Physics/Electromagnetic radiation/Light/Sunlight; /Physical sciences/Physics/Electromagnetic radiation/Solar radiation/Sunlight; /Research and analysis methods/Imaging techniques/Image analysis,journals.plos.org,10.1371/journal.pwat.0000032,Research Article,2022-07-21
10.1371/journal.pwat.0000030,1,7,https://journals.plos.org/water/article?id=10.1371/journal.pwat.0000030,PLOS Water,"Effects of return flows on stream water quality and availability in the Upper Colorado, Delaware, and Illinois River Basins",2022,TRUE,3,tif; tif; tif,https://journals.plos.org/water/article/file?id=10.1371/journal.pwat.0000030.s001&type=supplementary; https://journals.plos.org/water/article/file?id=10.1371/journal.pwat.0000030.s002&type=supplementary; https://journals.plos.org/water/article/file?id=10.1371/journal.pwat.0000030.s003&type=supplementary,3,Scott W. Ator,"U.S. Geological Survey, Baltimore, Maryland, United States of America",United States of America,https://orcid.org/0000-0002-9186-4837,Scott W. Ator,"U.S. Geological Survey, Baltimore, Maryland, United States of America",United States of America,https://orcid.org/0000-0002-9186-4837,TRUE,"Estimates of previously calibrated watershed models upon which results and interpretations reported herein for nitrogen and phosphorus are based are available in Miller et al. [85] for the Upper Colorado River Basin, Ator [86] for the Delaware River Basin, and Saad and Robertson [87] for the Illinois River Basin. Estimates from the previously calibrated salinity model for the Upper Colorado River Basin are available in Miller et al. [94].",NA,NA,NA,/Biology and life sciences/Agriculture; /Biology and life sciences/Agriculture/Agricultural methods/Agricultural irrigation; /Earth sciences/Geography/Physical geography/Watersheds; /Earth sciences/Hydrology/Surface water; /Ecology and environmental sciences/Water quality; /People and places/Geographical locations/North America/United States/Colorado; /Physical sciences/Chemistry/Chemical properties/Salinity; /Physical sciences/Chemistry/Physical chemistry/Chemical properties/Salinity; /Physical sciences/Materials science/Materials/Contaminants,journals.plos.org,10.1371/journal.pwat.0000030,Research Article,2022-07-11
10.1371/journal.pwat.0000027,1,6,https://journals.plos.org/water/article?id=10.1371/journal.pwat.0000027,PLOS Water,"Improving water, sanitation, and hygiene (WASH), with a focus on hand hygiene, globally for community mitigation of COVID-19",2022,TRUE,2,docx; xlsx,https://journals.plos.org/water/article/file?id=10.1371/journal.pwat.0000027.s001&type=supplementary; https://journals.plos.org/water/article/file?id=10.1371/journal.pwat.0000027.s002&type=supplementary,53,David Berendes,"Waterborne Disease Prevention Branch, Division of Foodborne, Waterborne, and Environmental Diseases, National Center for Emerging and Zoonotic Infectious Diseases, Centers for Disease Control and Prevention, Atlanta, Georgia, United States of America",United States of America,https://orcid.org/0000-0002-8303-9298,David Berendes,"Waterborne Disease Prevention Branch, Division of Foodborne, Waterborne, and Environmental Diseases, National Center for Emerging and Zoonotic Infectious Diseases, Centers for Disease Control and Prevention, Atlanta, Georgia, United States of America",United States of America,https://orcid.org/0000-0002-8303-9298,TRUE,Data is available in Supporting Information S1 Data.,in paper,NA,NA,/Ecology and environmental sciences/Natural resources/Water resources; /Medicine and health sciences/Health care/Environmental health/Sanitation; /Medicine and health sciences/Health care/Health care facilities; /Medicine and health sciences/Medical conditions/Infectious diseases/Viral diseases/COVID 19; /Medicine and health sciences/Public and occupational health/Environmental health/Sanitation; /Medicine and health sciences/Public and occupational health/Hygiene; /People and places/Geographical locations/Africa/Uganda; /Physical sciences/Chemistry/Chemical compounds/Salts/Soaps; /Social sciences/Sociology/Education/Schools,journals.plos.org,10.1371/journal.pwat.0000027,Research Article,2022-06-15
10.1371/journal.pwat.0000040,1,9,https://journals.plos.org/water/article?id=10.1371/journal.pwat.0000040,PLOS Water,Modelling point-of-consumption residual chlorine in humanitarian response: Can cost-sensitive learning improve probabilistic forecasts?,2022,TRUE,11,docx; docx; docx; png; png; png; png; png; png; xlsx; xlsx,https://journals.plos.org/water/article/file?id=10.1371/journal.pwat.0000040.s001&type=supplementary; https://journals.plos.org/water/article/file?id=10.1371/journal.pwat.0000040.s002&type=supplementary; https://journals.plos.org/water/article/file?id=10.1371/journal.pwat.0000040.s003&type=supplementary; https://journals.plos.org/water/article/file?id=10.1371/journal.pwat.0000040.s004&type=supplementary; https://journals.plos.org/water/article/file?id=10.1371/journal.pwat.0000040.s005&type=supplementary; https://journals.plos.org/water/article/file?id=10.1371/journal.pwat.0000040.s006&type=supplementary; https://journals.plos.org/water/article/file?id=10.1371/journal.pwat.0000040.s007&type=supplementary; https://journals.plos.org/water/article/file?id=10.1371/journal.pwat.0000040.s008&type=supplementary; https://journals.plos.org/water/article/file?id=10.1371/journal.pwat.0000040.s009&type=supplementary; https://journals.plos.org/water/article/file?id=10.1371/journal.pwat.0000040.s010&type=supplementary; https://journals.plos.org/water/article/file?id=10.1371/journal.pwat.0000040.s011&type=supplementary,7,Michael De Santi,"Department of Civil Engineering, Lassonde School of Engineering, York University, Toronto, Canada",Canada,https://orcid.org/0000-0002-4308-8351,Michael De Santi,"Department of Civil Engineering, Lassonde School of Engineering, York University, Toronto, Canada",Canada,https://orcid.org/0000-0002-4308-8351,TRUE,"The code to train, test, and evaluate the ANN-EFS is available on the SWOT Project's GitHub at the following link: https://github.com/safeh2o/swot_research_cost_sensitive. This repository also includes the cleaned Tanzania and Bangladesh datasets.",available in online repository,https://github.com/safeh2o/swot_research_cost_sensitive,github,/Biology and life sciences/Computational biology/Computational neuroscience/Artificial neural networks; /Biology and life sciences/Neuroscience/Cognitive science/Cognitive psychology/Learning; /Biology and life sciences/Neuroscience/Computational neuroscience/Artificial neural networks; /Biology and life sciences/Neuroscience/Learning and memory/Learning; /Biology and life sciences/Psychology/Cognitive psychology/Learning; /Computer and information sciences/Artificial intelligence/Artificial neural networks; /Computer and information sciences/Artificial intelligence/Machine learning; /Ecology and environmental sciences/Water quality; /People and places/Demography/Refugees; /Physical sciences/Chemistry/Chemical elements/Chlorine; /Physical sciences/Mathematics/Probability theory/Probability distribution; /Physical sciences/Mathematics/Statistics/Statistical methods/Forecasting; /Research and analysis methods/Mathematical and statistical techniques/Statistical methods/Forecasting; /Social sciences/Psychology/Cognitive psychology/Learning,journals.plos.org,10.1371/journal.pwat.0000040,Research Article,2022-09-06
10.1371/journal.pwat.0000044,1,9,https://journals.plos.org/water/article?id=10.1371/journal.pwat.0000044,PLOS Water,Mapping (mis)alignment within a collaborative network using homophily metrics,2022,TRUE,4,pdf; docx; zip; vnd.openxmlformats-officedocument.wordprocessingml.document,https://journals.plos.org/water/article/file?id=10.1371/journal.pwat.0000044.s001&type=supplementary; https://journals.plos.org/water/article/file?id=10.1371/journal.pwat.0000044.s002&type=supplementary; https://journals.plos.org/water/article/file?id=10.1371/journal.pwat.0000044.s003&type=supplementary; https://journals.plos.org/water/article/file?id=10.1371/journal.pwat.0000044.s004&type=supplementary,10,Kimberly Pugel,"Department of Civil, Environmental, and Architectural Engineering, University of Colorado Boulder, Boulder, CO, United States of America",United States of America,https://orcid.org/0000-0001-6974-3046,Amy Javernick-Will,"Department of Civil, Environmental, and Architectural Engineering, University of Colorado Boulder, Boulder, CO, United States of America",United States of America,https://orcid.org/0000-0002-3933-2614,TRUE,All relevant data has been uploaded alongside the submission.,in paper,NA,NA,/Computer and information sciences/Network analysis; /Computer and information sciences/Network analysis/Network theory; /Computer and information sciences/Software engineering/Computer software; /Earth sciences/Geography/Human geography/Urban geography/Towns; /Engineering and technology/Environmental engineering/Water management; /Engineering and technology/Software engineering/Computer software; /Medicine and health sciences/Health care/Environmental health/Sanitation; /Medicine and health sciences/Public and occupational health/Environmental health/Sanitation; /Physical sciences/Materials science/Materials/Sludge; /Social sciences/Economics/Finance/Financial management/Budgets; /Social sciences/Human geography/Urban geography/Towns,journals.plos.org,10.1371/journal.pwat.0000044,Research Article,2022-09-21
10.1371/journal.pwat.0000028,1,9,https://journals.plos.org/water/article?id=10.1371/journal.pwat.0000028,PLOS Water,"Dynamics of pelagic mucilage produced by the invasive, cyclotelloid diatom, <i>Lindavia intermedia</i>, in oligotrophic lakes of New Zealand",2022,TRUE,2,xlsx; docx,https://journals.plos.org/water/article/file?id=10.1371/journal.pwat.0000028.s001&type=supplementary; https://journals.plos.org/water/article/file?id=10.1371/journal.pwat.0000028.s002&type=supplementary,5,Marc Schallenberg,"Department of Zoology, University of Otago, Dunedin, New Zealand",New Zealand,https://orcid.org/0000-0001-8139-5072,Marc Schallenberg,"Department of Zoology, University of Otago, Dunedin, New Zealand",New Zealand,https://orcid.org/0000-0001-8139-5072,TRUE,Data used in this study is available in the supplementary materials.,in paper,NA,NA,/Biology and life sciences/Cell biology/Cellular structures and organelles/Chloroplasts/Chlorophyll; /Biology and life sciences/Cell biology/Cellular types/Plant cells/Chloroplasts/Chlorophyll; /Biology and life sciences/Cell biology/Plant cell biology/Chloroplasts/Chlorophyll; /Biology and life sciences/Cell biology/Plant cell biology/Plant cells/Chloroplasts/Chlorophyll; /Biology and life sciences/Organisms/Eukaryota/Animals/Invertebrates/Plankton/Phytoplankton; /Biology and life sciences/Organisms/Eukaryota/Animals/Invertebrates/Plankton/Phytoplankton/Diatoms; /Biology and life sciences/Organisms/Eukaryota/Plants/Algae/Phytoplankton; /Biology and life sciences/Organisms/Eukaryota/Plants/Algae/Phytoplankton/Diatoms; /Biology and life sciences/Plant science/Plant cell biology/Chloroplasts/Chlorophyll; /Biology and life sciences/Plant science/Plant cell biology/Plant cells/Chloroplasts/Chlorophyll; /Biology and life sciences/Zoology/Animals/Invertebrates/Plankton/Phytoplankton; /Biology and life sciences/Zoology/Animals/Invertebrates/Plankton/Phytoplankton/Diatoms; /Earth sciences/Hydrology/Surface water; /Earth sciences/Marine and aquatic sciences/Aquatic environments/Freshwater environments/Lakes; /Earth sciences/Marine and aquatic sciences/Bodies of water/Lakes; /Earth sciences/Seasons; /Ecology and environmental sciences/Aquatic environments/Freshwater environments/Lakes; /Physical sciences/Chemistry/Chemical compounds/Nitrates; /Physical sciences/Chemistry/Polymer chemistry/Macromolecules/Polymers/Chitin; /Physical sciences/Chemistry/Polymer chemistry/Polymers/Chitin; /Physical sciences/Materials science/Materials/Pigments/Organic pigments/Chlorophyll; /Physical sciences/Materials science/Materials/Polymers/Chitin,journals.plos.org,10.1371/journal.pwat.0000028,Research Article,2022-09-08
10.1371/journal.pwat.0000035,1,8,https://journals.plos.org/water/article?id=10.1371/journal.pwat.0000035,PLOS Water,Source water vulnerability to elevated total dissolved solids within a mixed-use Appalachian River basin,2022,TRUE,4,pdf; docx; docx; xlsx,https://journals.plos.org/water/article/file?id=10.1371/journal.pwat.0000035.s001&type=supplementary; https://journals.plos.org/water/article/file?id=10.1371/journal.pwat.0000035.s002&type=supplementary; https://journals.plos.org/water/article/file?id=10.1371/journal.pwat.0000035.s003&type=supplementary; https://journals.plos.org/water/article/file?id=10.1371/journal.pwat.0000035.s004&type=supplementary,3,Eric R. Merriam,"U.S. Army Corps of Engineers, Pittsburgh District, Pittsburgh, Pennsylvania, United States of America",United States of America,NA,Michael P. Strager,"Davis College of Agriculture, Natural Resources, and Design, West Virginia University, Morgantown, West Virginia, United States of America",United States of America,https://orcid.org/0000-0002-3231-3197,TRUE,Data can be located in the below link and as supporting information file (S1 Data): https://docs.google.com/spreadsheets/d/1P_-_-E2l5iBOXnc2D2_aimZfgfDy20bD/edit?usp=sharing&ouid=116669551863523840450&rtpof=true&sd=true.,available in online repository,https://docs.google.com/spreadsheets/d/1P_-_-E2l5iBOXnc2D2_aimZfgfDy20bD/edit?usp=sharing&ouid=116669551863523840450&rtpof=true&sd=true,NA,/Biology and life sciences/Biochemistry/Lipids/Oils; /Biology and life sciences/Organisms/Eukaryota/Plants/Trees; /Earth sciences/Geography/Human geography/Land use; /Earth sciences/Geography/Physical geography/Watersheds; /Earth sciences/Hydrology/Surface water; /Ecology and environmental sciences/Natural resources/Water resources; /Ecology and environmental sciences/Pollution/Water pollution; /Ecology and environmental sciences/Water quality; /Social sciences/Human geography/Land use,journals.plos.org,10.1371/journal.pwat.0000035,Research Article,2022-08-24
10.1371/journal.pwat.0000051,1,10,https://journals.plos.org/water/article?id=10.1371/journal.pwat.0000051,PLOS Water,Worldwide moderate-resolution mapping of lake surface chl-a reveals variable responses to global change (1997–2020),2022,TRUE,8,tif; a; tif; tif; a; lowess; xlsx; xlsx,https://journals.plos.org/water/article/file?id=10.1371/journal.pwat.0000051.s001&type=supplementary; https://journals.plos.org/water/article/file?id=10.1371/journal.pwat.0000051.s002&type=supplementary; https://journals.plos.org/water/article/file?id=10.1371/journal.pwat.0000051.s003&type=supplementary; https://journals.plos.org/water/article/file?id=10.1371/journal.pwat.0000051.s004&type=supplementary; https://journals.plos.org/water/article/file?id=10.1371/journal.pwat.0000051.s005&type=supplementary; https://journals.plos.org/water/article/file?id=10.1371/journal.pwat.0000051.s006&type=supplementary; https://journals.plos.org/water/article/file?id=10.1371/journal.pwat.0000051.s007&type=supplementary; https://journals.plos.org/water/article/file?id=10.1371/journal.pwat.0000051.s008&type=supplementary,5,Benjamin M. Kraemer,"IGB Leibniz Institute for Freshwater Ecology and Inland Fisheries, Berlin, Germany",Germany,https://orcid.org/0000-0002-3390-9005,Benjamin M. Kraemer,"IGB Leibniz Institute for Freshwater Ecology and Inland Fisheries, Berlin, Germany",Germany,https://orcid.org/0000-0002-3390-9005,TRUE,"GlobColour data (http://globcolour.info) used in this study has been developed, validated, and distributed by ACRI-ST, France. Geospatial and morphometric data for each lake is available from the previously published HydroLAKES database under the identifier doi: 10.1038/ncomms13603 and can be found at http://www.hydrosheds.org. All code used here are available under the identifier, DOI: 10.5281/zenodo.5026693.",available in online repository,http://globcolour.info; https://doi.org/10.1038/ncomms13603; http://www.hydrosheds.org; https://doi.org/10.5281/zenodo.5026693; 10.1038/ncomms13603; 10.5281/zenodo.5026693,zenodo,/Earth sciences/Atmospheric science/Climatology/Climate change/Anthropogenic climate change; /Earth sciences/Geography/Cartography/Latitude; /Earth sciences/Hydrology/Surface water; /Earth sciences/Marine and aquatic sciences/Aquatic environments/Freshwater environments/Lakes; /Earth sciences/Marine and aquatic sciences/Bodies of water/Lakes; /Earth sciences/Seasons; /Ecology and environmental sciences/Aquatic environments/Freshwater environments/Lakes; /Ecology and environmental sciences/Pollution/Water pollution; /Ecology and environmental sciences/Water quality; /Engineering and technology/Remote sensing,journals.plos.org,10.1371/journal.pwat.0000051,Research Article,2022-10-18
10.1371/journal.pwat.0000025,1,7,https://journals.plos.org/water/article?id=10.1371/journal.pwat.0000025,PLOS Water,Advances on water quality modeling in burned areas: A review,2022,TRUE,1,docx,https://journals.plos.org/water/article/file?id=10.1371/journal.pwat.0000025.s001&type=supplementary,5,Marta Basso,"Department of Environment and Planning, Centre for Environmental and Marine Studies (CESAM), University of Aveiro, Aveiro, Portugal",Portugal,https://orcid.org/0000-0002-1732-2933,Marta Basso,"Department of Environment and Planning, Centre for Environmental and Marine Studies (CESAM), University of Aveiro, Aveiro, Portugal",Portugal,https://orcid.org/0000-0002-1732-2933,FALSE,NA,NA,NA,NA,/Biology and life sciences/Ecology/Ecosystems; /Earth sciences/Geology/Petrology/Sediment; /Earth sciences/Geology/Sedimentary geology/Sediment; /Earth sciences/Geomorphology/Erosion; /Ecology and environmental sciences/Ecology/Ecosystems; /Ecology and environmental sciences/Natural resources/Water resources; /Ecology and environmental sciences/Water quality; /Ecology and environmental sciences/Wildfires; /Physical sciences/Materials science/Materials/Contaminants; /Research and analysis methods/Simulation and modeling,journals.plos.org,10.1371/journal.pwat.0000025,Review,2022-07-25
10.1371/journal.pwat.0000019,1,5,https://journals.plos.org/water/article?id=10.1371/journal.pwat.0000019,PLOS Water,"‘You feel how you look’: Exploring the impacts of unmet water, sanitation, and hygiene needs among rural people experiencing homelessness and their intersection with drug use",2022,TRUE,1,docx,https://journals.plos.org/water/article/file?id=10.1371/journal.pwat.0000019.s001&type=supplementary,4,April M. Ballard,"Gangarosa Department of Environmental Health, Emory University Rollins School of Public Health, Atlanta, GA, United States of America",United States of America,https://orcid.org/0000-0003-3839-5637,April M. Ballard,"Gangarosa Department of Environmental Health, Emory University Rollins School of Public Health, Atlanta, GA, United States of America",United States of America,https://orcid.org/0000-0003-3839-5637,TRUE,"Due to the nature of this research (including the sensitivity of topics explored during interviews and criminalization and stigma related to homelessness), participants of this study did not agree for their complete data to be shared publicly, so full interview transcripts are not available. However, participants did agree to de-identified excerpts or quotes from transcripts being available within publications. Thus, supporting excerpts that constitute the minimal dataset have been provided, as relevant, throughout the manuscript. Memos produced during analyses are available upon request as well.",on request,NA,NA,/Computer and information sciences/Network analysis/Social networks; /Earth sciences/Geography/Human geography/Housing; /Ecology and environmental sciences/Natural resources/Water resources; /Medicine and health sciences/Epidemiology/Medical risk factors/Traumatic injury risk factors/Violent crime/Domestic violence; /Medicine and health sciences/Health care/Environmental health/Sanitation; /Medicine and health sciences/Pharmacology/Drug research and development; /Medicine and health sciences/Public and occupational health/Environmental health/Sanitation; /Medicine and health sciences/Public and occupational health/Hygiene; /Medicine and health sciences/Public and occupational health/Traumatic injury risk factors/Violent crime/Domestic violence; /Physical sciences/Chemistry/Chemical compounds/Salts/Soaps; /Social sciences/Human geography/Housing; /Social sciences/Sociology/Criminology/Crime/Violent crime/Domestic violence; /Social sciences/Sociology/Social networks,journals.plos.org,10.1371/journal.pwat.0000019,Research Article,2022-05-25
10.1371/journal.pwat.0000017,1,3,https://journals.plos.org/water/article?id=10.1371/journal.pwat.0000017,PLOS Water,Water data for water science and management: Advancing an Internet of Water (IoW),2022,FALSE,0,NA,NA,2,Peter Colohan,"Internet of Water, Center for Geospatial Solutions, Lincoln Institute of Land Policy, Cambridge, Massachusetts, United States of America",United States of America,NA,Kyle Onda,"Internet of Water, Center for Geospatial Solutions, Lincoln Institute of Land Policy, Cambridge, Massachusetts, United States of America",United States of America,https://orcid.org/0000-0002-4714-7654,FALSE,NA,NA,NA,NA,/Computer and information sciences/Computer networks/Internet; /Computer and information sciences/Data management; /Ecology and environmental sciences/Natural resources; /Ecology and environmental sciences/Natural resources/Water resources; /Ecology and environmental sciences/Sustainability science; /Ecology and environmental sciences/Water quality; /Engineering and technology/Environmental engineering/Water management; /Social sciences/Political science/Public policy,journals.plos.org,10.1371/journal.pwat.0000017,Opinion,2022-03-02
10.1371/journal.pwat.0000009,1,3,https://journals.plos.org/water/article?id=10.1371/journal.pwat.0000009,PLOS Water,Influence of water storage and plant crop factor on green roof retention and plant drought stress,2022,TRUE,6,tif; mm; xlsx; xlsx; xlsx; vnd.openxmlformats-officedocument.wordprocessingml.document,https://journals.plos.org/water/article/file?id=10.1371/journal.pwat.0000009.s001&type=supplementary; https://journals.plos.org/water/article/file?id=10.1371/journal.pwat.0000009.s002&type=supplementary; https://journals.plos.org/water/article/file?id=10.1371/journal.pwat.0000009.s003&type=supplementary; https://journals.plos.org/water/article/file?id=10.1371/journal.pwat.0000009.s004&type=supplementary; https://journals.plos.org/water/article/file?id=10.1371/journal.pwat.0000009.s005&type=supplementary; https://journals.plos.org/water/article/file?id=10.1371/journal.pwat.0000009.s006&type=supplementary,8,Lubaina Soni,"School of Ecosystem and Forest Sciences, Faculty of Science, The University of Melbourne, Richmond, Victoria, Australia",Australia,https://orcid.org/0000-0003-4280-0789,Lubaina Soni,"School of Ecosystem and Forest Sciences, Faculty of Science, The University of Melbourne, Richmond, Victoria, Australia",Australia,https://orcid.org/0000-0003-4280-0789,TRUE,All relevant data are within the manuscript and its Supporting Information files.,in paper,NA,NA,/Biology and life sciences/Agriculture/Agronomy/Horticulture/Planting; /Biology and life sciences/Agriculture/Crop science/Crops; /Biology and life sciences/Developmental biology/Plant growth and development; /Biology and life sciences/Organisms/Eukaryota/Plants; /Biology and life sciences/Plant science/Plant growth and development; /Earth sciences/Atmospheric science/Meteorology/Rain; /Ecology and environmental sciences/Drought; /Ecology and environmental sciences/Natural resources/Water resources; /Research and analysis methods/Simulation and modeling,journals.plos.org,10.1371/journal.pwat.0000009,Research Article,2022-03-02
10.1371/journal.pwat.0000046,1,9,https://journals.plos.org/water/article?id=10.1371/journal.pwat.0000046,PLOS Water,Downscaling approaches of climate change projections for watershed modeling: Review of theoretical and practical considerations,2022,TRUE,2,tif; docx,https://journals.plos.org/water/article/file?id=10.1371/journal.pwat.0000046.s001&type=supplementary; https://journals.plos.org/water/article/file?id=10.1371/journal.pwat.0000046.s002&type=supplementary,5,Arturo A. Keller,"Bren School of Environmental Science & Management, University of California Santa Barbara, Santa Barbara, California, United States of America",United States of America,https://orcid.org/0000-0002-7638-662X,Arturo A. Keller,"Bren School of Environmental Science & Management, University of California Santa Barbara, Santa Barbara, California, United States of America",United States of America,https://orcid.org/0000-0002-7638-662X,FALSE,NA,NA,NA,NA,/Earth sciences/Atmospheric science/Climatology/Climate change; /Earth sciences/Atmospheric science/Climatology/Climate modeling; /Earth sciences/Atmospheric science/Meteorology; /Earth sciences/Atmospheric science/Meteorology/Rain; /Earth sciences/Atmospheric science/Meteorology/Weather; /Earth sciences/Geography/Physical geography/Watersheds; /Research and analysis methods/Precipitation techniques; /Research and analysis methods/Simulation and modeling; /Research and analysis methods/Simulation and modeling/Climate modeling,journals.plos.org,10.1371/journal.pwat.0000046,Review,2022-09-14
10.1371/journal.pwat.0000057,1,10,https://journals.plos.org/water/article?id=10.1371/journal.pwat.0000057,PLOS Water,Using nudges for water demand management: A field experiment for water conservation,2022,TRUE,5,tif; tif; tif; vnd.openxmlformats-officedocument.wordprocessingml.document; vnd.openxmlformats-officedocument.wordprocessingml.document,https://journals.plos.org/water/article/file?id=10.1371/journal.pwat.0000057.s001&type=supplementary; https://journals.plos.org/water/article/file?id=10.1371/journal.pwat.0000057.s002&type=supplementary; https://journals.plos.org/water/article/file?id=10.1371/journal.pwat.0000057.s003&type=supplementary; https://journals.plos.org/water/article/file?id=10.1371/journal.pwat.0000057.s004&type=supplementary; https://journals.plos.org/water/article/file?id=10.1371/journal.pwat.0000057.s005&type=supplementary,7,Yurina Otaki,"Graduate School of Social Sciences, Hitotsubashi University, Tokyo, Japan",Japan,https://orcid.org/0000-0001-9828-3448,Yurina Otaki,"Graduate School of Social Sciences, Hitotsubashi University, Tokyo, Japan",Japan,https://orcid.org/0000-0001-9828-3448,TRUE,The data that support the findings of this study are openly available in figshare at https://doi.org/10.6084/m9.figshare.20547216.v1.,available in online repository,https://doi.org/10.6084/m9.figshare.20547216.v1; 10.6084/m9.figshare.20547216.v1,figshare,/Computer and information sciences/Data management/Data visualization/Infographics/Charts; /Computer and information sciences/Data management/Data visualization/Infographics/Graphs; /Earth sciences/Geography/Geographic areas/Urban areas; /Earth sciences/Geography/Human geography/Urban geography/Urban areas; /Ecology and environmental sciences/Natural resources/Water resources; /Engineering and technology/Environmental engineering/Water management; /Physical sciences/Chemistry/Analytical chemistry/Chemical analysis/Water analysis; /Physical sciences/Mathematics/Statistics/Statistical methods/Analysis of variance; /Research and analysis methods/Mathematical and statistical techniques/Statistical methods/Analysis of variance; /Research and analysis methods/Research design/Survey research/Questionnaires; /Social sciences/Human geography/Urban geography/Urban areas,journals.plos.org,10.1371/journal.pwat.0000057,Research Article,2022-10-20
10.1371/journal.pwat.0000037,1,9,https://journals.plos.org/water/article?id=10.1371/journal.pwat.0000037,PLOS Water,"Assessment of tap water quality in mobile homes in the Eastern Coachella Valley, California",2022,TRUE,8,a; tif; tif; tif; tif; tif; tif; tif,https://journals.plos.org/water/article/file?id=10.1371/journal.pwat.0000037.s001&type=supplementary; https://journals.plos.org/water/article/file?id=10.1371/journal.pwat.0000037.s002&type=supplementary; https://journals.plos.org/water/article/file?id=10.1371/journal.pwat.0000037.s003&type=supplementary; https://journals.plos.org/water/article/file?id=10.1371/journal.pwat.0000037.s004&type=supplementary; https://journals.plos.org/water/article/file?id=10.1371/journal.pwat.0000037.s005&type=supplementary; https://journals.plos.org/water/article/file?id=10.1371/journal.pwat.0000037.s006&type=supplementary; https://journals.plos.org/water/article/file?id=10.1371/journal.pwat.0000037.s007&type=supplementary; https://journals.plos.org/water/article/file?id=10.1371/journal.pwat.0000037.s008&type=supplementary,4,Thomas D. Hile,"Department of Earth and Biological Sciences, Loma Linda University, Loma Linda, CA, United States of America",United States of America,https://orcid.org/0000-0002-0044-2728,Thomas D. Hile,"Department of Earth and Biological Sciences, Loma Linda University, Loma Linda, CA, United States of America",United States of America,https://orcid.org/0000-0002-0044-2728,TRUE,Data are publicly available at Figshare: https://doi.org/10.6084/m9.figshare.19551961.v1.,available in online repository,https://doi.org/10.6084/m9.figshare.19551961.v1; 10.6084/m9.figshare.19551961.v1,figshare,/Biology and life sciences/Microbiology/Medical microbiology/Microbial pathogens/Bacterial pathogens/Escherichia coli; /Biology and life sciences/Microbiology/Medical microbiology/Microbial pathogens/Bacterial pathogens/Listeria monocytogenes; /Biology and life sciences/Organisms/Bacteria/Enterobacteriaceae/Escherichia/Escherichia coli; /Biology and life sciences/Organisms/Bacteria/Gut bacteria/Escherichia/Escherichia coli; /Ecology and environmental sciences/Natural resources/Water resources; /Ecology and environmental sciences/Pollution/Water pollution; /Ecology and environmental sciences/Water quality; /Engineering and technology/Environmental engineering/Water management; /Medicine and health sciences/Pathology and laboratory medicine/Pathogens/Microbial pathogens/Bacterial pathogens/Escherichia coli; /Medicine and health sciences/Pathology and laboratory medicine/Pathogens/Microbial pathogens/Bacterial pathogens/Listeria monocytogenes; /Physical sciences/Chemistry/Chemical elements/Arsenic; /Research and analysis methods/Animal studies/Experimental organism systems/Model organisms/Escherichia coli; /Research and analysis methods/Animal studies/Experimental organism systems/Prokaryotic models/Escherichia coli; /Research and analysis methods/Mathematical and statistical techniques/Mathematical functions/Curve fitting; /Research and analysis methods/Model organisms/Escherichia coli,journals.plos.org,10.1371/journal.pwat.0000037,Research Article,2022-09-12
10.1371/journal.pwat.0000031,1,8,https://journals.plos.org/water/article?id=10.1371/journal.pwat.0000031,PLOS Water,Cultivating effective utility-regulator relationships around innovation: Lessons from four case studies in the U.S. municipal wastewater sector,2022,TRUE,1,docx,https://journals.plos.org/water/article/file?id=10.1371/journal.pwat.0000031.s001&type=supplementary,3,Nell Green Nylen,"Center for Law, Energy & the Environment, School of Law, University of California Berkeley, Berkeley, California, United States of America",United States of America,https://orcid.org/0000-0002-8708-4600,Nell Green Nylen,"Center for Law, Energy & the Environment, School of Law, University of California Berkeley, Berkeley, California, United States of America",United States of America,https://orcid.org/0000-0002-8708-4600,TRUE,"This study analyzed qualitative data from semi-structured interviews and as well as information from publicly available documents. In accordance with the protocol No. 2017-07-10135, approved by the Institutional Review Board of the UC Berkeley Committee for Protection of Human Subjects, and to minimize risks to our participants, interview notes and recordings were only available to the core research team and may not be made publicly available. As part of the verbal consent process, participants were informed that we would not include their names or identifying information in research results. Unattributed excerpts from interviews are provided within the manuscript. These and other interview data informed the case studies and the summary of case studies in Table 1. To maintain privacy and confidentiality, we refer to interviewees generically throughout. Publicly available documents are cited in the text when used and are, therefore, included in the reference list.",in paper,NA,NA,/Earth sciences/Geomorphology/Topography/Landforms/Wetlands; /Earth sciences/Marine and aquatic sciences/Aquatic environments/Freshwater environments/Wetlands; /Earth sciences/Marine and aquatic sciences/Limnology/Effluent; /Ecology and environmental sciences/Aquatic environments/Freshwater environments/Wetlands; /Ecology and environmental sciences/Limnology/Effluent; /Ecology and environmental sciences/Pollution/Water pollution; /Ecology and environmental sciences/Water quality; /Engineering and technology/Energy and power/Bioenergy/Biofuels/Biogas; /Engineering and technology/Energy and power/Fuels/Biofuels/Biogas; /Medicine and health sciences/Epidemiology/Medical risk factors; /Physical sciences/Materials science/Materials/Fuels/Biofuels/Biogas; /Science policy/Technology regulations; /Social sciences/Law and legal sciences/Regulations,journals.plos.org,10.1371/journal.pwat.0000031,Research Article,2022-08-26
10.1371/journal.pwat.0000047,1,11,https://journals.plos.org/water/article?id=10.1371/journal.pwat.0000047,PLOS Water,Realtime assessment of WASH coordination in three humanitarian emergencies,2022,TRUE,10,docx; docx; docx; docx; docx; docx; docx; docx; vnd.openxmlformats-officedocument.wordprocessingml.document; vnd.openxmlformats-officedocument.wordprocessingml.document,https://journals.plos.org/water/article/file?id=10.1371/journal.pwat.0000047.s001&type=supplementary; https://journals.plos.org/water/article/file?id=10.1371/journal.pwat.0000047.s002&type=supplementary; https://journals.plos.org/water/article/file?id=10.1371/journal.pwat.0000047.s003&type=supplementary; https://journals.plos.org/water/article/file?id=10.1371/journal.pwat.0000047.s004&type=supplementary; https://journals.plos.org/water/article/file?id=10.1371/journal.pwat.0000047.s005&type=supplementary; https://journals.plos.org/water/article/file?id=10.1371/journal.pwat.0000047.s006&type=supplementary; https://journals.plos.org/water/article/file?id=10.1371/journal.pwat.0000047.s007&type=supplementary; https://journals.plos.org/water/article/file?id=10.1371/journal.pwat.0000047.s008&type=supplementary; https://journals.plos.org/water/article/file?id=10.1371/journal.pwat.0000047.s009&type=supplementary; https://journals.plos.org/water/article/file?id=10.1371/journal.pwat.0000047.s010&type=supplementary,10,Camille Heylen,"Department of Civil and Environmental Engineering, Tufts University, Medford, Massachusetts, United States of America",United States of America,https://orcid.org/0000-0002-4588-6373,Camille Heylen,"Department of Civil and Environmental Engineering, Tufts University, Medford, Massachusetts, United States of America",United States of America,https://orcid.org/0000-0002-4588-6373,TRUE,"This study only collected identifiable human subjects data protected by the Social, Behavioral, and Educational Research Institutional Review Board (SBER IRB) at Tufts University (#1910029). The Research Team needs permission from the Tufts SBER IRB (Meghan Pronovost - [email removed]@tufts.edu) to share the data in a de-identified fashion.",NA,NA,NA,/Medicine and health sciences/Health care/Environmental health/Sanitation; /Medicine and health sciences/Medical conditions/Infectious diseases/Viral diseases/COVID 19; /Medicine and health sciences/Public and occupational health/Environmental health/Sanitation; /People and places/Demography/Refugees; /People and places/Geographical locations/Asia/Yemen; /Research and analysis methods/Research design/Survey research/Surveys; /Science policy/Research funding/Government funding of science; /Social sciences/Political science/Governments; /Social sciences/Sociology/Communications,journals.plos.org,10.1371/journal.pwat.0000047,Research Article,2022-11-02
10.1371/journal.pwat.0000038,1,10,https://journals.plos.org/water/article?id=10.1371/journal.pwat.0000038,PLOS Water,"Knowledge, attitudes, practices and behaviours (KAPB) around water, sanitation and hygiene (WASH) in villagers exposed to schistosomiasis in Zimbabwe",2022,TRUE,4,xlsx; xlsx; docx; docx,https://journals.plos.org/water/article/file?id=10.1371/journal.pwat.0000038.s001&type=supplementary; https://journals.plos.org/water/article/file?id=10.1371/journal.pwat.0000038.s002&type=supplementary; https://journals.plos.org/water/article/file?id=10.1371/journal.pwat.0000038.s003&type=supplementary; https://journals.plos.org/water/article/file?id=10.1371/journal.pwat.0000038.s004&type=supplementary,11,Alexandra R. Lampard-Scotford,"Institute of Immunology & Infection Research, Ashworth Laboratories, University of Edinburgh, Edinburgh, United Kingdom",United Kingdom of Great Britain and Northern Ireland,https://orcid.org/0000-0001-9128-6777,Alexandra R. Lampard-Scotford,"Institute of Immunology & Infection Research, Ashworth Laboratories, University of Edinburgh, Edinburgh, United Kingdom",United Kingdom of Great Britain and Northern Ireland,https://orcid.org/0000-0001-9128-6777,TRUE,All relevant data are within the manuscript and the data evaluated in this paper are included in the Supporting Information files as S1 Data and S2 Data.,in paper,NA,NA,/Biology and life sciences/Physiology/Physiological processes/Defecation; /Earth sciences/Marine and aquatic sciences/Aquatic environments/Freshwater environments/Rivers; /Earth sciences/Marine and aquatic sciences/Bodies of water/Rivers; /Ecology and environmental sciences/Aquatic environments/Freshwater environments/Rivers; /Engineering and technology/Equipment/Communication equipment/Cell phones; /Medicine and health sciences/Health care/Environmental health/Sanitation; /Medicine and health sciences/Health care/Health education and awareness; /Medicine and health sciences/Medical conditions/Parasitic diseases/Helminth infections/Schistosomiasis; /Medicine and health sciences/Medical conditions/Tropical diseases/Neglected tropical diseases/Schistosomiasis; /Medicine and health sciences/Public and occupational health/Environmental health/Sanitation; /People and places/Population groupings/Age groups/Children; /People and places/Population groupings/Families/Children; /Social sciences/Sociology/Culture,journals.plos.org,10.1371/journal.pwat.0000038,Research Article,2022-10-26
10.1371/journal.pwat.0000062,1,11,https://journals.plos.org/water/article?id=10.1371/journal.pwat.0000062,PLOS Water,Nothing can go wrong–Introduction of alien crayfish to Europe,2022,FALSE,0,NA,NA,5,Kathrin Theissinger,"LOEWE Centre for Translational Biodiversity Genomics, Senckenberg Biodiversity and Climate Research Centre, Frankfurt, Germany",Germany,https://orcid.org/0000-0001-7255-326X,Japo Jussila,"Department of Environmental and Biological Sciences, University of Eastern Finland, Kuopio, Suomi-Finland",NA,https://orcid.org/0000-0001-6594-0923,FALSE,NA,NA,NA,NA,/Biology and life sciences/Conservation biology/Species extinction; /Biology and life sciences/Ecology/Community ecology/Ecological risk; /Biology and life sciences/Ecology/Ecosystems; /Biology and life sciences/Evolutionary biology/Evolutionary processes/Species extinction; /Biology and life sciences/Organisms/Eukaryota/Animals/Invertebrates/Arthropoda/Crustaceans/Crayfish; /Biology and life sciences/Veterinary science/Veterinary diseases; /Biology and life sciences/Zoology/Animals/Invertebrates/Arthropoda/Crustaceans/Crayfish; /Ecology and environmental sciences/Conservation science/Conservation biology/Species extinction; /Ecology and environmental sciences/Ecology/Community ecology/Ecological risk; /Ecology and environmental sciences/Ecology/Ecosystems; /Ecology and environmental sciences/Species colonization/Invasive species; /Medicine and health sciences/Medical conditions/Infectious diseases/Bacterial diseases/Plagues; /People and places/Geographical locations/Europe,journals.plos.org,10.1371/journal.pwat.0000062,Opinion,2022-11-08
10.1371/journal.pwat.0000067,1,12,https://journals.plos.org/water/article?id=10.1371/journal.pwat.0000067,PLOS Water,Advancing antimicrobial resistance monitoring in surface waters with metagenomic and quasimetagenomic methods,2022,TRUE,1,vnd.openxmlformats-officedocument.wordprocessingml.document,https://journals.plos.org/water/article/file?id=10.1371/journal.pwat.0000067.s001&type=supplementary,19,Andrea Ottesen,"Center for Veterinary Medicine, Food and Drug Administration, Laurel, Maryland, United States of America",United States of America,https://orcid.org/0000-0002-6425-7943,Andrea Ottesen,"Center for Veterinary Medicine, Food and Drug Administration, Laurel, Maryland, United States of America",United States of America,https://orcid.org/0000-0002-6425-7943,TRUE,All sequences have been deposited in NARMS Water: NARMS Water Metagenomes under the BioProject ID: PRJNA794347 (http://www.ncbi.nlm.nih.gov/bioproject/794347).,available in online repository,http://www.ncbi.nlm.nih.gov/bioproject/794347,ncbi/genbank,/Biology and life sciences/Genetics/Genomics/Metagenomics; /Biology and life sciences/Microbiology/Medical microbiology/Microbial pathogens/Bacterial pathogens; /Biology and life sciences/Microbiology/Medical microbiology/Microbial pathogens/Bacterial pathogens/Escherichia coli; /Biology and life sciences/Microbiology/Medical microbiology/Microbial pathogens/Bacterial pathogens/Klebsiella/Klebsiella pneumoniae; /Biology and life sciences/Microbiology/Medical microbiology/Microbial pathogens/Bacterial pathogens/Staphylococcus/Staphylococcus aureus; /Biology and life sciences/Microbiology/Medical microbiology/Microbial pathogens/Bacterial pathogens/Streptococcus/Pneumococcus; /Biology and life sciences/Microbiology/Microbial control/Antimicrobial resistance; /Biology and life sciences/Organisms/Bacteria/Enterobacteriaceae/Escherichia/Escherichia coli; /Biology and life sciences/Organisms/Bacteria/Gut bacteria/Escherichia/Escherichia coli; /Biology and life sciences/Organisms/Bacteria/Klebsiella/Klebsiella pneumoniae; /Biology and life sciences/Organisms/Bacteria/Staphylococcus/Staphylococcus aureus; /Biology and life sciences/Organisms/Bacteria/Streptococcus/Pneumococcus; /Earth sciences/Hydrology/Surface water; /Medicine and health sciences/Pathology and laboratory medicine/Pathogens/Microbial pathogens/Bacterial pathogens; /Medicine and health sciences/Pathology and laboratory medicine/Pathogens/Microbial pathogens/Bacterial pathogens/Escherichia coli; /Medicine and health sciences/Pathology and laboratory medicine/Pathogens/Microbial pathogens/Bacterial pathogens/Klebsiella/Klebsiella pneumoniae; /Medicine and health sciences/Pathology and laboratory medicine/Pathogens/Microbial pathogens/Bacterial pathogens/Staphylococcus/Staphylococcus aureus; /Medicine and health sciences/Pathology and laboratory medicine/Pathogens/Microbial pathogens/Bacterial pathogens/Streptococcus/Pneumococcus; /Medicine and health sciences/Pharmacology/Antimicrobial resistance; /Research and analysis methods/Animal studies/Experimental organism systems/Model organisms/Escherichia coli; /Research and analysis methods/Animal studies/Experimental organism systems/Prokaryotic models/Escherichia coli; /Research and analysis methods/Model organisms/Escherichia coli,journals.plos.org,10.1371/journal.pwat.0000067,Research Article,2022-12-14
10.1371/journal.pwat.0000055,2,1,https://journals.plos.org/water/article?id=10.1371/journal.pwat.0000055,PLOS Water,Biomimetic crossflow filtration with wave minimal surface geometry for particulate biochar water treatment,2023,TRUE,13,xlsx; xlsx; csv; dat; dat; asc; asc; asc; asc; asc; asc; asc; asc,https://journals.plos.org/water/article/file?id=10.1371/journal.pwat.0000055.s001&type=supplementary; https://journals.plos.org/water/article/file?id=10.1371/journal.pwat.0000055.s002&type=supplementary; https://journals.plos.org/water/article/file?id=10.1371/journal.pwat.0000055.s003&type=supplementary; https://journals.plos.org/water/article/file?id=10.1371/journal.pwat.0000055.s004&type=supplementary; https://journals.plos.org/water/article/file?id=10.1371/journal.pwat.0000055.s005&type=supplementary; https://journals.plos.org/water/article/file?id=10.1371/journal.pwat.0000055.s006&type=supplementary; https://journals.plos.org/water/article/file?id=10.1371/journal.pwat.0000055.s007&type=supplementary; https://journals.plos.org/water/article/file?id=10.1371/journal.pwat.0000055.s008&type=supplementary; https://journals.plos.org/water/article/file?id=10.1371/journal.pwat.0000055.s009&type=supplementary; https://journals.plos.org/water/article/file?id=10.1371/journal.pwat.0000055.s010&type=supplementary; https://journals.plos.org/water/article/file?id=10.1371/journal.pwat.0000055.s011&type=supplementary; https://journals.plos.org/water/article/file?id=10.1371/journal.pwat.0000055.s012&type=supplementary; https://journals.plos.org/water/article/file?id=10.1371/journal.pwat.0000055.s013&type=supplementary,5,Mason Anderson,"Department of Chemical and Biological Engineering, University of Idaho, Moscow, Idaho, United States of America",United States of America,NA,Vibhav Durgesh,"Department of Mechanical Engineering, University of Idaho, Moscow, Idaho, United States of America",United States of America,https://orcid.org/0000-0001-9937-0383,TRUE,The final analyzed data used in the paper for both the simulations and experiments are available as the supplementary information (compressed file).,in paper,NA,NA,/Ecology and environmental sciences/Pollution/Water pollution; /Engineering and technology/Electronics engineering/3D printing; /Physical sciences/Mathematics/Geometry; /Physical sciences/Physics/Classical mechanics/Continuum mechanics/Fluid mechanics/Fluid dynamics; /Physical sciences/Physics/Classical mechanics/Continuum mechanics/Fluid mechanics/Fluid dynamics/Flow field; /Physical sciences/Physics/Classical mechanics/Continuum mechanics/Fluid mechanics/Fluid dynamics/Flow rate; /Physical sciences/Physics/Classical mechanics/Continuum mechanics/Fluid mechanics/Fluid dynamics/Fluid flow; /Physical sciences/Physics/Classical mechanics/Motion/Velocity,journals.plos.org,10.1371/journal.pwat.0000055,Research Article,2023-01-23
10.1371/journal.pwat.0000114,2,3,https://journals.plos.org/water/article?id=10.1371/journal.pwat.0000114,PLOS Water,Water supply and sanitation as climate action: A finance agenda,2023,FALSE,0,NA,NA,1,Paul O’Connell,"WaterEquity, Kansas City, MO, United States of America",United States of America,NA,Paul O’Connell,"WaterEquity, Kansas City, MO, United States of America",United States of America,NA,FALSE,NA,NA,NA,NA,/Earth sciences/Atmospheric science/Climatology/Climate change; /Earth sciences/Atmospheric science/Climatology/Climate change/Anthropogenic climate change; /Earth sciences/Hydrology/Flooding; /Earth sciences/Hydrology/Surface water; /Ecology and environmental sciences/Natural resources/Water resources; /Engineering and technology/Civil engineering/Urban infrastructure; /Medicine and health sciences/Health care/Environmental health/Sanitation; /Medicine and health sciences/Public and occupational health/Environmental health/Sanitation; /Social sciences/Economics/Finance,journals.plos.org,10.1371/journal.pwat.0000114,Opinion,2023-03-29
10.1371/journal.pwat.0000045,1,11,https://journals.plos.org/water/article?id=10.1371/journal.pwat.0000045,PLOS Water,"A Google Earth-GIS based approach to examine the potential of the current rainwater harvesting practices to meet water demands in Mityana district, Uganda",2022,TRUE,1,vnd.openxmlformats-officedocument.wordprocessingml.document,https://journals.plos.org/water/article/file?id=10.1371/journal.pwat.0000045.s001&type=supplementary,9,Jamiat Nanteza,"Department of Geography, Geo-Informatics and Climatic Sciences, Makerere University, Kampala, Uganda",Uganda,https://orcid.org/0000-0002-0320-440X,Jamiat Nanteza,"Department of Geography, Geo-Informatics and Climatic Sciences, Makerere University, Kampala, Uganda",Uganda,https://orcid.org/0000-0002-0320-440X,TRUE,Original data on rainwater harvesting tanks used in this study is from the Ministry of Water and Environment Uganda and requires a user to seek permission before access (http://wsdb.mwe.go.ug/). The contact for the ministry is Tel: +256 417 889 400 Email: [email removed]@mwe.go.ug.,available in online repository,http://wsdb.mwe.go.ug/,NA,/Biology and life sciences/Agriculture/Crop science/Crops/Cereal crops; /Earth sciences/Atmospheric science/Meteorology/Rain; /Earth sciences/Seasons; /Ecology and environmental sciences/Natural resources/Water resources; /Medicine and health sciences/Public and occupational health/Hygiene; /Medicine and health sciences/Public and occupational health/Hygiene/Hand washing; /People and places/Geographical locations/Africa/Uganda; /Social sciences/Economics,journals.plos.org,10.1371/journal.pwat.0000045,Research Article,2022-11-23
10.1371/journal.pwat.0000041,2,1,https://journals.plos.org/water/article?id=10.1371/journal.pwat.0000041,PLOS Water,Occupational health and safety status of waste and sanitation workers: A qualitative exploration during the COVID-19 pandemic across Bangladesh,2023,TRUE,2,pdf; vnd.openxmlformats-officedocument.wordprocessingml.document,https://journals.plos.org/water/article/file?id=10.1371/journal.pwat.0000041.s001&type=supplementary; https://journals.plos.org/water/article/file?id=10.1371/journal.pwat.0000041.s002&type=supplementary,16,Fazle Sharior,"Environmental Interventions Unit, Infectious Disease Division, International Center for Diarrhoeal Disease Research, Bangladesh (icddr,b), Dhaka, Bangladesh",Bangladesh,https://orcid.org/0000-0001-7576-3756,Mahbub-Ul Alam,"Environmental Interventions Unit, Infectious Disease Division, International Center for Diarrhoeal Disease Research, Bangladesh (icddr,b), Dhaka, Bangladesh",Bangladesh,https://orcid.org/0000-0001-6940-364X,TRUE,"Our manuscript and the anonymized data within the Supporting Information files contain the minimal data set, which is used to reach the conclusions drawn in the manuscript. Authors used only qualitative data for this study. All analyzed data was in the form of transcripts from semi-structured interviews. Authors provided quotes from the interview transcripts within the manuscript, and summaries of the data's contents relevant to the study are provided in supporting information tables. Following the approval from the Research Committee of International Training Network - Bangladesh University of Engineering and Technology (ITN-BUET) and to minimize risks to the participants, raw data from this study in the form of interview transcripts may not be publicly available for any purpose. Additionally, the research team informed the participants that raw data would not be made publicly available as part of the approved written consent process. Furthermore, to ensure privacy and confidentiality, no individuals who were part of this study may be enabled to access information regarding the other participants or the data they provided. Thus, all data provided in supporting information tables is completely de-identified, summarized, and grouped only according to position classifications of ""officials from Local Government Institutes, government agencies, and relevant NGOs"" or ""sanitation and other waste workers,"" as defined in the ""Materials and methods"" section of the manuscript.",in paper,NA,NA,/Earth sciences/Geography/Human geography/Urban geography/Cities; /Engineering and technology/Equipment/Safety equipment; /Medicine and health sciences/Epidemiology/Pandemics; /Medicine and health sciences/Health care/Environmental health/Sanitation; /Medicine and health sciences/Medical conditions/Infectious diseases/Viral diseases/COVID 19; /Medicine and health sciences/Public and occupational health; /Medicine and health sciences/Public and occupational health/Environmental health/Sanitation; /Medicine and health sciences/Public and occupational health/Hygiene; /Medicine and health sciences/Public and occupational health/Safety/Safety equipment; /Social sciences/Economics/Labor economics/Employment/Jobs; /Social sciences/Human geography/Urban geography/Cities,journals.plos.org,10.1371/journal.pwat.0000041,Research Article,2023-01-26
10.1371/journal.pwat.0000082,2,1,https://journals.plos.org/water/article?id=10.1371/journal.pwat.0000082,PLOS Water,Degradability of organic micropollutants with sonolysis—Quantification of the structural influence through QSPR modelling,2023,TRUE,1,docx,https://journals.plos.org/water/article/file?id=10.1371/journal.pwat.0000082.s001&type=supplementary,3,Judith Glienke,"Institute of Technical Chemistry and Environmental Chemistry, Friedrich Schiller University Jena, Jena, Germany",Germany,https://orcid.org/0000-0002-2277-2218,Patrick Braeutigam,"Institute of Technical Chemistry and Environmental Chemistry, Friedrich Schiller University Jena, Jena, Germany",Germany,https://orcid.org/0000-0002-3274-1271,TRUE,All underlying data for this manuscript are included in the Supporting Information file.,in paper,NA,NA,/Earth sciences/Marine and aquatic sciences/Aquatic environments/Marine environments/Sea water; /Ecology and environmental sciences/Aquatic environments/Marine environments/Sea water; /Ecology and environmental sciences/Pollution/Water pollution; /Physical sciences/Chemistry/Chemical compounds/Organic compounds; /Physical sciences/Chemistry/Chemical compounds/Phenols; /Physical sciences/Chemistry/Chemical radicals/Hydroxyl radicals; /Physical sciences/Chemistry/Chemical reactions/Substitution reactions; /Physical sciences/Chemistry/Organic chemistry/Organic compounds; /Physical sciences/Chemistry/Physical chemistry/Chemical radicals/Hydroxyl radicals; /Physical sciences/Mathematics/Statistics/Statistical methods/Multivariate analysis/Principal component analysis; /Physical sciences/Physics/Condensed matter physics/Electron density; /Research and analysis methods/Mathematical and statistical techniques/Statistical methods/Multivariate analysis/Principal component analysis,journals.plos.org,10.1371/journal.pwat.0000082,Research Article,2023-01-30
10.1371/journal.pwat.0000066,1,11,https://journals.plos.org/water/article?id=10.1371/journal.pwat.0000066,PLOS Water,Effect of SARS-CoV-2 digital droplet RT-PCR assay sensitivity on COVID-19 wastewater based epidemiology,2022,TRUE,3,docx; docx; docx,https://journals.plos.org/water/article/file?id=10.1371/journal.pwat.0000066.s001&type=supplementary; https://journals.plos.org/water/article/file?id=10.1371/journal.pwat.0000066.s002&type=supplementary; https://journals.plos.org/water/article/file?id=10.1371/journal.pwat.0000066.s003&type=supplementary,7,Sooyeol Kim,"Dept of Civil and Environmental Engineering, Stanford University, Stanford, CA, United States of America",United States of America,NA,Alexandria B. Boehm,"Dept of Civil and Environmental Engineering, Stanford University, Stanford, CA, United States of America",United States of America,https://orcid.org/0000-0002-8162-5090,TRUE,All data are submitted to the Stanford Digital Repository and are available publicly. The link to the data is: https://exhibits.stanford.edu/data/catalog/km637ys9238.,available in online repository,https://exhibits.stanford.edu/data/catalog/km637ys9238,NA,/Biology and life sciences/Microbiology/Medical microbiology/Microbial pathogens/Viral pathogens/Coronaviruses/SARS coronavirus/SARS CoV 2; /Biology and life sciences/Microbiology/Virology/Viral replication; /Biology and life sciences/Molecular biology/Molecular biology techniques/Artificial gene amplification and extension/Polymerase chain reaction/Reverse transcriptase-polymerase chain reaction; /Biology and life sciences/Organisms/Viruses/RNA viruses/Coronaviruses/SARS coronavirus/SARS CoV 2; /Biology and life sciences/Organisms/Viruses/Viral pathogens/Coronaviruses/SARS coronavirus/SARS CoV 2; /Medicine and health sciences/Diagnostic medicine/Virus testing; /Medicine and health sciences/Epidemiology; /Medicine and health sciences/Epidemiology/Disease surveillance/Infectious disease surveillance; /Medicine and health sciences/Epidemiology/Infectious disease epidemiology; /Medicine and health sciences/Medical conditions/Infectious diseases/Infectious disease control/Infectious disease surveillance; /Medicine and health sciences/Medical conditions/Infectious diseases/Infectious disease epidemiology; /Medicine and health sciences/Medical conditions/Infectious diseases/Viral diseases/COVID 19; /Medicine and health sciences/Pathology and laboratory medicine/Pathogens/Microbial pathogens/Viral pathogens/Coronaviruses/SARS coronavirus/SARS CoV 2; /Research and analysis methods/Molecular biology techniques/Artificial gene amplification and extension/Polymerase chain reaction/Reverse transcriptase-polymerase chain reaction,journals.plos.org,10.1371/journal.pwat.0000066,Research Article,2022-11-16
10.1371/journal.pwat.0000087,2,6,https://journals.plos.org/water/article?id=10.1371/journal.pwat.0000087,PLOS Water,"Developing context-specific water, sanitation and hygiene guidance for National Cholera Plans: Qualitative inputs",2023,FALSE,0,NA,NA,5,Marine Ricau,"Department of Civil and Environmental Engineering, School of Engineering, Tufts University, Medford, Massachusetts, United States of America",United States of America,https://orcid.org/0000-0002-7466-5975,Marine Ricau,"Department of Civil and Environmental Engineering, School of Engineering, Tufts University, Medford, Massachusetts, United States of America",United States of America,https://orcid.org/0000-0002-7466-5975,TRUE,Excerpts of the transcripts relevant to the study have been made available within the paper. Full transcripts contain personally identifiable information and the study institutional review board for human subjects ethics approval precludes us from releasing identifiable information as this would be unethical,in paper,NA,NA,/Biology and life sciences/Psychology/Behavior/Habits; /Ecology and environmental sciences/Natural resources/Water resources; /Engineering and technology/Civil engineering/Urban infrastructure; /Medicine and health sciences/Health care/Environmental health/Sanitation; /Medicine and health sciences/Medical conditions/Infectious diseases/Bacterial diseases/Cholera; /Medicine and health sciences/Medical conditions/Tropical diseases/Neglected tropical diseases/Cholera; /Medicine and health sciences/Public and occupational health/Environmental health/Sanitation; /Medicine and health sciences/Public and occupational health/Global health; /Medicine and health sciences/Public and occupational health/Hygiene; /Medicine and health sciences/Public and occupational health/Preventive medicine; /Social sciences/Psychology/Behavior/Habits,journals.plos.org,10.1371/journal.pwat.0000087,Research Article,2023-06-16
10.1371/journal.pwat.0000109,2,6,https://journals.plos.org/water/article?id=10.1371/journal.pwat.0000109,PLOS Water,Arsenic in groundwater in the Grand Canyon region and an evaluation of potential pathways for arsenic contamination of groundwater from breccia pipe uranium mining,2023,TRUE,2,mcl; xlsx,https://journals.plos.org/water/article/file?id=10.1371/journal.pwat.0000109.s001&type=supplementary; https://journals.plos.org/water/article/file?id=10.1371/journal.pwat.0000109.s002&type=supplementary,3,Fred D. Tillman,"U.S. Geological Survey, Arizona Water Science Center, Tucson, Arizona, United States of America",United States of America,https://orcid.org/0000-0002-2922-402X,Fred D. Tillman,"U.S. Geological Survey, Arizona Water Science Center, Tucson, Arizona, United States of America",United States of America,https://orcid.org/0000-0002-2922-402X,TRUE,All data discussed in this manuscript are provided in the Supporting Information and are additionally available through online sources cited in the manuscript.,in paper,NA,NA,/Biology and life sciences/Organisms/Eukaryota/Animals/Vertebrates/Amniotes/Birds/Pigeons; /Biology and life sciences/Zoology/Animals/Vertebrates/Amniotes/Birds/Pigeons; /Computer and information sciences/Data management/Data mining; /Earth sciences/Geochemistry; /Earth sciences/Geology/Petrology/Sediment; /Earth sciences/Geology/Sedimentary geology/Sediment; /Earth sciences/Geomorphology/Topography/Landforms/Canyons; /Ecology and environmental sciences/Natural resources/Water resources; /Physical sciences/Chemistry/Chemical elements/Arsenic; /Physical sciences/Chemistry/Chemical elements/Uranium; /Physical sciences/Chemistry/Geochemistry,journals.plos.org,10.1371/journal.pwat.0000109,Research Article,2023-06-14
10.1371/journal.pwat.0000092,2,4,https://journals.plos.org/water/article?id=10.1371/journal.pwat.0000092,PLOS Water,Reactivity of Fe-amended biochar for phosphorus removal and recycling from wastewater,2023,TRUE,7,docx; docx; 99; docx; docx; docx; docx,https://journals.plos.org/water/article/file?id=10.1371/journal.pwat.0000092.s001&type=supplementary; https://journals.plos.org/water/article/file?id=10.1371/journal.pwat.0000092.s002&type=supplementary; https://journals.plos.org/water/article/file?id=10.1371/journal.pwat.0000092.s003&type=supplementary; https://journals.plos.org/water/article/file?id=10.1371/journal.pwat.0000092.s004&type=supplementary; https://journals.plos.org/water/article/file?id=10.1371/journal.pwat.0000092.s005&type=supplementary; https://journals.plos.org/water/article/file?id=10.1371/journal.pwat.0000092.s006&type=supplementary; https://journals.plos.org/water/article/file?id=10.1371/journal.pwat.0000092.s007&type=supplementary,5,Daniel G. Strawn,"Department of Soil and Water Systems, University of Idaho, Moscow, Idaho",NA,https://orcid.org/0000-0001-9073-7169,Daniel G. Strawn,"Department of Soil and Water Systems, University of Idaho, Moscow, Idaho",NA,https://orcid.org/0000-0001-9073-7169,TRUE,All data are reported within the summitted manuscript.,in paper,NA,NA,/Biology and life sciences/Agriculture/Agrochemicals/Fertilizers; /Earth sciences/Geography/Cartography/Isotherms; /Physical sciences/Chemistry/Chemical compounds/Oxides/Iron oxides; /Physical sciences/Chemistry/Chemical compounds/Phosphates; /Physical sciences/Chemistry/Chemical reactions/Chemical precipitation; /Physical sciences/Chemistry/Physical chemistry/Sorption; /Physical sciences/Chemistry/Physical chemistry/Sorption/Adsorption; /Physical sciences/Materials science/Material properties/Solubility,journals.plos.org,10.1371/journal.pwat.0000092,Research Article,2023-04-28
10.1371/journal.pwat.0000054,2,6,https://journals.plos.org/water/article?id=10.1371/journal.pwat.0000054,PLOS Water,Investigating technology opportunities toward improved Colorado water monitoring: Insights from key informant interviews and stakeholder surveys,2023,TRUE,2,2; pdf,https://journals.plos.org/water/article/file?id=10.1371/journal.pwat.0000054.s001&type=supplementary; https://journals.plos.org/water/article/file?id=10.1371/journal.pwat.0000054.s002&type=supplementary,6,Melanie Holland,"Mortenson Center in Global Engineering and Resilience, University of Colorado Boulder, Boulder, Colorado, United States of America",United States of America,NA,Evan Thomas,"Mortenson Center in Global Engineering and Resilience, University of Colorado Boulder, Boulder, Colorado, United States of America",United States of America,https://orcid.org/0000-0003-3095-8407,TRUE,"Data is available here: Holland, Melanie; Demaree, Kat; Thomas, Evan. 2023. ""Data for: Investigating technology opportunities toward improved Colorado water monitoring: Insights from key informant interviews and stakeholder surveys"". Qualitative Data Repository. https://data.qdr.syr.edu/dataset.xhtml?persistentId=doi:10.5064/F6TFIYHX. QDR Main Collection. V1.",available in online repository,https://data.qdr.syr.edu/dataset.xhtml?persistentId=doi:10.5064/F6TFIYHX; 10.5064/F6TFIYHX,NA,/Biology and life sciences/Psychology/Psychological attitudes; /Computer and information sciences/Data management; /Earth sciences/Geology/Geological surveys; /Earth sciences/Hydrology/Surface water; /Ecology and environmental sciences/Natural resources/Water resources; /Engineering and technology/Environmental engineering/Water management; /People and places/Geographical locations/North America/United States/Colorado; /Research and analysis methods/Research design/Survey research/Surveys; /Social sciences/Psychology/Psychological attitudes,journals.plos.org,10.1371/journal.pwat.0000054,Research Article,2023-06-09
10.1371/journal.pwat.0000076,2,4,https://journals.plos.org/water/article?id=10.1371/journal.pwat.0000076,PLOS Water,"Contamination of groundwater with sulfamethoxazole and antibiotic resistant <i>Escherichia coli</i> in informal settlements in Kisumu, Kenya",2023,TRUE,2,docx; pdf,https://journals.plos.org/water/article/file?id=10.1371/journal.pwat.0000076.s001&type=supplementary; https://journals.plos.org/water/article/file?id=10.1371/journal.pwat.0000076.s002&type=supplementary,9,Kellen J. Karimi,"Department of Clinical Microbiology & Infectious Diseases, School of Pathology, Faculty of Health Sciences, University of the Witwatersrand, Johannesburg, South Africa",South Africa,https://orcid.org/0000-0001-7064-8003,Kellen J. Karimi,"Department of Clinical Microbiology & Infectious Diseases, School of Pathology, Faculty of Health Sciences, University of the Witwatersrand, Johannesburg, South Africa",South Africa,https://orcid.org/0000-0001-7064-8003,TRUE,Data is attached as supplementary information.,in paper,NA,NA,/Biology and life sciences/Microbiology/Medical microbiology/Microbial pathogens/Bacterial pathogens/Escherichia coli; /Biology and life sciences/Microbiology/Microbial control/Antimicrobial resistance/Antibiotic resistance; /Biology and life sciences/Microbiology/Microbial control/Antimicrobials/Antibiotics; /Biology and life sciences/Organisms/Bacteria/Enterobacteriaceae/Escherichia/Escherichia coli; /Biology and life sciences/Organisms/Bacteria/Gut bacteria/Escherichia/Escherichia coli; /Ecology and environmental sciences/Natural resources/Water resources; /Ecology and environmental sciences/Pollution/Water pollution; /Medicine and health sciences/Epidemiology/Medical risk factors; /Medicine and health sciences/Health care/Environmental health/Sanitation; /Medicine and health sciences/Pathology and laboratory medicine/Pathogens/Microbial pathogens/Bacterial pathogens/Escherichia coli; /Medicine and health sciences/Pharmacology/Antimicrobial resistance/Antibiotic resistance; /Medicine and health sciences/Pharmacology/Drugs/Antimicrobials/Antibiotics; /Medicine and health sciences/Public and occupational health/Environmental health/Sanitation; /Medicine and health sciences/Urology/Genitourinary infections/Urinary tract infections; /Research and analysis methods/Animal studies/Experimental organism systems/Model organisms/Escherichia coli; /Research and analysis methods/Animal studies/Experimental organism systems/Prokaryotic models/Escherichia coli; /Research and analysis methods/Model organisms/Escherichia coli,journals.plos.org,10.1371/journal.pwat.0000076,Research Article,2023-04-24
10.1371/journal.pwat.0000122,2,4,https://journals.plos.org/water/article?id=10.1371/journal.pwat.0000122,PLOS Water,Eliminating lead exposure from drinking water—A global call to action,2023,FALSE,0,NA,NA,17,Valerie Bauza,"The Water Institute, Gillings School of Global Public Health, University of North Carolina at Chapel Hill, Chapel Hill, NC, United States of America",United States of America,https://orcid.org/0000-0003-1919-0767,Valerie Bauza,"The Water Institute, Gillings School of Global Public Health, University of North Carolina at Chapel Hill, Chapel Hill, NC, United States of America",United States of America,https://orcid.org/0000-0003-1919-0767,FALSE,NA,NA,NA,NA,/Earth sciences/Geography/Economic geography/Low and middle income countries; /Ecology and environmental sciences/Natural resources/Water resources; /Engineering and technology/Environmental engineering/Water management; /Medicine and health sciences/Epidemiology/Medical risk factors; /Medicine and health sciences/Public and occupational health/Global health; /Physical sciences/Chemistry/Chemical elements/Metallic lead; /Physical sciences/Chemistry/Chemical reactions/Corrosion; /Social sciences/Economics/Commerce/Procurement; /Social sciences/Economics/Economic geography/Low and middle income countries,journals.plos.org,10.1371/journal.pwat.0000122,Opinion,2023-04-26
10.1371/journal.pwat.0000056,2,3,https://journals.plos.org/water/article?id=10.1371/journal.pwat.0000056,PLOS Water,Making scarcity “enough”: The hidden household costs of adapting to water scarcity in Mexico City,2023,TRUE,3,docx; tinacos; docx,https://journals.plos.org/water/article/file?id=10.1371/journal.pwat.0000056.s001&type=supplementary; https://journals.plos.org/water/article/file?id=10.1371/journal.pwat.0000056.s002&type=supplementary; https://journals.plos.org/water/article/file?id=10.1371/journal.pwat.0000056.s003&type=supplementary,5,Alyssa Huberts,"Department of Government, Harvard University, Cambridge, Massachusetts, United States of America",United States of America,https://orcid.org/0000-0002-4396-0007,Alyssa Huberts,"Department of Government, Harvard University, Cambridge, Massachusetts, United States of America",United States of America,https://orcid.org/0000-0002-4396-0007,TRUE,"This study primarily draws on a multidisciplinary research project that conducted in-depth, ethnographic research with participants who did not consent to share their potentially identifying data publicly. Because the field notes and transcripts contain detail that constitutes potentially identifying information, the full transcripts and field notes used for the qualitative analysis in this study are not available for public access. De-identified excerpts from the transcripts and field notes are included in the manuscript. Access to the restricted-used data is possible, subject to IRB approved research plans. Requests and inquiries about data access for NESTSMX data can be directed to the Mexican Exposures Data Access Committee at the University of Michigan (email: [email removed]@umich.edu). The Citizen Public Services Survey results, as well as all replication code, will be made available on the Harvard Dataverse in early 2023 at the following address: https://dataverse.harvard.edu/.",available in online repository,https://dataverse.harvard.edu/,dataverse,/Earth sciences/Geography/Human geography/Social geography/Neighborhoods; /Ecology and environmental sciences/Natural resources/Water resources; /Ecology and environmental sciences/Water quality; /Engineering and technology/Civil engineering/Urban infrastructure; /Engineering and technology/Environmental engineering/Water management; /Medicine and health sciences/Health care/Environmental health/Sanitation; /Medicine and health sciences/Public and occupational health/Environmental health/Sanitation; /People and places/Geographical locations/North America/Mexico; /Research and analysis methods/Research design/Survey research/Surveys; /Social sciences/Human geography/Social geography/Neighborhoods,journals.plos.org,10.1371/journal.pwat.0000056,Research Article,2023-03-08
10.1371/journal.pwat.0000061,2,3,https://journals.plos.org/water/article?id=10.1371/journal.pwat.0000061,PLOS Water,"Estimation of groundwater recharge in semiarid regions under variable land use and rainfall conditions: A case study of Rajasthan, India",2023,TRUE,4,docx; docx; vnd.openxmlformats-officedocument.wordprocessingml.document; vnd.openxmlformats-officedocument.wordprocessingml.document,https://journals.plos.org/water/article/file?id=10.1371/journal.pwat.0000061.s001&type=supplementary; https://journals.plos.org/water/article/file?id=10.1371/journal.pwat.0000061.s002&type=supplementary; https://journals.plos.org/water/article/file?id=10.1371/journal.pwat.0000061.s003&type=supplementary; https://journals.plos.org/water/article/file?id=10.1371/journal.pwat.0000061.s004&type=supplementary,13,Basant Yadav,"Department of Water Resources Development and Management, Indian Institute of Technology Roorkee, Uttarakhand, India",India,NA,Alison Parker,"School of Water, Energy and Environment, Cranfield University, Cranfield, United Kingdom",United Kingdom of Great Britain and Northern Ireland,https://orcid.org/0000-0001-7370-6758,TRUE,Data underlying this paper can be accessed at: 10.17862/cranfield.rd.12967961.,available in online repository,https://doi.org/10.17862/cranfield.rd.12967961; 10.17862/cranfield.rd.12967961,NA,/Biology and life sciences/Agriculture/Agricultural methods/Agricultural irrigation; /Biology and life sciences/Agriculture/Agricultural soil science; /Biology and life sciences/Agriculture/Crop science/Crops; /Biology and life sciences/Agriculture/Crop science/Crops/Cereal crops; /Biology and life sciences/Organisms/Eukaryota/Plants/Grasses/Millet; /Earth sciences/Atmospheric science/Meteorology/Rain; /Earth sciences/Geography/Human geography/Land use; /Earth sciences/Soil science/Agricultural soil science; /Physical sciences/Physics/Condensed matter physics/Phase transitions/Vaporization/Evaporation; /Social sciences/Human geography/Land use,journals.plos.org,10.1371/journal.pwat.0000061,Research Article,2023-03-22
10.1371/journal.pwat.0000081,2,4,https://journals.plos.org/water/article?id=10.1371/journal.pwat.0000081,PLOS Water,The Municipal Drinking Water Database,2023,TRUE,1,vnd.openxmlformats-officedocument.wordprocessingml.document,https://journals.plos.org/water/article/file?id=10.1371/journal.pwat.0000081.s001&type=supplementary,6,Sara Hughes,"School for Environment and Sustainability, University of Michigan, Ann Arbor, Michigan, United States of America",United States of America,https://orcid.org/0000-0002-1282-6235,Sara Hughes,"School for Environment and Sustainability, University of Michigan, Ann Arbor, Michigan, United States of America",United States of America,https://orcid.org/0000-0002-1282-6235,TRUE,Data are available at https://doi.org/10.7910/DVN/DFB6NG.,available in online repository,https://doi.org/10.7910/DVN/DFB6NG; 10.7910/DVN/DFB6NG,NA,/Biology and life sciences/Neuroscience/Cognitive science/Cognition/Decision making; /Biology and life sciences/Neuroscience/Cognitive science/Cognitive psychology/Decision making; /Biology and life sciences/Psychology/Cognitive psychology/Decision making; /Ecology and environmental sciences/Natural resources/Water resources; /People and places/Population groupings/Professions/Police; /Research and analysis methods/Research design/Survey research/Census; /Social sciences/Economics/Finance; /Social sciences/Law and legal sciences/Criminal justice system/Law enforcement/Police; /Social sciences/Political science/Elections; /Social sciences/Political science/Governments/Local governments; /Social sciences/Political science/Governments/Municipal governments/City governments; /Social sciences/Psychology/Cognitive psychology/Decision making,journals.plos.org,10.1371/journal.pwat.0000081,Research Article,2023-04-10
10.1371/journal.pwat.0000088,2,4,https://journals.plos.org/water/article?id=10.1371/journal.pwat.0000088,PLOS Water,Identifying trends in SARS-CoV-2 RNA in wastewater to infer changing COVID-19 incidence: Effect of sampling frequency,2023,TRUE,1,pdf,https://journals.plos.org/water/article/file?id=10.1371/journal.pwat.0000088.s001&type=supplementary,4,Elana M. G. Chan,"Department of Civil and Environmental Engineering, Stanford University, Stanford, California, United States of America",United States of America,https://orcid.org/0000-0002-7238-6833,Alexandria B. Boehm,"Department of Civil and Environmental Engineering, Stanford University, Stanford, California, United States of America",United States of America,https://orcid.org/0000-0002-8162-5090,TRUE,Wastewater data are publicly available through the Stanford Digital Repository (https://doi.org/10.25740/yg713sw8276).,available in online repository,https://doi.org/10.25740/yg713sw8276; 10.25740/yg713sw8276,NA,/Biology and life sciences/Microbiology/Medical microbiology/Microbial pathogens/Viral pathogens/Coronaviruses/SARS coronavirus/SARS CoV 2; /Biology and life sciences/Molecular biology/Molecular biology techniques/Molecular biology assays and analysis techniques/Nucleic acid analysis/RNA analysis; /Biology and life sciences/Organisms/Viruses/RNA viruses/Coronaviruses/SARS coronavirus/SARS CoV 2; /Biology and life sciences/Organisms/Viruses/Viral pathogens/Coronaviruses/SARS coronavirus/SARS CoV 2; /Medicine and health sciences/Diagnostic medicine/Virus testing; /Medicine and health sciences/Epidemiology; /Medicine and health sciences/Epidemiology/Pandemics; /Medicine and health sciences/Medical conditions/Infectious diseases/Viral diseases/COVID 19; /Medicine and health sciences/Pathology and laboratory medicine/Pathogens/Microbial pathogens/Viral pathogens/Coronaviruses/SARS coronavirus/SARS CoV 2; /Medicine and health sciences/Public and occupational health; /Physical sciences/Mathematics/Statistics/Statistical data; /Research and analysis methods/Molecular biology techniques/Molecular biology assays and analysis techniques/Nucleic acid analysis/RNA analysis,journals.plos.org,10.1371/journal.pwat.0000088,Research Article,2023-04-06
10.1371/journal.pwat.0000094,2,3,https://journals.plos.org/water/article?id=10.1371/journal.pwat.0000094,PLOS Water,Significant antimicrobial-producing vegetation uniquely shapes the stormwater biofilter microbiome with implications for enhanced faecal pathogen inactivation,2023,TRUE,3,docx; docx; xlsx,https://journals.plos.org/water/article/file?id=10.1371/journal.pwat.0000094.s001&type=supplementary; https://journals.plos.org/water/article/file?id=10.1371/journal.pwat.0000094.s002&type=supplementary; https://journals.plos.org/water/article/file?id=10.1371/journal.pwat.0000094.s003&type=supplementary,3,Penelope Jane Galbraith,"Environmental and Public Health Microbiology Laboratory (EPHM Lab), Monash Water for Liveability, Department of Civil Engineering, Monash University, Clayton, Victoria, Australia",Australia,https://orcid.org/0000-0003-3595-8190,David Thomas McCarthy,"Environmental and Public Health Microbiology Laboratory (EPHM Lab), Monash Water for Liveability, Department of Civil Engineering, Monash University, Clayton, Victoria, Australia",Australia,NA,TRUE,"All relevant data are contained within the paper and its three Supporting Information files. Sequencing data for all samples is available on the Short Read Archive, project reference ID PRJNA939271 (http://www.ncbi.nlm.nih.gov/bioproject/939271).",available in online repository,http://www.ncbi.nlm.nih.gov/bioproject/939271,ncbi/genbank,/Biology and life sciences/Ecology/Plant ecology/Plant-environment interactions/Rhizosphere; /Biology and life sciences/Genetics/Genomics/Microbial genomics/Microbiome; /Biology and life sciences/Microbiology/Medical microbiology/Microbial pathogens/Bacterial pathogens/Enterococcus/Enterococcus faecalis; /Biology and life sciences/Microbiology/Medical microbiology/Microbial pathogens/Bacterial pathogens/Escherichia coli; /Biology and life sciences/Microbiology/Medical microbiology/Microbiome; /Biology and life sciences/Microbiology/Microbial genomics/Microbiome; /Biology and life sciences/Organisms/Bacteria; /Biology and life sciences/Organisms/Bacteria/Actinobacteria; /Biology and life sciences/Organisms/Bacteria/Enterobacteriaceae/Escherichia/Escherichia coli; /Biology and life sciences/Organisms/Bacteria/Enterococcus/Enterococcus faecalis; /Biology and life sciences/Organisms/Bacteria/Gut bacteria/Escherichia/Escherichia coli; /Biology and life sciences/Plant science/Plant ecology/Plant-environment interactions/Rhizosphere; /Earth sciences/Geology/Petrology/Sediment; /Earth sciences/Geology/Sedimentary geology/Sediment; /Ecology and environmental sciences/Ecology/Plant ecology/Plant-environment interactions/Rhizosphere; /Medicine and health sciences/Pathology and laboratory medicine/Pathogens/Microbial pathogens/Bacterial pathogens/Enterococcus/Enterococcus faecalis; /Medicine and health sciences/Pathology and laboratory medicine/Pathogens/Microbial pathogens/Bacterial pathogens/Escherichia coli; /Physical sciences/Physics/Electromagnetic radiation/Light/Sunlight; /Physical sciences/Physics/Electromagnetic radiation/Solar radiation/Sunlight; /Research and analysis methods/Animal studies/Experimental organism systems/Model organisms/Escherichia coli; /Research and analysis methods/Animal studies/Experimental organism systems/Prokaryotic models/Escherichia coli; /Research and analysis methods/Model organisms/Escherichia coli,journals.plos.org,10.1371/journal.pwat.0000094,Research Article,2023-03-21
10.1371/journal.pwat.0000090,2,3,https://journals.plos.org/water/article?id=10.1371/journal.pwat.0000090,PLOS Water,Differentiating between urban flood risk as a unitary problem and as a strand in a braided problem set: Implications for administrative coordination,2023,FALSE,0,NA,NA,1,Sarah Michaels,"Department of Political Science and Faculty Fellow, Public Policy Center, University of Nebraska-Lincoln, Lincoln, NE, United States of America",United States of America,https://orcid.org/0000-0003-0281-5003,Sarah Michaels,"Department of Political Science and Faculty Fellow, Public Policy Center, University of Nebraska-Lincoln, Lincoln, NE, United States of America",United States of America,https://orcid.org/0000-0003-0281-5003,TRUE,All data are in the manuscript.,in paper,NA,NA,/Earth sciences/Geography/Human geography/Social geography/Neighborhoods; /Earth sciences/Geography/Human geography/Urban geography/Cities; /Earth sciences/Geomorphology/Topography/Landforms/Valleys; /Earth sciences/Hydrology/Flooding; /Engineering and technology/Civil engineering/Urban infrastructure; /Engineering and technology/Transportation; /Medicine and health sciences/Epidemiology/Medical risk factors; /People and places/Geographical locations/North America/United States/Nebraska; /Social sciences/Human geography/Social geography/Neighborhoods; /Social sciences/Human geography/Urban geography/Cities,journals.plos.org,10.1371/journal.pwat.0000090,Research Article,2023-03-24
10.1371/journal.pwat.0000157,2,7,https://journals.plos.org/water/article?id=10.1371/journal.pwat.0000157,PLOS Water,Seasonal variation in household water insecurity in rural Bangladesh: A longitudinal analysis,2023,TRUE,14,a; docx; do; csv; csv; csv; csv; xlsx; xlsx; xlsx; xlsx; xlsx; xlsx; log,https://journals.plos.org/water/article/file?id=10.1371/journal.pwat.0000157.s001&type=supplementary; https://journals.plos.org/water/article/file?id=10.1371/journal.pwat.0000157.s002&type=supplementary; https://journals.plos.org/water/article/file?id=10.1371/journal.pwat.0000157.s003&type=supplementary; https://journals.plos.org/water/article/file?id=10.1371/journal.pwat.0000157.s004&type=supplementary; https://journals.plos.org/water/article/file?id=10.1371/journal.pwat.0000157.s005&type=supplementary; https://journals.plos.org/water/article/file?id=10.1371/journal.pwat.0000157.s006&type=supplementary; https://journals.plos.org/water/article/file?id=10.1371/journal.pwat.0000157.s007&type=supplementary; https://journals.plos.org/water/article/file?id=10.1371/journal.pwat.0000157.s008&type=supplementary; https://journals.plos.org/water/article/file?id=10.1371/journal.pwat.0000157.s009&type=supplementary; https://journals.plos.org/water/article/file?id=10.1371/journal.pwat.0000157.s010&type=supplementary; https://journals.plos.org/water/article/file?id=10.1371/journal.pwat.0000157.s011&type=supplementary; https://journals.plos.org/water/article/file?id=10.1371/journal.pwat.0000157.s012&type=supplementary; https://journals.plos.org/water/article/file?id=10.1371/journal.pwat.0000157.s013&type=supplementary; https://journals.plos.org/water/article/file?id=10.1371/journal.pwat.0000157.s014&type=supplementary,5,Lauren M. T. Broyles,"Department of Civil and Environmental Engineering, Pennsylvania State University, University Park, Pennsylvania, United States of America",United States of America,https://orcid.org/0000-0003-2726-4930,Emily L. Pakhtigian,"School of Public Policy, Pennsylvania State University, University Park, Pennsylvania, United States of America",United States of America,https://orcid.org/0000-0003-3532-5596,TRUE,All data and analysis files have been uploaded along with this submission.,in paper,NA,NA,/Earth sciences/Hydrology/Flooding; /Earth sciences/Hydrology/Surface water; /Earth sciences/Seasons; /Ecology and environmental sciences/Natural resources/Water resources; /Ecology and environmental sciences/Water quality; /Medicine and health sciences/Epidemiology/Medical risk factors; /Medicine and health sciences/Medical conditions/Infectious diseases/Bacterial diseases/Cholera; /Medicine and health sciences/Medical conditions/Tropical diseases/Neglected tropical diseases/Cholera; /Physical sciences/Chemistry/Chemical elements/Arsenic,journals.plos.org,10.1371/journal.pwat.0000157,Research Article,2023-07-31
10.1371/journal.pwat.0000103,2,5,https://journals.plos.org/water/article?id=10.1371/journal.pwat.0000103,PLOS Water,A multi-spatial analysis and the balanced requirements of freshwater mussels (Bivalvia: Unionidae) and urban inhabitants in the Cuyahoga River watershed,2023,TRUE,6,tiff; a; a; vnd.openxmlformats-officedocument.wordprocessingml.document; pdf; vnd.openxmlformats-officedocument.wordprocessingml.document,https://journals.plos.org/water/article/file?id=10.1371/journal.pwat.0000103.s001&type=supplementary; https://journals.plos.org/water/article/file?id=10.1371/journal.pwat.0000103.s002&type=supplementary; https://journals.plos.org/water/article/file?id=10.1371/journal.pwat.0000103.s003&type=supplementary; https://journals.plos.org/water/article/file?id=10.1371/journal.pwat.0000103.s004&type=supplementary; https://journals.plos.org/water/article/file?id=10.1371/journal.pwat.0000103.s005&type=supplementary; https://journals.plos.org/water/article/file?id=10.1371/journal.pwat.0000103.s006&type=supplementary,6,Tamar A. Atwell,"Department of Biological, Geological, and Environmental Sciences, Cleveland State University, Cleveland, Ohio, United States of America",United States of America,NA,Robert A. Krebs,"Department of Biological, Geological, and Environmental Sciences, Cleveland State University, Cleveland, Ohio, United States of America",United States of America,NA,TRUE,Data are available in MS Theses https://engagedscholarship.csuohio.edu/etdarchive/1184/ https://engagedscholarship.csuohio.edu/etdarchive/1343/.,available in online repository,https://engagedscholarship.csuohio.edu/etdarchive/1184/; https://engagedscholarship.csuohio.edu/etdarchive/1343/,NA,/Biology and life sciences/Organisms/Eukaryota/Animals/Invertebrates/Molluscs/Bivalves/Mussels; /Biology and life sciences/Zoology/Animals/Invertebrates/Molluscs/Bivalves/Mussels; /Earth sciences/Geography/Human geography/Land use; /Earth sciences/Geology/Geological surveys; /Earth sciences/Geology/Petrology/Sediment; /Earth sciences/Geology/Sedimentary geology/Sediment; /Earth sciences/Hydrology/Surface water; /Earth sciences/Marine and aquatic sciences/Aquatic environments/Freshwater environments/Fresh water; /Earth sciences/Marine and aquatic sciences/Aquatic environments/Freshwater environments/Rivers; /Earth sciences/Marine and aquatic sciences/Bodies of water/Rivers; /Ecology and environmental sciences/Aquatic environments/Freshwater environments/Fresh water; /Ecology and environmental sciences/Aquatic environments/Freshwater environments/Rivers; /Ecology and environmental sciences/Water quality; /Social sciences/Human geography/Land use,journals.plos.org,10.1371/journal.pwat.0000103,Research Article,2023-05-19
10.1371/journal.pwat.0000049,2,6,https://journals.plos.org/water/article?id=10.1371/journal.pwat.0000049,PLOS Water,Examination of water quality at the household level and its association with diarrhea among young children in Ghana: Results from UNICEF-MICS6 survey,2023,FALSE,0,NA,NA,4,Mohammed Husein,"Department of Nutrition and Food Science, University of Ghana, Accra, Ghana",Ghana,NA,Seth Armah,"Department of Nutrition, University of North Carolina at Greensboro, Greensboro, NC, United States of America",United States of America,https://orcid.org/0000-0003-3860-0522,TRUE,"We used publicly available Ghana UNICEF-MICS6 survey. UNICEF MICS. (2022). MICS6 TOOLS. Retrieved 6 1, 2022, from UNICEF: https://mics.unicef.org/tools#datacollection.",available in online repository,https://mics.unicef.org/tools#datacollection,NA,/Biology and life sciences/Microbiology/Medical microbiology/Microbial pathogens/Bacterial pathogens/Escherichia coli; /Biology and life sciences/Organisms/Bacteria/Enterobacteriaceae/Escherichia/Escherichia coli; /Biology and life sciences/Organisms/Bacteria/Gut bacteria/Escherichia/Escherichia coli; /Ecology and environmental sciences/Natural resources/Water resources; /Ecology and environmental sciences/Pollution/Water pollution; /Ecology and environmental sciences/Water quality; /Medicine and health sciences/Clinical medicine/Signs and symptoms/Diarrhea; /Medicine and health sciences/Epidemiology/Medical risk factors; /Medicine and health sciences/Gastroenterology and hepatology/Diarrhea; /Medicine and health sciences/Pathology and laboratory medicine/Pathogens/Microbial pathogens/Bacterial pathogens/Escherichia coli; /People and places/Geographical locations/Africa/Ghana; /People and places/Population groupings/Age groups/Children; /People and places/Population groupings/Families/Children; /Research and analysis methods/Animal studies/Experimental organism systems/Model organisms/Escherichia coli; /Research and analysis methods/Animal studies/Experimental organism systems/Prokaryotic models/Escherichia coli; /Research and analysis methods/Model organisms/Escherichia coli,journals.plos.org,10.1371/journal.pwat.0000049,Research Article,2023-06-13
10.1371/journal.pwat.0000083,2,4,https://journals.plos.org/water/article?id=10.1371/journal.pwat.0000083,PLOS Water,Long-term effects of land-use change on water resources in urbanizing watersheds,2023,FALSE,0,NA,NA,2,Ammara Talib,"Department of Civil and Environmental Engineering, University of Wisconsin, Madison, Wisconsin, United States of America",United States of America,https://orcid.org/0000-0003-3259-0220,Timothy O. Randhir,"Department of Environmental Conservation, University of Massachusetts, Amherst, Massachusetts, United States of America",United States of America,NA,TRUE,All relevant data are within the paper.,in paper,NA,NA,/Earth sciences/Atmospheric science/Meteorology/Rain; /Earth sciences/Geography/Human geography/Land use; /Earth sciences/Geography/Physical geography/Watersheds; /Earth sciences/Geology/Petrology/Sediment; /Earth sciences/Geology/Sedimentary geology/Sediment; /Earth sciences/Geomorphology/Topography/Landforms/Wetlands; /Earth sciences/Hydrology; /Earth sciences/Hydrology/Surface water; /Earth sciences/Marine and aquatic sciences/Aquatic environments/Freshwater environments/Wetlands; /Ecology and environmental sciences/Aquatic environments/Freshwater environments/Wetlands; /Ecology and environmental sciences/Water quality; /Social sciences/Human geography/Land use,journals.plos.org,10.1371/journal.pwat.0000083,Research Article,2023-04-26
10.1371/journal.pwat.0000139,2,6,https://journals.plos.org/water/article?id=10.1371/journal.pwat.0000139,PLOS Water,Rapid water quality field tests: Data revolution or dead end?,2023,FALSE,0,NA,NA,2,Katrina J. Charles,"School of Geography and the Environment, University of Oxford, Oxford, United Kingdom",United Kingdom of Great Britain and Northern Ireland,https://orcid.org/0000-0002-2236-7589,Katrina J. Charles,"School of Geography and the Environment, University of Oxford, Oxford, United Kingdom",United Kingdom of Great Britain and Northern Ireland,https://orcid.org/0000-0002-2236-7589,FALSE,NA,NA,NA,NA,/Biology and life sciences/Computational biology/Biological data management; /Biology and life sciences/Neuroscience/Cognitive science/Cognition/Decision making; /Biology and life sciences/Neuroscience/Cognitive science/Cognitive psychology/Decision making; /Biology and life sciences/Psychology/Cognitive psychology/Decision making; /Computer and information sciences/Data management; /Ecology and environmental sciences/Natural resources/Water resources; /Ecology and environmental sciences/Water quality; /Engineering and technology/Environmental engineering/Water management; /Medicine and health sciences/Diagnostic medicine/Virus testing; /Medicine and health sciences/Epidemiology/Medical risk factors; /Social sciences/Psychology/Cognitive psychology/Decision making,journals.plos.org,10.1371/journal.pwat.0000139,Opinion,2023-06-14
10.1371/journal.pwat.0000121,2,4,https://journals.plos.org/water/article?id=10.1371/journal.pwat.0000121,PLOS Water,Saltwater intrusion and climate change impact on coastal agriculture,2023,FALSE,0,NA,NA,8,Paolo Tarolli,"Department of Land, Environment, Agriculture and Forestry, University of Padova, Legnaro, PD, Italy",Italy,https://orcid.org/0000-0003-0043-5226,Paolo Tarolli,"Department of Land, Environment, Agriculture and Forestry, University of Padova, Legnaro, PD, Italy",Italy,https://orcid.org/0000-0003-0043-5226,FALSE,NA,NA,NA,NA,/Biology and life sciences/Agriculture; /Biology and life sciences/Agriculture/Agricultural soil science; /Biology and life sciences/Ecology/Ecosystems/Wetland ecosystems/Delta ecosystems; /Earth sciences/Hydrology/Surface water; /Earth sciences/Marine and aquatic sciences/Aquatic environments/Freshwater environments/Rivers; /Earth sciences/Marine and aquatic sciences/Aquatic environments/Marine environments/Sea water; /Earth sciences/Marine and aquatic sciences/Bodies of water/Rivers; /Earth sciences/Soil science/Agricultural soil science; /Ecology and environmental sciences/Aquatic environments/Freshwater environments/Rivers; /Ecology and environmental sciences/Aquatic environments/Marine environments/Sea water; /Ecology and environmental sciences/Ecology/Ecosystems/Wetland ecosystems/Delta ecosystems; /Ecology and environmental sciences/Natural resources/Water resources; /Physical sciences/Chemistry/Chemical properties/Salinity; /Physical sciences/Chemistry/Physical chemistry/Chemical properties/Salinity,journals.plos.org,10.1371/journal.pwat.0000121,Opinion,2023-04-27
10.1371/journal.pwat.0000074,2,6,https://journals.plos.org/water/article?id=10.1371/journal.pwat.0000074,PLOS Water,Multi-pathway assessment of fecal contamination in urban areas of Abidjan: The case of Abobo municipality,2023,TRUE,8,pdf; pdf; pdf; pdf; pdf; pdf; pdf; pdf,https://journals.plos.org/water/article/file?id=10.1371/journal.pwat.0000074.s001&type=supplementary; https://journals.plos.org/water/article/file?id=10.1371/journal.pwat.0000074.s002&type=supplementary; https://journals.plos.org/water/article/file?id=10.1371/journal.pwat.0000074.s003&type=supplementary; https://journals.plos.org/water/article/file?id=10.1371/journal.pwat.0000074.s004&type=supplementary; https://journals.plos.org/water/article/file?id=10.1371/journal.pwat.0000074.s005&type=supplementary; https://journals.plos.org/water/article/file?id=10.1371/journal.pwat.0000074.s006&type=supplementary; https://journals.plos.org/water/article/file?id=10.1371/journal.pwat.0000074.s007&type=supplementary; https://journals.plos.org/water/article/file?id=10.1371/journal.pwat.0000074.s008&type=supplementary,8,Phaniwa Zié Zoumana Coulibaly,"Unité de formation et de Recherche des Sciences de la Terre et des Ressources Minières, Université Félix Houphouët-Boigny, Abidjan, Côte d’Ivoire",Côte d’Ivoire,https://orcid.org/0000-0002-3096-9061,Phaniwa Zié Zoumana Coulibaly,"Unité de formation et de Recherche des Sciences de la Terre et des Ressources Minières, Université Félix Houphouët-Boigny, Abidjan, Côte d’Ivoire",Côte d’Ivoire,https://orcid.org/0000-0002-3096-9061,TRUE,The data is available in the Dryad repository on the two following links: https://doi.org/10.5061/dryad.05qfttf83 https://datadryad.org/stash/share/EkofS8ie3rSequ58-BZ1aApNz0CuVSH6BgTZ3v38aGE.,available in online repository,https://doi.org/10.5061/dryad.05qfttf83; https://datadryad.org/stash/share/EkofS8ie3rSequ58-BZ1aApNz0CuVSH6BgTZ3v38aGE; 10.5061/dryad.05qfttf83,dryad,/Biology and life sciences/Microbiology/Medical microbiology/Microbial pathogens/Bacterial pathogens/Escherichia coli; /Biology and life sciences/Nutrition/Diet/Food; /Biology and life sciences/Organisms/Bacteria/Enterobacteriaceae/Escherichia/Escherichia coli; /Biology and life sciences/Organisms/Bacteria/Gut bacteria/Escherichia/Escherichia coli; /Earth sciences/Geography/Human geography/Social geography/Neighborhoods; /Ecology and environmental sciences/Natural resources/Water resources; /Medicine and health sciences/Clinical medicine/Signs and symptoms/Poisoning/Food poisoning; /Medicine and health sciences/Epidemiology/Medical risk factors; /Medicine and health sciences/Health care/Environmental health/Sanitation; /Medicine and health sciences/Nutrition/Diet/Food; /Medicine and health sciences/Pathology and laboratory medicine/Pathogens/Microbial pathogens/Bacterial pathogens/Escherichia coli; /Medicine and health sciences/Public and occupational health/Environmental health/Sanitation; /Research and analysis methods/Animal studies/Experimental organism systems/Model organisms/Escherichia coli; /Research and analysis methods/Animal studies/Experimental organism systems/Prokaryotic models/Escherichia coli; /Research and analysis methods/Model organisms/Escherichia coli; /Social sciences/Human geography/Social geography/Neighborhoods; /Social sciences/Sociology/Education/Schools,journals.plos.org,10.1371/journal.pwat.0000074,Research Article,2023-06-30
10.1371/journal.pwat.0000073,2,7,https://journals.plos.org/water/article?id=10.1371/journal.pwat.0000073,PLOS Water,Risk assessment of drinking water intake contamination from agricultural activities using a Bayesian network,2023,TRUE,21,docx; docx; docx; docx; docx; docx; docx; docx; docx; docx; docx; docx; docx; docx; docx; docx; draft; vnd.openxmlformats-officedocument.wordprocessingml.document; pdf; vnd.openxmlformats-officedocument.wordprocessingml.document; vnd.openxmlformats-officedocument.wordprocessingml.document,https://journals.plos.org/water/article/file?id=10.1371/journal.pwat.0000073.s001&type=supplementary; https://journals.plos.org/water/article/file?id=10.1371/journal.pwat.0000073.s002&type=supplementary; https://journals.plos.org/water/article/file?id=10.1371/journal.pwat.0000073.s003&type=supplementary; https://journals.plos.org/water/article/file?id=10.1371/journal.pwat.0000073.s004&type=supplementary; https://journals.plos.org/water/article/file?id=10.1371/journal.pwat.0000073.s005&type=supplementary; https://journals.plos.org/water/article/file?id=10.1371/journal.pwat.0000073.s006&type=supplementary; https://journals.plos.org/water/article/file?id=10.1371/journal.pwat.0000073.s007&type=supplementary; https://journals.plos.org/water/article/file?id=10.1371/journal.pwat.0000073.s008&type=supplementary; https://journals.plos.org/water/article/file?id=10.1371/journal.pwat.0000073.s009&type=supplementary; https://journals.plos.org/water/article/file?id=10.1371/journal.pwat.0000073.s010&type=supplementary; https://journals.plos.org/water/article/file?id=10.1371/journal.pwat.0000073.s011&type=supplementary; https://journals.plos.org/water/article/file?id=10.1371/journal.pwat.0000073.s012&type=supplementary; https://journals.plos.org/water/article/file?id=10.1371/journal.pwat.0000073.s013&type=supplementary; https://journals.plos.org/water/article/file?id=10.1371/journal.pwat.0000073.s014&type=supplementary; https://journals.plos.org/water/article/file?id=10.1371/journal.pwat.0000073.s015&type=supplementary; https://journals.plos.org/water/article/file?id=10.1371/journal.pwat.0000073.s016&type=supplementary; https://journals.plos.org/water/article/file?id=10.1371/journal.pwat.0000073.s017&type=supplementary; https://journals.plos.org/water/article/file?id=10.1371/journal.pwat.0000073.s018&type=supplementary; https://journals.plos.org/water/article/file?id=10.1371/journal.pwat.0000073.s019&type=supplementary; https://journals.plos.org/water/article/file?id=10.1371/journal.pwat.0000073.s020&type=supplementary; https://journals.plos.org/water/article/file?id=10.1371/journal.pwat.0000073.s021&type=supplementary,11,Raja Kammoun,"Department of Civil, Geological and Mining Engineering, Polytechnique Montréal, Montreal, Quebec, Canada",Canada,https://orcid.org/0000-0002-1059-109X,Raja Kammoun,"Department of Civil, Geological and Mining Engineering, Polytechnique Montréal, Montreal, Quebec, Canada",Canada,https://orcid.org/0000-0002-1059-109X,TRUE,Data are available at Open Science Framework: https://osf.io/zyekt/?view_only=01527a99a3374a2ab7879e42ff01052b Identifier: DOI 10.17605/OSF.IO/ZYEKT.,available in online repository,https://osf.io/zyekt/?view_only=01527a99a3374a2ab7879e42ff01052b; https://doi.org/10.17605/OSF.IO/ZYEKT; 10.17605/OSF.IO/ZYEKT,osf,/Biology and life sciences/Agriculture/Animal management/Animal production; /Biology and life sciences/Agriculture/Crop science/Crops; /Earth sciences/Hydrology/Surface water; /Ecology and environmental sciences/Natural resources/Water resources; /Ecology and environmental sciences/Pollution/Water pollution; /Ecology and environmental sciences/Water quality; /Medicine and health sciences/Epidemiology/Medical risk factors; /Physical sciences/Mathematics/Probability theory/Probability distribution,journals.plos.org,10.1371/journal.pwat.0000073,Research Article,2023-07-27
10.1371/journal.pwat.0000152,2,8,https://journals.plos.org/water/article?id=10.1371/journal.pwat.0000152,PLOS Water,Public toilets have reduced enteric pathogen hazards in San Francisco,2023,TRUE,20,docx; docx; docx; docx; docx; docx; docx; docx; top; docx; docx; docx; docx; docx; docx; docx; docx; docx; docx; docx,https://journals.plos.org/water/article/file?id=10.1371/journal.pwat.0000152.s001&type=supplementary; https://journals.plos.org/water/article/file?id=10.1371/journal.pwat.0000152.s002&type=supplementary; https://journals.plos.org/water/article/file?id=10.1371/journal.pwat.0000152.s003&type=supplementary; https://journals.plos.org/water/article/file?id=10.1371/journal.pwat.0000152.s004&type=supplementary; https://journals.plos.org/water/article/file?id=10.1371/journal.pwat.0000152.s005&type=supplementary; https://journals.plos.org/water/article/file?id=10.1371/journal.pwat.0000152.s006&type=supplementary; https://journals.plos.org/water/article/file?id=10.1371/journal.pwat.0000152.s007&type=supplementary; https://journals.plos.org/water/article/file?id=10.1371/journal.pwat.0000152.s008&type=supplementary; https://journals.plos.org/water/article/file?id=10.1371/journal.pwat.0000152.s009&type=supplementary; https://journals.plos.org/water/article/file?id=10.1371/journal.pwat.0000152.s010&type=supplementary; https://journals.plos.org/water/article/file?id=10.1371/journal.pwat.0000152.s011&type=supplementary; https://journals.plos.org/water/article/file?id=10.1371/journal.pwat.0000152.s012&type=supplementary; https://journals.plos.org/water/article/file?id=10.1371/journal.pwat.0000152.s013&type=supplementary; https://journals.plos.org/water/article/file?id=10.1371/journal.pwat.0000152.s014&type=supplementary; https://journals.plos.org/water/article/file?id=10.1371/journal.pwat.0000152.s015&type=supplementary; https://journals.plos.org/water/article/file?id=10.1371/journal.pwat.0000152.s016&type=supplementary; https://journals.plos.org/water/article/file?id=10.1371/journal.pwat.0000152.s017&type=supplementary; https://journals.plos.org/water/article/file?id=10.1371/journal.pwat.0000152.s018&type=supplementary; https://journals.plos.org/water/article/file?id=10.1371/journal.pwat.0000152.s019&type=supplementary; https://journals.plos.org/water/article/file?id=10.1371/journal.pwat.0000152.s020&type=supplementary,12,Troy Barker,"Department of Environmental Sciences and Engineering, Gillings School of Global Public Health, University of North Carolina at Chapel Hill, Chapel Hill, NC, United States of America",United States of America,NA,Joe Brown,"Department of Environmental Sciences and Engineering, Gillings School of Global Public Health, University of North Carolina at Chapel Hill, Chapel Hill, NC, United States of America",United States of America,https://orcid.org/0000-0002-5200-4148,TRUE,"All data and code have been uploaded to a publicly accessible repository (Open Science Framework, OSF.io) and are available at this link: https://osf.io/3dnug/.",available in online repository,https://osf.io/3dnug/,osf,/Biology and life sciences/Biochemistry/Nucleic acids/DNA/Forms of DNA/Mitochondrial DNA; /Biology and life sciences/Genetics/DNA/Forms of DNA/Mitochondrial DNA; /Biology and life sciences/Microbiology/Medical microbiology/Microbial pathogens/Bacterial pathogens; /Biology and life sciences/Microbiology/Medical microbiology/Microbial pathogens/Bacterial pathogens/Escherichia coli; /Biology and life sciences/Microbiology/Medical microbiology/Microbial pathogens/Bacterial pathogens/Shigella; /Biology and life sciences/Organisms/Bacteria/Enterobacteriaceae/Escherichia/Escherichia coli; /Biology and life sciences/Organisms/Bacteria/Gut bacteria/Escherichia/Escherichia coli; /Biology and life sciences/Organisms/Bacteria/Shigella; /Biology and life sciences/Organisms/Eukaryota/Animals/Invertebrates/Nematoda/Trichuris; /Biology and life sciences/Organisms/Eukaryota/Protozoans/Cryptosporidium; /Biology and life sciences/Organisms/Eukaryota/Protozoans/Parasitic protozoans/Cryptosporidium; /Biology and life sciences/Zoology/Animals/Invertebrates/Nematoda/Trichuris; /Medicine and health sciences/Health care/Environmental health/Sanitation; /Medicine and health sciences/Pathology and laboratory medicine/Pathogens/Animal pathogens/Zoonotic pathogens; /Medicine and health sciences/Pathology and laboratory medicine/Pathogens/Microbial pathogens/Bacterial pathogens; /Medicine and health sciences/Pathology and laboratory medicine/Pathogens/Microbial pathogens/Bacterial pathogens/Escherichia coli; /Medicine and health sciences/Pathology and laboratory medicine/Pathogens/Microbial pathogens/Bacterial pathogens/Shigella; /Medicine and health sciences/Public and occupational health/Environmental health/Sanitation; /Research and analysis methods/Animal studies/Experimental organism systems/Model organisms/Escherichia coli; /Research and analysis methods/Animal studies/Experimental organism systems/Prokaryotic models/Escherichia coli; /Research and analysis methods/Model organisms/Escherichia coli,journals.plos.org,10.1371/journal.pwat.0000152,Research Article,2023-08-02
10.1371/journal.pwat.0000071,2,6,https://journals.plos.org/water/article?id=10.1371/journal.pwat.0000071,PLOS Water,The enabling environment for citywide water service provision: Insights from six successful cities,2023,TRUE,1,docx,https://journals.plos.org/water/article/file?id=10.1371/journal.pwat.0000071.s001&type=supplementary,4,John T. Trimmer,"The Aquaya Institute, Nairobi, Kenya",Kenya,https://orcid.org/0000-0002-4809-6684,John T. Trimmer,"The Aquaya Institute, Nairobi, Kenya",Kenya,https://orcid.org/0000-0002-4809-6684,TRUE,All data used to develop this study’s findings are included in the manuscript and supporting information.,in paper,NA,NA,/Earth sciences/Geography/Human geography/Urban geography/Cities; /Ecology and environmental sciences/Natural resources/Water resources; /Ecology and environmental sciences/Pollution/Water pollution; /Ecology and environmental sciences/Terrestrial environments/Urban environments; /Engineering and technology/Civil engineering/Urban infrastructure; /Engineering and technology/Environmental engineering/Water management; /Medicine and health sciences/Health care/Environmental health/Sanitation; /Medicine and health sciences/Public and occupational health/Environmental health/Sanitation; /Social sciences/Economics/Finance; /Social sciences/Human geography/Urban geography/Cities,journals.plos.org,10.1371/journal.pwat.0000071,Research Article,2023-06-26
10.1371/journal.pwat.0000148,2,7,https://journals.plos.org/water/article?id=10.1371/journal.pwat.0000148,PLOS Water,Road salt intrusion dynamics in an ex-urban native wetland complex,2023,TRUE,18,xlsx; xlsx; xlsx; xlsx; tif; tif; tif; tif; tif; tif; tif; tif; tif; tif; wlw; tif; tif; tif,https://journals.plos.org/water/article/file?id=10.1371/journal.pwat.0000148.s001&type=supplementary; https://journals.plos.org/water/article/file?id=10.1371/journal.pwat.0000148.s002&type=supplementary; https://journals.plos.org/water/article/file?id=10.1371/journal.pwat.0000148.s003&type=supplementary; https://journals.plos.org/water/article/file?id=10.1371/journal.pwat.0000148.s004&type=supplementary; https://journals.plos.org/water/article/file?id=10.1371/journal.pwat.0000148.s005&type=supplementary; https://journals.plos.org/water/article/file?id=10.1371/journal.pwat.0000148.s006&type=supplementary; https://journals.plos.org/water/article/file?id=10.1371/journal.pwat.0000148.s007&type=supplementary; https://journals.plos.org/water/article/file?id=10.1371/journal.pwat.0000148.s008&type=supplementary; https://journals.plos.org/water/article/file?id=10.1371/journal.pwat.0000148.s009&type=supplementary; https://journals.plos.org/water/article/file?id=10.1371/journal.pwat.0000148.s010&type=supplementary; https://journals.plos.org/water/article/file?id=10.1371/journal.pwat.0000148.s011&type=supplementary; https://journals.plos.org/water/article/file?id=10.1371/journal.pwat.0000148.s012&type=supplementary; https://journals.plos.org/water/article/file?id=10.1371/journal.pwat.0000148.s013&type=supplementary; https://journals.plos.org/water/article/file?id=10.1371/journal.pwat.0000148.s014&type=supplementary; https://journals.plos.org/water/article/file?id=10.1371/journal.pwat.0000148.s015&type=supplementary; https://journals.plos.org/water/article/file?id=10.1371/journal.pwat.0000148.s016&type=supplementary; https://journals.plos.org/water/article/file?id=10.1371/journal.pwat.0000148.s017&type=supplementary; https://journals.plos.org/water/article/file?id=10.1371/journal.pwat.0000148.s018&type=supplementary,7,Liliana M. Hernandez Gonzalez,"Department of Civil and Environmental Engineering, Northwestern University, Evanston, IL, United States of America",United States of America,https://orcid.org/0000-0002-5259-0968,Liliana M. Hernandez Gonzalez,"Department of Civil and Environmental Engineering, Northwestern University, Evanston, IL, United States of America",United States of America,https://orcid.org/0000-0002-5259-0968,TRUE,The data used in this research is publicly available at the Figshare Repository: https://doi.org/10.6084/m9.figshare.22106213.v3.,available in online repository,https://doi.org/10.6084/m9.figshare.22106213.v3; 10.6084/m9.figshare.22106213.v3,figshare,/Earth sciences/Atmospheric science/Meteorology/Rain; /Earth sciences/Geomorphology/Topography/Landforms/Wetlands; /Earth sciences/Hydrology/Surface water; /Earth sciences/Marine and aquatic sciences/Aquatic environments/Freshwater environments/Wetlands; /Ecology and environmental sciences/Aquatic environments/Freshwater environments/Wetlands; /Engineering and technology/Civil engineering/Transportation infrastructure/Roads; /Engineering and technology/Transportation/Transportation infrastructure/Roads; /Physical sciences/Chemistry/Chemical compounds/Chlorides; /Physical sciences/Materials science/Material properties/Thermal conductivity; /Physical sciences/Physics/Electricity/Electric conductivity; /Research and analysis methods/Precipitation techniques/Fractional precipitation/Salting out,journals.plos.org,10.1371/journal.pwat.0000148,Research Article,2023-07-31
10.1371/journal.pwat.0000104,2,9,https://journals.plos.org/water/article?id=10.1371/journal.pwat.0000104,PLOS Water,"Martuwarra Fitzroy River Watershed: One society, one river law",2023,FALSE,0,NA,NA,4,NA NA,NA,NA,NA,Magali McDuffie,"Education Partnerships, SAE Creative Institute, Navitas, Canberra, Australian Capital Territory, Australia",Australia,https://orcid.org/0000-0002-4628-2918,TRUE,"All data and related metadata relating to this article has been deposited in appropriate, quoted data repositories.",available in online repository,NA,NA,/Biology and life sciences/Neuroscience/Cognitive science/Cognition/Decision making; /Biology and life sciences/Neuroscience/Cognitive science/Cognitive psychology/Decision making; /Biology and life sciences/Psychology/Cognitive psychology/Decision making; /Earth sciences/Atmospheric science/Climatology/Climate change; /Earth sciences/Hydrology/Surface water; /Ecology and environmental sciences/Sustainability science; /People and places/Demography/Indigenous populations; /People and places/Geographical locations/Oceania/Australia; /People and places/Population groupings/Ethnicities/Indigenous Australian people; /Social sciences/Anthropology/Indigenous populations; /Social sciences/Psychology/Cognitive psychology/Decision making; /Social sciences/Sociology/Culture,journals.plos.org,10.1371/journal.pwat.0000104,Research Article,2023-09-12
10.1371/journal.pwat.0000183,2,11,https://journals.plos.org/water/article?id=10.1371/journal.pwat.0000183,PLOS Water,Spatiotemporal trends in particle-associated microbial communities in a chlorinated drinking water distribution system,2023,TRUE,1,xlsx,https://journals.plos.org/water/article/file?id=10.1371/journal.pwat.0000183.s001&type=supplementary,3,Madison Ferrebee,"Wadsworth Department of Civil & Environmental Engineering, West Virginia University, Morgantown, West Virginia, United States of America",United States of America,NA,Emily Garner,"Wadsworth Department of Civil & Environmental Engineering, West Virginia University, Morgantown, West Virginia, United States of America",United States of America,https://orcid.org/0000-0002-1579-155X,TRUE,Data from this study has been deposited in the National Center for Biotechnology Information’s Sequence Read Archive under BioProject PRJNA961195.,available in online repository,NA,NA,/Biology and life sciences/Biochemistry/Biomarkers; /Biology and life sciences/Microbiology/Bacteriology/Bacterial biofilms; /Biology and life sciences/Microbiology/Biofilms/Bacterial biofilms; /Biology and life sciences/Microbiology/Medical microbiology/Microbial pathogens/Bacterial pathogens; /Biology and life sciences/Microbiology/Medical microbiology/Microbial pathogens/Bacterial pathogens/Legionella/Legionella pneumophila; /Biology and life sciences/Organisms/Bacteria/Legionella/Legionella pneumophila; /Biology and life sciences/Organisms/Bacteria/Pseudomonas; /Ecology and environmental sciences/Natural resources/Water resources; /Ecology and environmental sciences/Water quality; /Engineering and technology/Environmental engineering/Water management; /Medicine and health sciences/Pathology and laboratory medicine/Pathogens/Microbial pathogens/Bacterial pathogens; /Medicine and health sciences/Pathology and laboratory medicine/Pathogens/Microbial pathogens/Bacterial pathogens/Legionella/Legionella pneumophila,journals.plos.org,10.1371/journal.pwat.0000183,Research Article,2023-11-15
10.1371/journal.pwat.0000101,2,9,https://journals.plos.org/water/article?id=10.1371/journal.pwat.0000101,PLOS Water,The future of global river health monitoring,2023,TRUE,4,rs; vnd.openxmlformats-officedocument.wordprocessingml.document; vnd.openxmlformats-officedocument.wordprocessingml.document; vnd.openxmlformats-officedocument.wordprocessingml.document,https://journals.plos.org/water/article/file?id=10.1371/journal.pwat.0000101.s001&type=supplementary; https://journals.plos.org/water/article/file?id=10.1371/journal.pwat.0000101.s002&type=supplementary; https://journals.plos.org/water/article/file?id=10.1371/journal.pwat.0000101.s003&type=supplementary; https://journals.plos.org/water/article/file?id=10.1371/journal.pwat.0000101.s004&type=supplementary,11,Lauren M. Kuehne,"Omfishient Consulting, Bremerton, Washington, United States of America",United States of America,https://orcid.org/0000-0002-0054-613X,Lauren M. Kuehne,"Omfishient Consulting, Bremerton, Washington, United States of America",United States of America,https://orcid.org/0000-0002-0054-613X,TRUE,No data is included in the paper.,in paper,NA,NA,/Biology and life sciences/Ecology/Biodiversity; /Biology and life sciences/Ecology/Ecosystems; /Earth sciences/Hydrology/Surface water; /Earth sciences/Marine and aquatic sciences/Aquatic environments/Freshwater environments/Fresh water; /Earth sciences/Marine and aquatic sciences/Aquatic environments/Freshwater environments/Rivers; /Earth sciences/Marine and aquatic sciences/Bodies of water/Rivers; /Ecology and environmental sciences/Aquatic environments/Freshwater environments/Fresh water; /Ecology and environmental sciences/Aquatic environments/Freshwater environments/Rivers; /Ecology and environmental sciences/Ecology/Biodiversity; /Ecology and environmental sciences/Ecology/Ecosystems; /Ecology and environmental sciences/Water quality; /Engineering and technology/Remote sensing; /Medicine and health sciences/Public and occupational health/Global health,journals.plos.org,10.1371/journal.pwat.0000101,Research Article,2023-09-13
10.1371/journal.pwat.0000129,2,11,https://journals.plos.org/water/article?id=10.1371/journal.pwat.0000129,PLOS Water,"A tale of two communities: Comparing user perceptions of condominial and conventional sewer systems in Salvador, Brazil",2023,TRUE,8,docx; docx; docx; pdf; dta; do; vnd.openxmlformats-officedocument.wordprocessingml.document; vnd.openxmlformats-officedocument.wordprocessingml.document,https://journals.plos.org/water/article/file?id=10.1371/journal.pwat.0000129.s001&type=supplementary; https://journals.plos.org/water/article/file?id=10.1371/journal.pwat.0000129.s002&type=supplementary; https://journals.plos.org/water/article/file?id=10.1371/journal.pwat.0000129.s003&type=supplementary; https://journals.plos.org/water/article/file?id=10.1371/journal.pwat.0000129.s004&type=supplementary; https://journals.plos.org/water/article/file?id=10.1371/journal.pwat.0000129.s005&type=supplementary; https://journals.plos.org/water/article/file?id=10.1371/journal.pwat.0000129.s006&type=supplementary; https://journals.plos.org/water/article/file?id=10.1371/journal.pwat.0000129.s007&type=supplementary; https://journals.plos.org/water/article/file?id=10.1371/journal.pwat.0000129.s008&type=supplementary,12,Fabiana Almerinda G. Palma,"Institute of Collective Health, Federal University of Bahia, Salvador, Bahia, Brazil",Brazil,https://orcid.org/0000-0002-7345-4914,Federico Costa,"Institute of Collective Health, Federal University of Bahia, Salvador, Bahia, Brazil",Brazil,NA,TRUE,"The datasets used and/or analyzed during the current study cannot be shared publicly because of personal information of participants in the survey. Researchers who wish to access the data can contact the data manager of the Oswaldo Cruz Foundation, Nivison Junior ([email removed]@gmail.com).",not shareable,NA,NA,/Ecology and environmental sciences/Natural resources/Water resources; /Engineering and technology/Civil engineering/Urban infrastructure; /Engineering and technology/Equipment/Communication equipment/Cell phones; /Engineering and technology/Sanitary engineering/Sewage; /Medicine and health sciences/Health care/Environmental health/Sanitation; /Medicine and health sciences/Health care/Quality of life; /Medicine and health sciences/Public and occupational health/Environmental health/Sanitation; /People and places/Geographical locations/South America/Brazil; /Physical sciences/Mathematics/Statistics/Statistical methods/Statistical hypothesis testing/Chi square tests; /Research and analysis methods/Mathematical and statistical techniques/Statistical methods/Statistical hypothesis testing/Chi square tests,journals.plos.org,10.1371/journal.pwat.0000129,Research Article,2023-11-06
10.1371/journal.pwat.0000166,2,8,https://journals.plos.org/water/article?id=10.1371/journal.pwat.0000166,PLOS Water,Global microbial water quality data and predictive analytics: Key to health and meeting SDG 6,2023,FALSE,0,NA,NA,8,Joan B. Rose,"Department of Fisheries and Wildlife, and Plant Soil and Microbial Sciences, Michigan State University, East Lansing, Michigan, United States of America",United States of America,https://orcid.org/0000-0002-5871-0211,Joan B. Rose,"Department of Fisheries and Wildlife, and Plant Soil and Microbial Sciences, Michigan State University, East Lansing, Michigan, United States of America",United States of America,https://orcid.org/0000-0002-5871-0211,FALSE,NA,NA,NA,NA,/Biology and life sciences/Microbiology/Medical microbiology/Microbial pathogens; /Computer and information sciences/Data management; /Computer and information sciences/Data management/Data visualization; /Earth sciences/Hydrology/Surface water; /Ecology and environmental sciences/Natural resources/Water resources; /Ecology and environmental sciences/Pollution/Water pollution; /Ecology and environmental sciences/Water quality; /Medicine and health sciences/Epidemiology/Medical risk factors; /Medicine and health sciences/Pathology and laboratory medicine/Pathogens/Microbial pathogens,journals.plos.org,10.1371/journal.pwat.0000166,Review,2023-08-23
10.1371/journal.pwat.0000140,2,10,https://journals.plos.org/water/article?id=10.1371/journal.pwat.0000140,PLOS Water,Using detrending to assess SARS-CoV-2 wastewater loads as a leading indicator of fluctuations in COVID-19 cases at fine temporal scales: Correlations across twenty sewersheds in North Carolina,2023,TRUE,27,tif; tif; tif; tif; tif; tif; tif; tif; tif; tif; tif; tif; tif; tif; tif; tif; tif; tif; tif; tif; tif; docx; docx; docx; docx; tif; vnd.openxmlformats-officedocument.wordprocessingml.document,https://journals.plos.org/water/article/file?id=10.1371/journal.pwat.0000140.s001&type=supplementary; https://journals.plos.org/water/article/file?id=10.1371/journal.pwat.0000140.s002&type=supplementary; https://journals.plos.org/water/article/file?id=10.1371/journal.pwat.0000140.s003&type=supplementary; https://journals.plos.org/water/article/file?id=10.1371/journal.pwat.0000140.s004&type=supplementary; https://journals.plos.org/water/article/file?id=10.1371/journal.pwat.0000140.s005&type=supplementary; https://journals.plos.org/water/article/file?id=10.1371/journal.pwat.0000140.s006&type=supplementary; https://journals.plos.org/water/article/file?id=10.1371/journal.pwat.0000140.s007&type=supplementary; https://journals.plos.org/water/article/file?id=10.1371/journal.pwat.0000140.s008&type=supplementary; https://journals.plos.org/water/article/file?id=10.1371/journal.pwat.0000140.s009&type=supplementary; https://journals.plos.org/water/article/file?id=10.1371/journal.pwat.0000140.s010&type=supplementary; https://journals.plos.org/water/article/file?id=10.1371/journal.pwat.0000140.s011&type=supplementary; https://journals.plos.org/water/article/file?id=10.1371/journal.pwat.0000140.s012&type=supplementary; https://journals.plos.org/water/article/file?id=10.1371/journal.pwat.0000140.s013&type=supplementary; https://journals.plos.org/water/article/file?id=10.1371/journal.pwat.0000140.s014&type=supplementary; https://journals.plos.org/water/article/file?id=10.1371/journal.pwat.0000140.s015&type=supplementary; https://journals.plos.org/water/article/file?id=10.1371/journal.pwat.0000140.s016&type=supplementary; https://journals.plos.org/water/article/file?id=10.1371/journal.pwat.0000140.s017&type=supplementary; https://journals.plos.org/water/article/file?id=10.1371/journal.pwat.0000140.s018&type=supplementary; https://journals.plos.org/water/article/file?id=10.1371/journal.pwat.0000140.s019&type=supplementary; https://journals.plos.org/water/article/file?id=10.1371/journal.pwat.0000140.s020&type=supplementary; https://journals.plos.org/water/article/file?id=10.1371/journal.pwat.0000140.s021&type=supplementary; https://journals.plos.org/water/article/file?id=10.1371/journal.pwat.0000140.s022&type=supplementary; https://journals.plos.org/water/article/file?id=10.1371/journal.pwat.0000140.s023&type=supplementary; https://journals.plos.org/water/article/file?id=10.1371/journal.pwat.0000140.s024&type=supplementary; https://journals.plos.org/water/article/file?id=10.1371/journal.pwat.0000140.s025&type=supplementary; https://journals.plos.org/water/article/file?id=10.1371/journal.pwat.0000140.s026&type=supplementary; https://journals.plos.org/water/article/file?id=10.1371/journal.pwat.0000140.s027&type=supplementary,24,Kelly Hoffman,"Department of Environmental Sciences and Engineering, University of North Carolina at Chapel Hill, Chapel Hill, North Carolina, United States of America",United States of America,https://orcid.org/0000-0003-3065-3515,Ariel Christensen,"Department of Epidemiology, University of North Carolina at Chapel Hill, Chapel Hill, North Carolina, United States of America",United States of America,https://orcid.org/0000-0003-3925-1475,TRUE,"All wastewater data and geocoded COVID-19 cases are available by date and wastewater treatment plant here - https://covid19.ncdhhs.gov/dashboard/data-behind-dashboards. Please scroll to the ""wastewater monitoring"" tab on the page. Then toggle to download the ""viral gene copies per person"" in one csv/excel file and the ""new cases per 10,000 persons"" in a csv/excel file.",available in online repository,https://covid19.ncdhhs.gov/dashboard/data-behind-dashboards,NA,/Biology and life sciences/Microbiology/Medical microbiology/Microbial pathogens/Viral pathogens/Coronaviruses/SARS coronavirus/SARS CoV 2; /Biology and life sciences/Microbiology/Virology/Viral transmission and infection/Viral load; /Biology and life sciences/Organisms/Viruses/RNA viruses/Coronaviruses/SARS coronavirus/SARS CoV 2; /Biology and life sciences/Organisms/Viruses/Viral pathogens/Coronaviruses/SARS coronavirus/SARS CoV 2; /Medicine and health sciences/Diagnostic medicine/Virus testing; /Medicine and health sciences/Epidemiology; /Medicine and health sciences/Epidemiology/Disease surveillance; /Medicine and health sciences/Medical conditions/Infectious diseases/Viral diseases/COVID 19; /Medicine and health sciences/Pathology and laboratory medicine/Pathogens/Microbial pathogens/Viral pathogens/Coronaviruses/SARS coronavirus/SARS CoV 2; /Medicine and health sciences/Public and occupational health; /People and places/Geographical locations/North America/United States/North Carolina,journals.plos.org,10.1371/journal.pwat.0000140,Research Article,2023-10-18
10.1371/journal.pwat.0000171,2,10,https://journals.plos.org/water/article?id=10.1371/journal.pwat.0000171,PLOS Water,Microbial community function and bacterial pathogen composition in pit latrines in peri-urban Malawi,2023,TRUE,9,a; a; tif; white; tif; tif; xlsx; vnd.openxmlformats-officedocument.wordprocessingml.document; vnd.openxmlformats-officedocument.wordprocessingml.document,https://journals.plos.org/water/article/file?id=10.1371/journal.pwat.0000171.s001&type=supplementary; https://journals.plos.org/water/article/file?id=10.1371/journal.pwat.0000171.s002&type=supplementary; https://journals.plos.org/water/article/file?id=10.1371/journal.pwat.0000171.s003&type=supplementary; https://journals.plos.org/water/article/file?id=10.1371/journal.pwat.0000171.s004&type=supplementary; https://journals.plos.org/water/article/file?id=10.1371/journal.pwat.0000171.s005&type=supplementary; https://journals.plos.org/water/article/file?id=10.1371/journal.pwat.0000171.s006&type=supplementary; https://journals.plos.org/water/article/file?id=10.1371/journal.pwat.0000171.s007&type=supplementary; https://journals.plos.org/water/article/file?id=10.1371/journal.pwat.0000171.s008&type=supplementary; https://journals.plos.org/water/article/file?id=10.1371/journal.pwat.0000171.s009&type=supplementary,10,Savanna K. Smith,"Department of Civil, Construction and Environmental Engineering, North Carolina State University, Raleigh, North Carolina, United States of America",United States of America,https://orcid.org/0009-0004-5195-1081,Francis L. de los Reyes,"Department of Civil, Construction and Environmental Engineering, North Carolina State University, Raleigh, North Carolina, United States of America",United States of America,https://orcid.org/0000-0002-3593-0932,TRUE,Raw sequencing data and the associated metadata is available through the National Center for Biotechnology Information (NCBI) Sequence Read Archive (SRA) database under the accession code PRJNA913150.,available in online repository,NA,NA,/Biology and life sciences/Biochemistry/Nucleic acids/RNA/Non-coding RNA/Ribosomal RNA; /Biology and life sciences/Biochemistry/Ribosomes/Ribosomal RNA; /Biology and life sciences/Cell biology/Cellular structures and organelles/Ribosomes/Ribosomal RNA; /Biology and life sciences/Ecology/Ecological metrics/Species diversity; /Biology and life sciences/Genetics/Genomics/Microbial genomics/Microbiome; /Biology and life sciences/Microbiology/Medical microbiology/Microbial pathogens; /Biology and life sciences/Microbiology/Medical microbiology/Microbial pathogens/Bacterial pathogens; /Biology and life sciences/Microbiology/Medical microbiology/Microbiome; /Biology and life sciences/Microbiology/Microbial genomics/Microbiome; /Biology and life sciences/Organisms/Archaea; /Biology and life sciences/Organisms/Archaea/Methanogens; /Ecology and environmental sciences/Ecology/Ecological metrics/Species diversity; /Medicine and health sciences/Pathology and laboratory medicine/Pathogens/Microbial pathogens; /Medicine and health sciences/Pathology and laboratory medicine/Pathogens/Microbial pathogens/Bacterial pathogens; /Physical sciences/Materials science/Materials/Sludge,journals.plos.org,10.1371/journal.pwat.0000171,Research Article,2023-10-18
10.1371/journal.pwat.0000186,2,11,https://journals.plos.org/water/article?id=10.1371/journal.pwat.0000186,PLOS Water,"Key mechanisms of a gender and socially inclusive community engagement and participatory design approach in the RISE program in Makassar, Indonesia and Suva, Fiji",2023,TRUE,3,pdf; docx; vnd.openxmlformats-officedocument.wordprocessingml.document,https://journals.plos.org/water/article/file?id=10.1371/journal.pwat.0000186.s001&type=supplementary; https://journals.plos.org/water/article/file?id=10.1371/journal.pwat.0000186.s002&type=supplementary; https://journals.plos.org/water/article/file?id=10.1371/journal.pwat.0000186.s003&type=supplementary,21,Naomi Francis,"Monash Sustainable Development Institute, Monash University, Melbourne, Victoria, Australia",Australia,https://orcid.org/0000-0002-2434-8680,Becky Batagol,"Monash Sustainable Development Institute, Monash University, Melbourne, Victoria, Australia",Australia,https://orcid.org/0000-0003-2501-8541,TRUE,All relevant data are included in the paper.,in paper,NA,NA,/Engineering and technology/Civil engineering/Urban infrastructure; /Medicine and health sciences/Epidemiology/Pandemics; /Medicine and health sciences/Health care/Environmental health/Sanitation; /Medicine and health sciences/Medical conditions/Disabilities; /Medicine and health sciences/Medical conditions/Infectious diseases/Viral diseases/COVID 19; /Medicine and health sciences/Public and occupational health/Environmental health/Sanitation; /People and places/Geographical locations/Asia/Indonesia; /People and places/Geographical locations/Oceania/Fiji; /People and places/Geographical locations/Oceania/Indonesia; /People and places/Population groupings/Age groups/Adults/Elderly,journals.plos.org,10.1371/journal.pwat.0000186,Research Article,2023-11-03
10.1371/journal.pwat.0000204,2,11,https://journals.plos.org/water/article?id=10.1371/journal.pwat.0000204,PLOS Water,"Correction: A Google Earth-GIS based approach to examine the potential of the current rainwater harvesting practices to meet water demands in Mityana district, Uganda.",2023,FALSE,0,NA,NA,6,Jamiat Nanteza,NA,NA,NA,NA,NA,NA,NA,FALSE,NA,NA,NA,NA,NA,journals.plos.org,10.1371/journal.pwat.0000204,Correction,2023-11-14
10.1371/journal.pwat.0000201,2,11,https://journals.plos.org/water/article?id=10.1371/journal.pwat.0000201,PLOS Water,How do water matrices influence QSPR models in wastewater treatment?–A case study on the sonolytic elimination of phenol derivates,2023,TRUE,1,docx,https://journals.plos.org/water/article/file?id=10.1371/journal.pwat.0000201.s001&type=supplementary,3,Judith Glienke,"Institute of Technical Chemistry and Environmental Chemistry, Friedrich Schiller University Jena, Jena, Germany",Germany,https://orcid.org/0000-0002-2277-2218,Patrick Braeutigam,"Institute of Technical Chemistry and Environmental Chemistry, Friedrich Schiller University Jena, Jena, Germany",Germany,https://orcid.org/0000-0002-3274-1271,TRUE,All underlying data for this manuscript are included in the Supporting Information file.,in paper,NA,NA,/Ecology and environmental sciences/Pollution/Water pollution; /Engineering and technology/Signal processing/Autocorrelation; /Physical sciences/Chemistry/Chemical compounds/Chlorides; /Physical sciences/Chemistry/Chemical compounds/Organic compounds/Carbohydrates/Monosaccharides/Glucose; /Physical sciences/Chemistry/Chemical compounds/Phenols; /Physical sciences/Chemistry/Chemical compounds/Salts; /Physical sciences/Chemistry/Chemical compounds/Salts/Sodium chloride; /Physical sciences/Chemistry/Chemical radicals/Hydroxyl radicals; /Physical sciences/Chemistry/Organic chemistry/Organic compounds/Carbohydrates/Monosaccharides/Glucose; /Physical sciences/Chemistry/Physical chemistry/Chemical radicals/Hydroxyl radicals; /Physical sciences/Mathematics/Statistics/Statistical methods/Autocorrelation; /Research and analysis methods/Mathematical and statistical techniques/Statistical methods/Autocorrelation,journals.plos.org,10.1371/journal.pwat.0000201,Research Article,2023-11-14
10.1371/journal.pwat.0000163,2,8,https://journals.plos.org/water/article?id=10.1371/journal.pwat.0000163,PLOS Water,Cholera risk in Lusaka: A geospatial analysis to inform improved water and sanitation provision,2023,TRUE,4,docx; vnd.openxmlformats-officedocument.wordprocessingml.document; vnd.openxmlformats-officedocument.wordprocessingml.document; vnd.openxmlformats-officedocument.wordprocessingml.document,https://journals.plos.org/water/article/file?id=10.1371/journal.pwat.0000163.s001&type=supplementary; https://journals.plos.org/water/article/file?id=10.1371/journal.pwat.0000163.s002&type=supplementary; https://journals.plos.org/water/article/file?id=10.1371/journal.pwat.0000163.s003&type=supplementary; https://journals.plos.org/water/article/file?id=10.1371/journal.pwat.0000163.s004&type=supplementary,9,Peter W. Gething,"John Curtin Distinguished Professor, Curtin School of Population Health, Faculty of Health Sciences, Curtin University, Bentley, Western Australia, Australia",Australia,NA,Sophie Ayling,"Water Global Practice, World Bank Group, Washington, DC, United States of America",United States of America,https://orcid.org/0000-0003-1109-3970,TRUE,Publicly available data is accessible on the GitHub link https://github.com/worldbank/zambia-cholera-geospatial-modelling. Cholera case data can be requested from the Zambia National Public Health Institute (ZNPHI) or the National Health Research Authority (NHRA). Email addresses for contacting officials at either institution are Mazyanga Mazaba [email removed]@znphi.co.zm and Sandra Sakala [email removed]@gmail.com respectively. Copy authors Solomon Sitinadziwe Kagulura and Sophie Ayling in any requests made.,available in online repository,https://github.com/worldbank/zambia-cholera-geospatial-modelling,github,/Earth sciences/Geography/Human geography/Urban geography/Cities; /Ecology and environmental sciences/Natural resources/Water resources; /Ecology and environmental sciences/Water quality; /Engineering and technology/Civil engineering/Urban infrastructure; /Medicine and health sciences/Epidemiology/Medical risk factors; /Medicine and health sciences/Health care/Environmental health/Sanitation; /Medicine and health sciences/Medical conditions/Infectious diseases/Bacterial diseases/Cholera; /Medicine and health sciences/Medical conditions/Tropical diseases/Neglected tropical diseases/Cholera; /Medicine and health sciences/Public and occupational health/Environmental health/Sanitation; /People and places/Geographical locations/Africa/Zambia; /Social sciences/Human geography/Urban geography/Cities,journals.plos.org,10.1371/journal.pwat.0000163,Research Article,2023-08-22
10.1371/journal.pwat.0000168,2,8,https://journals.plos.org/water/article?id=10.1371/journal.pwat.0000168,PLOS Water,Waterborne viruses in urban groundwater environments,2023,TRUE,1,tiff,https://journals.plos.org/water/article/file?id=10.1371/journal.pwat.0000168.s001&type=supplementary,1,Marta Rusiñol,"Laboratory of Viruses Contaminants of Water and Food, Departament de Genètica, Microbiologia i Estadística, Facultat de Biologia, Universitat de Barcelona, Barcelona, Catalonia, Spain",Spain,https://orcid.org/0000-0002-6546-8857,Marta Rusiñol,"Laboratory of Viruses Contaminants of Water and Food, Departament de Genètica, Microbiologia i Estadística, Facultat de Biologia, Universitat de Barcelona, Barcelona, Catalonia, Spain",Spain,https://orcid.org/0000-0002-6546-8857,FALSE,NA,NA,NA,NA,/Biology and life sciences/Microbiology/Medical microbiology/Microbial pathogens/Viral pathogens; /Biology and life sciences/Microbiology/Medical microbiology/Microbial pathogens/Viral pathogens/Hepatitis viruses/Hepatitis A virus; /Biology and life sciences/Microbiology/Virology/Viral structure/Virions; /Biology and life sciences/Organisms/Viruses/Viral pathogens; /Biology and life sciences/Organisms/Viruses/Viral pathogens/Hepatitis viruses/Hepatitis A virus; /Ecology and environmental sciences/Natural resources/Water resources; /Ecology and environmental sciences/Terrestrial environments/Urban environments; /Engineering and technology/Sanitary engineering/Sewage; /Medicine and health sciences/Epidemiology; /Medicine and health sciences/Pathology and laboratory medicine/Pathogens/Microbial pathogens/Viral pathogens; /Medicine and health sciences/Pathology and laboratory medicine/Pathogens/Microbial pathogens/Viral pathogens/Hepatitis viruses/Hepatitis A virus; /Physical sciences/Chemistry/Physical chemistry/Sorption/Adsorption,journals.plos.org,10.1371/journal.pwat.0000168,Review,2023-08-17
10.1371/journal.pwat.0000202,2,10,https://journals.plos.org/water/article?id=10.1371/journal.pwat.0000202,PLOS Water,Safe and sustainable water in cities,2023,FALSE,0,NA,NA,2,Abishek Sankara Narayan,"Department of Sanitation, Water and Solid Waste for Development, Swiss Federal Institute of Aquatic Science and Technology (Eawag), Dübendorf, Switzerland",Switzerland,https://orcid.org/0000-0003-3941-5177,Abishek Sankara Narayan,"Department of Sanitation, Water and Solid Waste for Development, Swiss Federal Institute of Aquatic Science and Technology (Eawag), Dübendorf, Switzerland",Switzerland,https://orcid.org/0000-0003-3941-5177,FALSE,NA,NA,NA,NA,/Biology and life sciences/Microbiology/Microbial control/Antimicrobial resistance/Antibiotic resistance; /Earth sciences/Geography/Human geography/Urban geography/Cities; /Ecology and environmental sciences/Natural resources/Water resources; /Ecology and environmental sciences/Pollution/Water pollution; /Ecology and environmental sciences/Terrestrial environments/Urban environments; /Ecology and environmental sciences/Water quality; /Engineering and technology/Environmental engineering/Water management; /Medicine and health sciences/Health care/Environmental health/Sanitation; /Medicine and health sciences/Pharmacology/Antimicrobial resistance/Antibiotic resistance; /Medicine and health sciences/Public and occupational health/Environmental health/Sanitation; /Social sciences/Human geography/Urban geography/Cities,journals.plos.org,10.1371/journal.pwat.0000202,Editorial,2023-10-30
10.1371/journal.pwat.0000127,3,2,https://journals.plos.org/water/article?id=10.1371/journal.pwat.0000127,PLOS Water,"Household, neighbourhood and service provider risk factors for piped drinking-water intermittency in urban and peri-urban Zambia: A cross-sectional analysis",2024,TRUE,21,tif; tif; tif; tif; tif; tif; tif; tif; tif; tif; tif; tif; tif; tif; tif; tif; tif; tif; tif; tif; 7z,https://journals.plos.org/water/article/file?id=10.1371/journal.pwat.0000127.s001&type=supplementary; https://journals.plos.org/water/article/file?id=10.1371/journal.pwat.0000127.s002&type=supplementary; https://journals.plos.org/water/article/file?id=10.1371/journal.pwat.0000127.s003&type=supplementary; https://journals.plos.org/water/article/file?id=10.1371/journal.pwat.0000127.s004&type=supplementary; https://journals.plos.org/water/article/file?id=10.1371/journal.pwat.0000127.s005&type=supplementary; https://journals.plos.org/water/article/file?id=10.1371/journal.pwat.0000127.s006&type=supplementary; https://journals.plos.org/water/article/file?id=10.1371/journal.pwat.0000127.s007&type=supplementary; https://journals.plos.org/water/article/file?id=10.1371/journal.pwat.0000127.s008&type=supplementary; https://journals.plos.org/water/article/file?id=10.1371/journal.pwat.0000127.s009&type=supplementary; https://journals.plos.org/water/article/file?id=10.1371/journal.pwat.0000127.s010&type=supplementary; https://journals.plos.org/water/article/file?id=10.1371/journal.pwat.0000127.s011&type=supplementary; https://journals.plos.org/water/article/file?id=10.1371/journal.pwat.0000127.s012&type=supplementary; https://journals.plos.org/water/article/file?id=10.1371/journal.pwat.0000127.s013&type=supplementary; https://journals.plos.org/water/article/file?id=10.1371/journal.pwat.0000127.s014&type=supplementary; https://journals.plos.org/water/article/file?id=10.1371/journal.pwat.0000127.s015&type=supplementary; https://journals.plos.org/water/article/file?id=10.1371/journal.pwat.0000127.s016&type=supplementary; https://journals.plos.org/water/article/file?id=10.1371/journal.pwat.0000127.s017&type=supplementary; https://journals.plos.org/water/article/file?id=10.1371/journal.pwat.0000127.s018&type=supplementary; https://journals.plos.org/water/article/file?id=10.1371/journal.pwat.0000127.s019&type=supplementary; https://journals.plos.org/water/article/file?id=10.1371/journal.pwat.0000127.s020&type=supplementary; https://journals.plos.org/water/article/file?id=10.1371/journal.pwat.0000127.s021&type=supplementary,4,Mair L. H. Thomas-Possee,"Geography and Environmental Science, University of Southampton, Southampton, United Kingdom",United Kingdom of Great Britain and Northern Ireland,https://orcid.org/0000-0003-1899-2434,Mair L. H. Thomas-Possee,"Geography and Environmental Science, University of Southampton, Southampton, United Kingdom",United Kingdom of Great Britain and Northern Ireland,https://orcid.org/0000-0003-1899-2434,TRUE,The original contributions presented in the study are publicly available. The data can be found at the following: Service provider data can be accessed at: https://database.ib-net.org/countries_results?ctry=29&years=2018&type=report&ent=country&mult=true&report=1&table=true&chart=false&chartType=column&lang=EN&exch=1. 2018 DHS data is available on application via the public repository: https://dhsprogram.com/methodology/survey/survey-display-542.cfm. Regulator data is openly available and can be extracted from the following report: https://www.nwasco.org.zm/index.php/media-center/publications/water-supply-and-sanitation-sector-reports. All code and publicly available data has been provided as supplementary materials to allow full transparency and replication of the analysis that has been undertaken.,available in online repository,https://database.ib-net.org/countries_results?ctry=29&years=2018&type=report&ent=country&mult=true&report=1&table=true&chart=false&chartType=column&lang=EN&exch=1; https://dhsprogram.com/methodology/survey/survey-display-542.cfm; https://www.nwasco.org.zm/index.php/media-center/publications/water-supply-and-sanitation-sector-reports,dhs program,/Biology and life sciences/Neuroscience/Cognitive science/Cognitive psychology/Language; /Biology and life sciences/Psychology/Cognitive psychology/Language; /Earth sciences/Geography/Human geography/Social geography/Neighborhoods; /Earth sciences/Geography/Human geography/Urban geography/Urbanization; /Ecology and environmental sciences/Natural resources/Water resources; /Engineering and technology/Environmental engineering/Water management; /Medicine and health sciences/Health care/Environmental health/Sanitation; /Medicine and health sciences/Public and occupational health/Environmental health/Sanitation; /People and places/Geographical locations/Africa/Zambia; /Research and analysis methods/Research design/Survey research/Surveys; /Social sciences/Human geography/Social geography/Neighborhoods; /Social sciences/Human geography/Urban geography/Urbanization; /Social sciences/Psychology/Cognitive psychology/Language,journals.plos.org,10.1371/journal.pwat.0000127,Research Article,2024-02-05
10.1371/journal.pwat.0000224,3,2,https://journals.plos.org/water/article?id=10.1371/journal.pwat.0000224,PLOS Water,Simultaneous detection and quantification of multiple pathogen targets in wastewater,2024,TRUE,20,docx; docx; docx; docx; docx; docx; docx; docx; docx; docx; docx; docx; docx; docx; docx; docx; docx; docx; docx; docx,https://journals.plos.org/water/article/file?id=10.1371/journal.pwat.0000224.s001&type=supplementary; https://journals.plos.org/water/article/file?id=10.1371/journal.pwat.0000224.s002&type=supplementary; https://journals.plos.org/water/article/file?id=10.1371/journal.pwat.0000224.s003&type=supplementary; https://journals.plos.org/water/article/file?id=10.1371/journal.pwat.0000224.s004&type=supplementary; https://journals.plos.org/water/article/file?id=10.1371/journal.pwat.0000224.s005&type=supplementary; https://journals.plos.org/water/article/file?id=10.1371/journal.pwat.0000224.s006&type=supplementary; https://journals.plos.org/water/article/file?id=10.1371/journal.pwat.0000224.s007&type=supplementary; https://journals.plos.org/water/article/file?id=10.1371/journal.pwat.0000224.s008&type=supplementary; https://journals.plos.org/water/article/file?id=10.1371/journal.pwat.0000224.s009&type=supplementary; https://journals.plos.org/water/article/file?id=10.1371/journal.pwat.0000224.s010&type=supplementary; https://journals.plos.org/water/article/file?id=10.1371/journal.pwat.0000224.s011&type=supplementary; https://journals.plos.org/water/article/file?id=10.1371/journal.pwat.0000224.s012&type=supplementary; https://journals.plos.org/water/article/file?id=10.1371/journal.pwat.0000224.s013&type=supplementary; https://journals.plos.org/water/article/file?id=10.1371/journal.pwat.0000224.s014&type=supplementary; https://journals.plos.org/water/article/file?id=10.1371/journal.pwat.0000224.s015&type=supplementary; https://journals.plos.org/water/article/file?id=10.1371/journal.pwat.0000224.s016&type=supplementary; https://journals.plos.org/water/article/file?id=10.1371/journal.pwat.0000224.s017&type=supplementary; https://journals.plos.org/water/article/file?id=10.1371/journal.pwat.0000224.s018&type=supplementary; https://journals.plos.org/water/article/file?id=10.1371/journal.pwat.0000224.s019&type=supplementary; https://journals.plos.org/water/article/file?id=10.1371/journal.pwat.0000224.s020&type=supplementary,11,Gouthami Rao,"Department of Environmental Sciences and Engineering, Gillings School of Public Health, University of North Carolina at Chapel Hill, Chapel Hill, North Carolina, United States of America",United States of America,NA,Joe Brown,"Department of Environmental Sciences and Engineering, Gillings School of Public Health, University of North Carolina at Chapel Hill, Chapel Hill, North Carolina, United States of America",United States of America,https://orcid.org/0000-0002-5200-4148,TRUE,All data from this manuscript is available on a publicly accessible repository at Open Science Framework: https://osf.io/rg36f/.,available in online repository,https://osf.io/rg36f/,osf,/Biology and life sciences/Anatomy/Body fluids/Milk; /Biology and life sciences/Biochemistry/Nucleic acids/DNA/Forms of DNA/Mitochondrial DNA; /Biology and life sciences/Genetics/DNA/Forms of DNA/Mitochondrial DNA; /Biology and life sciences/Microbiology/Medical microbiology/Microbial pathogens/Bacterial pathogens; /Biology and life sciences/Microbiology/Medical microbiology/Microbial pathogens/Bacterial pathogens/Escherichia coli; /Biology and life sciences/Microbiology/Medical microbiology/Microbial pathogens/Viral pathogens/Coronaviruses/SARS coronavirus/SARS CoV 2; /Biology and life sciences/Nutrition/Diet/Beverages/Milk; /Biology and life sciences/Organisms/Bacteria/Enterobacteriaceae/Escherichia/Escherichia coli; /Biology and life sciences/Organisms/Bacteria/Gut bacteria/Escherichia/Escherichia coli; /Biology and life sciences/Organisms/Viruses/RNA viruses/Coronaviruses/SARS coronavirus/SARS CoV 2; /Biology and life sciences/Organisms/Viruses/Viral pathogens/Coronaviruses/SARS coronavirus/SARS CoV 2; /Biology and life sciences/Physiology/Body fluids/Milk; /Medicine and health sciences/Anatomy/Body fluids/Milk; /Medicine and health sciences/Epidemiology/Disease surveillance/Infectious disease surveillance; /Medicine and health sciences/Medical conditions/Infectious diseases/Infectious disease control/Infectious disease surveillance; /Medicine and health sciences/Nutrition/Diet/Beverages/Milk; /Medicine and health sciences/Pathology and laboratory medicine/Pathogens; /Medicine and health sciences/Pathology and laboratory medicine/Pathogens/Microbial pathogens/Bacterial pathogens; /Medicine and health sciences/Pathology and laboratory medicine/Pathogens/Microbial pathogens/Bacterial pathogens/Escherichia coli; /Medicine and health sciences/Pathology and laboratory medicine/Pathogens/Microbial pathogens/Viral pathogens/Coronaviruses/SARS coronavirus/SARS CoV 2; /Medicine and health sciences/Public and occupational health; /Research and analysis methods/Animal studies/Experimental organism systems/Model organisms/Escherichia coli; /Research and analysis methods/Animal studies/Experimental organism systems/Prokaryotic models/Escherichia coli; /Research and analysis methods/Model organisms/Escherichia coli,journals.plos.org,10.1371/journal.pwat.0000224,Research Article,2024-02-01
10.1371/journal.pwat.0000209,3,2,https://journals.plos.org/water/article?id=10.1371/journal.pwat.0000209,PLOS Water,Precipitation impacts the physicochemical water quality and abundance of microbial source tracking markers in urban Texas watersheds,2024,TRUE,12,tif; docx; docx; docx; docx; docx; docx; docx; docx; docx; docx; docx,https://journals.plos.org/water/article/file?id=10.1371/journal.pwat.0000209.s001&type=supplementary; https://journals.plos.org/water/article/file?id=10.1371/journal.pwat.0000209.s002&type=supplementary; https://journals.plos.org/water/article/file?id=10.1371/journal.pwat.0000209.s003&type=supplementary; https://journals.plos.org/water/article/file?id=10.1371/journal.pwat.0000209.s004&type=supplementary; https://journals.plos.org/water/article/file?id=10.1371/journal.pwat.0000209.s005&type=supplementary; https://journals.plos.org/water/article/file?id=10.1371/journal.pwat.0000209.s006&type=supplementary; https://journals.plos.org/water/article/file?id=10.1371/journal.pwat.0000209.s007&type=supplementary; https://journals.plos.org/water/article/file?id=10.1371/journal.pwat.0000209.s008&type=supplementary; https://journals.plos.org/water/article/file?id=10.1371/journal.pwat.0000209.s009&type=supplementary; https://journals.plos.org/water/article/file?id=10.1371/journal.pwat.0000209.s010&type=supplementary; https://journals.plos.org/water/article/file?id=10.1371/journal.pwat.0000209.s011&type=supplementary; https://journals.plos.org/water/article/file?id=10.1371/journal.pwat.0000209.s012&type=supplementary,7,Kiran Kumar Vadde,"School of Civil & Environmental Engineering, and Construction Management, University of Texas at San Antonio, San Antonio, Texas, United States of America",United States of America,https://orcid.org/0000-0002-3946-1918,Vikram Kapoor,"School of Civil & Environmental Engineering, and Construction Management, University of Texas at San Antonio, San Antonio, Texas, United States of America",United States of America,https://orcid.org/0000-0002-7159-0883,TRUE,All relevant data is included in the Supporting Information file.,in paper,NA,NA,/Biology and life sciences/Microbiology/Medical microbiology/Microbial pathogens/Bacterial pathogens/Escherichia coli; /Biology and life sciences/Organisms/Bacteria/Enterobacteriaceae/Escherichia/Escherichia coli; /Biology and life sciences/Organisms/Bacteria/Gut bacteria/Escherichia/Escherichia coli; /Biology and life sciences/Organisms/Eukaryota/Animals/Vertebrates/Amniotes/Mammals/Dogs; /Biology and life sciences/Organisms/Eukaryota/Animals/Vertebrates/Amniotes/Mammals/Ruminants; /Biology and life sciences/Zoology/Animals/Vertebrates/Amniotes/Mammals/Dogs; /Biology and life sciences/Zoology/Animals/Vertebrates/Amniotes/Mammals/Ruminants; /Earth sciences/Hydrology/Surface water; /Earth sciences/Marine and aquatic sciences/Bodies of water/Ponds; /Ecology and environmental sciences/Pollution/Water pollution; /Ecology and environmental sciences/Water quality; /Medicine and health sciences/Epidemiology/Medical risk factors; /Medicine and health sciences/Pathology and laboratory medicine/Pathogens/Microbial pathogens/Bacterial pathogens/Escherichia coli; /Research and analysis methods/Animal studies/Experimental organism systems/Model organisms/Escherichia coli; /Research and analysis methods/Animal studies/Experimental organism systems/Prokaryotic models/Escherichia coli; /Research and analysis methods/Model organisms/Escherichia coli,journals.plos.org,10.1371/journal.pwat.0000209,Research Article,2024-02-01
10.1371/journal.pwat.0000213,3,2,https://journals.plos.org/water/article?id=10.1371/journal.pwat.0000213,PLOS Water,Assessing inequalities in urban water security through geospatial analysis,2024,TRUE,2,pdf; docx,https://journals.plos.org/water/article/file?id=10.1371/journal.pwat.0000213.s001&type=supplementary; https://journals.plos.org/water/article/file?id=10.1371/journal.pwat.0000213.s002&type=supplementary,5,Juliana Marçal,"Water Innovation and Research Centre (WIRC), Department of Chemical Engineering, University of Bath, Bath, United Kingdom",United Kingdom of Great Britain and Northern Ireland,https://orcid.org/0000-0002-6843-8469,Juliana Marçal,"Water Innovation and Research Centre (WIRC), Department of Chemical Engineering, University of Bath, Bath, United Kingdom",United Kingdom of Great Britain and Northern Ireland,https://orcid.org/0000-0002-6843-8469,TRUE,All data supporting this study is free access data and the sources and collections details are provided as supplementary information accompanying this paper. The code used for the analysis and results figures is also made available at: https://github.com/J-Marcal/WSF_IneqAnalysis.,available in online repository,https://github.com/J-Marcal/WSF_IneqAnalysis,github,/Earth sciences/Geography/Geographic areas/Urban areas; /Earth sciences/Geography/Human geography/Urban geography/Cities; /Earth sciences/Geography/Human geography/Urban geography/Urban areas; /Earth sciences/Geography/Human geography/Urban geography/Urbanization; /Ecology and environmental sciences/Natural resources/Water resources; /Ecology and environmental sciences/Terrestrial environments/Urban environments; /Engineering and technology/Civil engineering/Urban infrastructure; /Engineering and technology/Sanitary engineering/Sewage; /People and places/Geographical locations/South America/Brazil; /Social sciences/Human geography/Urban geography/Cities; /Social sciences/Human geography/Urban geography/Urban areas; /Social sciences/Human geography/Urban geography/Urbanization,journals.plos.org,10.1371/journal.pwat.0000213,Research Article,2024-02-01
10.1371/journal.pwat.0000226,3,2,https://journals.plos.org/water/article?id=10.1371/journal.pwat.0000226,PLOS Water,Enhancing discharge estimation from SWOT satellite data in a tropical tidal river environment,2024,TRUE,7,pdf; green; tiff; tiff; pdf; vnd.openxmlformats-officedocument.wordprocessingml.document; pdf,https://journals.plos.org/water/article/file?id=10.1371/journal.pwat.0000226.s001&type=supplementary; https://journals.plos.org/water/article/file?id=10.1371/journal.pwat.0000226.s002&type=supplementary; https://journals.plos.org/water/article/file?id=10.1371/journal.pwat.0000226.s003&type=supplementary; https://journals.plos.org/water/article/file?id=10.1371/journal.pwat.0000226.s004&type=supplementary; https://journals.plos.org/water/article/file?id=10.1371/journal.pwat.0000226.s005&type=supplementary; https://journals.plos.org/water/article/file?id=10.1371/journal.pwat.0000226.s006&type=supplementary; https://journals.plos.org/water/article/file?id=10.1371/journal.pwat.0000226.s007&type=supplementary,8,Francisco Rodrigues do Amaral,"Université Grenoble Alpes, CNRS, INRAE, IRD, Grenoble INP, IGE, Grenoble, France",France,https://orcid.org/0009-0009-1499-6738,Francisco Rodrigues do Amaral,"Université Grenoble Alpes, CNRS, INRAE, IRD, Grenoble INP, IGE, Grenoble, France",France,https://orcid.org/0009-0009-1499-6738,TRUE,The in-situ data used in this study was acquired from the following open-access publication: https://www.sciencedirect.com/science/article/pii/S2352340923002664?via%3Dihub This data can be downloaded directly from the following public repository: https://dataverse.ird.fr/dataset.xhtml?persistentId=doi:10.23708/NKQDNB.,available in online repository,https://www.sciencedirect.com/science/article/pii/S2352340923002664?via%3Dihub; https://dataverse.ird.fr/dataset.xhtml?persistentId=doi:10.23708/NKQDNB; 10.23708/NKQDNB,dataverse,/Earth sciences/Geophysics/Tides; /Earth sciences/Hydrology/Flooding; /Earth sciences/Hydrology/Surface water; /Earth sciences/Marine and aquatic sciences/Aquatic environments/Freshwater environments/Rivers; /Earth sciences/Marine and aquatic sciences/Bodies of water/Estuaries; /Earth sciences/Marine and aquatic sciences/Bodies of water/Oceans; /Earth sciences/Marine and aquatic sciences/Bodies of water/Rivers; /Ecology and environmental sciences/Aquatic environments/Freshwater environments/Rivers; /Physical sciences/Mathematics/Numerical analysis/Interpolation; /Physical sciences/Physics/Geophysics/Tides; /Research and analysis methods/Mathematical and statistical techniques/Mathematical functions,journals.plos.org,10.1371/journal.pwat.0000226,Research Article,2024-02-12
10.1371/journal.pwat.0000106,3,4,https://journals.plos.org/water/article?id=10.1371/journal.pwat.0000106,PLOS Water,Stage and discharge prediction from documentary time-lapse imagery,2024,TRUE,3,pdf; pdf; pdf,https://journals.plos.org/water/article/file?id=10.1371/journal.pwat.0000106.s001&type=supplementary; https://journals.plos.org/water/article/file?id=10.1371/journal.pwat.0000106.s002&type=supplementary; https://journals.plos.org/water/article/file?id=10.1371/journal.pwat.0000106.s003&type=supplementary,6,Kenneth W. Chapman,"Conservation and Survey Division - School of Natural Resources, University of Nebraska - Lincoln, Lincoln, Nebraska, United States of America",United States of America,https://orcid.org/0000-0001-9940-263X,Troy E. Gilmore,"Conservation and Survey Division - School of Natural Resources, University of Nebraska - Lincoln, Lincoln, Nebraska, United States of America",United States of America,https://orcid.org/0000-0001-9939-4780,TRUE,All image feature datasets and models are available via https://doi.org/10.32873/unl.dr.20210322. Platte Basin Timelapse imagery is available to University of Nebraska personnel and collaborators for research and teaching.,available in online repository,https://doi.org/10.32873/unl.dr.20210322; 10.32873/unl.dr.20210322,NA,/Computer and information sciences/Artificial intelligence/Machine learning; /Computer and information sciences/Artificial intelligence/Machine learning/Machine learning algorithms; /Computer and information sciences/Data management/Data visualization/Infographics/Graphs; /Earth sciences/Hydrology/Surface water; /Engineering and technology/Equipment/Optical equipment/Cameras; /Engineering and technology/Signal processing/Image processing; /Physical sciences/Mathematics/Applied mathematics/Algorithms/Kalman filter; /Physical sciences/Mathematics/Applied mathematics/Algorithms/Machine learning algorithms; /Research and analysis methods/Imaging techniques; /Research and analysis methods/Simulation and modeling/Algorithms/Kalman filter; /Research and analysis methods/Simulation and modeling/Algorithms/Machine learning algorithms,journals.plos.org,10.1371/journal.pwat.0000106,Research Article,2024-04-16
10.1371/journal.pwat.0000227,3,3,https://journals.plos.org/water/article?id=10.1371/journal.pwat.0000227,PLOS Water,"Spatial and seasonal variation in disinfection byproducts concentrations in a rural public drinking water system: A case study of Martin County, Kentucky, USA",2024,TRUE,14,pdf; pdf; pdf; pdf; pdf; pdf; pdf; pdf; tiff; nhd; tiff; tiff; tiff; tiff,https://journals.plos.org/water/article/file?id=10.1371/journal.pwat.0000227.s001&type=supplementary; https://journals.plos.org/water/article/file?id=10.1371/journal.pwat.0000227.s002&type=supplementary; https://journals.plos.org/water/article/file?id=10.1371/journal.pwat.0000227.s003&type=supplementary; https://journals.plos.org/water/article/file?id=10.1371/journal.pwat.0000227.s004&type=supplementary; https://journals.plos.org/water/article/file?id=10.1371/journal.pwat.0000227.s005&type=supplementary; https://journals.plos.org/water/article/file?id=10.1371/journal.pwat.0000227.s006&type=supplementary; https://journals.plos.org/water/article/file?id=10.1371/journal.pwat.0000227.s007&type=supplementary; https://journals.plos.org/water/article/file?id=10.1371/journal.pwat.0000227.s008&type=supplementary; https://journals.plos.org/water/article/file?id=10.1371/journal.pwat.0000227.s009&type=supplementary; https://journals.plos.org/water/article/file?id=10.1371/journal.pwat.0000227.s010&type=supplementary; https://journals.plos.org/water/article/file?id=10.1371/journal.pwat.0000227.s011&type=supplementary; https://journals.plos.org/water/article/file?id=10.1371/journal.pwat.0000227.s012&type=supplementary; https://journals.plos.org/water/article/file?id=10.1371/journal.pwat.0000227.s013&type=supplementary; https://journals.plos.org/water/article/file?id=10.1371/journal.pwat.0000227.s014&type=supplementary,11,Jason M. Unrine,"Department of Plant and Soil Sciences, University of Kentucky, Lexington, Kentucky, United States of America",United States of America,https://orcid.org/0000-0003-3012-5261,Jason M. Unrine,"Department of Plant and Soil Sciences, University of Kentucky, Lexington, Kentucky, United States of America",United States of America,https://orcid.org/0000-0003-3012-5261,TRUE,"Data are available from the University of Kentucky Center for Clinical and Translational Science RedCAP data repository (https://www.ccts.uky.edu/services-resources-researchers/redcap) for researchers who meet the criteria for access to human subjects data. To access the data, please contact the database administrator, Brent Seeders ([email removed]@uky.edu) and request access to data from the Martin County Drinking Water Project.",available in online repository,https://www.ccts.uky.edu/services-resources-researchers/redcap,NA,/Earth sciences/Hydrology/Surface water; /Earth sciences/Seasons; /Earth sciences/Seasons/Summer; /Ecology and environmental sciences/Natural resources/Water resources; /People and places/Geographical locations/North America/United States/Kentucky; /Physical sciences/Chemistry/Chemical compounds/Bromides; /Physical sciences/Chemistry/Chemical elements/Chlorine; /Physical sciences/Materials science/Material properties/Thermal conductivity,journals.plos.org,10.1371/journal.pwat.0000227,Research Article,2024-03-04
10.1371/journal.pwat.0000188,3,4,https://journals.plos.org/water/article?id=10.1371/journal.pwat.0000188,PLOS Water,"Perceptions of drinking water: Understanding the role of individualized water quality data in Detroit, Michigan",2024,TRUE,16,tiff; tiff; tiff; tiff; tiff; tiff; tiff; tiff; xlsx; xlsx; xlsx; xlsx; xlsx; xlsx; docx; docx,https://journals.plos.org/water/article/file?id=10.1371/journal.pwat.0000188.s001&type=supplementary; https://journals.plos.org/water/article/file?id=10.1371/journal.pwat.0000188.s002&type=supplementary; https://journals.plos.org/water/article/file?id=10.1371/journal.pwat.0000188.s003&type=supplementary; https://journals.plos.org/water/article/file?id=10.1371/journal.pwat.0000188.s004&type=supplementary; https://journals.plos.org/water/article/file?id=10.1371/journal.pwat.0000188.s005&type=supplementary; https://journals.plos.org/water/article/file?id=10.1371/journal.pwat.0000188.s006&type=supplementary; https://journals.plos.org/water/article/file?id=10.1371/journal.pwat.0000188.s007&type=supplementary; https://journals.plos.org/water/article/file?id=10.1371/journal.pwat.0000188.s008&type=supplementary; https://journals.plos.org/water/article/file?id=10.1371/journal.pwat.0000188.s009&type=supplementary; https://journals.plos.org/water/article/file?id=10.1371/journal.pwat.0000188.s010&type=supplementary; https://journals.plos.org/water/article/file?id=10.1371/journal.pwat.0000188.s011&type=supplementary; https://journals.plos.org/water/article/file?id=10.1371/journal.pwat.0000188.s012&type=supplementary; https://journals.plos.org/water/article/file?id=10.1371/journal.pwat.0000188.s013&type=supplementary; https://journals.plos.org/water/article/file?id=10.1371/journal.pwat.0000188.s014&type=supplementary; https://journals.plos.org/water/article/file?id=10.1371/journal.pwat.0000188.s015&type=supplementary; https://journals.plos.org/water/article/file?id=10.1371/journal.pwat.0000188.s016&type=supplementary,8,Alyssa Schubert,"Civil and Environmental Engineering, University of Michigan, Ann Arbor, Michigan, United States of America",United States of America,https://orcid.org/0000-0001-9884-2289,Nancy G. Love,"Civil and Environmental Engineering, University of Michigan, Ann Arbor, Michigan, United States of America",United States of America,https://orcid.org/0000-0002-9184-2451,TRUE,All data are available at https://github.com/alyssaschubert/Alyssa-research/tree/Interview-Data.,available in online repository,https://github.com/alyssaschubert/Alyssa-research/tree/Interview-Data,github,/Biology and life sciences/Neuroscience/Cognitive science/Cognitive psychology/Perception/Sensory perception; /Biology and life sciences/Neuroscience/Sensory perception; /Biology and life sciences/Psychology/Cognitive psychology/Perception/Sensory perception; /Ecology and environmental sciences/Natural resources/Water resources; /Ecology and environmental sciences/Water quality; /Engineering and technology/Environmental engineering/Water management; /Medicine and health sciences/Epidemiology/Medical risk factors; /People and places/Geographical locations/North America/United States/Michigan; /Physical sciences/Chemistry/Chemical elements/Chlorine; /Social sciences/Psychology/Cognitive psychology/Perception/Sensory perception; /Social sciences/Sociology/Communications,journals.plos.org,10.1371/journal.pwat.0000188,Research Article,2024-04-02
10.1371/journal.pwat.0000246,3,6,https://journals.plos.org/water/article?id=10.1371/journal.pwat.0000246,PLOS Water,The water adaptation techniques atlas: A new geospatial library of solutions to water scarcity in the U.S. Southwest,2024,FALSE,0,NA,NA,11,Noah Silber-Coats,"USDA Southwest Climate Hub, Las Cruces, New Mexico, United States of America",United States of America,https://orcid.org/0000-0002-1978-0970,Noah Silber-Coats,"USDA Southwest Climate Hub, Las Cruces, New Mexico, United States of America",United States of America,https://orcid.org/0000-0002-1978-0970,TRUE,All data are available in the manuscript and on the WATA website (embed link: https://webapps.jornada.nmsu.edu/wata/).,available in online repository,https://webapps.jornada.nmsu.edu/wata/,NA,/Biology and life sciences/Agriculture; /Biology and life sciences/Agriculture/Agricultural methods/Agricultural irrigation; /Biology and life sciences/Agriculture/Crop science/Crop management; /Biology and life sciences/Agriculture/Crop science/Crops; /Biology and life sciences/Organisms/Eukaryota/Plants/Flowering plants/Medicago/Alfalfa; /Biology and life sciences/Organisms/Eukaryota/Plants/Grasses/Maize; /Biology and life sciences/Organisms/Eukaryota/Plants/Legumes/Fabaceae/Medicago/Alfalfa; /Earth sciences/Hydrology/Surface water; /Ecology and environmental sciences/Natural resources/Water resources; /Research and analysis methods/Animal studies/Experimental organism systems/Model organisms/Maize; /Research and analysis methods/Animal studies/Experimental organism systems/Plant and algal models/Maize; /Research and analysis methods/Model organisms/Maize,journals.plos.org,10.1371/journal.pwat.0000246,Research Article,2024-06-26
10.1371/journal.pwat.0000217,3,3,https://journals.plos.org/water/article?id=10.1371/journal.pwat.0000217,PLOS Water,"Research priorities for water, sanitation and hygiene (WASH) in humanitarian crises: A global prioritisation exercise",2024,TRUE,5,docx; docx; docx; docx; docx,https://journals.plos.org/water/article/file?id=10.1371/journal.pwat.0000217.s001&type=supplementary; https://journals.plos.org/water/article/file?id=10.1371/journal.pwat.0000217.s002&type=supplementary; https://journals.plos.org/water/article/file?id=10.1371/journal.pwat.0000217.s003&type=supplementary; https://journals.plos.org/water/article/file?id=10.1371/journal.pwat.0000217.s004&type=supplementary; https://journals.plos.org/water/article/file?id=10.1371/journal.pwat.0000217.s005&type=supplementary,9,Lauren D'Mello-Guyett,"Environmental Health Group, London School of Hygiene & Tropical Medicine, London, United Kingdom",United Kingdom of Great Britain and Northern Ireland,https://orcid.org/0000-0002-8174-1737,Lauren D'Mello-Guyett,"Environmental Health Group, London School of Hygiene & Tropical Medicine, London, United Kingdom",United Kingdom of Great Britain and Northern Ireland,https://orcid.org/0000-0002-8174-1737,TRUE,All data can be found in the Supplementary Materials.,in paper,NA,NA,/Biology and life sciences/Physiology/Physiological parameters/Body weight; /Earth sciences/Atmospheric science/Climatology/Climate change; /Medicine and health sciences/Epidemiology/Medical risk factors; /Medicine and health sciences/Health care/Environmental health/Sanitation; /Medicine and health sciences/Medical conditions/Disabilities; /Medicine and health sciences/Public and occupational health/Environmental health/Sanitation; /Medicine and health sciences/Public and occupational health/Hygiene; /Research and analysis methods/Research design/Survey research; /Research and analysis methods/Research design/Survey research/Surveys,journals.plos.org,10.1371/journal.pwat.0000217,Research Article,2024-03-05
10.1371/journal.pwat.0000132,3,4,https://journals.plos.org/water/article?id=10.1371/journal.pwat.0000132,PLOS Water,Complex drivers of geomorphic response and habitat formation revealed in multiyear monitoring of Cosumnes River experimental floodplain reconnection,2024,TRUE,1,pdf,https://journals.plos.org/water/article/file?id=10.1371/journal.pwat.0000132.s001&type=supplementary,2,Britne Clifton,"Environmental Systems, University of California Merced, Merced, California, United States of America",United States of America,https://orcid.org/0000-0002-1962-4660,Britne Clifton,"Environmental Systems, University of California Merced, Merced, California, United States of America",United States of America,https://orcid.org/0000-0002-1962-4660,TRUE,Data is accessible via this Dryad repository: https://doi.org/10.5061/dryad.0p2ngf26q. All data created during this study is found within the dataset. This data includes all processed and corrected data utilized for the various figures and analysis conducted in this study. Further information is available within the metadata and specific layer/data information provided with the data set.,available in online repository,https://doi.org/10.5061/dryad.0p2ngf26q; 10.5061/dryad.0p2ngf26q,dryad,/Biology and life sciences/Ecology/Ecosystems; /Biology and life sciences/Plant science/Plant anatomy/Wood; /Earth sciences/Geology/Petrology/Sediment; /Earth sciences/Geology/Sedimentary geology/Sediment; /Earth sciences/Geomorphology/Erosion; /Earth sciences/Hydrology/Flooding; /Earth sciences/Hydrology/Surface water; /Earth sciences/Marine and aquatic sciences/Aquatic environments/Freshwater environments/Rivers; /Earth sciences/Marine and aquatic sciences/Bodies of water/Rivers; /Ecology and environmental sciences/Aquatic environments/Freshwater environments/Rivers; /Ecology and environmental sciences/Ecology/Ecosystems; /Engineering and technology/Remote sensing/Lidar,journals.plos.org,10.1371/journal.pwat.0000132,Research Article,2024-04-17
10.1371/journal.pwat.0000175,3,4,https://journals.plos.org/water/article?id=10.1371/journal.pwat.0000175,PLOS Water,A study of illegal dumping near coastal zones and waterways in Grenada: Advancing waste management solutions and reducing marine litter,2024,TRUE,6,docx; docx; docx; docx; docx; docx,https://journals.plos.org/water/article/file?id=10.1371/journal.pwat.0000175.s001&type=supplementary; https://journals.plos.org/water/article/file?id=10.1371/journal.pwat.0000175.s002&type=supplementary; https://journals.plos.org/water/article/file?id=10.1371/journal.pwat.0000175.s003&type=supplementary; https://journals.plos.org/water/article/file?id=10.1371/journal.pwat.0000175.s004&type=supplementary; https://journals.plos.org/water/article/file?id=10.1371/journal.pwat.0000175.s005&type=supplementary; https://journals.plos.org/water/article/file?id=10.1371/journal.pwat.0000175.s006&type=supplementary,1,Roxanne E. D. Graham,"World Maritime University-Sasakawa Global Ocean Institute, Malmö, Sweden",Sweden,https://orcid.org/0000-0002-2613-5750,Roxanne E. D. Graham,"World Maritime University-Sasakawa Global Ocean Institute, Malmö, Sweden",Sweden,https://orcid.org/0000-0002-2613-5750,TRUE,"The author confirms that the data underpinning the findings of this study, derived from fieldwork, are accessible within the main text of the article and its supplementary materials. However, challenges arose in sharing de-identified raw data from the interviews, especially due to the small population size and tight social networks in the small Caribbean sub-region where the research was conducted. These factors significantly increase the risk of re-identification. The sensitivity of the data, involving issues like illegal dumping and its impact on communities and industries like tourism, exacerbates these risks. The information touches on the interests of various local stakeholders, potentially affecting those who benefit from or are responsible for these issues. Consequently, there are heightened concerns about the repercussions for participants if their identities become known. The ethical responsibility and the prioritization of the safety of participants have led to the decision to not publicly share the de-identified dataset. This decision is in alignment with the guidelines and requirements set forth by the World Maritime University Research Ethics Committee (WMU REC).To access the sensitive data from this study, formal requests can be submitted. Inquiries should be directed to the designated point of contact, the WMU REC. Requests should be directed to the PhD Office at WMU via email at [[email removed]@wmu.se] or through the World Maritime University-Sasakawa Global Ocean Institute at [[email removed]@wmu.se]. Each request will be evaluated on a case-by-case basis by the REC, ensuring compliance with ethical standards and participant safety. The importance of data sharing in advancing scientific knowledge is acknowledged, along with the regret for the limitations imposed in this instance. However, the ethical imperatives and the need to protect participants are paramount in the decision-making process.",in paper,NA,NA,/Biology and life sciences/Ecology/Ecosystems/Marine ecosystems; /Earth sciences/Geomorphology/Topography/Landforms/Islands; /Earth sciences/Marine and aquatic sciences/Aquatic environments/Marine environments; /Earth sciences/Marine and aquatic sciences/Bodies of water/Oceans; /Ecology and environmental sciences/Aquatic environments/Marine environments; /Ecology and environmental sciences/Ecology/Ecosystems/Marine ecosystems; /Ecology and environmental sciences/Pollution/Water pollution; /Ecology and environmental sciences/Water quality; /People and places/Geographical locations/North America/Caribbean/Grenada; /Physical sciences/Materials science/Materials/Plastics,journals.plos.org,10.1371/journal.pwat.0000175,Research Article,2024-04-01
10.1371/journal.pwat.0000257,3,6,https://journals.plos.org/water/article?id=10.1371/journal.pwat.0000257,PLOS Water,"Addressing water, sanitation and hygiene inequalities: A review of evidence, gaps, and recommendations for disability-inclusive WASH by 2030",2024,FALSE,0,NA,NA,3,Jane Wilbur,"International Centre for Evidence in Disability, London School of Hygiene & Tropical Medicine, London, United Kingdom",United Kingdom of Great Britain and Northern Ireland,https://orcid.org/0000-0002-5329-1337,Jane Wilbur,"International Centre for Evidence in Disability, London School of Hygiene & Tropical Medicine, London, United Kingdom",United Kingdom of Great Britain and Northern Ireland,https://orcid.org/0000-0002-5329-1337,FALSE,NA,NA,NA,NA,/Earth sciences/Geography/Economic geography/Low and middle income countries; /Medicine and health sciences/Health care/Caregivers; /Medicine and health sciences/Health care/Environmental health/Sanitation; /Medicine and health sciences/Health care/Socioeconomic aspects of health; /Medicine and health sciences/Medical conditions/Disabilities; /Medicine and health sciences/Public and occupational health/Environmental health/Sanitation; /Medicine and health sciences/Public and occupational health/Hygiene; /Medicine and health sciences/Public and occupational health/Socioeconomic aspects of health; /Medicine and health sciences/Urology/Incontinence; /Social sciences/Economics/Economic geography/Low and middle income countries; /Social sciences/Sociology/Education/Schools,journals.plos.org,10.1371/journal.pwat.0000257,Review,2024-06-11
10.1371/journal.pwat.0000239,3,6,https://journals.plos.org/water/article?id=10.1371/journal.pwat.0000239,PLOS Water,"Climate change, seasonality and household water security in rural Gambia: A qualitative exploration of the complex relationship between weather and water",2024,TRUE,3,docx; docx; vnd.openxmlformats-officedocument.wordprocessingml.document,https://journals.plos.org/water/article/file?id=10.1371/journal.pwat.0000239.s001&type=supplementary; https://journals.plos.org/water/article/file?id=10.1371/journal.pwat.0000239.s002&type=supplementary; https://journals.plos.org/water/article/file?id=10.1371/journal.pwat.0000239.s003&type=supplementary,8,Indira Bose,"Department of Public Health, Environments and Society, London School of Hygiene & Tropical Medicine, London, United Kingdom",United Kingdom of Great Britain and Northern Ireland,https://orcid.org/0000-0002-3045-8851,Indira Bose,"Department of Public Health, Environments and Society, London School of Hygiene & Tropical Medicine, London, United Kingdom",United Kingdom of Great Britain and Northern Ireland,https://orcid.org/0000-0002-3045-8851,TRUE,"This study was based on qualitative interviews. Excerpts of transcripts to support the analysis are provided throughout the paper. The codebook and interview guides are available in a repository referenced in the manuscript: https://datacompass.lshtm.ac.uk/id/eprint/3808/. From these documents it is possible to replicate the study. Due to privacy concerns, as this study was conducted in a small population, making the full transcripts available could make participants identifiable and breach their confidentiality. Thus, excerpts of anonymized transcripts may be requested directly from the corresponding author or from [email removed]@lshtm.ac.uk. This will be shared if we can do so whilst still protecting privacy in accordance with the ethical approval obtained from the Gambian Ethics Committee and the LSHTM Observational/Interventions Research Ethics Committee (Ref: 26658).",available in online repository,https://datacompass.lshtm.ac.uk/id/eprint/3808/,NA,/Earth sciences/Atmospheric science/Climatology/Climate change; /Earth sciences/Atmospheric science/Meteorology/Rain; /Earth sciences/Hydrology/Surface water; /Earth sciences/Seasons; /Ecology and environmental sciences/Natural resources/Water resources; /Ecology and environmental sciences/Water quality; /Medicine and health sciences/Epidemiology/Medical risk factors; /People and places/Geographical locations/Africa/Gambia,journals.plos.org,10.1371/journal.pwat.0000239,Research Article,2024-06-11
10.1371/journal.pwat.0000191,3,4,https://journals.plos.org/water/article?id=10.1371/journal.pwat.0000191,PLOS Water,Contemporary and relic waters strongly decoupled in arid alpine environments,2024,TRUE,8,tif; docx; xlsx; xlsx; xlsx; docx; vnd.openxmlformats-officedocument.wordprocessingml.document; vnd.openxmlformats-officedocument.wordprocessingml.document,https://journals.plos.org/water/article/file?id=10.1371/journal.pwat.0000191.s001&type=supplementary; https://journals.plos.org/water/article/file?id=10.1371/journal.pwat.0000191.s002&type=supplementary; https://journals.plos.org/water/article/file?id=10.1371/journal.pwat.0000191.s003&type=supplementary; https://journals.plos.org/water/article/file?id=10.1371/journal.pwat.0000191.s004&type=supplementary; https://journals.plos.org/water/article/file?id=10.1371/journal.pwat.0000191.s005&type=supplementary; https://journals.plos.org/water/article/file?id=10.1371/journal.pwat.0000191.s006&type=supplementary; https://journals.plos.org/water/article/file?id=10.1371/journal.pwat.0000191.s007&type=supplementary; https://journals.plos.org/water/article/file?id=10.1371/journal.pwat.0000191.s008&type=supplementary,6,Brendan J. Moran,"Department of Earth, Geographic, and Climate Sciences, University of Massachusetts-Amherst, Amherst, Massachusetts, United States of America",United States of America,https://orcid.org/0000-0002-9862-6241,Brendan J. Moran,"Department of Earth, Geographic, and Climate Sciences, University of Massachusetts-Amherst, Amherst, Massachusetts, United States of America",United States of America,https://orcid.org/0000-0002-9862-6241,TRUE,"All data necessary to interpret, replicate, and build upon the findings reported in this article are provided as tables in the Supporting information. The supporting information includes the raw data, data processing, and statistical results used to produce this work. Additionally, a time series of repeat sampling for tritium activities in water is shown to support the results presented in the main text.",in paper,NA,NA,/Earth sciences/Atmospheric science/Meteorology/Rain; /Earth sciences/Atmospheric science/Meteorology/Snow; /Earth sciences/Geomorphology/Topography/Landforms/Wetlands; /Earth sciences/Hydrology; /Earth sciences/Hydrology/Surface water; /Earth sciences/Marine and aquatic sciences/Aquatic environments/Freshwater environments/Wetlands; /Earth sciences/Marine and aquatic sciences/Bodies of water/Lagoons; /Ecology and environmental sciences/Aquatic environments/Freshwater environments/Wetlands; /Ecology and environmental sciences/Natural resources/Water resources; /Physical sciences/Physics/Condensed matter physics/Phase transitions/Vaporization/Evaporation,journals.plos.org,10.1371/journal.pwat.0000191,Research Article,2024-04-02
10.1371/journal.pwat.0000151,3,5,https://journals.plos.org/water/article?id=10.1371/journal.pwat.0000151,PLOS Water,Jumping up the sanitation ladder in rural Cambodia: The role of remittances and peer-to-peer pressure in adopting high-quality latrines,2024,TRUE,7,docx; docx; docx; vnd.openxmlformats-officedocument.wordprocessingml.document; pdf; vnd.openxmlformats-officedocument.wordprocessingml.document; vnd.openxmlformats-officedocument.wordprocessingml.document,https://journals.plos.org/water/article/file?id=10.1371/journal.pwat.0000151.s001&type=supplementary; https://journals.plos.org/water/article/file?id=10.1371/journal.pwat.0000151.s002&type=supplementary; https://journals.plos.org/water/article/file?id=10.1371/journal.pwat.0000151.s003&type=supplementary; https://journals.plos.org/water/article/file?id=10.1371/journal.pwat.0000151.s004&type=supplementary; https://journals.plos.org/water/article/file?id=10.1371/journal.pwat.0000151.s005&type=supplementary; https://journals.plos.org/water/article/file?id=10.1371/journal.pwat.0000151.s006&type=supplementary; https://journals.plos.org/water/article/file?id=10.1371/journal.pwat.0000151.s007&type=supplementary,7,Valentina Zuin,"United World College South Asia (UWCSEA), Singapore, Singapore",Singapore,https://orcid.org/0000-0003-1242-4751,Valentina Zuin,"United World College South Asia (UWCSEA), Singapore, Singapore",Singapore,https://orcid.org/0000-0003-1242-4751,TRUE,Available data can be found at this link: https://datadryad.org/stash/dataset/doi:10.5061/dryad.02v6wwqbf.,available in online repository,https://datadryad.org/stash/dataset/doi:10.5061/dryad.02v6wwqbf; 10.5061/dryad.02v6wwqbf,dryad,/Biology and life sciences/Physiology/Physiological processes/Defecation; /Earth sciences/Geography/Geographic areas/Rural areas; /Medicine and health sciences/Health care/Environmental health/Sanitation; /Medicine and health sciences/Public and occupational health/Environmental health/Sanitation; /People and places/Geographical locations/Asia/Cambodia; /People and places/Population groupings/Age groups/Children; /People and places/Population groupings/Families/Children; /Social sciences/Economics/Development economics/Economic growth; /Social sciences/Economics/Finance; /Social sciences/Sociology/Communications/Marketing,journals.plos.org,10.1371/journal.pwat.0000151,Research Article,2024-05-29
10.1371/journal.pwat.0000158,3,5,https://journals.plos.org/water/article?id=10.1371/journal.pwat.0000158,PLOS Water,Climate resilience of small-town water utilities in Eastern Ethiopia,2024,TRUE,2,docx; docx,https://journals.plos.org/water/article/file?id=10.1371/journal.pwat.0000158.s001&type=supplementary; https://journals.plos.org/water/article/file?id=10.1371/journal.pwat.0000158.s002&type=supplementary,6,Abraham Geremew,"School of Environmental Health, College of Health and Medical Sciences, Haramaya University, Harar, Ethiopia",Ethiopia,https://orcid.org/0000-0001-5476-9673,Abraham Geremew,"School of Environmental Health, College of Health and Medical Sciences, Haramaya University, Harar, Ethiopia",Ethiopia,https://orcid.org/0000-0001-5476-9673,TRUE,The data used for the publication are fully available as part of the submitted article.,in paper,NA,NA,/Earth sciences/Atmospheric science/Climatology/Climate change; /Earth sciences/Geography/Human geography/Urban geography/Towns; /Earth sciences/Hydrology/Flooding; /Ecology and environmental sciences/Natural resources/Water resources; /Ecology and environmental sciences/Water quality; /Engineering and technology/Environmental engineering/Water management; /People and places/Geographical locations/Africa/Ethiopia; /People and places/Population groupings/Professions/Technicians; /Science policy/Science and technology workforce/Careers in research/Technicians; /Social sciences/Human geography/Urban geography/Towns,journals.plos.org,10.1371/journal.pwat.0000158,Research Article,2024-05-06
10.1371/journal.pwat.0000230,3,3,https://journals.plos.org/water/article?id=10.1371/journal.pwat.0000230,PLOS Water,Assessing viability of <i>Escherichia coli</i> in mining-impacted surface waters,2024,TRUE,3,pdf; xlsx; tif,https://journals.plos.org/water/article/file?id=10.1371/journal.pwat.0000230.s001&type=supplementary; https://journals.plos.org/water/article/file?id=10.1371/journal.pwat.0000230.s002&type=supplementary; https://journals.plos.org/water/article/file?id=10.1371/journal.pwat.0000230.s003&type=supplementary,7,Claire McDonald,"Wadsworth Department of Civil and Environmental Engineering, West Virginia University, Morgantown, West Virginia, United States of America",United States of America,NA,Emily Garner,"Wadsworth Department of Civil and Environmental Engineering, West Virginia University, Morgantown, West Virginia, United States of America",United States of America,https://orcid.org/0000-0002-1579-155X,TRUE,All data produced for this study is available within the manuscript and the associated supplementary files.,in paper,NA,NA,/Biology and life sciences/Microbiology/Medical microbiology/Microbial pathogens/Bacterial pathogens/Escherichia coli; /Biology and life sciences/Organisms/Bacteria/Enterobacteriaceae/Escherichia/Escherichia coli; /Biology and life sciences/Organisms/Bacteria/Gut bacteria/Escherichia/Escherichia coli; /Earth sciences/Geography/Physical geography/Watersheds; /Earth sciences/Hydrology/Surface water; /Ecology and environmental sciences/Water quality; /Medicine and health sciences/Pathology and laboratory medicine/Pathogens/Microbial pathogens/Bacterial pathogens/Escherichia coli; /Physical sciences/Chemistry/Chemical elements/Aluminum; /Physical sciences/Chemistry/Chemical elements/Iron; /Research and analysis methods/Animal studies/Experimental organism systems/Model organisms/Escherichia coli; /Research and analysis methods/Animal studies/Experimental organism systems/Prokaryotic models/Escherichia coli; /Research and analysis methods/Model organisms/Escherichia coli; /Research and analysis methods/Specimen preparation and treatment/Staining/Cell staining; /Research and analysis methods/Specimen preparation and treatment/Staining/Membrane staining,journals.plos.org,10.1371/journal.pwat.0000230,Research Article,2024-03-05
10.1371/journal.pwat.0000443,5,2,https://journals.plos.org/water/article?id=10.1371/journal.pwat.0000443,PLOS Water,"Evaluating the impact of a school-based WASH intervention on household and community practices in Kuyu Woreda, Ethiopia",2026,TRUE,2,vnd.openxmlformats-officedocument.wordprocessingml.document; vnd.openxmlformats-officedocument.wordprocessingml.document,https://journals.plos.org/water/article/file?id=10.1371/journal.pwat.0000443.s001&type=supplementary; https://journals.plos.org/water/article/file?id=10.1371/journal.pwat.0000443.s002&type=supplementary,6,Kassahun Ketema,"Centre for Food Security Studies, College of Development Studies, Addis Ababa University, Addis Ababa, Ethiopia",Ethiopia,NA,Mogessie Ashenafi,"Centre for Food Security Studies, College of Development Studies, Addis Ababa University, Addis Ababa, Ethiopia",Ethiopia,https://orcid.org/0000-0002-2091-3574,TRUE,All data generated or analyzed during this study are included in this manuscript.,in paper,NA,NA,/Biology and life sciences/Physiology/Physiological processes/Defecation; /Ecology and environmental sciences/Natural resources/Water resources; /Engineering and technology/Environmental engineering/Water management; /Medicine and health sciences/Health care/Environmental health/Sanitation; /Medicine and health sciences/Public and occupational health/Environmental health/Sanitation; /Medicine and health sciences/Public and occupational health/Hygiene; /People and places/Population groupings/Educational status/Schoolchildren; /Physical sciences/Chemistry/Chemical compounds/Salts/Soaps; /Social sciences/Sociology/Education/Schools,journals.plos.org,10.1371/journal.pwat.0000443,Research Article,2026-02-23
10.1371/journal.pwat.0000509,5,3,https://journals.plos.org/water/article?id=10.1371/journal.pwat.0000509,PLOS Water,"Water supply and infrastructure challenges in rural low-Income arid and semi-arid lands (ASALs): A case study of Turkana, Kenya",2026,TRUE,2,docx; docx,https://journals.plos.org/water/article/file?id=10.1371/journal.pwat.0000509.s001&type=supplementary; https://journals.plos.org/water/article/file?id=10.1371/journal.pwat.0000509.s002&type=supplementary,4,Vivian Abungu,"Department of Civil, Construction, and Environmental Engineering, University of Alabama, Tuscaloosa, Alabama, United States of America",United States of America,https://orcid.org/0000-0003-0815-7187,Mark A. Elliott,"Department of Civil, Construction, and Environmental Engineering, University of Alabama, Tuscaloosa, Alabama, United States of America",United States of America,https://orcid.org/0000-0002-7835-0612,TRUE,All dataset for this study are available and accessible via the corresponding author’s laboratory website on the data tab: https://sites.ua.edu/melliott/data/.,available in online repository,https://sites.ua.edu/melliott/data/,NA,/Biology and life sciences/Microbiology/Medical microbiology/Microbial pathogens/Bacterial pathogens/Escherichia coli; /Biology and life sciences/Organisms/Bacteria/Enterobacteriaceae/Escherichia/Escherichia coli; /Biology and life sciences/Organisms/Bacteria/Gut bacteria/Escherichia/Escherichia coli; /Earth sciences/Hydrology/Surface water; /Earth sciences/Seasons; /Ecology and environmental sciences/Natural resources/Water resources; /Ecology and environmental sciences/Sustainability science; /Ecology and environmental sciences/Water quality; /Medicine and health sciences/Epidemiology/Medical risk factors; /Medicine and health sciences/Pathology and laboratory medicine/Pathogens/Microbial pathogens/Bacterial pathogens/Escherichia coli; /Physical sciences/Chemistry/Chemical compounds/Fluorides; /Research and analysis methods/Animal studies/Experimental organism systems/Model organisms/Escherichia coli; /Research and analysis methods/Animal studies/Experimental organism systems/Prokaryotic models/Escherichia coli; /Research and analysis methods/Model organisms/Escherichia coli,journals.plos.org,10.1371/journal.pwat.0000509,Research Article,2026-03-06
10.1371/journal.pwat.0000526,5,3,https://journals.plos.org/water/article?id=10.1371/journal.pwat.0000526,PLOS Water,How the new Dietary Guidelines for Americans may harm human and planetary health,2026,FALSE,0,NA,NA,1,Rafael Pérez-Escamilla,"Department of Social and Behavioral Sciences, Yale School of Public Health, New Haven, Connecticut, United States of America",United States of America,https://orcid.org/0000-0001-9416-8039,Rafael Pérez-Escamilla,"Department of Social and Behavioral Sciences, Yale School of Public Health, New Haven, Connecticut, United States of America",United States of America,https://orcid.org/0000-0001-9416-8039,FALSE,NA,NA,NA,NA,/Biology and life sciences/Agriculture/Animal management/Livestock; /Biology and life sciences/Agriculture/Animal products/Meat; /Biology and life sciences/Agriculture/Animal products/Meat/Beef; /Biology and life sciences/Nutrition/Diet; /Biology and life sciences/Nutrition/Diet/Food; /Biology and life sciences/Nutrition/Diet/Food/Meat; /Biology and life sciences/Nutrition/Diet/Food/Meat/Beef; /Ecology and environmental sciences/Natural resources/Water resources; /Ecology and environmental sciences/Pollution/Water pollution; /Ecology and environmental sciences/Sustainability science; /Medicine and health sciences/Nutrition/Diet; /Medicine and health sciences/Nutrition/Diet/Food; /Medicine and health sciences/Nutrition/Diet/Food/Meat; /Medicine and health sciences/Nutrition/Diet/Food/Meat/Beef,journals.plos.org,10.1371/journal.pwat.0000526,Opinion,2026-03-11
10.1371/journal.pwat.0000503,5,2,https://journals.plos.org/water/article?id=10.1371/journal.pwat.0000503,PLOS Water,"Assessment of Water, Sanitation and Hygiene (WASH) knowledge, attitudes and practices in water stressed Kenyan semi-arid landscape",2026,FALSE,0,NA,NA,6,Brian Marvis Waswala-Olewe,"Department of Environmental Studies, Geography and Planning, Maasai Mara University, Narok, Kenya",Kenya,https://orcid.org/0000-0001-9604-9746,Brian Marvis Waswala-Olewe,"Department of Environmental Studies, Geography and Planning, Maasai Mara University, Narok, Kenya",Kenya,https://orcid.org/0000-0001-9604-9746,TRUE,The data is freely and readily accessible on Zenodo (https://doi.org/10.5281/zenodo.18201487).,available in online repository,https://doi.org/10.5281/zenodo.18201487; 10.5281/zenodo.18201487,zenodo,/Biology and life sciences/Agriculture/Animal management/Livestock; /Earth sciences/Hydrology/Surface water; /Earth sciences/Seasons; /Ecology and environmental sciences/Natural resources/Water resources; /Ecology and environmental sciences/Pollution/Water pollution; /Medicine and health sciences/Health care/Environmental health/Sanitation; /Medicine and health sciences/Public and occupational health/Environmental health/Sanitation; /People and places/Geographical locations/Africa/Kenya; /Physical sciences/Chemistry/Chemical compounds/Salts/Soaps,journals.plos.org,10.1371/journal.pwat.0000503,Research Article,2026-02-23
10.1371/journal.pwat.0000420,5,2,https://journals.plos.org/water/article?id=10.1371/journal.pwat.0000420,PLOS Water,Water insecurity is associated with higher prevalence of self-reported diet-related noncommunicable disease outcomes in adults from the Mexican National Health and Nutritional Survey 2021–22,2026,TRUE,8,docx; docx; docx; docx; docx; docx; docx; vnd.openxmlformats-officedocument.wordprocessingml.document,https://journals.plos.org/water/article/file?id=10.1371/journal.pwat.0000420.s001&type=supplementary; https://journals.plos.org/water/article/file?id=10.1371/journal.pwat.0000420.s002&type=supplementary; https://journals.plos.org/water/article/file?id=10.1371/journal.pwat.0000420.s003&type=supplementary; https://journals.plos.org/water/article/file?id=10.1371/journal.pwat.0000420.s004&type=supplementary; https://journals.plos.org/water/article/file?id=10.1371/journal.pwat.0000420.s005&type=supplementary; https://journals.plos.org/water/article/file?id=10.1371/journal.pwat.0000420.s006&type=supplementary; https://journals.plos.org/water/article/file?id=10.1371/journal.pwat.0000420.s007&type=supplementary; https://journals.plos.org/water/article/file?id=10.1371/journal.pwat.0000420.s008&type=supplementary,10,Kaela Connors,"Carolina Population Center, University of North Carolina at Chapel Hill, Chapel Hill, North Carolina, United States of America",United States of America,https://orcid.org/0009-0001-6949-7583,Kaela Connors,"Carolina Population Center, University of North Carolina at Chapel Hill, Chapel Hill, North Carolina, United States of America",United States of America,https://orcid.org/0009-0001-6949-7583,TRUE,"Yes - all data are fully available without restriction; Data from the Mexican National Health and Nutrition Survey (ENSANUT-Continua) for 2021 and 2022 can be found at https://ensanut.insp.mx/encuestas/ensanutcontinua2021/descargas.php and https://ensanut.insp.mx/encuestas/ensanutcontinua2022/descargas.php, respectively.",available in online repository,https://ensanut.insp.mx/encuestas/ensanutcontinua2021/descargas.php; https://ensanut.insp.mx/encuestas/ensanutcontinua2022/descargas.php,NA,/Biology and life sciences/Nutrition/Diet; /Biology and life sciences/Nutrition/Diet/Food; /Medicine and health sciences/Endocrinology/Endocrine disorders/Diabetes mellitus; /Medicine and health sciences/Epidemiology/Medical risk factors; /Medicine and health sciences/Medical conditions/Metabolic disorders/Diabetes mellitus; /Medicine and health sciences/Medical conditions/Noncommunicable diseases; /Medicine and health sciences/Nutrition/Diet; /Medicine and health sciences/Nutrition/Diet/Food; /Medicine and health sciences/Vascular medicine/Blood pressure/Hypertension; /People and places/Geographical locations/North America/Mexico; /People and places/Population groupings/Ethnicities/Latin American people/Mexican people,journals.plos.org,10.1371/journal.pwat.0000420,Research Article,2026-02-26
10.1371/journal.pwat.0000242,3,6,https://journals.plos.org/water/article?id=10.1371/journal.pwat.0000242,PLOS Water,Public health policy impact evaluation: A potential use case for longitudinal monitoring of viruses in wastewater at small geographic scales,2024,TRUE,1,pdf,https://journals.plos.org/water/article/file?id=10.1371/journal.pwat.0000242.s001&type=supplementary,5,Elana M. G. Chan,"Department of Civil and Environmental Engineering, Stanford University, Stanford, California, United States of America",United States of America,NA,Alexandria B. Boehm,"Department of Civil and Environmental Engineering, Stanford University, Stanford, California, United States of America",United States of America,https://orcid.org/0000-0002-8162-5090,TRUE,Wastewater data are publicly available through the Stanford Digital Repository (https://doi.org/10.25740/ch598gf0783).,available in online repository,https://doi.org/10.25740/ch598gf0783; 10.25740/ch598gf0783,NA,/Biology and life sciences/Immunology/Vaccination and immunization; /Biology and life sciences/Microbiology/Medical microbiology/Microbial pathogens/Viral pathogens/Coronaviruses/SARS coronavirus/SARS CoV 2; /Biology and life sciences/Organisms/Viruses/RNA viruses/Coronaviruses/SARS coronavirus/SARS CoV 2; /Biology and life sciences/Organisms/Viruses/Viral pathogens/Coronaviruses/SARS coronavirus/SARS CoV 2; /Medicine and health sciences/Diagnostic medicine/Virus testing; /Medicine and health sciences/Epidemiology/Disease surveillance; /Medicine and health sciences/Epidemiology/Pandemics; /Medicine and health sciences/Immunology/Vaccination and immunization; /Medicine and health sciences/Medical conditions/Infectious diseases/Viral diseases/COVID 19; /Medicine and health sciences/Pathology and laboratory medicine/Pathogens/Microbial pathogens/Viral pathogens/Coronaviruses/SARS coronavirus/SARS CoV 2; /Medicine and health sciences/Public and occupational health; /Medicine and health sciences/Public and occupational health/Preventive medicine/Vaccination and immunization; /Social sciences/Political science/Public policy,journals.plos.org,10.1371/journal.pwat.0000242,Research Article,2024-06-03
10.1371/journal.pwat.0000187,3,4,https://journals.plos.org/water/article?id=10.1371/journal.pwat.0000187,PLOS Water,Long-term trial of a community-scale decentralized point-of-use drinking water treatment system,2024,TRUE,8,docx; tif; 1; docx; vnd.openxmlformats-officedocument.wordprocessingml.document; vnd.openxmlformats-officedocument.wordprocessingml.document; vnd.openxmlformats-officedocument.wordprocessingml.document; vnd.openxmlformats-officedocument.wordprocessingml.document,https://journals.plos.org/water/article/file?id=10.1371/journal.pwat.0000187.s001&type=supplementary; https://journals.plos.org/water/article/file?id=10.1371/journal.pwat.0000187.s002&type=supplementary; https://journals.plos.org/water/article/file?id=10.1371/journal.pwat.0000187.s003&type=supplementary; https://journals.plos.org/water/article/file?id=10.1371/journal.pwat.0000187.s004&type=supplementary; https://journals.plos.org/water/article/file?id=10.1371/journal.pwat.0000187.s005&type=supplementary; https://journals.plos.org/water/article/file?id=10.1371/journal.pwat.0000187.s006&type=supplementary; https://journals.plos.org/water/article/file?id=10.1371/journal.pwat.0000187.s007&type=supplementary; https://journals.plos.org/water/article/file?id=10.1371/journal.pwat.0000187.s008&type=supplementary,8,Gillian E. Clayton,"Centre for Research in Biosciences, College of Health, Science and Society, University of the West of England, Coldharbour Lane, Bristol, United Kingdom",United Kingdom of Great Britain and Northern Ireland,https://orcid.org/0000-0003-2395-3827,Darren M. Reynolds,"Centre for Research in Biosciences, College of Health, Science and Society, University of the West of England, Coldharbour Lane, Bristol, United Kingdom",United Kingdom of Great Britain and Northern Ireland,https://orcid.org/0000-0002-7002-1320,TRUE,All data generated or analysed during this study are study is included in this article and the authors have submitted the data for open access storage to the UK Centre for Ecology and Hydrology Environmental Information Data Centre open-source data repository (https://eidc.ac.uk/finddata). The open-access RStudio code used to produce Fig 2 can be found at https://github.com/rstudio/cheatsheets/blob/main/data-visualization.pdf.,available in online repository,https://eidc.ac.uk/finddata; https://github.com/rstudio/cheatsheets/blob/main/data-visualization.pdf,github,/Earth sciences/Marine and aquatic sciences/Bodies of water/Ponds; /Ecology and environmental sciences/Natural resources/Water resources; /Ecology and environmental sciences/Water quality; /Medicine and health sciences/Health care/Sanitization/Disinfection; /Medicine and health sciences/Medical conditions/Infectious diseases/Infectious disease control/Sanitization/Disinfection; /Medicine and health sciences/Public and occupational health/Preventive medicine/Sanitization/Disinfection; /Physical sciences/Chemistry/Chemical elements/Chlorine; /Physical sciences/Materials science/Material properties/Permeability; /Physical sciences/Physics/Classical mechanics/Continuum mechanics/Fluid mechanics/Fluid dynamics/Flow rate; /Research and analysis methods/Research design/Field trials,journals.plos.org,10.1371/journal.pwat.0000187,Research Article,2024-04-04
10.1371/journal.pwat.0000252,3,6,https://journals.plos.org/water/article?id=10.1371/journal.pwat.0000252,PLOS Water,Neglected second and third generation challenges of urban sanitation: A review of the marginality and exclusion dimensions of safely managed sanitation,2024,FALSE,0,NA,NA,3,Tanvi Bhatkal,"Institute of Development Studies, University of Sussex, Falmer, Brighton, United Kingdom",United Kingdom of Great Britain and Northern Ireland,https://orcid.org/0000-0002-3835-2656,Roshni Sumitra,"Institute of Development Studies, University of Sussex, Falmer, Brighton, United Kingdom",United Kingdom of Great Britain and Northern Ireland,https://orcid.org/0009-0009-1915-2323,FALSE,NA,NA,NA,NA,/Biology and life sciences/Ecology/Urban ecology; /Earth sciences/Geography/Human geography/Urban geography/Cities; /Ecology and environmental sciences/Ecology/Urban ecology; /Ecology and environmental sciences/Terrestrial environments/Urban environments; /Engineering and technology/Civil engineering/Urban infrastructure; /Medicine and health sciences/Epidemiology/Medical risk factors; /Medicine and health sciences/Health care/Environmental health/Sanitation; /Medicine and health sciences/Public and occupational health; /Medicine and health sciences/Public and occupational health/Environmental health/Sanitation; /Physical sciences/Materials science/Materials/Sludge; /Social sciences/Human geography/Urban geography/Cities,journals.plos.org,10.1371/journal.pwat.0000252,Review,2024-06-14
10.1371/journal.pwat.0000228,3,3,https://journals.plos.org/water/article?id=10.1371/journal.pwat.0000228,PLOS Water,Design of infiltration swales,2024,TRUE,1,pdf,https://journals.plos.org/water/article/file?id=10.1371/journal.pwat.0000228.s001&type=supplementary,1,David A. Chin,"Department of Chemical, Environmental, and Materials Engineering, University of Miami, Coral Gables, Florida, United States of America",United States of America,https://orcid.org/0000-0003-4530-5484,David A. Chin,"Department of Chemical, Environmental, and Materials Engineering, University of Miami, Coral Gables, Florida, United States of America",United States of America,https://orcid.org/0000-0003-4530-5484,TRUE,The results reported in this paper are all based on computer simulations following the flowcharts contained within the paper. The input data used in the simulations are all contained within the paper.,in paper,NA,NA,/Biology and life sciences/Anatomy/Body limbs/Legs/Feet/Toes; /Biology and life sciences/Bioengineering; /Earth sciences/Atmospheric science/Meteorology/Storms; /Earth sciences/Hydrology/Flooding; /Engineering and technology/Bioengineering; /Medicine and health sciences/Anatomy/Body limbs/Legs/Feet/Toes; /Physical sciences/Mathematics/Probability theory/Statistical distributions/Distribution curves; /Physical sciences/Physics/Classical mechanics/Continuum mechanics/Fluid mechanics/Fluid dynamics/Flow rate; /Research and analysis methods/Research assessment/Peer review; /Social sciences/Sociology/Education/Textbooks,journals.plos.org,10.1371/journal.pwat.0000228,Research Article,2024-03-06
10.1371/journal.pwat.0000192,3,6,https://journals.plos.org/water/article?id=10.1371/journal.pwat.0000192,PLOS Water,The paradox of production: Surface water supply drives agricultural productivity but not prosperity in California’s San Joaquin Valley,2024,TRUE,3,docx; docx; docx,https://journals.plos.org/water/article/file?id=10.1371/journal.pwat.0000192.s001&type=supplementary; https://journals.plos.org/water/article/file?id=10.1371/journal.pwat.0000192.s002&type=supplementary; https://journals.plos.org/water/article/file?id=10.1371/journal.pwat.0000192.s003&type=supplementary,2,Vicky Espinoza,"School of Engineering, University of California Merced, Merced, California, United States of America",United States of America,https://orcid.org/0000-0003-3136-2576,Vicky Espinoza,"School of Engineering, University of California Merced, Merced, California, United States of America",United States of America,https://orcid.org/0000-0003-3136-2576,TRUE,Data is publicly available via Dryad: https://doi.org/10.5061/dryad.3xsj3txnw Code is available on Github: https://github.com/vicelab/irrigation_district_analysis.,available in online repository,https://doi.org/10.5061/dryad.3xsj3txnw; https://github.com/vicelab/irrigation_district_analysis; 10.5061/dryad.3xsj3txnw,dryad; github,/Biology and life sciences/Agriculture/Agricultural methods/Agricultural irrigation; /Biology and life sciences/Agriculture/Agricultural methods/Agricultural irrigation/Surface irrigation; /Biology and life sciences/Agriculture/Crop science/Crops; /Earth sciences/Atmospheric science/Climatology/Climate change; /Earth sciences/Geomorphology/Topography/Landforms/Valleys; /Earth sciences/Hydrology/Surface water; /Ecology and environmental sciences/Natural resources/Water resources; /Engineering and technology/Environmental engineering/Water management,journals.plos.org,10.1371/journal.pwat.0000192,Research Article,2024-06-13
10.1371/journal.pwat.0000210,3,3,https://journals.plos.org/water/article?id=10.1371/journal.pwat.0000210,PLOS Water,Performance evaluation and application of host-specific <i>Bacteroidales</i> and mitochondrial DNA markers to identify sources of fecal contamination in river water in Japan,2024,TRUE,2,xlsx; xlsx,https://journals.plos.org/water/article/file?id=10.1371/journal.pwat.0000210.s001&type=supplementary; https://journals.plos.org/water/article/file?id=10.1371/journal.pwat.0000210.s002&type=supplementary,4,Bikash Malla,"Interdisciplinary Center for River Basin Environment, University of Yamanashi, Kofu, Yamanashi, Japan",Japan,https://orcid.org/0000-0003-3078-0717,Eiji Haramoto,"Interdisciplinary Center for River Basin Environment, University of Yamanashi, Kofu, Yamanashi, Japan",Japan,https://orcid.org/0000-0002-0126-0651,TRUE,All data can be found in the manuscript and the supporting information file.,in paper,NA,NA,/Biology and life sciences/Agriculture/Animal management/Animal performance; /Biology and life sciences/Biochemistry/Nucleic acids/DNA/Forms of DNA/Mitochondrial DNA; /Biology and life sciences/Genetics/DNA/Forms of DNA/Mitochondrial DNA; /Biology and life sciences/Organisms/Eukaryota/Animals/Vertebrates/Amniotes/Mammals/Bovines/Cattle; /Biology and life sciences/Organisms/Eukaryota/Animals/Vertebrates/Amniotes/Mammals/Ruminants/Cattle; /Biology and life sciences/Organisms/Eukaryota/Animals/Vertebrates/Amniotes/Mammals/Swine; /Biology and life sciences/Zoology/Animals/Vertebrates/Amniotes/Mammals/Bovines/Cattle; /Biology and life sciences/Zoology/Animals/Vertebrates/Amniotes/Mammals/Ruminants/Cattle; /Biology and life sciences/Zoology/Animals/Vertebrates/Amniotes/Mammals/Swine; /Earth sciences/Hydrology/Surface water; /Earth sciences/Marine and aquatic sciences/Aquatic environments/Freshwater environments/Rivers; /Earth sciences/Marine and aquatic sciences/Bodies of water/Rivers; /Ecology and environmental sciences/Aquatic environments/Freshwater environments/Rivers; /Ecology and environmental sciences/Pollution/Water pollution; /Engineering and technology/Sanitary engineering/Sewage,journals.plos.org,10.1371/journal.pwat.0000210,Research Article,2024-03-06
10.1371/journal.pwat.0000143,3,4,https://journals.plos.org/water/article?id=10.1371/journal.pwat.0000143,PLOS Water,"Environmental factors associated with Escherichia coli concentration at freshwater beaches on Lake Winnipeg, Manitoba, Canada",2024,TRUE,22,docx; docx; docx; docx; docx; docx; tif; tif; tif; tif; tif; tif; tif; tif; tif; tif; tif; tif; tif; tif; vnd.openxmlformats-officedocument.wordprocessingml.document; vnd.openxmlformats-officedocument.wordprocessingml.document,https://journals.plos.org/water/article/file?id=10.1371/journal.pwat.0000143.s001&type=supplementary; https://journals.plos.org/water/article/file?id=10.1371/journal.pwat.0000143.s002&type=supplementary; https://journals.plos.org/water/article/file?id=10.1371/journal.pwat.0000143.s003&type=supplementary; https://journals.plos.org/water/article/file?id=10.1371/journal.pwat.0000143.s004&type=supplementary; https://journals.plos.org/water/article/file?id=10.1371/journal.pwat.0000143.s005&type=supplementary; https://journals.plos.org/water/article/file?id=10.1371/journal.pwat.0000143.s006&type=supplementary; https://journals.plos.org/water/article/file?id=10.1371/journal.pwat.0000143.s007&type=supplementary; https://journals.plos.org/water/article/file?id=10.1371/journal.pwat.0000143.s008&type=supplementary; https://journals.plos.org/water/article/file?id=10.1371/journal.pwat.0000143.s009&type=supplementary; https://journals.plos.org/water/article/file?id=10.1371/journal.pwat.0000143.s010&type=supplementary; https://journals.plos.org/water/article/file?id=10.1371/journal.pwat.0000143.s011&type=supplementary; https://journals.plos.org/water/article/file?id=10.1371/journal.pwat.0000143.s012&type=supplementary; https://journals.plos.org/water/article/file?id=10.1371/journal.pwat.0000143.s013&type=supplementary; https://journals.plos.org/water/article/file?id=10.1371/journal.pwat.0000143.s014&type=supplementary; https://journals.plos.org/water/article/file?id=10.1371/journal.pwat.0000143.s015&type=supplementary; https://journals.plos.org/water/article/file?id=10.1371/journal.pwat.0000143.s016&type=supplementary; https://journals.plos.org/water/article/file?id=10.1371/journal.pwat.0000143.s017&type=supplementary; https://journals.plos.org/water/article/file?id=10.1371/journal.pwat.0000143.s018&type=supplementary; https://journals.plos.org/water/article/file?id=10.1371/journal.pwat.0000143.s019&type=supplementary; https://journals.plos.org/water/article/file?id=10.1371/journal.pwat.0000143.s020&type=supplementary; https://journals.plos.org/water/article/file?id=10.1371/journal.pwat.0000143.s021&type=supplementary; https://journals.plos.org/water/article/file?id=10.1371/journal.pwat.0000143.s022&type=supplementary,8,Binyam N. Desta,"School of Occupational and Public Health, Toronto Metropolitan University, Toronto, Ontario, Canada",Canada,https://orcid.org/0000-0002-1814-7487,Binyam N. Desta,"School of Occupational and Public Health, Toronto Metropolitan University, Toronto, Ontario, Canada",Canada,https://orcid.org/0000-0002-1814-7487,TRUE,"The environmental data presented in this study are openly available online from the Environment and Climate Change Canada historical data repository (https://climate.weather.gc.ca/climate_data/daily_data_e.html?hlyRange=2006-09-22%7C2022-05-10&dlyRange=2006-09-19%7C2022-05-10&mlyRange=2007-05-01%7C2007-11-01&StationID=45007&Prov=MB&urlExtension=_e.html&searchType=stnName&optLimit=yearRange&StartYear=1840&EndYear=2022&selRowPerPage=25&Line=3&searchMethod=contains&Month=5&Day=13&txtStationName=gimli&timeframe=2&Year=2022) (accessed on 5 May 2022), the Government of Canada’s Water Office (https://wateroffice.ec.gc.ca/report/historical_e.html?stn=05SA003) (accessed on 5 May 2022), the department of Oceans and Fisheries buoy (https://www.meds-sdmm.dfo-mpo.gc.ca/isdm-gdsi/waves-vagues/data-donnees/index-eng.asp) (accessed on 25 April 2022), and the NASA database of solar and meteorological parameters (https://power.larc.nasa.gov/data-access-viewer/) (accessed on 25 April 2022). Manitoba E. coli data can be requested from the Environment and Climate (Government of Manitoba; Phone number: 1-800-282-8069 (ext. 0002) and Email: [email removed]@gov.mb.ca). The study’s analysis SAS code and R script files are available at https://github.com/bndesta/ManitobaRecWater.",available in online repository,https://climate.weather.gc.ca/climate_data/daily_data_e.html?hlyRange=2006-09-22%7C2022-05-10&dlyRange=2006-09-19%7C2022-05-10&mlyRange=2007-05-01%7C2007-11-01&StationID=45007&Prov=MB&urlExtension=_e.html&searchType=stnName&optLimit=yearRange&StartYear=1840&EndYear=2022&selRowPerPage=25&Line=3&searchMethod=contains&Month=5&Day=13&txtStationName=gimli&timeframe=2&Year=2022; https://wateroffice.ec.gc.ca/report/historical_e.html?stn=05SA003; https://www.meds-sdmm.dfo-mpo.gc.ca/isdm-gdsi/waves-vagues/data-donnees/index-eng.asp; https://power.larc.nasa.gov/data-access-viewer/; https://github.com/bndesta/ManitobaRecWater,github,/Biology and life sciences/Microbiology/Medical microbiology/Microbial pathogens/Bacterial pathogens/Escherichia coli; /Biology and life sciences/Organisms/Bacteria/Enterobacteriaceae/Escherichia/Escherichia coli; /Biology and life sciences/Organisms/Bacteria/Gut bacteria/Escherichia/Escherichia coli; /Earth sciences/Atmospheric science/Meteorology/Wind; /Earth sciences/Hydrology/Surface water; /Earth sciences/Marine and aquatic sciences/Aquatic environments/Freshwater environments/Fresh water; /Ecology and environmental sciences/Aquatic environments/Freshwater environments/Fresh water; /Ecology and environmental sciences/Pollution/Water pollution; /Ecology and environmental sciences/Water quality; /Medicine and health sciences/Epidemiology/Medical risk factors; /Medicine and health sciences/Pathology and laboratory medicine/Pathogens/Microbial pathogens/Bacterial pathogens/Escherichia coli; /People and places/Geographical locations/North America/Canada/Manitoba; /Research and analysis methods/Animal studies/Experimental organism systems/Model organisms/Escherichia coli; /Research and analysis methods/Animal studies/Experimental organism systems/Prokaryotic models/Escherichia coli; /Research and analysis methods/Model organisms/Escherichia coli,journals.plos.org,10.1371/journal.pwat.0000143,Research Article,2024-04-04
10.1371/journal.pwat.0000231,3,5,https://journals.plos.org/water/article?id=10.1371/journal.pwat.0000231,PLOS Water,"Longitudinal changes in hand hygiene adherence among healthcare workers during the COVID-19 pandemic, Dominican Republic",2024,TRUE,3,docx; xlsx; vnd.openxmlformats-officedocument.wordprocessingml.document,https://journals.plos.org/water/article/file?id=10.1371/journal.pwat.0000231.s001&type=supplementary; https://journals.plos.org/water/article/file?id=10.1371/journal.pwat.0000231.s002&type=supplementary; https://journals.plos.org/water/article/file?id=10.1371/journal.pwat.0000231.s003&type=supplementary,17,C. Daniel Schnorr,"Department of Emergency Medicine, Brigham and Women’s Hospital, Harvard University, Boston, Massachusetts, United States of America",United States of America,https://orcid.org/0000-0002-2471-6383,C. Daniel Schnorr,"Department of Emergency Medicine, Brigham and Women’s Hospital, Harvard University, Boston, Massachusetts, United States of America",United States of America,https://orcid.org/0000-0002-2471-6383,TRUE,The dataset underlying all quantitative findings from this study will be made available through the PLoS Water website.,NA,NA,NA,/Earth sciences/Geography/Economic geography/Low and middle income countries; /Medicine and health sciences/Epidemiology/Medical risk factors; /Medicine and health sciences/Epidemiology/Pandemics; /Medicine and health sciences/Health care/Health care providers/Nurses; /Medicine and health sciences/Medical conditions/Infectious diseases/Viral diseases/COVID 19; /Medicine and health sciences/Public and occupational health/Hygiene; /People and places/Population groupings/Professions/Medical personnel; /People and places/Population groupings/Professions/Medical personnel/Nurses; /Physical sciences/Chemistry/Chemical compounds/Salts/Soaps; /Social sciences/Economics/Economic geography/Low and middle income countries,journals.plos.org,10.1371/journal.pwat.0000231,Research Article,2024-05-10
10.1371/journal.pwat.0000162,3,4,https://journals.plos.org/water/article?id=10.1371/journal.pwat.0000162,PLOS Water,Applying user-centered design to improve drinking water consumer confidence reports: A Baltimore case study,2024,TRUE,7,pdf; pdf; docx; pdf; xlsx; vnd.openxmlformats-officedocument.wordprocessingml.document; vnd.openxmlformats-officedocument.wordprocessingml.document,https://journals.plos.org/water/article/file?id=10.1371/journal.pwat.0000162.s001&type=supplementary; https://journals.plos.org/water/article/file?id=10.1371/journal.pwat.0000162.s002&type=supplementary; https://journals.plos.org/water/article/file?id=10.1371/journal.pwat.0000162.s003&type=supplementary; https://journals.plos.org/water/article/file?id=10.1371/journal.pwat.0000162.s004&type=supplementary; https://journals.plos.org/water/article/file?id=10.1371/journal.pwat.0000162.s005&type=supplementary; https://journals.plos.org/water/article/file?id=10.1371/journal.pwat.0000162.s006&type=supplementary; https://journals.plos.org/water/article/file?id=10.1371/journal.pwat.0000162.s007&type=supplementary,9,Mary A. Fox,"Department of Health Policy and Management, Bloomberg School of Public Health, Johns Hopkins University, Baltimore, Maryland, United States of America",United States of America,https://orcid.org/0000-0001-6895-5629,Mary A. Fox,"Department of Health Policy and Management, Bloomberg School of Public Health, Johns Hopkins University, Baltimore, Maryland, United States of America",United States of America,https://orcid.org/0000-0001-6895-5629,TRUE,"Data collected for this study included responses to interview questions, interview and small group discussion transcripts, recommendations and visual designs. Summary data from interviews, visual designs and recommendations are provided in the paper or in the supplemental files. The consent agreement approved by the Johns Hopkins Bloomberg School of Public Health Institutional Review Board for this study stated that interview and discussion transcripts would not be publicly shared; they contain potentially identifying participant information. Data queries can be sent to Robin Dranbauer at [email removed]@jhu.edu.",in paper,NA,NA,/Computer and information sciences/Data management/Data visualization/Infographics/Charts; /Earth sciences/Geography/Human geography/Social geography/Neighborhoods; /Ecology and environmental sciences/Natural resources/Water resources; /Ecology and environmental sciences/Pollution/Water pollution; /Ecology and environmental sciences/Water quality; /Engineering and technology/Technology development/Prototypes; /Medicine and health sciences/Public and occupational health; /Physical sciences/Materials science/Materials/Contaminants; /Social sciences/Human geography/Social geography/Neighborhoods,journals.plos.org,10.1371/journal.pwat.0000162,Research Article,2024-04-25
10.1371/journal.pwat.0000243,3,5,https://journals.plos.org/water/article?id=10.1371/journal.pwat.0000243,PLOS Water,"The case for shared sanitation access in informal settlements: A dialogue on science, policy, and practice integration",2024,FALSE,0,NA,NA,12,Sarah Lebu,"Department of Environmental Sciences and Engineering, University of North Carolina at Chapel Hill, Chapel Hill, North Carolina, United States of America",United States of America,https://orcid.org/0000-0002-5618-3091,Musa Manga,"Department of Environmental Sciences and Engineering, University of North Carolina at Chapel Hill, Chapel Hill, North Carolina, United States of America",United States of America,https://orcid.org/0000-0002-3317-7318,FALSE,NA,NA,NA,NA,/Biology and life sciences/Physiology/Physiological processes/Defecation; /Earth sciences/Geography/Human geography/Social geography/Neighborhoods; /Ecology and environmental sciences/Natural resources/Water resources; /Medicine and health sciences/Health care/Environmental health/Sanitation; /Medicine and health sciences/Medical conditions/Disabilities; /Medicine and health sciences/Medical humanities; /Medicine and health sciences/Public and occupational health/Environmental health/Sanitation; /Medicine and health sciences/Women's health/Maternal health/Pregnancy; /Medicine and health sciences/Women's health/Obstetrics and gynecology/Pregnancy; /Science policy; /Social sciences/Human geography/Social geography/Neighborhoods,journals.plos.org,10.1371/journal.pwat.0000243,Opinion,2024-05-10
10.1371/journal.pwat.0000102,3,7,https://journals.plos.org/water/article?id=10.1371/journal.pwat.0000102,PLOS Water,Transforming place-based management within watersheds in Fiji: The watershed interventions for systems health project,2024,TRUE,3,l; docx; docx,https://journals.plos.org/water/article/file?id=10.1371/journal.pwat.0000102.s001&type=supplementary; https://journals.plos.org/water/article/file?id=10.1371/journal.pwat.0000102.s002&type=supplementary; https://journals.plos.org/water/article/file?id=10.1371/journal.pwat.0000102.s003&type=supplementary,26,Stacy D. Jupiter,"Melanesia Program, Wildlife Conservation Society, Melanesia Program, Suva, Fiji",Fiji,https://orcid.org/0000-0001-9742-1677,Stacy D. Jupiter,"Melanesia Program, Wildlife Conservation Society, Melanesia Program, Suva, Fiji",Fiji,https://orcid.org/0000-0001-9742-1677,TRUE,"Raw data associated to the study can be accessed and visualised in Tupaia, an open-source data aggregation, analysis and visualisation platform developed by Beyond Essential Systems (BES) at https://www.tupaia.org/WISHFiji. Information and requests regarding access to data can be directed to The Ethics Office at The University of Sydney [email removed]@sydney.edu.au.",available in online repository,https://www.tupaia.org/WISHFiji,NA,/Biology and life sciences/Ecology/Community ecology/Ecological risk; /Earth sciences/Geography/Physical geography/Watersheds; /Earth sciences/Hydrology/Surface water; /Ecology and environmental sciences/Ecology/Community ecology/Ecological risk; /Ecology and environmental sciences/Natural resources/Water resources; /Ecology and environmental sciences/Water quality; /Medicine and health sciences/Epidemiology/Medical risk factors; /Medicine and health sciences/Health care/Environmental health/Sanitation; /Medicine and health sciences/Public and occupational health/Environmental health/Sanitation; /People and places/Geographical locations/Oceania/Fiji,journals.plos.org,10.1371/journal.pwat.0000102,Research Article,2024-07-01
10.1371/journal.pwat.0000261,3,7,https://journals.plos.org/water/article?id=10.1371/journal.pwat.0000261,PLOS Water,Turning global water security research into policy and action,2024,FALSE,0,NA,NA,1,Evan Thomas,"Mortenson Center in Global Engineering and Resilience, University of Colorado Boulder, Boulder, Colorado, United States of America",United States of America,https://orcid.org/0000-0003-3095-8407,Evan Thomas,"Mortenson Center in Global Engineering and Resilience, University of Colorado Boulder, Boulder, Colorado, United States of America",United States of America,https://orcid.org/0000-0003-3095-8407,FALSE,NA,NA,NA,NA,/Earth sciences/Hydrology/Surface water; /Ecology and environmental sciences/Natural resources/Water resources; /Ecology and environmental sciences/Water quality; /Engineering and technology/Civil engineering/Urban infrastructure; /Engineering and technology/Environmental engineering/Water management; /People and places/Geographical locations/North America/United States; /People and places/Geographical locations/North America/United States/Colorado; /Science policy,journals.plos.org,10.1371/journal.pwat.0000261,Opinion,2024-07-01
10.1371/journal.pwat.0000219,3,6,https://journals.plos.org/water/article?id=10.1371/journal.pwat.0000219,PLOS Water,"Water, food, and mental well-being: Associations between drinking water source, household water and food insecurity, and mental well-being of low-income pregnant women in urban Mozambique",2024,TRUE,6,docx; docx; docx; docx; docx; vnd.openxmlformats-officedocument.wordprocessingml.document,https://journals.plos.org/water/article/file?id=10.1371/journal.pwat.0000219.s001&type=supplementary; https://journals.plos.org/water/article/file?id=10.1371/journal.pwat.0000219.s002&type=supplementary; https://journals.plos.org/water/article/file?id=10.1371/journal.pwat.0000219.s003&type=supplementary; https://journals.plos.org/water/article/file?id=10.1371/journal.pwat.0000219.s004&type=supplementary; https://journals.plos.org/water/article/file?id=10.1371/journal.pwat.0000219.s005&type=supplementary; https://journals.plos.org/water/article/file?id=10.1371/journal.pwat.0000219.s006&type=supplementary,13,Lilly A. O’Brien,"Gangarosa Department of Environmental Health, Emory University, Atlanta, Georgia, United States of America",United States of America,https://orcid.org/0009-0004-1987-3706,Karen Levy,"Department of Environmental and Occupational Health Sciences, School of Public Health, University of Washington, Seattle, Washington, United States of America",United States of America,https://orcid.org/0000-0002-0968-9401,TRUE,Deidentified data and analysis code can be accessed on our project OSF (Open Science Framework) site upon publication at this link: https://osf.io/e96wd/.,available in online repository,https://osf.io/e96wd/,osf,/Biology and life sciences/Nutrition/Diet/Food; /Earth sciences/Geography/Human geography/Social geography/Neighborhoods; /Earth sciences/Hydrology/Surface water; /Ecology and environmental sciences/Natural resources/Water resources; /Engineering and technology/Environmental engineering/Water management; /Medicine and health sciences/Mental health and psychiatry; /Medicine and health sciences/Nutrition/Diet/Food; /Medicine and health sciences/Women's health/Maternal health/Pregnancy; /Medicine and health sciences/Women's health/Obstetrics and gynecology/Pregnancy; /People and places/Geographical locations/Africa/Mozambique; /Social sciences/Human geography/Social geography/Neighborhoods,journals.plos.org,10.1371/journal.pwat.0000219,Research Article,2024-06-20
10.1371/journal.pwat.0000328,4,6,https://journals.plos.org/water/article?id=10.1371/journal.pwat.0000328,PLOS Water,Ongoing mercury contamination downstream from the former New Idria Mercury Mine: Southern diablo range of the California coast ranges,2025,TRUE,7,b; pdf; pdf; b; pdf; pdf; vnd.openxmlformats-officedocument.wordprocessingml.document,https://journals.plos.org/water/article/file?id=10.1371/journal.pwat.0000328.s001&type=supplementary; https://journals.plos.org/water/article/file?id=10.1371/journal.pwat.0000328.s002&type=supplementary; https://journals.plos.org/water/article/file?id=10.1371/journal.pwat.0000328.s003&type=supplementary; https://journals.plos.org/water/article/file?id=10.1371/journal.pwat.0000328.s004&type=supplementary; https://journals.plos.org/water/article/file?id=10.1371/journal.pwat.0000328.s005&type=supplementary; https://journals.plos.org/water/article/file?id=10.1371/journal.pwat.0000328.s006&type=supplementary; https://journals.plos.org/water/article/file?id=10.1371/journal.pwat.0000328.s008&type=supplementary,12,Rachel A. Hohn,"California State University, Northridge, California, United States of America",United States of America,https://orcid.org/0009-0001-0576-8938,Rachel A. Hohn,"California State University, Northridge, California, United States of America",United States of America,https://orcid.org/0009-0001-0576-8938,TRUE,"All data reported in this manuscript are available in S1 and S2 Tables, which are being published with this manuscript as Supporting Information.",in paper,NA,NA,/Biology and life sciences/Ecology/Ecosystems; /Earth sciences/Geology/Petrology/Sediment; /Earth sciences/Geology/Sedimentary geology/Sediment; /Earth sciences/Geomorphology/Topography/Landforms/Wetlands; /Earth sciences/Marine and aquatic sciences/Aquatic environments/Freshwater environments/Wetlands; /Earth sciences/Seasons; /Ecology and environmental sciences/Aquatic environments/Freshwater environments/Wetlands; /Ecology and environmental sciences/Ecology/Ecosystems; /Ecology and environmental sciences/Water quality; /Physical sciences/Chemistry/Chemical compounds/Salts/Sulfates; /Physical sciences/Chemistry/Chemical elements/Metallic mercury; /Physical sciences/Materials science/Materials/Mixtures/Particulates,journals.plos.org,10.1371/journal.pwat.0000328,Research Article,2025-06-06
10.1371/journal.pwat.0000379,4,6,https://journals.plos.org/water/article?id=10.1371/journal.pwat.0000379,PLOS Water,How informal water markets serve the urban population: Dynamics of invisible hand in Nairobi’s water sector,2025,FALSE,0,NA,NA,3,Ivy Chumo,"African Population and Health Research Centre (APHRC), Nairobi, Kenya",Kenya,https://orcid.org/0000-0003-1235-719X,Ivy Chumo,"African Population and Health Research Centre (APHRC), Nairobi, Kenya",Kenya,https://orcid.org/0000-0003-1235-719X,TRUE,The data presented in this study are available on request from the corresponding author. The data can also be accessed at APHRC microdata portal. https://aphrc.org/microdata-portal/,available in online repository,https://aphrc.org/microdata-portal/,NA,/Earth sciences/Hydrology/Surface water; /Ecology and environmental sciences/Natural resources/Water resources; /Ecology and environmental sciences/Pollution/Water pollution; /Ecology and environmental sciences/Water quality; /Engineering and technology/Civil engineering/Urban infrastructure; /Engineering and technology/Environmental engineering/Water management; /Social sciences/Economics/Commerce/Vendors; /Social sciences/Law and legal sciences/Regulations,journals.plos.org,10.1371/journal.pwat.0000379,Research Article,2025-06-06
10.1371/journal.pwat.0000259,3,8,https://journals.plos.org/water/article?id=10.1371/journal.pwat.0000259,PLOS Water,Optimizing machine learning for water safety: A comparative analysis with dimensionality reduction and classifier performance in potability prediction,2024,TRUE,1,pdf,https://journals.plos.org/water/article/file?id=10.1371/journal.pwat.0000259.s001&type=supplementary,6,Debashis Chatterjee,"Department of Statistics, Visva Bharati, Santiniketan, India",India,NA,Prithwish Ghosh,"Department of Statistics, North Carolina State University, Raleigh, North Carolina, United States of America",United States of America,https://orcid.org/0000-0001-7747-5045,TRUE,All data and related metadata underlying the findings reported is already provided as part of the submitted article.,in paper,NA,NA,/Computer and information sciences/Artificial intelligence/Machine learning; /Computer and information sciences/Artificial intelligence/Machine learning/Machine learning algorithms; /Computer and information sciences/Artificial intelligence/Machine learning/Support vector machines; /Ecology and environmental sciences/Natural resources/Water resources; /Ecology and environmental sciences/Water quality; /Physical sciences/Chemistry/Chemical compounds/Salts/Sulfates; /Physical sciences/Mathematics/Algebra/Linear algebra/Eigenvalues; /Physical sciences/Mathematics/Applied mathematics/Algorithms/Machine learning algorithms; /Physical sciences/Mathematics/Statistics/Statistical methods/Multivariate analysis/Principal component analysis; /Research and analysis methods/Mathematical and statistical techniques/Statistical methods/Multivariate analysis/Principal component analysis; /Research and analysis methods/Simulation and modeling/Algorithms/Machine learning algorithms,journals.plos.org,10.1371/journal.pwat.0000259,Research Article,2024-08-08
10.1371/journal.pwat.0000333,4,1,https://journals.plos.org/water/article?id=10.1371/journal.pwat.0000333,PLOS Water,Correction: Protecting fish and farms: Incentivising adoption of modern fish-protection screens for water pumps and gravity-fed diversions in Australia,2025,FALSE,0,NA,NA,4,Thomas S. Rayner,NA,NA,NA,NA,NA,NA,NA,FALSE,NA,NA,NA,NA,NA,journals.plos.org,10.1371/journal.pwat.0000333,Correction,2025-01-03
10.1371/journal.pwat.0000276,3,8,https://journals.plos.org/water/article?id=10.1371/journal.pwat.0000276,PLOS Water,Assessing state partner use of the Model Aquatic Health Code (MAHC): A cross comparison of five states with varying degrees of self-reported adoption status,2024,TRUE,7,xlsx; pdf; pdf; pdf; pdf; pdf; pdf,https://journals.plos.org/water/article/file?id=10.1371/journal.pwat.0000276.s001&type=supplementary; https://journals.plos.org/water/article/file?id=10.1371/journal.pwat.0000276.s002&type=supplementary; https://journals.plos.org/water/article/file?id=10.1371/journal.pwat.0000276.s003&type=supplementary; https://journals.plos.org/water/article/file?id=10.1371/journal.pwat.0000276.s004&type=supplementary; https://journals.plos.org/water/article/file?id=10.1371/journal.pwat.0000276.s005&type=supplementary; https://journals.plos.org/water/article/file?id=10.1371/journal.pwat.0000276.s006&type=supplementary; https://journals.plos.org/water/article/file?id=10.1371/journal.pwat.0000276.s007&type=supplementary,5,Patrick Vander Kelen,"Division of Environmental Health Science and Practice, National Center for Environmental Health, Centers for Disease Control and Prevention, Atlanta, Georgia, United States of America",United States of America,https://orcid.org/0000-0001-9462-7733,Patrick Vander Kelen,"Division of Environmental Health Science and Practice, National Center for Environmental Health, Centers for Disease Control and Prevention, Atlanta, Georgia, United States of America",United States of America,https://orcid.org/0000-0001-9462-7733,TRUE,All relevant data are within the paper and its Supporting Information files.,in paper,NA,NA,/Biology and life sciences/Neuroscience/Cognitive science/Cognitive psychology/Language; /Biology and life sciences/Physiology/Biological locomotion/Swimming; /Biology and life sciences/Psychology/Cognitive psychology/Language; /Medicine and health sciences/Public and occupational health; /People and places/Geographical locations/North America/United States/Arizona; /People and places/Geographical locations/North America/United States/Delaware; /People and places/Geographical locations/North America/United States/Florida; /People and places/Geographical locations/North America/United States/Georgia (United States state); /People and places/Geographical locations/North America/United States/New Mexico; /Social sciences/Psychology/Cognitive psychology/Language,journals.plos.org,10.1371/journal.pwat.0000276,Research Article,2024-08-08
10.1371/journal.pwat.0000272,3,9,https://journals.plos.org/water/article?id=10.1371/journal.pwat.0000272,PLOS Water,"Bottled water, tap water and household-treated tap water–insight into potential health risks and aesthetic concerns in drinking water",2024,TRUE,2,xlsx; docx,https://journals.plos.org/water/article/file?id=10.1371/journal.pwat.0000272.s001&type=supplementary; https://journals.plos.org/water/article/file?id=10.1371/journal.pwat.0000272.s002&type=supplementary,4,Samantha E. Bear,"SimpleLab, Inc. Berkeley, California, United States of America",United States of America,https://orcid.org/0009-0005-5412-0985,Jessica J. Goddard,"SimpleLab, Inc. Berkeley, California, United States of America",United States of America,https://orcid.org/0000-0001-9174-2832,TRUE,All data required to reproduce the results and statistics of this study are provided in the SI or are readily available for download. Individual sample results were de-identified and anonymized and are available in Supporting Information Table S8.,in paper,NA,NA,/Biology and life sciences/Toxicology/Toxicity; /Ecology and environmental sciences/Natural resources/Water resources; /Ecology and environmental sciences/Water quality; /Medicine and health sciences/Epidemiology/Medical risk factors; /Medicine and health sciences/Pathology and laboratory medicine/Toxicology/Toxicity; /Physical sciences/Chemistry/Chemical elements/Arsenic; /Physical sciences/Chemistry/Chemical elements/Metallic lead; /Physical sciences/Chemistry/Chemical elements/Uranium; /Physical sciences/Materials science/Materials/Contaminants,journals.plos.org,10.1371/journal.pwat.0000272,Research Article,2024-09-04
10.1371/journal.pwat.0000174,4,1,https://journals.plos.org/water/article?id=10.1371/journal.pwat.0000174,PLOS Water,Freshwater dependent livelihood assessment of coastal households in the southwest of Bangladesh,2025,TRUE,1,docx,https://journals.plos.org/water/article/file?id=10.1371/journal.pwat.0000174.s001&type=supplementary,2,Md. Shohel Khan,"Department of Environmental Science and Disaster Management, Noakhali Science and Technology University, Noakhali, Bangladesh",Bangladesh,https://orcid.org/0000-0002-6937-7696,Md. Shohel Khan,"Department of Environmental Science and Disaster Management, Noakhali Science and Technology University, Noakhali, Bangladesh",Bangladesh,https://orcid.org/0000-0002-6937-7696,TRUE,All relevant data are within the article and its Supporting Information files.,in paper,NA,NA,/Biology and life sciences/Agriculture/Animal management/Livestock; /Earth sciences/Geomorphology/Topography/Landforms/Shores; /Earth sciences/Hydrology/Surface water; /Earth sciences/Marine and aquatic sciences/Aquatic environments/Freshwater environments/Fresh water; /Ecology and environmental sciences/Aquatic environments/Freshwater environments/Fresh water; /Ecology and environmental sciences/Natural resources/Water resources; /People and places/Geographical locations/Asia/Bangladesh; /Physical sciences/Chemistry/Chemical properties/Salinity; /Physical sciences/Chemistry/Physical chemistry/Chemical properties/Salinity; /Social sciences/Economics/Finance,journals.plos.org,10.1371/journal.pwat.0000174,Research Article,2025-01-03
10.1371/journal.pwat.0000179,3,8,https://journals.plos.org/water/article?id=10.1371/journal.pwat.0000179,PLOS Water,Assessing the viability of water utilities in North Carolina: A principal component analysis approach*,2024,FALSE,0,NA,NA,3,Ahmed Rachid El-Khattabi,"Environmental Finance Center, School of Government, University of North Carolina at Chapel Hill, Chapel Hill, North Carolina, United States of America",United States of America,https://orcid.org/0000-0001-6923-3978,Ahmed Rachid El-Khattabi,"Environmental Finance Center, School of Government, University of North Carolina at Chapel Hill, Chapel Hill, North Carolina, United States of America",United States of America,https://orcid.org/0000-0001-6923-3978,TRUE,Data is now available for download at the following github repository https://github.com/arelkhattabi/utility_viability_index.,available in online repository,https://github.com/arelkhattabi/utility_viability_index,github,/Computer and information sciences/Data management; /Ecology and environmental sciences/Natural resources/Water resources; /Ecology and environmental sciences/Pollution/Water pollution; /Ecology and environmental sciences/Water quality; /Engineering and technology/Environmental engineering/Water management; /People and places/Geographical locations/North America/United States/North Carolina; /Physical sciences/Mathematics/Statistics/Statistical methods/Multivariate analysis/Principal component analysis; /Research and analysis methods/Mathematical and statistical techniques/Statistical methods/Multivariate analysis/Principal component analysis; /Social sciences/Economics/Finance,journals.plos.org,10.1371/journal.pwat.0000179,Research Article,2024-08-08
10.1371/journal.pwat.0000275,3,8,https://journals.plos.org/water/article?id=10.1371/journal.pwat.0000275,PLOS Water,Virtual water flows in a real world,2024,FALSE,0,NA,NA,3,Xiawei Liao,"International College Beijing, China Agricultural University, Beijing, China",China,NA,Li Chai,"International College Beijing, China Agricultural University, Beijing, China",China,https://orcid.org/0000-0002-9133-5556,FALSE,NA,NA,NA,NA,/Biology and life sciences/Agriculture; /Earth sciences/Hydrology/Surface water; /Ecology and environmental sciences/Natural resources/Water resources; /Ecology and environmental sciences/Pollution/Water pollution; /Ecology and environmental sciences/Sustainability science; /People and places/Geographical locations/Asia/China; /Physical sciences/Physics/Electricity; /Social sciences/Economics/Economic analysis/Economic impact analysis,journals.plos.org,10.1371/journal.pwat.0000275,Review,2024-08-08
10.1371/journal.pwat.0000357,4,6,https://journals.plos.org/water/article?id=10.1371/journal.pwat.0000357,PLOS Water,"To solve the water crisis, follow the money",2025,FALSE,0,NA,NA,2,Joel Kolker,"Retired, Washington, District of Columbia, United States of America",United States of America,NA,Clarissa Brocklehurst,"The Water Institute, University of North Carolina at Chapel Hill, Chapel Hill, North Carolina, United States of America",United States of America,https://orcid.org/0000-0001-6955-1562,FALSE,NA,NA,NA,NA,/Earth sciences/Geography/Economic geography/Low and middle income countries; /Ecology and environmental sciences/Sustainability science; /Engineering and technology/Environmental engineering/Water management; /Medicine and health sciences/Health care/Environmental health/Sanitation; /Medicine and health sciences/Public and occupational health/Environmental health/Sanitation; /Social sciences/Economics/Economic geography/Low and middle income countries; /Social sciences/Economics/Finance; /Social sciences/Economics/Finance/Public finance/Government spending; /Social sciences/Economics/Finance/Public finance/Money supply and banking; /Social sciences/Political science/Public policy/Taxes,journals.plos.org,10.1371/journal.pwat.0000357,Opinion,2025-06-05
10.1371/journal.pwat.0000389,4,7,https://journals.plos.org/water/article?id=10.1371/journal.pwat.0000389,PLOS Water,"Water, people and climate-change exposure in the Western Pacific: Anticipating the arrival of a ‘perfect storm’",2025,TRUE,4,docx; docx; vnd.openxmlformats-officedocument.wordprocessingml.document; vnd.openxmlformats-officedocument.wordprocessingml.document,https://journals.plos.org/water/article/file?id=10.1371/journal.pwat.0000389.s001&type=supplementary; https://journals.plos.org/water/article/file?id=10.1371/journal.pwat.0000389.s002&type=supplementary; https://journals.plos.org/water/article/file?id=10.1371/journal.pwat.0000389.s003&type=supplementary; https://journals.plos.org/water/article/file?id=10.1371/journal.pwat.0000389.s005&type=supplementary,13,Patrick D. Nunn,"Sustainability Research Cluster, School of Law and Society, University of the Sunshine Coast, Sippy Downs, Queensland, Australia",Australia,https://orcid.org/0000-0001-9295-5741,Patrick D. Nunn,"Sustainability Research Cluster, School of Law and Society, University of the Sunshine Coast, Sippy Downs, Queensland, Australia",Australia,https://orcid.org/0000-0001-9295-5741,TRUE,All data is included in the paper except for external datasets to which are liscited in the References.,in paper,NA,NA,/Earth sciences/Geomorphology/Topography/Landforms/Atolls; /Earth sciences/Geomorphology/Topography/Landforms/Islands; /Ecology and environmental sciences/Natural resources/Water resources; /People and places/Geographical locations/Oceania/Fiji; /People and places/Geographical locations/Oceania/Pacific Islands; /People and places/Geographical locations/Oceania/Solomon Islands; /People and places/Geographical locations/Oceania/Vanuatu; /Social sciences/Political science/National security,journals.plos.org,10.1371/journal.pwat.0000389,Research Article,2025-07-23
10.1371/journal.pwat.0000380,4,8,https://journals.plos.org/water/article?id=10.1371/journal.pwat.0000380,PLOS Water,"Profiling domestic water bacteriome within the rainwater harvesting-dependent community of Carriacou Island, Grenada in the Southern Caribbean",2025,TRUE,12,tif; tif; tif; tif; xlsx; xlsx; docx; docx; docx; docx; docx; docx,https://journals.plos.org/water/article/file?id=10.1371/journal.pwat.0000380.s001&type=supplementary; https://journals.plos.org/water/article/file?id=10.1371/journal.pwat.0000380.s002&type=supplementary; https://journals.plos.org/water/article/file?id=10.1371/journal.pwat.0000380.s003&type=supplementary; https://journals.plos.org/water/article/file?id=10.1371/journal.pwat.0000380.s004&type=supplementary; https://journals.plos.org/water/article/file?id=10.1371/journal.pwat.0000380.s005&type=supplementary; https://journals.plos.org/water/article/file?id=10.1371/journal.pwat.0000380.s006&type=supplementary; https://journals.plos.org/water/article/file?id=10.1371/journal.pwat.0000380.s007&type=supplementary; https://journals.plos.org/water/article/file?id=10.1371/journal.pwat.0000380.s008&type=supplementary; https://journals.plos.org/water/article/file?id=10.1371/journal.pwat.0000380.s009&type=supplementary; https://journals.plos.org/water/article/file?id=10.1371/journal.pwat.0000380.s010&type=supplementary; https://journals.plos.org/water/article/file?id=10.1371/journal.pwat.0000380.s011&type=supplementary; https://journals.plos.org/water/article/file?id=10.1371/journal.pwat.0000380.s012&type=supplementary,5,Akilah T. M. Stewart,"Department of Life Sciences, St. Augustine Campus, The University of the West Indies, Saint George, Trinidad and Tobago",Trinidad and Tobago,https://orcid.org/0000-0003-0313-2220,Adesh Ramsubhag,"Department of Life Sciences, St. Augustine Campus, The University of the West Indies, Saint George, Trinidad and Tobago",Trinidad and Tobago,https://orcid.org/0000-0002-5863-0457,TRUE,All DNA sequence data files along with the corresponding metadata are available on the Zenodo Platform https://doi.org/10.5281/zenodo.7532870.,available in online repository,https://doi.org/10.5281/zenodo.7532870; 10.5281/zenodo.7532870,zenodo,/Biology and life sciences/Biochemistry/Nucleic acids/RNA/Non-coding RNA/Ribosomal RNA; /Biology and life sciences/Biochemistry/Ribosomes/Ribosomal RNA; /Biology and life sciences/Cell biology/Cellular structures and organelles/Ribosomes/Ribosomal RNA; /Biology and life sciences/Microbiology/Medical microbiology/Microbial pathogens/Bacterial pathogens; /Biology and life sciences/Microbiology/Medical microbiology/Microbial pathogens/Bacterial pathogens/Legionella; /Biology and life sciences/Organisms/Bacteria; /Biology and life sciences/Organisms/Bacteria/Enterobacteriaceae/Escherichia; /Biology and life sciences/Organisms/Bacteria/Gut bacteria/Escherichia; /Biology and life sciences/Organisms/Bacteria/Legionella; /Earth sciences/Geomorphology/Topography/Landforms/Islands; /Ecology and environmental sciences/Water quality; /Medicine and health sciences/Epidemiology/Medical risk factors; /Medicine and health sciences/Pathology and laboratory medicine/Pathogens/Microbial pathogens/Bacterial pathogens; /Medicine and health sciences/Pathology and laboratory medicine/Pathogens/Microbial pathogens/Bacterial pathogens/Legionella,journals.plos.org,10.1371/journal.pwat.0000380,Research Article,2025-08-01
10.1371/journal.pwat.0000397,4,7,https://journals.plos.org/water/article?id=10.1371/journal.pwat.0000397,PLOS Water,Hydrodynamic modeling and flood mitigation strategies in an Andean Valley City,2025,TRUE,4,docx; docx; docx; docx,https://journals.plos.org/water/article/file?id=10.1371/journal.pwat.0000397.s001&type=supplementary; https://journals.plos.org/water/article/file?id=10.1371/journal.pwat.0000397.s002&type=supplementary; https://journals.plos.org/water/article/file?id=10.1371/journal.pwat.0000397.s003&type=supplementary; https://journals.plos.org/water/article/file?id=10.1371/journal.pwat.0000397.s004&type=supplementary,2,Holger Manuel Benavides-Muñoz,"Research Group R and D for the Sustainability of the Urban and Rural Water Cycle, Civil Engineering Department, Universidad Técnica Particular de Loja, Loja, Ecuador",Ecuador,https://orcid.org/0000-0001-7075-0905,Holger Manuel Benavides-Muñoz,"Research Group R and D for the Sustainability of the Urban and Rural Water Cycle, Civil Engineering Department, Universidad Técnica Particular de Loja, Loja, Ecuador",Ecuador,https://orcid.org/0000-0001-7075-0905,TRUE,The data supporting the findings of this study are fully included within the manuscript.,in paper,NA,NA,/Earth sciences/Atmospheric science/Climatology/Climate change; /Earth sciences/Atmospheric science/Meteorology/Rain; /Earth sciences/Atmospheric science/Meteorology/Storms; /Earth sciences/Hydrology/Flooding; /Earth sciences/Marine and aquatic sciences/Aquatic environments/Freshwater environments/Rivers; /Earth sciences/Marine and aquatic sciences/Bodies of water/Rivers; /Ecology and environmental sciences/Aquatic environments/Freshwater environments/Rivers; /Ecology and environmental sciences/Terrestrial environments/Urban environments; /Engineering and technology/Civil engineering/Urban infrastructure; /Research and analysis methods/Simulation and modeling,journals.plos.org,10.1371/journal.pwat.0000397,Research Article,2025-07-11
10.1371/journal.pwat.0000279,4,8,https://journals.plos.org/water/article?id=10.1371/journal.pwat.0000279,PLOS Water,"The structure of informal water markets: Insights from spatial monitoring in Lodwar, Kenya",2025,TRUE,2,pdf; docx,https://journals.plos.org/water/article/file?id=10.1371/journal.pwat.0000279.s001&type=supplementary; https://journals.plos.org/water/article/file?id=10.1371/journal.pwat.0000279.s002&type=supplementary,6,Jane Zhao,"Independent researcher, Miami, Florida, United States of America",United States of America,NA,Dustin Garrick,"School of Environment, Resources, and Sustainability, University of Waterloo, Ontario, Canada",Canada,https://orcid.org/0000-0001-6504-6550,TRUE,"The data underlying this study are not publicly available due to ethical restrictions. Disclosure of individual-level data may compromise the confidentiality and anonymity of the vendors who participated, as outlined in the ethical protocols approved for this research. Interested researchers may direct data access inquiries to the Oxford University ethics office at [email removed]@ouce.ox.ac.uk.",not shareable,NA,NA,/Earth sciences/Geography/Human geography/Urban geography/Towns; /Earth sciences/Hydrology/Surface water; /Ecology and environmental sciences/Natural resources/Water resources; /Engineering and technology/Environmental engineering/Water management; /Social sciences/Economics/Commerce/Vendors; /Social sciences/Economics/Finance; /Social sciences/Economics/Industrial organization/Structure of markets; /Social sciences/Economics/Labor economics/Salaries; /Social sciences/Human geography/Urban geography/Towns,journals.plos.org,10.1371/journal.pwat.0000279,Research Article,2025-08-05
10.1371/journal.pwat.0000409,4,8,https://journals.plos.org/water/article?id=10.1371/journal.pwat.0000409,PLOS Water,Analyzing changes in types of household sanitation among 543 Parliamentary Constituencies between 2016 and 2021 in India,2025,TRUE,3,docx; docx; docx,https://journals.plos.org/water/article/file?id=10.1371/journal.pwat.0000409.s001&type=supplementary; https://journals.plos.org/water/article/file?id=10.1371/journal.pwat.0000409.s002&type=supplementary; https://journals.plos.org/water/article/file?id=10.1371/journal.pwat.0000409.s003&type=supplementary,3,Anoop Jain,"Department of Environmental Health, Boston University School of Public Health, Boston, Massachusetts, United States of America",United States of America,NA,S. V. Subramanian,"Harvard Center for Population and Development Studies, Cambridge, Massachusetts, United States of America",United States of America,https://orcid.org/0000-0003-2365-4165,TRUE,The dataset analysed during the current study are available in the DHS website: https://dhsprogram.com/data/available-datasets.cfm.,available in online repository,https://dhsprogram.com/data/available-datasets.cfm,dhs program,/Earth sciences/Geography; /Earth sciences/Geomorphology/Topography/Landforms/Islands; /Medicine and health sciences/Health care/Environmental health/Sanitation; /Medicine and health sciences/Public and occupational health/Environmental health/Sanitation; /People and places/Geographical locations/Asia/India; /Physical sciences/Mathematics/Probability theory/Markov models; /Research and analysis methods/Research design/Survey research/Surveys; /Research and analysis methods/Research design/Survey research/Surveys/Health surveys; /Social sciences/Economics/Commerce/Payment,journals.plos.org,10.1371/journal.pwat.0000409,Research Article,2025-08-05
10.1371/journal.pwat.0000296,4,8,https://journals.plos.org/water/article?id=10.1371/journal.pwat.0000296,PLOS Water,Testing for heavy metals in drinking water collected from Dog Aging Project participants,2025,TRUE,5,xlsx; pdf; pdf; pdf; vnd.openxmlformats-officedocument.wordprocessingml.document,https://journals.plos.org/water/article/file?id=10.1371/journal.pwat.0000296.s001&type=supplementary; https://journals.plos.org/water/article/file?id=10.1371/journal.pwat.0000296.s002&type=supplementary; https://journals.plos.org/water/article/file?id=10.1371/journal.pwat.0000296.s003&type=supplementary; https://journals.plos.org/water/article/file?id=10.1371/journal.pwat.0000296.s004&type=supplementary; https://journals.plos.org/water/article/file?id=10.1371/journal.pwat.0000296.s006&type=supplementary,13,Courtney L. Sexton,"Department of Population Health Sciences, Virginia-Maryland College of Veterinary Medicine, Virginia Tech, Blacksburg, Virginia, United States of America",United States of America,https://orcid.org/0000-0003-0174-7459,Audrey Ruple,"Department of Population Health Sciences, Virginia-Maryland College of Veterinary Medicine, Virginia Tech, Blacksburg, Virginia, United States of America",United States of America,https://orcid.org/0000-0002-5223-0217,TRUE,These data are housed at the Broad Institute of MIT and Harvard and it can be accessed by the public through the Terra platform: [https://dogagingproject.org/open_data_access/]. All water quality data collected for this work are available in the Supporting information.,available in online repository,https://dogagingproject.org/open_data_access/; https://dogagingproject.org/open_data_access/],NA,/Biology and life sciences/Organisms/Eukaryota/Animals/Pets and companion animals; /Biology and life sciences/Organisms/Eukaryota/Animals/Vertebrates/Amniotes/Mammals/Dogs; /Biology and life sciences/Toxicology/Toxic agents/Toxins/Heavy metals; /Biology and life sciences/Zoology/Animals/Pets and companion animals; /Biology and life sciences/Zoology/Animals/Vertebrates/Amniotes/Mammals/Dogs; /Ecology and environmental sciences/Natural resources/Water resources; /Ecology and environmental sciences/Water quality; /Medicine and health sciences/Pathology and laboratory medicine/Toxicology/Toxic agents/Toxins/Heavy metals; /Physical sciences/Chemistry/Chemical elements/Cobalt; /Physical sciences/Chemistry/Chemical elements/Heavy metals; /Physical sciences/Chemistry/Chemical elements/Manganese; /Physical sciences/Chemistry/Chemical elements/Metallic lead,journals.plos.org,10.1371/journal.pwat.0000296,Research Article,2025-08-06
10.1371/journal.pwat.0000412,4,7,https://journals.plos.org/water/article?id=10.1371/journal.pwat.0000412,PLOS Water,Correction: Majority of potable water microplastics are smaller than the 20 μm EU methodology limit for consumable water quality,2025,FALSE,0,NA,NA,6,Oskar Hagelskjær,NA,NA,NA,NA,NA,NA,NA,FALSE,NA,NA,NA,NA,NA,journals.plos.org,10.1371/journal.pwat.0000412,Correction,2025-07-29
10.1371/journal.pwat.0000404,4,7,https://journals.plos.org/water/article?id=10.1371/journal.pwat.0000404,PLOS Water,Groundwater must be fully integrated into WASH programmes to make them climate resilient,2025,FALSE,0,NA,NA,9,Donald JC Robertson,"Department of Civil and Environmental Engineering, University of Strathclyde, Glasgow, United Kingdom",United Kingdom of Great Britain and Northern Ireland,https://orcid.org/0009-0005-5977-3854,Donald JC Robertson,"Department of Civil and Environmental Engineering, University of Strathclyde, Glasgow, United Kingdom",United Kingdom of Great Britain and Northern Ireland,https://orcid.org/0009-0005-5977-3854,FALSE,NA,NA,NA,NA,/Computer and information sciences/Network analysis/Network resilience; /Earth sciences/Geography/Economic geography/Low and middle income countries; /Ecology and environmental sciences/Natural resources/Water resources; /Ecology and environmental sciences/Sustainability science; /Ecology and environmental sciences/Water quality; /Medicine and health sciences/Epidemiology/Medical risk factors; /Medicine and health sciences/Health care/Environmental health/Sanitation; /Medicine and health sciences/Public and occupational health/Environmental health/Sanitation; /Social sciences/Economics/Economic geography/Low and middle income countries; /Social sciences/Economics/Finance,journals.plos.org,10.1371/journal.pwat.0000404,Opinion,2025-07-14
10.1371/journal.pwat.0000284,4,8,https://journals.plos.org/water/article?id=10.1371/journal.pwat.0000284,PLOS Water,Analyzing multiple-source water usage patterns and affordability in rural Central Appalachia,2025,FALSE,0,NA,NA,5,Emerald Dudzinski,"Grado Department of Industrial and Systems Engineering, Virginia Tech, Blacksburg, Virginia, United States of America",United States of America,https://orcid.org/0000-0001-7341-6320,Emerald Dudzinski,"Grado Department of Industrial and Systems Engineering, Virginia Tech, Blacksburg, Virginia, United States of America",United States of America,https://orcid.org/0000-0001-7341-6320,TRUE,"This study collected individual-level survey data from a small group of participants from vulnerable populations. Hence, the data are restricted by Virginia Tech’s Institutional Review Board (IRB) and are not accessible to the public or research community. Contact information for the Virginia Tech IRB can be found here: https://www.research.vt.edu/sirc/hrpp/index.html. All recruitment methods, community partnerships, and research procedures were pre-approved and overseen by the Virginia Tech Institutional Review Board (VT IRB #22-599).",available in online repository,https://www.research.vt.edu/sirc/hrpp/index.html,NA,/Earth sciences/Hydrology/Surface water; /Ecology and environmental sciences/Natural resources/Water resources; /Ecology and environmental sciences/Water quality; /Engineering and technology/Transportation; /Medicine and health sciences/Health care/Socioeconomic aspects of health; /Medicine and health sciences/Public and occupational health/Socioeconomic aspects of health; /Social sciences/Economics/Commerce/Payment; /Social sciences/Economics/Finance; /Social sciences/Economics/Finance/Financial management/Indirect costs,journals.plos.org,10.1371/journal.pwat.0000284,Research Article,2025-08-04
10.1371/journal.pwat.0000234,4,6,https://journals.plos.org/water/article?id=10.1371/journal.pwat.0000234,PLOS Water,"Manganese and iron in drinking water in three West-African countries: Implications for health, acceptability, and disinfection",2025,TRUE,3,fe; docx; docx,https://journals.plos.org/water/article/file?id=10.1371/journal.pwat.0000234.s001&type=supplementary; https://journals.plos.org/water/article/file?id=10.1371/journal.pwat.0000234.s002&type=supplementary; https://journals.plos.org/water/article/file?id=10.1371/journal.pwat.0000234.s003&type=supplementary,7,Emily G. Browning,"The Water Institute at UNC, Department of Environmental Sciences and Engineering, Gillings School of Global Public Health, University of North Carolina at Chapel Hill, Chapel Hill, North Carolina, United States of America",United States of America,NA,Michael B. Fisher,"The Water Institute at UNC, Department of Environmental Sciences and Engineering, Gillings School of Global Public Health, University of North Carolina at Chapel Hill, Chapel Hill, North Carolina, United States of America",United States of America,https://orcid.org/0000-0003-0159-8238,TRUE,All relevant data are within the paper and its Supporting information files.,in paper,NA,NA,/Earth sciences/Geography/Economic geography/Low and middle income countries; /Ecology and environmental sciences/Natural resources/Water resources; /Medicine and health sciences/Health care/Sanitization/Disinfection; /Medicine and health sciences/Medical conditions/Infectious diseases/Infectious disease control/Sanitization/Disinfection; /Medicine and health sciences/Public and occupational health/Preventive medicine/Sanitization/Disinfection; /People and places/Geographical locations/Africa/Ghana; /Physical sciences/Chemistry/Chemical elements/Chlorine; /Physical sciences/Chemistry/Chemical elements/Iron; /Physical sciences/Chemistry/Chemical elements/Manganese; /Physical sciences/Chemistry/Chemical reactions/Corrosion; /Social sciences/Economics/Economic geography/Low and middle income countries,journals.plos.org,10.1371/journal.pwat.0000234,Research Article,2025-06-18
10.1371/journal.pwat.0000290,4,6,https://journals.plos.org/water/article?id=10.1371/journal.pwat.0000290,PLOS Water,Expanding access to wastewater surveillance beyond sewered networks: Effectiveness of active and passive sampling of waste effluent streams in Côte d’Ivoire,2025,TRUE,1,docx,https://journals.plos.org/water/article/file?id=10.1371/journal.pwat.0000290.s001&type=supplementary,24,Ellélé Aimé Marius Yapi,"AFROHUN, Abidjan, Côte d’Ivoire",Côte d’Ivoire,https://orcid.org/0000-0001-9611-785X,Daniele Lantagne,"Feinstein International Center, Friedman School of Nutrition, Tufts University, Boston, Massachusetts, United States of America",United States of America,https://orcid.org/0000-0001-6594-0261,TRUE,All data are in the manuscript.,in paper,NA,NA,/Biology and life sciences/Microbiology/Medical microbiology/Microbial pathogens/Viral pathogens; /Biology and life sciences/Microbiology/Medical microbiology/Microbial pathogens/Viral pathogens/Coronaviruses/SARS coronavirus/SARS CoV 2; /Biology and life sciences/Microbiology/Medical microbiology/Microbial pathogens/Viral pathogens/Orthomyxoviruses/Influenza viruses/Influenza A virus; /Biology and life sciences/Organisms/Viruses/RNA viruses/Coronaviruses/SARS coronavirus/SARS CoV 2; /Biology and life sciences/Organisms/Viruses/RNA viruses/Orthomyxoviruses/Influenza viruses/Influenza A virus; /Biology and life sciences/Organisms/Viruses/Viral pathogens; /Biology and life sciences/Organisms/Viruses/Viral pathogens/Coronaviruses/SARS coronavirus/SARS CoV 2; /Biology and life sciences/Organisms/Viruses/Viral pathogens/Orthomyxoviruses/Influenza viruses/Influenza A virus; /Ecology and environmental sciences/Pollution/Water pollution; /Engineering and technology/Equipment/Safety equipment; /Medicine and health sciences/Diagnostic medicine/Virus testing; /Medicine and health sciences/Epidemiology/Disease surveillance/Infectious disease surveillance; /Medicine and health sciences/Health care/Environmental health/Sanitation; /Medicine and health sciences/Medical conditions/Infectious diseases/Infectious disease control/Infectious disease surveillance; /Medicine and health sciences/Pathology and laboratory medicine/Pathogens/Microbial pathogens/Viral pathogens; /Medicine and health sciences/Pathology and laboratory medicine/Pathogens/Microbial pathogens/Viral pathogens/Coronaviruses/SARS coronavirus/SARS CoV 2; /Medicine and health sciences/Pathology and laboratory medicine/Pathogens/Microbial pathogens/Viral pathogens/Orthomyxoviruses/Influenza viruses/Influenza A virus; /Medicine and health sciences/Public and occupational health/Environmental health/Sanitation; /Medicine and health sciences/Public and occupational health/Safety/Safety equipment,journals.plos.org,10.1371/journal.pwat.0000290,Research Article,2025-06-27
10.1371/journal.pwat.0000417,4,8,https://journals.plos.org/water/article?id=10.1371/journal.pwat.0000417,PLOS Water,Managing floods and droughts synergistically: A transformative governance approach,2025,FALSE,0,NA,NA,3,Ana Núñez Sánchez,"Water Resources Management Department, Deltares, Delft, The Netherlands",Netherlands,https://orcid.org/0000-0002-8397-8287,Ana Núñez Sánchez,"Water Resources Management Department, Deltares, Delft, The Netherlands",Netherlands,https://orcid.org/0000-0002-8397-8287,FALSE,NA,NA,NA,NA,/Earth sciences/Atmospheric science/Climatology/Climate change; /Earth sciences/Hydrology/Flooding; /Ecology and environmental sciences/Natural resources/Water resources; /Engineering and technology/Management engineering/Risk management; /People and places/Geographical locations/Europe/European Union/Spain; /Social sciences/Political science/Governments/Local governments; /Social sciences/Political science/Governments/National governments; /Social sciences/Sociology/Social systems,journals.plos.org,10.1371/journal.pwat.0000417,Review,2025-08-19
10.1371/journal.pwat.0000473,4,12,https://journals.plos.org/water/article?id=10.1371/journal.pwat.0000473,PLOS Water,Pathways for accountability in intergovernmental water-climate conferences,2025,FALSE,0,NA,NA,5,J. Leah Jones-Crank,"School of Environment, Resources and Sustainability, University of Waterloo, Waterloo, Ontario, Canada",Canada,https://orcid.org/0000-0002-8529-6503,J. Leah Jones-Crank,"School of Environment, Resources and Sustainability, University of Waterloo, Waterloo, Ontario, Canada",Canada,https://orcid.org/0000-0002-8529-6503,FALSE,NA,NA,NA,NA,/Earth sciences/Atmospheric science/Climatology/Climate change; /Ecology and environmental sciences/Natural resources/Water resources; /Engineering and technology/Environmental engineering/Water management; /People and places/Demography/Indigenous populations; /People and places/Geographical locations/Africa/Senegal; /People and places/Geographical locations/Africa/Somalia; /People and places/Geographical locations/Asia/United Arab Emirates; /Social sciences/Anthropology/Indigenous populations; /Social sciences/Political science/United Nations,journals.plos.org,10.1371/journal.pwat.0000473,Opinion,2025-12-01
10.1371/journal.pwat.0000439,4,9,https://journals.plos.org/water/article?id=10.1371/journal.pwat.0000439,PLOS Water,How water intermittency and water perceptions influence household coping strategies in northwestern Ecuador,2025,TRUE,7,tiff; tiff; xlsx; xlsx; xlsx; xlsx; xlsx,https://journals.plos.org/water/article/file?id=10.1371/journal.pwat.0000439.s001&type=supplementary; https://journals.plos.org/water/article/file?id=10.1371/journal.pwat.0000439.s002&type=supplementary; https://journals.plos.org/water/article/file?id=10.1371/journal.pwat.0000439.s003&type=supplementary; https://journals.plos.org/water/article/file?id=10.1371/journal.pwat.0000439.s004&type=supplementary; https://journals.plos.org/water/article/file?id=10.1371/journal.pwat.0000439.s005&type=supplementary; https://journals.plos.org/water/article/file?id=10.1371/journal.pwat.0000439.s006&type=supplementary; https://journals.plos.org/water/article/file?id=10.1371/journal.pwat.0000439.s007&type=supplementary,6,Andrea Sosa-Moreno,"Department of Epidemiology, University of Michigan, Ann Arbor, Michigan, United States of America",United States of America,https://orcid.org/0000-0002-4687-426X,Andrea Sosa-Moreno,"Department of Epidemiology, University of Michigan, Ann Arbor, Michigan, United States of America",United States of America,https://orcid.org/0000-0002-4687-426X,TRUE,The data and R scripts supporting the findings of this study are publicly available on GitHub at [https://github.com/arsosa/WaterIntermittency_CopingStrategies].,available in online repository,https://github.com/arsosa/WaterIntermittency_CopingStrategies; https://github.com/arsosa/WaterIntermittency_CopingStrategies],github,/Earth sciences/Geography/Human geography/Social geography/Neighborhoods; /Earth sciences/Geography/Human geography/Urban geography/Towns; /Ecology and environmental sciences/Natural resources/Water resources; /Ecology and environmental sciences/Water quality; /Engineering and technology/Environmental engineering/Water management; /Medicine and health sciences/Epidemiology/Medical risk factors; /Medicine and health sciences/Health care/Environmental health/Sanitation; /Medicine and health sciences/Public and occupational health/Environmental health/Sanitation; /Physical sciences/Chemistry/Chemical elements/Chlorine; /Social sciences/Human geography/Social geography/Neighborhoods; /Social sciences/Human geography/Urban geography/Towns,journals.plos.org,10.1371/journal.pwat.0000439,Research Article,2025-09-22
10.1371/journal.pwat.0000500,5,1,https://journals.plos.org/water/article?id=10.1371/journal.pwat.0000500,PLOS Water,Four water insecurity concerns about datacenters driving the AI revolution,2026,FALSE,0,NA,NA,1,Sameer H. Shah,"School of Environmental and Forest Sciences, University of Washington, Seattle, Washington, United States of America",United States of America,https://orcid.org/0000-0002-1309-0039,Sameer H. Shah,"School of Environmental and Forest Sciences, University of Washington, Seattle, Washington, United States of America",United States of America,https://orcid.org/0000-0002-1309-0039,FALSE,NA,NA,NA,NA,/Biology and life sciences/Ecology/Community ecology/Ecological risk; /Biology and life sciences/Neuroscience/Cognitive science/Cognition/Decision making; /Biology and life sciences/Neuroscience/Cognitive science/Cognitive psychology/Decision making; /Biology and life sciences/Psychology/Cognitive psychology/Decision making; /Computer and information sciences/Artificial intelligence; /Ecology and environmental sciences/Ecology/Community ecology/Ecological risk; /Ecology and environmental sciences/Natural resources/Water resources; /Engineering and technology/Civil engineering/Urban infrastructure; /Engineering and technology/Environmental engineering/Water management; /Medicine and health sciences/Epidemiology/Medical risk factors; /Physical sciences/Chemistry/Analytical chemistry/Chemical analysis/Water analysis; /Social sciences/Psychology/Cognitive psychology/Decision making,journals.plos.org,10.1371/journal.pwat.0000500,Essay,2026-01-13
10.1371/journal.pwat.0000423,4,9,https://journals.plos.org/water/article?id=10.1371/journal.pwat.0000423,PLOS Water,"Affordability of community water systems and private, self-supply drinking water wells",2025,TRUE,2,docx; xlsx,https://journals.plos.org/water/article/file?id=10.1371/journal.pwat.0000423.s001&type=supplementary; https://journals.plos.org/water/article/file?id=10.1371/journal.pwat.0000423.s002&type=supplementary,3,Rebecca G. Etter,"Department of Civil and Environmental Engineering, Auburn University, Auburn, Alabama, United States of America",United States of America,https://orcid.org/0009-0003-1259-2621,Jillian Maxcy-Brown,"Department of Civil and Environmental Engineering, Auburn University, Auburn, Alabama, United States of America",United States of America,https://orcid.org/0000-0002-0918-1640,TRUE,"The data that support the findings of this study are available in Supplemental File 2 (S2). Demographic and geographic information are publicly available through IPUMS NHGIS (http://doi.org/10.18128/D050.V18.0). Much of the rate information are available through UNC’s Alabama Water and Wastewater Rates Dashboard (https://dashboards.efc.sog.unc.edu/al) and the Alabama Rural Water Association (ARWA). ARWA can be contacted through [email removed]@alruralwater.com. Additional contact information is available on their website https://www.alruralwater.com/. Data derived by request from experts is unavailable; however, these utility costs can be found by contacting the individual utilities whose contact information is available here: http://dww.adem.alabama.gov/DWW/JSP/SearchDispatch?number=&name=&county=All&WaterSystemType=All&SourceWaterType=All&PointOfContactType=None&SampleType=null&begin_date=3%2F21%2F2023&end_date=3%2F21%2F2025&action=Search+For+Water+Systems.",available in online repository,http://doi.org/10.18128/D050.V18.0; https://dashboards.efc.sog.unc.edu/al; https://www.alruralwater.com/; http://dww.adem.alabama.gov/DWW/JSP/SearchDispatch?number=&name=&county=All&WaterSystemType=All&SourceWaterType=All&PointOfContactType=None&SampleType=null&begin_date=3%2F21%2F2023&end_date=3%2F21%2F2025&action=Search+For+Water+Systems; 10.18128/D050.V18.0,NA,/Ecology and environmental sciences/Natural resources/Water resources; /Ecology and environmental sciences/Water quality; /Medicine and health sciences/Epidemiology/Medical risk factors; /Medicine and health sciences/Public and occupational health; /People and places/Geographical locations/North America/United States/Alabama; /Research and analysis methods/Research design/Survey research/Census; /Social sciences/Economics/Commerce/Payment; /Social sciences/Economics/Labor economics/Salaries/Minimum wage,journals.plos.org,10.1371/journal.pwat.0000423,Research Article,2025-09-24
10.1371/journal.pwat.0000456,4,10,https://journals.plos.org/water/article?id=10.1371/journal.pwat.0000456,PLOS Water,Correction: Identifying trends in SARS-CoV-2 RNA in wastewater to infer changing COVID-19 incidence: Effect of sampling frequency,2025,FALSE,0,NA,NA,4,Elana M. G. Chan,NA,NA,NA,NA,NA,NA,NA,FALSE,NA,NA,NA,NA,NA,journals.plos.org,10.1371/journal.pwat.0000456,Correction,2025-10-22
10.1371/journal.pwat.0000504,5,1,https://journals.plos.org/water/article?id=10.1371/journal.pwat.0000504,PLOS Water,Correction: Mapping valley bottom inundation patterns from beaver dam activity: A potential proxy for hydrologic inefficiency,2026,FALSE,0,NA,NA,9,Karen M. Bartelt,NA,NA,NA,NA,NA,NA,NA,FALSE,NA,NA,NA,NA,NA,journals.plos.org,10.1371/journal.pwat.0000504,Correction,2026-01-23
10.1371/journal.pwat.0000269,4,9,https://journals.plos.org/water/article?id=10.1371/journal.pwat.0000269,PLOS Water,A comparative analysis of urban and peri-urban flood identification using SAR imagery,2025,TRUE,2,cohgis; tiff,https://journals.plos.org/water/article/file?id=10.1371/journal.pwat.0000269.s001&type=supplementary; https://journals.plos.org/water/article/file?id=10.1371/journal.pwat.0000269.s002&type=supplementary,3,Md Abdullah Al Mehedi,"Center for Resilient Water Systems, Department of Civil and Environmental Engineering, Villanova University, Villanova, Pennsylvania, United States of America",United States of America,https://orcid.org/0000-0003-4390-2664,Md Abdullah Al Mehedi,"Center for Resilient Water Systems, Department of Civil and Environmental Engineering, Villanova University, Villanova, Pennsylvania, United States of America",United States of America,https://orcid.org/0000-0003-4390-2664,TRUE,All data used in this study are publicly available and freely accessible. The primary datasets utilized include: 1. COPERNICUS Sentinel-1 SAR GRD: This dataset is publicly available through Google Earth Engine and can be accessed at https://developers.google.com/earth-engine/datasets/catalog/COPERNICUS_S1_GRD. 2. National Land Cover Database (NLCD) 2019: This dataset is also publicly available through Google Earth Engine and can be accessed at https://developers.google.com/earth-engine/datasets/catalog/USGS_NLCD_RELEASES_2019_REL_NLCD. No legal or ethical restrictions are imposed on the availability of this data. Fellow researchers can access these datasets directly through the provided links.,available in online repository,https://developers.google.com/earth-engine/datasets/catalog/COPERNICUS_S1_GRD; https://developers.google.com/earth-engine/datasets/catalog/USGS_NLCD_RELEASES_2019_REL_NLCD,NA,/Biology and life sciences/Neuroscience/Cognitive science/Cognitive psychology/Perception; /Biology and life sciences/Psychology/Cognitive psychology/Perception; /Computer and information sciences/Software engineering/Preprocessing; /Earth sciences/Atmospheric science/Meteorology/Storms; /Earth sciences/Geography/Geographic areas/Urban areas; /Earth sciences/Geography/Human geography/Urban geography/Urban areas; /Earth sciences/Hydrology/Flooding; /Ecology and environmental sciences/Terrestrial environments/Urban environments; /Engineering and technology/Remote sensing/Radar; /Engineering and technology/Software engineering/Preprocessing; /Research and analysis methods/Imaging techniques; /Social sciences/Human geography/Urban geography/Urban areas; /Social sciences/Psychology/Cognitive psychology/Perception,journals.plos.org,10.1371/journal.pwat.0000269,Research Article,2025-09-11
10.1371/journal.pwat.0000347,4,2,https://journals.plos.org/water/article?id=10.1371/journal.pwat.0000347,PLOS Water,Attending to the mesoscale: Watersheds and Health,2025,FALSE,0,NA,NA,2,Margot W. Parkes,"School of Health Sciences, University of Northern British Columbia, Prince George, Canada",Canada,NA,Pierre Horwitz,"School of Science and Centre for People, Place, & Planet, Edith Cowan University, Joondalup, Australia",Australia,https://orcid.org/0000-0002-8689-7888,FALSE,NA,NA,NA,NA,/Biology and life sciences/Ecology/Biodiversity; /Biology and life sciences/Ecology/Ecosystems; /Earth sciences/Geography/Physical geography/Watersheds; /Earth sciences/Hydrology/Surface water; /Earth sciences/Marine and aquatic sciences/Aquatic environments/Freshwater environments/Rivers; /Earth sciences/Marine and aquatic sciences/Bodies of water/Rivers; /Ecology and environmental sciences/Aquatic environments/Freshwater environments/Rivers; /Ecology and environmental sciences/Ecology/Biodiversity; /Ecology and environmental sciences/Ecology/Ecosystems; /Ecology and environmental sciences/Natural resources/Water resources; /Medicine and health sciences/Public and occupational health/Behavioral and social aspects of health; /People and places/Population groupings/Ethnicities/Austronesian people/Polynesian people/Māori people,journals.plos.org,10.1371/journal.pwat.0000347,Editorial,2025-02-24
10.1371/journal.pwat.0000263,3,7,https://journals.plos.org/water/article?id=10.1371/journal.pwat.0000263,PLOS Water,"Towards an integrative understanding of British Columbia’s Nechako Watershed: Connecting knowledge systems to strengthen understanding of climate change, watershed security, health and well-being",2024,TRUE,4,docx; xlsx; xlsx; pdf,https://journals.plos.org/water/article/file?id=10.1371/journal.pwat.0000263.s001&type=supplementary; https://journals.plos.org/water/article/file?id=10.1371/journal.pwat.0000263.s002&type=supplementary; https://journals.plos.org/water/article/file?id=10.1371/journal.pwat.0000263.s003&type=supplementary; https://journals.plos.org/water/article/file?id=10.1371/journal.pwat.0000263.s004&type=supplementary,7,Margot W. Parkes,"School of Health Sciences, University of Northern British Columbia, Prince George, British Columbia, Canada",Canada,https://orcid.org/0000-0003-1967-2977,Stephen J. Déry,"Department of Geography, Earth and Environmental Sciences, University of Northern British Columbia, Prince George, British Columbia, Canada",Canada,https://orcid.org/0000-0002-3553-8949,TRUE,All relevant data are within the paper and its Supporting information files.,in paper,NA,NA,/Biology and life sciences/Neuroscience/Cognitive science/Cognitive psychology/Learning/Human learning; /Biology and life sciences/Neuroscience/Learning and memory/Learning/Human learning; /Biology and life sciences/Psychology/Cognitive psychology/Learning/Human learning; /Earth sciences/Atmospheric science/Climatology/Climate change; /Earth sciences/Atmospheric science/Meteorology/Rain; /Earth sciences/Geography/Physical geography/Watersheds; /Earth sciences/Geology/Petrology/Sediment; /Earth sciences/Geology/Sedimentary geology/Sediment; /Earth sciences/Hydrology/Surface water; /Earth sciences/Marine and aquatic sciences/Aquatic environments/Freshwater environments/Rivers; /Earth sciences/Marine and aquatic sciences/Bodies of water/Rivers; /Ecology and environmental sciences/Aquatic environments/Freshwater environments/Rivers; /Ecology and environmental sciences/Wildfires; /Social sciences/Psychology/Cognitive psychology/Learning/Human learning,journals.plos.org,10.1371/journal.pwat.0000263,Research Article,2024-07-10
10.1371/journal.pwat.0000403,4,12,https://journals.plos.org/water/article?id=10.1371/journal.pwat.0000403,PLOS Water,"Evaluation of the efficiency of conventional drinking water treatment plant using machine learning and water quality index in low-income countries: A case study of Adama City, Ethiopia",2025,TRUE,3,zip; vnd.openxmlformats-officedocument.wordprocessingml.document; vnd.openxmlformats-officedocument.wordprocessingml.document,https://journals.plos.org/water/article/file?id=10.1371/journal.pwat.0000403.s001&type=supplementary; https://journals.plos.org/water/article/file?id=10.1371/journal.pwat.0000403.s003&type=supplementary; https://journals.plos.org/water/article/file?id=10.1371/journal.pwat.0000403.s004&type=supplementary,6,Abelkassim Beshir,"Faculty of Water Supply & Environmental Engineering, Arba Minch Water Technology Institute, Arba Minch University, Ethiopia",Ethiopia,https://orcid.org/0009-0003-0036-9748,Abelkassim Beshir,"Faculty of Water Supply & Environmental Engineering, Arba Minch Water Technology Institute, Arba Minch University, Ethiopia",Ethiopia,https://orcid.org/0009-0003-0036-9748,TRUE,All relevant data are within the manuscript and its Supporting Information files.,in paper,NA,NA,/Earth sciences/Geography/Human geography/Urban geography/Towns; /Earth sciences/Hydrology/Surface water; /Ecology and environmental sciences/Natural resources/Water resources; /Ecology and environmental sciences/Pollution/Water pollution; /Ecology and environmental sciences/Water quality; /Physical sciences/Chemistry/Chemical compounds/Nitrates; /Physical sciences/Materials science/Materials physics/Turbidity; /Physical sciences/Materials science/Materials/Contaminants; /Physical sciences/Physics/Materials physics/Turbidity; /Social sciences/Human geography/Urban geography/Towns,journals.plos.org,10.1371/journal.pwat.0000403,Research Article,2025-12-23
10.1371/journal.pwat.0000368,5,1,https://journals.plos.org/water/article?id=10.1371/journal.pwat.0000368,PLOS Water,"Socioecological drivers of water, sanitation, and hygiene (WASH) choices: A qualitative analysis of maternal perspectives in northwest Ecuador",2026,TRUE,8,docx; docx; xlsx; xlsx; xlsx; tif; vnd.openxmlformats-officedocument.wordprocessingml.document; vnd.openxmlformats-officedocument.wordprocessingml.document,https://journals.plos.org/water/article/file?id=10.1371/journal.pwat.0000368.s001&type=supplementary; https://journals.plos.org/water/article/file?id=10.1371/journal.pwat.0000368.s002&type=supplementary; https://journals.plos.org/water/article/file?id=10.1371/journal.pwat.0000368.s003&type=supplementary; https://journals.plos.org/water/article/file?id=10.1371/journal.pwat.0000368.s004&type=supplementary; https://journals.plos.org/water/article/file?id=10.1371/journal.pwat.0000368.s005&type=supplementary; https://journals.plos.org/water/article/file?id=10.1371/journal.pwat.0000368.s006&type=supplementary; https://journals.plos.org/water/article/file?id=10.1371/journal.pwat.0000368.s008&type=supplementary; https://journals.plos.org/water/article/file?id=10.1371/journal.pwat.0000368.s009&type=supplementary,12,Molly K. Miller-Petrie,"Department of Epidemiology, University of Washington, Seattle, Washington, United States of America",United States of America,https://orcid.org/0000-0001-7493-5915,Karen Levy,"Department of Environmental and Occupational Health Sciences, University of Washington, Seattle, Washington, United States of America",United States of America,https://orcid.org/0000-0002-0968-9401,TRUE,The interview guide and codebook are provided in the Supporting information.,in paper,NA,NA,/Biology and life sciences/Neuroscience/Cognitive science/Cognition/Decision making; /Biology and life sciences/Neuroscience/Cognitive science/Cognitive psychology/Decision making; /Biology and life sciences/Psychology/Cognitive psychology/Decision making; /Earth sciences/Hydrology/Surface water; /Earth sciences/Marine and aquatic sciences/Aquatic environments/Freshwater environments/Rivers; /Earth sciences/Marine and aquatic sciences/Bodies of water/Rivers; /Ecology and environmental sciences/Aquatic environments/Freshwater environments/Rivers; /Ecology and environmental sciences/Natural resources/Water resources; /Engineering and technology/Civil engineering/Urban infrastructure; /Medicine and health sciences/Health care/Environmental health/Sanitation; /Medicine and health sciences/Public and occupational health/Environmental health/Sanitation; /People and places/Population groupings/Families/Mothers; /Social sciences/Economics/Finance; /Social sciences/Psychology/Cognitive psychology/Decision making,journals.plos.org,10.1371/journal.pwat.0000368,Research Article,2026-01-12
10.1371/journal.pwat.0000470,4,12,https://journals.plos.org/water/article?id=10.1371/journal.pwat.0000470,PLOS Water,Water governance to increase agricultural resilience,2025,FALSE,0,NA,NA,1,Renata Rimšaitė,"Daugherty Water for Food Global Institute, University of Nebraska, Lincoln, Nebraska, United States of America",United States of America,https://orcid.org/0000-0001-6985-8601,Renata Rimšaitė,"Daugherty Water for Food Global Institute, University of Nebraska, Lincoln, Nebraska, United States of America",United States of America,https://orcid.org/0000-0001-6985-8601,FALSE,NA,NA,NA,NA,/Biology and life sciences/Agriculture; /Biology and life sciences/Agriculture/Agricultural methods/Agricultural irrigation; /Biology and life sciences/Agriculture/Agricultural methods/Agricultural irrigation/Lift irrigation; /Biology and life sciences/Agriculture/Farms; /Computer and information sciences/Network analysis/Network resilience; /Earth sciences/Hydrology/Surface water; /Ecology and environmental sciences/Natural resources/Water resources; /People and places/Population groupings/Professions/Agricultural workers,journals.plos.org,10.1371/journal.pwat.0000470,Opinion,2025-12-05
10.1371/journal.pwat.0000266,3,9,https://journals.plos.org/water/article?id=10.1371/journal.pwat.0000266,PLOS Water,Effects of deficit irrigation on potato yield and water productivity in northern Ethiopia,2024,TRUE,4,docx; docx; vnd.openxmlformats-officedocument.wordprocessingml.document; vnd.openxmlformats-officedocument.wordprocessingml.document,https://journals.plos.org/water/article/file?id=10.1371/journal.pwat.0000266.s001&type=supplementary; https://journals.plos.org/water/article/file?id=10.1371/journal.pwat.0000266.s002&type=supplementary; https://journals.plos.org/water/article/file?id=10.1371/journal.pwat.0000266.s003&type=supplementary; https://journals.plos.org/water/article/file?id=10.1371/journal.pwat.0000266.s004&type=supplementary,6,Aemro Wale Teshome,"Amhara Agricultural Research Institute, Bahir Dar, Ethiopia",Ethiopia,https://orcid.org/0000-0001-7964-6207,Aemro Wale Teshome,"Amhara Agricultural Research Institute, Bahir Dar, Ethiopia",Ethiopia,https://orcid.org/0000-0001-7964-6207,TRUE,All relevant data are uploaded as Supporting Information.,in paper,NA,NA,/Biology and life sciences/Agriculture/Agricultural methods/Agricultural irrigation; /Biology and life sciences/Agriculture/Agricultural soil science; /Biology and life sciences/Agriculture/Crop science/Crops; /Biology and life sciences/Agriculture/Crop science/Crops/Vegetable crops; /Biology and life sciences/Organisms/Eukaryota/Plants/Solanum/Potato; /Biology and life sciences/Organisms/Eukaryota/Plants/Vegetables; /Biology and life sciences/Organisms/Eukaryota/Plants/Vegetables/Potato; /Biology and life sciences/Plant science/Plant anatomy/Tubers; /Earth sciences/Soil science/Agricultural soil science; /Ecology and environmental sciences/Natural resources/Water resources,journals.plos.org,10.1371/journal.pwat.0000266,Research Article,2024-09-26
10.1371/journal.pwat.0000240,3,9,https://journals.plos.org/water/article?id=10.1371/journal.pwat.0000240,PLOS Water,Insights into the natural and cultural history of Typha orientalis (Raupō) in Aotearoa New Zealand,2024,TRUE,6,tif; sbti; docx; docx; vnd.openxmlformats-officedocument.wordprocessingml.document; vnd.openxmlformats-officedocument.wordprocessingml.document,https://journals.plos.org/water/article/file?id=10.1371/journal.pwat.0000240.s001&type=supplementary; https://journals.plos.org/water/article/file?id=10.1371/journal.pwat.0000240.s002&type=supplementary; https://journals.plos.org/water/article/file?id=10.1371/journal.pwat.0000240.s003&type=supplementary; https://journals.plos.org/water/article/file?id=10.1371/journal.pwat.0000240.s004&type=supplementary; https://journals.plos.org/water/article/file?id=10.1371/journal.pwat.0000240.s005&type=supplementary; https://journals.plos.org/water/article/file?id=10.1371/journal.pwat.0000240.s006&type=supplementary,20,Xun Li,"GNS Science, Lower Hutt, Aotearoa New Zealand",NA,NA,Rewi Newnham,"School of Science in Society, Victoria University of Wellington, Wellington, Aotearoa New Zealand",NA,https://orcid.org/0000-0002-6044-8945,TRUE,The data underlying this study are available in the published article and its online supplementary material or made available on request.,in paper,NA,NA,/Biology and life sciences/Ecology/Ecosystems/Freshwater ecosystems/Limnetic ecosystems; /Biology and life sciences/Ecology/Paleoecology; /Biology and life sciences/Paleontology/Paleobiology/Paleoecology; /Biology and life sciences/Plant science/Plant anatomy/Pollen; /Earth sciences/Geology/Petrology/Sediment; /Earth sciences/Geology/Sedimentary geology/Sediment; /Earth sciences/Geomorphology/Topography/Landforms/Islands; /Earth sciences/Geomorphology/Topography/Landforms/Wetlands; /Earth sciences/Marine and aquatic sciences/Aquatic environments/Freshwater environments/Lakes; /Earth sciences/Marine and aquatic sciences/Aquatic environments/Freshwater environments/Wetlands; /Earth sciences/Marine and aquatic sciences/Bodies of water/Lakes; /Earth sciences/Paleontology/Paleobiology/Paleoecology; /Ecology and environmental sciences/Aquatic environments/Freshwater environments/Lakes; /Ecology and environmental sciences/Aquatic environments/Freshwater environments/Wetlands; /Ecology and environmental sciences/Ecology/Ecosystems/Freshwater ecosystems/Limnetic ecosystems; /Ecology and environmental sciences/Ecology/Paleoecology; /People and places/Geographical locations/Oceania/New Zealand,journals.plos.org,10.1371/journal.pwat.0000240,Research Article,2024-09-25
10.1371/journal.pwat.0000289,3,11,https://journals.plos.org/water/article?id=10.1371/journal.pwat.0000289,PLOS Water,Barriers and facilitators to fecal sludge treatment in humanitarian camps: A systematic review of interventions,2024,TRUE,5,doc; xlsx; xlsx; xlsx; docx,https://journals.plos.org/water/article/file?id=10.1371/journal.pwat.0000289.s001&type=supplementary; https://journals.plos.org/water/article/file?id=10.1371/journal.pwat.0000289.s002&type=supplementary; https://journals.plos.org/water/article/file?id=10.1371/journal.pwat.0000289.s003&type=supplementary; https://journals.plos.org/water/article/file?id=10.1371/journal.pwat.0000289.s004&type=supplementary; https://journals.plos.org/water/article/file?id=10.1371/journal.pwat.0000289.s005&type=supplementary,4,Marine Ricau,"Department of Civil and Environmental Engineering, School of Engineering, Tufts University, Medford, Massachusetts, United States of America",United States of America,https://orcid.org/0000-0002-7466-5975,Marine Ricau,"Department of Civil and Environmental Engineering, School of Engineering, Tufts University, Medford, Massachusetts, United States of America",United States of America,https://orcid.org/0000-0002-7466-5975,TRUE,The datasets supporting the conclusions of this article are included within the article and its supporting files.,in paper,NA,NA,/Earth sciences/Geomorphology/Topography/Landforms/Wetlands; /Earth sciences/Marine and aquatic sciences/Aquatic environments/Freshwater environments/Wetlands; /Earth sciences/Marine and aquatic sciences/Bodies of water/Ponds; /Earth sciences/Marine and aquatic sciences/Limnology/Effluent; /Ecology and environmental sciences/Aquatic environments/Freshwater environments/Wetlands; /Ecology and environmental sciences/Limnology/Effluent; /Engineering and technology/Energy and power/Bioenergy/Biofuels/Biogas; /Engineering and technology/Energy and power/Fuels/Biofuels/Biogas; /Medicine and health sciences/Health care/Environmental health/Sanitation; /Medicine and health sciences/Public and occupational health/Environmental health/Sanitation; /Physical sciences/Materials science/Materials/Fuels/Biofuels/Biogas; /Physical sciences/Materials science/Materials/Sludge; /Research and analysis methods/Database and informatics methods/Database searching; /Research and analysis methods/Extraction techniques/Solid-phase extraction,journals.plos.org,10.1371/journal.pwat.0000289,Research Article,2024-11-19
10.1371/journal.pwat.0000375,4,6,https://journals.plos.org/water/article?id=10.1371/journal.pwat.0000375,PLOS Water,Antibiotic-resistant bacteria detected in homes impacted by sewage,2025,FALSE,0,NA,NA,11,Emily M. H. Woerner,"Department of Global, Environmental, and Occupational Health, University of Maryland School of Public Health, College Park, Maryland, United States of America",United States of America,NA,Rachel E. Rosenberg Goldstein,"Department of Global, Environmental, and Occupational Health, University of Maryland School of Public Health, College Park, Maryland, United States of America",United States of America,https://orcid.org/0000-0002-8190-9376,TRUE,All laboratory analysis data are within the manuscript as well as summarized human subjects data. No individual level participant data can be shared as stipulated by the University of Maryland Institutional Review Board (IRB) approval for this project. Contact information for the University of Maryland IRB can be found here: https://research.umd.edu/irb,available in online repository,https://research.umd.edu/irb,NA,/Biology and life sciences/Microbiology/Medical microbiology/Microbial pathogens/Bacterial pathogens/Escherichia coli; /Biology and life sciences/Microbiology/Medical microbiology/Microbial pathogens/Bacterial pathogens/Staphylococcus; /Biology and life sciences/Microbiology/Medical microbiology/Microbial pathogens/Bacterial pathogens/Staphylococcus/Staphylococcus aureus; /Biology and life sciences/Microbiology/Medical microbiology/Microbial pathogens/Bacterial pathogens/Staphylococcus/Staphylococcus aureus/Methicillin-resistant Staphylococcus aureus; /Biology and life sciences/Microbiology/Microbial control/Antimicrobial resistance/Antibiotic resistance; /Biology and life sciences/Molecular biology/Molecular biology techniques/Artificial gene amplification and extension/Polymerase chain reaction; /Biology and life sciences/Organisms/Bacteria/Enterobacteriaceae/Escherichia/Escherichia coli; /Biology and life sciences/Organisms/Bacteria/Gut bacteria/Escherichia/Escherichia coli; /Biology and life sciences/Organisms/Bacteria/Staphylococcus; /Biology and life sciences/Organisms/Bacteria/Staphylococcus/Staphylococcus aureus; /Biology and life sciences/Organisms/Bacteria/Staphylococcus/Staphylococcus aureus/Methicillin-resistant Staphylococcus aureus; /Earth sciences/Geography/Human geography/Social geography/Neighborhoods; /Engineering and technology/Sanitary engineering/Sewage; /Medicine and health sciences/Pathology and laboratory medicine/Pathogens/Microbial pathogens/Bacterial pathogens/Escherichia coli; /Medicine and health sciences/Pathology and laboratory medicine/Pathogens/Microbial pathogens/Bacterial pathogens/Staphylococcus; /Medicine and health sciences/Pathology and laboratory medicine/Pathogens/Microbial pathogens/Bacterial pathogens/Staphylococcus/Staphylococcus aureus; /Medicine and health sciences/Pathology and laboratory medicine/Pathogens/Microbial pathogens/Bacterial pathogens/Staphylococcus/Staphylococcus aureus/Methicillin-resistant Staphylococcus aureus; /Medicine and health sciences/Pharmacology/Antimicrobial resistance/Antibiotic resistance; /Research and analysis methods/Animal studies/Experimental organism systems/Model organisms/Escherichia coli; /Research and analysis methods/Animal studies/Experimental organism systems/Prokaryotic models/Escherichia coli; /Research and analysis methods/Model organisms/Escherichia coli; /Research and analysis methods/Molecular biology techniques/Artificial gene amplification and extension/Polymerase chain reaction; /Social sciences/Human geography/Social geography/Neighborhoods,journals.plos.org,10.1371/journal.pwat.0000375,Research Article,2025-06-05
10.1371/journal.pwat.0000372,4,6,https://journals.plos.org/water/article?id=10.1371/journal.pwat.0000372,PLOS Water,Integrating Nature-based Solutions for urban water security in global south,2025,TRUE,3,pdf; pdf; pdf,https://journals.plos.org/water/article/file?id=10.1371/journal.pwat.0000372.s001&type=supplementary; https://journals.plos.org/water/article/file?id=10.1371/journal.pwat.0000372.s002&type=supplementary; https://journals.plos.org/water/article/file?id=10.1371/journal.pwat.0000372.s003&type=supplementary,21,Liya E. Abera,"Network for Engineering with Nature, Athens, GeorgiaUnited States of America",NA,https://orcid.org/0000-0001-6720-8955,Liya E. Abera,"Network for Engineering with Nature, Athens, GeorgiaUnited States of America",NA,https://orcid.org/0000-0001-6720-8955,FALSE,NA,NA,NA,NA,/Biology and life sciences/Ecology/Biodiversity; /Biology and life sciences/Ecology/Urban ecology; /Earth sciences/Geography/Human geography/Urban geography/Cities; /Earth sciences/Hydrology/Surface water; /Ecology and environmental sciences/Conservation science; /Ecology and environmental sciences/Ecology/Biodiversity; /Ecology and environmental sciences/Ecology/Urban ecology; /Ecology and environmental sciences/Natural resources/Water resources; /Ecology and environmental sciences/Pollution/Water pollution; /Engineering and technology/Civil engineering/Urban infrastructure; /Social sciences/Human geography/Urban geography/Cities,journals.plos.org,10.1371/journal.pwat.0000372,Review,2025-06-05
10.1371/journal.pwat.0000365,4,7,https://journals.plos.org/water/article?id=10.1371/journal.pwat.0000365,PLOS Water,Evaluating the effectiveness of point-of-use UVC LED disinfection of activated carbon block filter effluent among private well users,2025,TRUE,3,docx; vnd.openxmlformats-officedocument.wordprocessingml.document; vnd.openxmlformats-officedocument.wordprocessingml.document,https://journals.plos.org/water/article/file?id=10.1371/journal.pwat.0000365.s001&type=supplementary; https://journals.plos.org/water/article/file?id=10.1371/journal.pwat.0000365.s002&type=supplementary; https://journals.plos.org/water/article/file?id=10.1371/journal.pwat.0000365.s004&type=supplementary,9,Hania Zanib,"Department of Environmental Sciences & Engineering, Gillings School of Global Public Health, University of North Carolina at Chapel Hill, Chapel Hill, North Carolina, United States of America",United States of America,NA,Riley E. Mulhern,"Department of Environmental Sciences & Engineering, Gillings School of Global Public Health, University of North Carolina at Chapel Hill, Chapel Hill, North Carolina, United States of America",United States of America,https://orcid.org/0000-0001-6293-3672,TRUE,Data and code accompanying this article are available through a unique Zenodo record at https://doi.org/10.5281/zenodo.15007150.,available in online repository,https://doi.org/10.5281/zenodo.15007150; 10.5281/zenodo.15007150,zenodo,/Biology and life sciences/Microbiology/Medical microbiology/Microbial pathogens/Bacterial pathogens/Escherichia coli; /Biology and life sciences/Organisms/Bacteria; /Biology and life sciences/Organisms/Bacteria/Enterobacteriaceae/Escherichia/Escherichia coli; /Biology and life sciences/Organisms/Bacteria/Gut bacteria/Escherichia/Escherichia coli; /Earth sciences/Marine and aquatic sciences/Limnology/Effluent; /Ecology and environmental sciences/Limnology/Effluent; /Ecology and environmental sciences/Water quality; /Medicine and health sciences/Health care/Sanitization/Disinfection; /Medicine and health sciences/Medical conditions/Infectious diseases/Infectious disease control/Sanitization/Disinfection; /Medicine and health sciences/Pathology and laboratory medicine/Pathogens/Microbial pathogens/Bacterial pathogens/Escherichia coli; /Medicine and health sciences/Public and occupational health/Preventive medicine/Sanitization/Disinfection; /Physical sciences/Materials science/Materials/Contaminants; /Physical sciences/Physics/Classical mechanics/Continuum mechanics/Fluid mechanics/Fluid dynamics/Flow rate; /Physical sciences/Physics/Electromagnetic radiation/Light/Ultraviolet radiation/Ultraviolet C; /Research and analysis methods/Animal studies/Experimental organism systems/Model organisms/Escherichia coli; /Research and analysis methods/Animal studies/Experimental organism systems/Prokaryotic models/Escherichia coli; /Research and analysis methods/Model organisms/Escherichia coli,journals.plos.org,10.1371/journal.pwat.0000365,Research Article,2025-07-31
10.1371/journal.pwat.0000391,4,8,https://journals.plos.org/water/article?id=10.1371/journal.pwat.0000391,PLOS Water,"Users of a container-based sanitation service experience high sanitation-related quality of life: A prospective cohort study in Cap Haitien, Haiti",2025,TRUE,2,docx; vnd.openxmlformats-officedocument.wordprocessingml.document,https://journals.plos.org/water/article/file?id=10.1371/journal.pwat.0000391.s001&type=supplementary; https://journals.plos.org/water/article/file?id=10.1371/journal.pwat.0000391.s003&type=supplementary,6,Maya Lubeck-Schricker,"Department of Epidemiology, University of Washington, Seattle, Washington, United States of America",United States of America,https://orcid.org/0000-0002-8659-5943,Maya Lubeck-Schricker,"Department of Epidemiology, University of Washington, Seattle, Washington, United States of America",United States of America,https://orcid.org/0000-0002-8659-5943,TRUE,The de-identified data and R script with code used to produce the analyses and visualizations presented in this study can be found at the following website: https://data.humdata.org/dataset/haiti-cbs-sanitation-quality-of-life.,available in online repository,https://data.humdata.org/dataset/haiti-cbs-sanitation-quality-of-life,NA,/Biology and life sciences/Physiology/Physiological processes/Defecation; /Engineering and technology/Civil engineering/Urban infrastructure; /Engineering and technology/Equipment/Communication equipment/Cell phones; /Medicine and health sciences/Health care/Environmental health/Sanitation; /Medicine and health sciences/Health care/Quality of life; /Medicine and health sciences/Medical conditions/Infectious diseases; /Medicine and health sciences/Public and occupational health/Environmental health/Sanitation; /People and places/Geographical locations/North America/Caribbean/Haiti; /Research and analysis methods/Research design/Cohort studies,journals.plos.org,10.1371/journal.pwat.0000391,Research Article,2025-08-22
10.1371/journal.pwat.0000410,4,8,https://journals.plos.org/water/article?id=10.1371/journal.pwat.0000410,PLOS Water,"Understanding end-user preferences for hand hygiene enabling technologies: A mixed-methods study in peri-urban Lusaka, Zambia",2025,TRUE,5,ref; docx; docx; vnd.openxmlformats-officedocument.wordprocessingml.document; vnd.openxmlformats-officedocument.wordprocessingml.document,https://journals.plos.org/water/article/file?id=10.1371/journal.pwat.0000410.s001&type=supplementary; https://journals.plos.org/water/article/file?id=10.1371/journal.pwat.0000410.s002&type=supplementary; https://journals.plos.org/water/article/file?id=10.1371/journal.pwat.0000410.s003&type=supplementary; https://journals.plos.org/water/article/file?id=10.1371/journal.pwat.0000410.s004&type=supplementary; https://journals.plos.org/water/article/file?id=10.1371/journal.pwat.0000410.s005&type=supplementary,8,Katayi Mwila-Kazimbaya,"Centre for Infectious Disease Research in Zambia, Lusaka, Zambia",Zambia,https://orcid.org/0000-0002-8482-4693,Robert Dreibelbis,"Department of Disease Control, London School of Hygiene and Tropical Medicine, London, United Kingdom",United Kingdom of Great Britain and Northern Ireland,https://orcid.org/0000-0002-9716-0419,TRUE,Quantitative data have been deposited in a repository (https://doi.org/10.17037/DATA.00004413).,available in online repository,https://doi.org/10.17037/DATA.00004413; 10.17037/DATA.00004413,NA,/Engineering and technology/Environmental engineering/Water management; /Medicine and health sciences/Health care/Caregivers; /Medicine and health sciences/Health care/Environmental health/Sanitation; /Medicine and health sciences/Health care/Geriatric care; /Medicine and health sciences/Medical conditions/Disabilities; /Medicine and health sciences/Public and occupational health/Environmental health/Sanitation; /Medicine and health sciences/Public and occupational health/Hygiene; /People and places/Population groupings/Age groups/Adults; /Physical sciences/Chemistry/Chemical compounds/Salts/Soaps,journals.plos.org,10.1371/journal.pwat.0000410,Research Article,2025-08-08
10.1371/journal.pwat.0000297,4,2,https://journals.plos.org/water/article?id=10.1371/journal.pwat.0000297,PLOS Water,Projection of irrigation water requirement in the south Mediterranean area using an explicit representation of irrigation processes into a land surface model: Case of the Tensift catchment (Morocco),2025,TRUE,10,tiff; tiff; tiff; tiff; tiff; tiff; odbl; odbl; odbl; odbl,https://journals.plos.org/water/article/file?id=10.1371/journal.pwat.0000297.s001&type=supplementary; https://journals.plos.org/water/article/file?id=10.1371/journal.pwat.0000297.s002&type=supplementary; https://journals.plos.org/water/article/file?id=10.1371/journal.pwat.0000297.s003&type=supplementary; https://journals.plos.org/water/article/file?id=10.1371/journal.pwat.0000297.s004&type=supplementary; https://journals.plos.org/water/article/file?id=10.1371/journal.pwat.0000297.s005&type=supplementary; https://journals.plos.org/water/article/file?id=10.1371/journal.pwat.0000297.s006&type=supplementary; https://journals.plos.org/water/article/file?id=10.1371/journal.pwat.0000297.s007&type=supplementary; https://journals.plos.org/water/article/file?id=10.1371/journal.pwat.0000297.s008&type=supplementary; https://journals.plos.org/water/article/file?id=10.1371/journal.pwat.0000297.s009&type=supplementary; https://journals.plos.org/water/article/file?id=10.1371/journal.pwat.0000297.s010&type=supplementary,11,Ahmed Moucha,"L3G Laboratory, Faculty of Sciences and Techniques, Cadi Ayyad University, Marrakech, Morocco",Morocco,https://orcid.org/0000-0001-9772-5961,Lionel Jarlan,"CESBIO (Université de Toulouse/CNRS/INRAE/IRD/CNES), Toulouse, France",France,https://orcid.org/0000-0002-6542-5793,TRUE,In situ data were acquired within the frame of the TENSIFT observatory (https://www.lmi-trema.ma/observatoire/le-reseau-de-sites-de-mesure/) and are available upon request to Vincent Simonneaux ([email removed]@ird.fr) and Salah-Er Raki ([email removed]@uca.ma). SAFRAN forcing and future scenario (doi: 10.5281/zenodo.1383886) are available at the following URL: https://doi.org/10.5281/zenodo.13838861,available in online repository,https://www.lmi-trema.ma/observatoire/le-reseau-de-sites-de-mesure/; https://doi.org/10.5281/zenodo.1383886; https://doi.org/10.5281/zenodo.13838861; 10.5281/zenodo.1383886; 10.5281/zenodo.13838861,zenodo,/Biology and life sciences/Agriculture/Agricultural methods/Agricultural irrigation; /Biology and life sciences/Agriculture/Agricultural methods/Agricultural irrigation/Drip irrigation; /Biology and life sciences/Agriculture/Agricultural methods/Agricultural irrigation/Surface irrigation; /Biology and life sciences/Agriculture/Crop science/Crops; /Biology and life sciences/Organisms/Eukaryota/Plants/Grasses/Wheat; /Earth sciences/Atmospheric science/Climatology/Climate change; /Earth sciences/Hydrology/Surface water; /Ecology and environmental sciences/Natural resources/Water resources,journals.plos.org,10.1371/journal.pwat.0000297,Research Article,2025-02-21
10.1371/journal.pwat.0000342,4,3,https://journals.plos.org/water/article?id=10.1371/journal.pwat.0000342,PLOS Water,Atmospheric nitrate accumulation in headwater lakes and nutrient subsidy to downstream aquatic environments,2025,TRUE,5,tiff; tiff; tiff; docx; docx,https://journals.plos.org/water/article/file?id=10.1371/journal.pwat.0000342.s001&type=supplementary; https://journals.plos.org/water/article/file?id=10.1371/journal.pwat.0000342.s002&type=supplementary; https://journals.plos.org/water/article/file?id=10.1371/journal.pwat.0000342.s003&type=supplementary; https://journals.plos.org/water/article/file?id=10.1371/journal.pwat.0000342.s004&type=supplementary; https://journals.plos.org/water/article/file?id=10.1371/journal.pwat.0000342.s005&type=supplementary,7,Imke Grefe,"Lancaster Environment Centre, Lancaster University, Lancaster, United Kingdom",United Kingdom of Great Britain and Northern Ireland,https://orcid.org/0000-0001-6211-4976,Imke Grefe,"Lancaster Environment Centre, Lancaster University, Lancaster, United Kingdom",United Kingdom of Great Britain and Northern Ireland,https://orcid.org/0000-0001-6211-4976,TRUE,Data for this study is available from the UK Environmental Information Data Centre (EIDC): https://catalogue.ceh.ac.uk/documents/0d6de9b6-1f80-4f78-b65a-503db8ba63cf,available in online repository,https://catalogue.ceh.ac.uk/documents/0d6de9b6-1f80-4f78-b65a-503db8ba63cf,NA,/Biology and life sciences/Ecology/Ecosystems; /Biology and life sciences/Organisms/Eukaryota/Animals/Invertebrates/Plankton/Phytoplankton; /Biology and life sciences/Organisms/Eukaryota/Plants/Algae/Phytoplankton; /Biology and life sciences/Zoology/Animals/Invertebrates/Plankton/Phytoplankton; /Earth sciences/Hydrology/Surface water; /Earth sciences/Marine and aquatic sciences/Aquatic environments/Freshwater environments/Lakes; /Earth sciences/Marine and aquatic sciences/Bodies of water/Lakes; /Ecology and environmental sciences/Aquatic environments/Freshwater environments/Lakes; /Ecology and environmental sciences/Ecology/Ecosystems; /Engineering and technology/Industrial engineering/Process engineering/Industrial processes/Manufacturing processes/Surface treatments/Chemical deposition; /Physical sciences/Chemistry/Chemical compounds/Nitrates; /Physical sciences/Chemistry/Chemical reactions/Nitrification; /Physical sciences/Chemistry/Physical chemistry/Chemical deposition; /Physical sciences/Physics/Particle physics/Composite particles/Atoms/Isotopes,journals.plos.org,10.1371/journal.pwat.0000342,Research Article,2025-03-10
10.1371/journal.pwat.0000398,5,1,https://journals.plos.org/water/article?id=10.1371/journal.pwat.0000398,PLOS Water,"Greywater quantities and qualities in low-income Kumasi, Ghana: Implications for sustainable water management",2026,TRUE,9,docx; docx; docx; docx; docx; docx; docx; xlsx; xlsx,https://journals.plos.org/water/article/file?id=10.1371/journal.pwat.0000398.s001&type=supplementary; https://journals.plos.org/water/article/file?id=10.1371/journal.pwat.0000398.s002&type=supplementary; https://journals.plos.org/water/article/file?id=10.1371/journal.pwat.0000398.s003&type=supplementary; https://journals.plos.org/water/article/file?id=10.1371/journal.pwat.0000398.s004&type=supplementary; https://journals.plos.org/water/article/file?id=10.1371/journal.pwat.0000398.s005&type=supplementary; https://journals.plos.org/water/article/file?id=10.1371/journal.pwat.0000398.s006&type=supplementary; https://journals.plos.org/water/article/file?id=10.1371/journal.pwat.0000398.s007&type=supplementary; https://journals.plos.org/water/article/file?id=10.1371/journal.pwat.0000398.s008&type=supplementary; https://journals.plos.org/water/article/file?id=10.1371/journal.pwat.0000398.s009&type=supplementary,7,Barbara Gyapong-Korsah,"Department of Occupational and Environmental Health & Safety, School of Public Health, College of Health Sciences, Kwame Nkrumah University of Science and Technology (KNUST), Kumasi, Ashanti, Ghana",Ghana,https://orcid.org/0000-0002-8290-8551,Barbara Gyapong-Korsah,"Department of Occupational and Environmental Health & Safety, School of Public Health, College of Health Sciences, Kwame Nkrumah University of Science and Technology (KNUST), Kumasi, Ashanti, Ghana",Ghana,https://orcid.org/0000-0002-8290-8551,TRUE,All relevant data are included in the paper or its supporting information.,in paper,NA,NA,/Biology and life sciences/Biochemistry/Lipids/Oils; /Biology and life sciences/Microbiology/Medical microbiology/Microbial pathogens/Bacterial pathogens/Escherichia coli; /Biology and life sciences/Organisms/Bacteria/Enterobacteriaceae/Escherichia/Escherichia coli; /Biology and life sciences/Organisms/Bacteria/Gut bacteria/Escherichia/Escherichia coli; /Ecology and environmental sciences/Pollution; /Ecology and environmental sciences/Water quality/Chemical oxygen demand; /Medicine and health sciences/Pathology and laboratory medicine/Pathogens/Microbial pathogens/Bacterial pathogens/Escherichia coli; /Physical sciences/Chemistry/Chemical compounds/Nitrates; /Physical sciences/Chemistry/Chemical compounds/Phosphates; /Physical sciences/Chemistry/Chemical elements/Metallic lead; /Physical sciences/Materials science/Materials/Surfactants/Detergents; /Research and analysis methods/Animal studies/Experimental organism systems/Model organisms/Escherichia coli; /Research and analysis methods/Animal studies/Experimental organism systems/Prokaryotic models/Escherichia coli; /Research and analysis methods/Model organisms/Escherichia coli,journals.plos.org,10.1371/journal.pwat.0000398,Research Article,2026-01-16
10.1371/journal.pwat.0000461,4,10,https://journals.plos.org/water/article?id=10.1371/journal.pwat.0000461,PLOS Water,Correction: Integrating nature-based solutions for urban water security in global south,2025,FALSE,0,NA,NA,21,Liya E. Abera,NA,NA,NA,NA,NA,NA,NA,FALSE,NA,NA,NA,NA,NA,journals.plos.org,10.1371/journal.pwat.0000461,Correction,2025-10-31
10.1371/journal.pwat.0000395,4,7,https://journals.plos.org/water/article?id=10.1371/journal.pwat.0000395,PLOS Water,The utility of experiential water insecurity measures for monitoring and evaluating WASH programs: Case studies from Nepal and Sierra Leone,2025,TRUE,14,xlsx; docx; xls; do; docx; docx; docx; docx; docx; docx; docx; docx; vnd.openxmlformats-officedocument.wordprocessingml.document; vnd.openxmlformats-officedocument.wordprocessingml.document,https://journals.plos.org/water/article/file?id=10.1371/journal.pwat.0000395.s001&type=supplementary; https://journals.plos.org/water/article/file?id=10.1371/journal.pwat.0000395.s002&type=supplementary; https://journals.plos.org/water/article/file?id=10.1371/journal.pwat.0000395.s003&type=supplementary; https://journals.plos.org/water/article/file?id=10.1371/journal.pwat.0000395.s004&type=supplementary; https://journals.plos.org/water/article/file?id=10.1371/journal.pwat.0000395.s005&type=supplementary; https://journals.plos.org/water/article/file?id=10.1371/journal.pwat.0000395.s006&type=supplementary; https://journals.plos.org/water/article/file?id=10.1371/journal.pwat.0000395.s007&type=supplementary; https://journals.plos.org/water/article/file?id=10.1371/journal.pwat.0000395.s008&type=supplementary; https://journals.plos.org/water/article/file?id=10.1371/journal.pwat.0000395.s009&type=supplementary; https://journals.plos.org/water/article/file?id=10.1371/journal.pwat.0000395.s010&type=supplementary; https://journals.plos.org/water/article/file?id=10.1371/journal.pwat.0000395.s011&type=supplementary; https://journals.plos.org/water/article/file?id=10.1371/journal.pwat.0000395.s012&type=supplementary; https://journals.plos.org/water/article/file?id=10.1371/journal.pwat.0000395.s013&type=supplementary; https://journals.plos.org/water/article/file?id=10.1371/journal.pwat.0000395.s015&type=supplementary,15,Joshua D. Miller,"Department of Nutrition, University of North Carolina at Chapel Hill, Chapel Hill, North Carolina, United States of America",United States of America,https://orcid.org/0000-0002-2171-856X,Joshua D. Miller,"Department of Nutrition, University of North Carolina at Chapel Hill, Chapel Hill, North Carolina, United States of America",United States of America,https://orcid.org/0000-0002-2171-856X,TRUE,"Data for the Nepal case study and associated analytic code are included as supplementary files. In alignment with Oxfam’s Responsible Program Data Policy and the EU General Data Protection Regulation, the dataset used for the Sierra Leone case study cannot be publicly shared because of potentially identifying participant information. Individuals interested in accessing the data can contact the data curator, Jaynie Vonk ([email removed]@oxfamnovib.nl).",in paper,NA,NA,/Earth sciences/Hydrology/Surface water; /Ecology and environmental sciences/Natural resources/Water resources; /Engineering and technology/Environmental engineering/Water management; /Medicine and health sciences/Health care/Environmental health/Sanitation; /Medicine and health sciences/Medical conditions/Disabilities; /Medicine and health sciences/Public and occupational health/Environmental health/Sanitation; /People and places/Geographical locations/Africa/Sierra Leone; /People and places/Geographical locations/Asia/Nepal; /Research and analysis methods/Research design/Survey research/Surveys,journals.plos.org,10.1371/journal.pwat.0000395,Research Article,2025-07-09
10.1371/journal.pwat.0000299,4,7,https://journals.plos.org/water/article?id=10.1371/journal.pwat.0000299,PLOS Water,"Urbanization in Denver produces more streamflow because of contributions from excess irrigation, leaking pipes, and stormwater",2025,TRUE,14,tap; tiff; tiff; tiff; tiff; tiff; tiff; tiff; tiff; tiff; tiff; tiff; tiff; tiff,https://journals.plos.org/water/article/file?id=10.1371/journal.pwat.0000299.s001&type=supplementary; https://journals.plos.org/water/article/file?id=10.1371/journal.pwat.0000299.s002&type=supplementary; https://journals.plos.org/water/article/file?id=10.1371/journal.pwat.0000299.s003&type=supplementary; https://journals.plos.org/water/article/file?id=10.1371/journal.pwat.0000299.s004&type=supplementary; https://journals.plos.org/water/article/file?id=10.1371/journal.pwat.0000299.s005&type=supplementary; https://journals.plos.org/water/article/file?id=10.1371/journal.pwat.0000299.s006&type=supplementary; https://journals.plos.org/water/article/file?id=10.1371/journal.pwat.0000299.s007&type=supplementary; https://journals.plos.org/water/article/file?id=10.1371/journal.pwat.0000299.s008&type=supplementary; https://journals.plos.org/water/article/file?id=10.1371/journal.pwat.0000299.s009&type=supplementary; https://journals.plos.org/water/article/file?id=10.1371/journal.pwat.0000299.s010&type=supplementary; https://journals.plos.org/water/article/file?id=10.1371/journal.pwat.0000299.s011&type=supplementary; https://journals.plos.org/water/article/file?id=10.1371/journal.pwat.0000299.s012&type=supplementary; https://journals.plos.org/water/article/file?id=10.1371/journal.pwat.0000299.s013&type=supplementary; https://journals.plos.org/water/article/file?id=10.1371/journal.pwat.0000299.s014&type=supplementary,2,Abdullah Al Fatta,"Department of Civil and Environmental Engineering, Colorado State University, Fort Collins, Colorado, United States of America",United States of America,https://orcid.org/0000-0001-9884-4102,Aditi S. Bhaskar,"Department of Civil, Environmental, and Architectural Engineering, University of Colorado Boulder, Boulder, Colorado, United States of America",United States of America,https://orcid.org/0000-0001-9803-4003,TRUE,"Al Fatta, A., A. S. Bhaskar (2025). Datasets: Urbanization in Denver produces more streamflow because of contributions from excess irrigation, leaking pipes, and stormwater, HydroShare, https://doi.org/10.4211/hs.b213390987b74771bd9317c1588277a9",available in online repository,https://doi.org/10.4211/hs.b213390987b74771bd9317c1588277a9; 10.4211/hs.b213390987b74771bd9317c1588277a9,NA,/Biology and life sciences/Ecology/Plant ecology/Plant communities/Grasslands; /Biology and life sciences/Plant science/Plant ecology/Plant communities/Grasslands; /Earth sciences/Atmospheric science/Meteorology/Rain; /Earth sciences/Geography/Human geography/Urban geography/Urbanization; /Earth sciences/Geography/Physical geography/Watersheds; /Earth sciences/Hydrology/Surface water; /Ecology and environmental sciences/Ecology/Plant ecology/Plant communities/Grasslands; /Ecology and environmental sciences/Natural resources/Water resources; /Ecology and environmental sciences/Terrestrial environments/Grasslands; /Engineering and technology/Civil engineering/Urban infrastructure; /Physical sciences/Physics/Particle physics/Composite particles/Atoms/Isotopes; /Social sciences/Human geography/Urban geography/Urbanization,journals.plos.org,10.1371/journal.pwat.0000299,Research Article,2025-07-09
10.1371/journal.pwat.0000386,4,6,https://journals.plos.org/water/article?id=10.1371/journal.pwat.0000386,PLOS Water,Microbial community composition reflects water usage and storage conditions in a city-wide study of non-sewered wastewater (fecal sludge),2025,TRUE,4,docx; vnd.openxmlformats-officedocument.wordprocessingml.document; vnd.openxmlformats-officedocument.wordprocessingml.document; vnd.openxmlformats-officedocument.wordprocessingml.document,https://journals.plos.org/water/article/file?id=10.1371/journal.pwat.0000386.s001&type=supplementary; https://journals.plos.org/water/article/file?id=10.1371/journal.pwat.0000386.s002&type=supplementary; https://journals.plos.org/water/article/file?id=10.1371/journal.pwat.0000386.s003&type=supplementary; https://journals.plos.org/water/article/file?id=10.1371/journal.pwat.0000386.s005&type=supplementary,13,Stanley B. Sam,"Eawag, Swiss Federal Institute of Aquatic Science and Technology, Dübendorf, Switzerland",Switzerland,NA,Linda Strande,"Eawag, Swiss Federal Institute of Aquatic Science and Technology, Dübendorf, Switzerland",Switzerland,https://orcid.org/0000-0003-4477-6268,TRUE,"The data package for all analysis completed in this study is published open access with the Eawag Research Data Institutional Collection (ERIC), and can be accessed at https://doi.org/10.25678/0008ZW",available in online repository,https://doi.org/10.25678/0008ZW; 10.25678/0008ZW,NA,/Biology and life sciences/Ecology/Ecological metrics/Species diversity/Shannon index; /Biology and life sciences/Genetics/Genomics/Microbial genomics/Microbiome; /Biology and life sciences/Microbiology/Medical microbiology/Microbiome; /Biology and life sciences/Microbiology/Microbial genomics/Microbiome; /Biology and life sciences/Taxonomy/Microbial taxonomy; /Computer and information sciences/Data management/Taxonomy/Microbial taxonomy; /Ecology and environmental sciences/Ecology/Ecological metrics/Species diversity/Shannon index; /Medicine and health sciences/Health care/Environmental health/Sanitation; /Medicine and health sciences/Public and occupational health/Environmental health/Sanitation; /Physical sciences/Chemistry/Chemical compounds/Ammonia; /Physical sciences/Chemistry/Chemical compounds/Methane; /Physical sciences/Materials science/Materials/Sludge; /Research and analysis methods/Storage and handling/Specimen storage,journals.plos.org,10.1371/journal.pwat.0000386,Research Article,2025-06-25
10.1371/journal.pwat.0000335,4,6,https://journals.plos.org/water/article?id=10.1371/journal.pwat.0000335,PLOS Water,Quantifying the success of stormwater control measure networks using effective imperviousness,2025,FALSE,0,NA,NA,5,Aditi S. Bhaskar,"Department of Civil, Environmental, and Architectural Engineering, University of Colorado Boulder, Boulder, Colorado, United States of America",United States of America,https://orcid.org/0000-0001-9803-4003,Aditi S. Bhaskar,"Department of Civil, Environmental, and Architectural Engineering, University of Colorado Boulder, Boulder, Colorado, United States of America",United States of America,https://orcid.org/0000-0001-9803-4003,TRUE,Data and codes used for this project are available at https://github.com/mjburns/imperv_paper and will be deposited in an archived repository prior to final publication.,available in online repository,https://github.com/mjburns/imperv_paper,github,/Earth sciences/Atmospheric science/Meteorology/Rain; /Earth sciences/Atmospheric science/Meteorology/Storms; /Earth sciences/Geography/Physical geography/Watersheds; /Ecology and environmental sciences/Environmental chemistry/Pollutants/Urban runoff; /Ecology and environmental sciences/Water quality; /Physical sciences/Chemistry/Environmental chemistry/Pollutants/Urban runoff; /Physical sciences/Mathematics/Statistics/Statistical methods/Regression analysis; /Physical sciences/Mathematics/Statistics/Statistical methods/Regression analysis/Linear regression analysis; /Research and analysis methods/Mathematical and statistical techniques/Statistical methods/Regression analysis; /Research and analysis methods/Mathematical and statistical techniques/Statistical methods/Regression analysis/Linear regression analysis; /Research and analysis methods/Precipitation techniques,journals.plos.org,10.1371/journal.pwat.0000335,Research Article,2025-06-30
10.1371/journal.pwat.0000400,4,9,https://journals.plos.org/water/article?id=10.1371/journal.pwat.0000400,PLOS Water,Characterizing the temporal and spatial heterogeneous interaction among multiple indicators within water through time with fuzzy cognitive maps,2025,TRUE,2,docx; docx,https://journals.plos.org/water/article/file?id=10.1371/journal.pwat.0000400.s001&type=supplementary; https://journals.plos.org/water/article/file?id=10.1371/journal.pwat.0000400.s002&type=supplementary,13,Xu Wang,"School of Software, Shanxi Agricultural University, Taiyuan, China",China,NA,Kai Zhang,"Gyenno Science Co. Ltd., Shenzhen, China",China,https://orcid.org/0000-0001-9054-288X,TRUE,"The code for training and testing the models in the current research, the datasets generated or analyzed during this study are available in https://github.com/Hugo0512/FCM_water.",available in online repository,https://github.com/Hugo0512/FCM_water,github,/Earth sciences/Marine and aquatic sciences/Aquatic environments/Freshwater environments/Rivers; /Earth sciences/Marine and aquatic sciences/Bodies of water/Rivers; /Ecology and environmental sciences/Aquatic environments/Freshwater environments/Rivers; /Ecology and environmental sciences/Pollution/Water pollution; /Ecology and environmental sciences/Water quality; /Engineering and technology/Civil engineering/Transportation infrastructure/Canals; /Engineering and technology/Sanitary engineering/Solid waste management/Sewage treatment; /Engineering and technology/Transportation/Transportation infrastructure/Canals; /Physical sciences/Materials science/Material properties/Thermal conductivity; /Physical sciences/Materials science/Materials physics/Turbidity; /Physical sciences/Physics/Electricity/Electric conductivity; /Physical sciences/Physics/Materials physics/Turbidity,journals.plos.org,10.1371/journal.pwat.0000400,Research Article,2025-09-08
10.1371/journal.pwat.0000479,4,12,https://journals.plos.org/water/article?id=10.1371/journal.pwat.0000479,PLOS Water,Agricultural water management for adaptation and mitigation: Tension or co-benefits in achieving global good?,2025,FALSE,0,NA,NA,2,Nicole Lefore,"Robert B. Daugherty Water for Food Global Institute, University of Nebraska, Lincoln, Nebraska, United States of America",United States of America,https://orcid.org/0000-0003-1649-2479,Nicole Lefore,"Robert B. Daugherty Water for Food Global Institute, University of Nebraska, Lincoln, Nebraska, United States of America",United States of America,https://orcid.org/0000-0003-1649-2479,FALSE,NA,NA,NA,NA,/Biology and life sciences/Agriculture; /Biology and life sciences/Agriculture/Agricultural methods/Agricultural irrigation/Lift irrigation; /Biology and life sciences/Nutrition/Diet/Food; /Biology and life sciences/Organisms/Eukaryota/Plants/Grasses/Rice; /Ecology and environmental sciences/Natural resources/Water resources; /Engineering and technology/Environmental engineering/Water management; /Medicine and health sciences/Nutrition/Diet/Food; /Research and analysis methods/Animal studies/Experimental organism systems/Plant and algal models/Rice; /Social sciences/Economics/Finance; /Social sciences/Political science/National security,journals.plos.org,10.1371/journal.pwat.0000479,Opinion,2025-12-17
10.1371/journal.pwat.0000432,4,11,https://journals.plos.org/water/article?id=10.1371/journal.pwat.0000432,PLOS Water,From pipes to streams: The hidden influence of orthophosphate additions on urban waterways,2025,TRUE,13,docx; docx; docx; docx; docx; tif; tif; tif; tif; pdf; pdf; vnd.openxmlformats-officedocument.wordprocessingml.document; vnd.openxmlformats-officedocument.wordprocessingml.document,https://journals.plos.org/water/article/file?id=10.1371/journal.pwat.0000432.s001&type=supplementary; https://journals.plos.org/water/article/file?id=10.1371/journal.pwat.0000432.s002&type=supplementary; https://journals.plos.org/water/article/file?id=10.1371/journal.pwat.0000432.s003&type=supplementary; https://journals.plos.org/water/article/file?id=10.1371/journal.pwat.0000432.s004&type=supplementary; https://journals.plos.org/water/article/file?id=10.1371/journal.pwat.0000432.s005&type=supplementary; https://journals.plos.org/water/article/file?id=10.1371/journal.pwat.0000432.s006&type=supplementary; https://journals.plos.org/water/article/file?id=10.1371/journal.pwat.0000432.s007&type=supplementary; https://journals.plos.org/water/article/file?id=10.1371/journal.pwat.0000432.s008&type=supplementary; https://journals.plos.org/water/article/file?id=10.1371/journal.pwat.0000432.s009&type=supplementary; https://journals.plos.org/water/article/file?id=10.1371/journal.pwat.0000432.s010&type=supplementary; https://journals.plos.org/water/article/file?id=10.1371/journal.pwat.0000432.s012&type=supplementary; https://journals.plos.org/water/article/file?id=10.1371/journal.pwat.0000432.s013&type=supplementary; https://journals.plos.org/water/article/file?id=10.1371/journal.pwat.0000432.s014&type=supplementary,8,Anusha Balangoda,"Department of Geology and Environmental Science, University of Pittsburgh, Pittsburgh, Pennsylvania, United States of America",United States of America,https://orcid.org/0000-0002-1508-0889,Anusha Balangoda,"Department of Geology and Environmental Science, University of Pittsburgh, Pittsburgh, Pennsylvania, United States of America",United States of America,https://orcid.org/0000-0002-1508-0889,TRUE,The data is being formatted and finalized for sharing on Hydroshare once the MS is accepted.,NA,NA,NA,/Biology and life sciences/Ecology/Urban ecology; /Biology and life sciences/Organisms/Eukaryota/Plants/Algae; /Earth sciences/Hydrology/Surface water; /Ecology and environmental sciences/Ecology/Urban ecology; /Ecology and environmental sciences/Natural resources/Water resources; /Engineering and technology/Environmental engineering/Water management; /Physical sciences/Chemistry/Chemical elements/Manganese; /Physical sciences/Chemistry/Chemical elements/Metallic lead; /Physical sciences/Chemistry/Chemical reactions/Corrosion,journals.plos.org,10.1371/journal.pwat.0000432,Research Article,2025-11-14
10.1371/journal.pwat.0000334,5,1,https://journals.plos.org/water/article?id=10.1371/journal.pwat.0000334,PLOS Water,"Assessing geographic variations in household water disruptions across 30,109 communities in India in 2021",2026,TRUE,4,docx; docx; zip; docx,https://journals.plos.org/water/article/file?id=10.1371/journal.pwat.0000334.s001&type=supplementary; https://journals.plos.org/water/article/file?id=10.1371/journal.pwat.0000334.s002&type=supplementary; https://journals.plos.org/water/article/file?id=10.1371/journal.pwat.0000334.s003&type=supplementary; https://journals.plos.org/water/article/file?id=10.1371/journal.pwat.0000334.s004&type=supplementary,3,Anoop Jain,"Department of Environmental Health, Boston University School of Public Health, Boston, Massachusetts, United States of America",United States of America,NA,Anoop Jain,"Department of Environmental Health, Boston University School of Public Health, Boston, Massachusetts, United States of America",United States of America,NA,TRUE,The Demographic and Health Surveys data for India is available at https://dhsprogram.com/countries/Country-Main.cfm?ctry_id=57.,available in online repository,https://dhsprogram.com/countries/Country-Main.cfm?ctry_id=57,dhs program,/Earth sciences/Geography/Human geography/Urban geography; /Earth sciences/Geomorphology/Topography/Landforms/Islands; /Earth sciences/Hydrology/Surface water; /Ecology and environmental sciences/Natural resources/Water resources; /Ecology and environmental sciences/Water quality; /Engineering and technology/Environmental engineering/Water management; /People and places/Geographical locations/Asia/India; /Research and analysis methods/Research design/Survey research/Surveys/Health surveys; /Social sciences/Human geography/Urban geography,journals.plos.org,10.1371/journal.pwat.0000334,Research Article,2026-01-21
10.1371/journal.pwat.0000475,4,12,https://journals.plos.org/water/article?id=10.1371/journal.pwat.0000475,PLOS Water,"“If we have water, we have money”: A qualitative investigation of the role of water in women’s economic engagement in Guatemala, Honduras, Kenya, and Zimbabwe",2025,TRUE,4,pdf; docx; docx; xlsx,https://journals.plos.org/water/article/file?id=10.1371/journal.pwat.0000475.s001&type=supplementary; https://journals.plos.org/water/article/file?id=10.1371/journal.pwat.0000475.s002&type=supplementary; https://journals.plos.org/water/article/file?id=10.1371/journal.pwat.0000475.s003&type=supplementary; https://journals.plos.org/water/article/file?id=10.1371/journal.pwat.0000475.s004&type=supplementary,28,Emily Ogutu,"Gangarosa Department of Environmental Health, Rollins School of Public Health, Emory University, Atlanta, Georgia, United States of America",United States of America,https://orcid.org/0000-0002-7143-4549,Bethany A. Caruso,"Hubert Department of Global Health, Rollins School of Public Health, Emory University, Atlanta, Georgia, United States of America",United States of America,https://orcid.org/0000-0001-9738-9857,TRUE,Data will be availed in FigShare data repository 10.6084/m9.figshare.c.7815533.,available in online repository,https://doi.org/10.6084/m9.figshare.c.7815533; 10.6084/m9.figshare.c.7815533,figshare,/Biology and life sciences/Agriculture/Animal management/Livestock; /Earth sciences/Hydrology/Surface water; /Ecology and environmental sciences/Natural resources/Water resources; /Medicine and health sciences/Health care/Health economics; /People and places/Geographical locations/Africa/Kenya; /People and places/Geographical locations/Africa/Zimbabwe; /People and places/Geographical locations/North America/Central America/Guatemala; /People and places/Geographical locations/North America/Central America/Honduras; /Social sciences/Economics/Health economics,journals.plos.org,10.1371/journal.pwat.0000475,Research Article,2025-12-03
10.1371/journal.pwat.0000426,5,1,https://journals.plos.org/water/article?id=10.1371/journal.pwat.0000426,PLOS Water,"Success criteria comparison of eight implemented projects to improve the planning, design, and construction of floodplain wetlands",2026,TRUE,7,kml; xlsx; pdf; pdf; pdf; vnd.openxmlformats-officedocument.wordprocessingml.document; pdf,https://journals.plos.org/water/article/file?id=10.1371/journal.pwat.0000426.s001&type=supplementary; https://journals.plos.org/water/article/file?id=10.1371/journal.pwat.0000426.s002&type=supplementary; https://journals.plos.org/water/article/file?id=10.1371/journal.pwat.0000426.s003&type=supplementary; https://journals.plos.org/water/article/file?id=10.1371/journal.pwat.0000426.s004&type=supplementary; https://journals.plos.org/water/article/file?id=10.1371/journal.pwat.0000426.s005&type=supplementary; https://journals.plos.org/water/article/file?id=10.1371/journal.pwat.0000426.s007&type=supplementary; https://journals.plos.org/water/article/file?id=10.1371/journal.pwat.0000426.s008&type=supplementary,16,Robert J. Hawley,"Sustainable Streams, Louisville, Kentucky, United States of America",United States of America,https://orcid.org/0000-0002-6900-4398,Robert J. Hawley,"Sustainable Streams, Louisville, Kentucky, United States of America",United States of America,https://orcid.org/0000-0002-6900-4398,TRUE,All data are in the manuscript and supporting information files.,in paper,NA,NA,/Earth sciences/Geology/Petrology/Sediment; /Earth sciences/Geology/Sedimentary geology/Sediment; /Earth sciences/Geomorphology/Erosion; /Earth sciences/Geomorphology/Topography/Landforms/Valleys; /Earth sciences/Geomorphology/Topography/Landforms/Wetlands; /Earth sciences/Hydrology/Flooding; /Earth sciences/Hydrology/Surface water; /Earth sciences/Marine and aquatic sciences/Aquatic environments/Freshwater environments/Rivers; /Earth sciences/Marine and aquatic sciences/Aquatic environments/Freshwater environments/Wetlands; /Earth sciences/Marine and aquatic sciences/Bodies of water/Rivers; /Ecology and environmental sciences/Aquatic environments/Freshwater environments/Rivers; /Ecology and environmental sciences/Aquatic environments/Freshwater environments/Wetlands; /Ecology and environmental sciences/Water quality,journals.plos.org,10.1371/journal.pwat.0000426,Research Article,2026-01-16
10.1371/journal.pwat.0000418,4,12,https://journals.plos.org/water/article?id=10.1371/journal.pwat.0000418,PLOS Water,The political economy of water and sanitation in Palestine’s Gaza Strip: A scoping review,2025,TRUE,6,docx; vnd.openxmlformats-officedocument.wordprocessingml.document; vnd.openxmlformats-officedocument.wordprocessingml.document; vnd.openxmlformats-officedocument.wordprocessingml.document; vnd.openxmlformats-officedocument.wordprocessingml.document; vnd.openxmlformats-officedocument.wordprocessingml.document,https://journals.plos.org/water/article/file?id=10.1371/journal.pwat.0000418.s001&type=supplementary; https://journals.plos.org/water/article/file?id=10.1371/journal.pwat.0000418.s002&type=supplementary; https://journals.plos.org/water/article/file?id=10.1371/journal.pwat.0000418.s003&type=supplementary; https://journals.plos.org/water/article/file?id=10.1371/journal.pwat.0000418.s006&type=supplementary; https://journals.plos.org/water/article/file?id=10.1371/journal.pwat.0000418.s005&type=supplementary; https://journals.plos.org/water/article/file?id=10.1371/journal.pwat.0000418.s007&type=supplementary,6,Mariam Fayad,"Independent Researcher, Gaza, Palestine",State of Palestine,https://orcid.org/0009-0008-7386-0120,Mariam Zaqout,"The Bartlett School of Sustainable Construction, University College London, London, United Kingdom",United Kingdom of Great Britain and Northern Ireland,https://orcid.org/0000-0001-6978-8252,TRUE,All relevant data are within the paper and its Supporting Information files.,in paper,NA,NA,/Ecology and environmental sciences/Natural resources/Water resources; /Ecology and environmental sciences/Sustainability science; /Engineering and technology/Environmental engineering/Water management; /Medicine and health sciences/Health care/Environmental health/Sanitation; /Medicine and health sciences/Public and occupational health/Environmental health/Sanitation; /People and places/Geographical locations/Asia/Israel; /People and places/Geographical locations/Asia/Palestinian territories; /Research and analysis methods/Research assessment/Peer review; /Social sciences/Economics/Finance,journals.plos.org,10.1371/journal.pwat.0000418,Research Article,2025-12-01
10.1371/journal.pwat.0000487,4,12,https://journals.plos.org/water/article?id=10.1371/journal.pwat.0000487,PLOS Water,"Autoclaved but not safe: Persistence of <i>bla</i><sub>CTX-M</sub> and <i>bla</i><sub>TEM</sub> genes encoding extended spectrum β-lactamase in autoclaved microbiological waste destined for municipal sewage disposal in Mwanza, Tanzania",2025,FALSE,0,NA,NA,5,Johannes Rukyaa,"Department of Microbiology and Immunology, Weill Bugando School of Medicine, Catholic University of Health and Allied Sciences, Mwanza, Tanzania",United Republic of Tanzania,https://orcid.org/0000-0001-9392-5384,Johannes Rukyaa,"Department of Microbiology and Immunology, Weill Bugando School of Medicine, Catholic University of Health and Allied Sciences, Mwanza, Tanzania",United Republic of Tanzania,https://orcid.org/0000-0001-9392-5384,TRUE,All data generated or analyzed during this study are fully presented within the paper.,in paper,NA,NA,/Biology and life sciences/Biochemistry/Nucleic acids/DNA; /Biology and life sciences/Evolutionary biology/Evolutionary processes/Horizontal gene transfer; /Biology and life sciences/Genetics/DNA; /Biology and life sciences/Genetics/Gene transfer/Horizontal gene transfer; /Biology and life sciences/Microbiology; /Biology and life sciences/Microbiology/Medical microbiology/Microbial pathogens/Bacterial pathogens/Escherichia coli; /Biology and life sciences/Microbiology/Microbial control/Antimicrobial resistance; /Biology and life sciences/Molecular biology/Molecular biology techniques/Artificial gene amplification and extension/Polymerase chain reaction; /Biology and life sciences/Organisms/Bacteria/Enterobacteriaceae/Escherichia/Escherichia coli; /Biology and life sciences/Organisms/Bacteria/Gut bacteria/Escherichia/Escherichia coli; /Engineering and technology/Sanitary engineering/Sewage; /Medicine and health sciences/Pathology and laboratory medicine/Pathogens/Microbial pathogens/Bacterial pathogens/Escherichia coli; /Medicine and health sciences/Pharmacology/Antimicrobial resistance; /Research and analysis methods/Animal studies/Experimental organism systems/Model organisms/Escherichia coli; /Research and analysis methods/Animal studies/Experimental organism systems/Prokaryotic models/Escherichia coli; /Research and analysis methods/Equipment preparation/Equipment sterilization/Autoclaving; /Research and analysis methods/Model organisms/Escherichia coli; /Research and analysis methods/Molecular biology techniques/Artificial gene amplification and extension/Polymerase chain reaction,journals.plos.org,10.1371/journal.pwat.0000487,Research Article,2025-12-30
10.1371/journal.pwat.0000356,4,12,https://journals.plos.org/water/article?id=10.1371/journal.pwat.0000356,PLOS Water,Community-led polycentric water management for drought mitigation in Southern Zambia,2025,TRUE,9,docx; docx; docx; docx; docx; docx; docx; vnd.openxmlformats-officedocument.wordprocessingml.document; vnd.openxmlformats-officedocument.wordprocessingml.document,https://journals.plos.org/water/article/file?id=10.1371/journal.pwat.0000356.s001&type=supplementary; https://journals.plos.org/water/article/file?id=10.1371/journal.pwat.0000356.s002&type=supplementary; https://journals.plos.org/water/article/file?id=10.1371/journal.pwat.0000356.s003&type=supplementary; https://journals.plos.org/water/article/file?id=10.1371/journal.pwat.0000356.s004&type=supplementary; https://journals.plos.org/water/article/file?id=10.1371/journal.pwat.0000356.s005&type=supplementary; https://journals.plos.org/water/article/file?id=10.1371/journal.pwat.0000356.s006&type=supplementary; https://journals.plos.org/water/article/file?id=10.1371/journal.pwat.0000356.s007&type=supplementary; https://journals.plos.org/water/article/file?id=10.1371/journal.pwat.0000356.s009&type=supplementary; https://journals.plos.org/water/article/file?id=10.1371/journal.pwat.0000356.s010&type=supplementary,6,Carol Emma Mweemba,"International Water Management Institute, Lusaka, Zambia",Zambia,https://orcid.org/0009-0007-8680-4374,Carol Emma Mweemba,"International Water Management Institute, Lusaka, Zambia",Zambia,https://orcid.org/0009-0007-8680-4374,TRUE,All data underlying the findings of this study “Community-led polycentric water management for drought mitigation in Southern Zambia” are available from International Water Management Institute (IWMI) and can be accessed at https://doi.org/10.5281/zenodo.17579285.,available in online repository,https://doi.org/10.5281/zenodo.17579285; 10.5281/zenodo.17579285,zenodo,/Biology and life sciences/Agriculture/Agricultural methods/Agricultural irrigation/Lift irrigation; /Biology and life sciences/Agriculture/Animal management/Livestock; /Biology and life sciences/Agriculture/Crop science/Crops; /Biology and life sciences/Neuroscience/Cognitive science/Cognition/Decision making; /Biology and life sciences/Neuroscience/Cognitive science/Cognitive psychology/Decision making; /Biology and life sciences/Psychology/Cognitive psychology/Decision making; /Earth sciences/Atmospheric science/Climatology/Climate change; /Earth sciences/Hydrology/Surface water; /Earth sciences/Seasons; /Ecology and environmental sciences/Natural resources/Water resources; /Social sciences/Psychology/Cognitive psychology/Decision making,journals.plos.org,10.1371/journal.pwat.0000356,Research Article,2025-12-02
10.1371/journal.pwat.0000453,4,11,https://journals.plos.org/water/article?id=10.1371/journal.pwat.0000453,PLOS Water,Determinants and spatio-temporal structure of variability in wastewater SARS-CoV-2 viral load measurements in Switzerland: Key insights for future surveillance efforts,2025,TRUE,3,pdf; pdf; vnd.openxmlformats-officedocument.wordprocessingml.document,https://journals.plos.org/water/article/file?id=10.1371/journal.pwat.0000453.s001&type=supplementary; https://journals.plos.org/water/article/file?id=10.1371/journal.pwat.0000453.s002&type=supplementary; https://journals.plos.org/water/article/file?id=10.1371/journal.pwat.0000453.s003&type=supplementary,12,Julien Riou,"Department of Epidemiology and Health Systems, Unisanté, Center for Primary Care and Public Health and University of Lausanne, Lausanne, Switzerland",Switzerland,https://orcid.org/0000-0002-3808-2852,Julien Riou,"Department of Epidemiology and Health Systems, Unisanté, Center for Primary Care and Public Health and University of Lausanne, Lausanne, Switzerland",Switzerland,https://orcid.org/0000-0002-3808-2852,TRUE,Data on viral concentration of SARS-CoV-2 in wastewater and data on COVID-19 hospitalizations are freely available from https://www.idd.bag.admin.ch/. Code is available on https://github.com/foph-modelling/multilevel_wbe.,available in online repository,https://www.idd.bag.admin.ch/; https://github.com/foph-modelling/multilevel_wbe,github,/Biology and life sciences/Biochemistry/Nucleic acids/RNA/RNA structure; /Biology and life sciences/Microbiology/Medical microbiology/Microbial pathogens/Viral pathogens/Coronaviruses/SARS coronavirus/SARS CoV 2; /Biology and life sciences/Microbiology/Virology/Viral structure; /Biology and life sciences/Microbiology/Virology/Viral transmission and infection/Viral load; /Biology and life sciences/Molecular biology/Macromolecular structure analysis/RNA structure; /Biology and life sciences/Organisms/Viruses/RNA viruses/Coronaviruses/SARS coronavirus/SARS CoV 2; /Biology and life sciences/Organisms/Viruses/Viral pathogens/Coronaviruses/SARS coronavirus/SARS CoV 2; /Earth sciences/Geography; /Medicine and health sciences/Epidemiology/Disease surveillance/Infectious disease surveillance; /Medicine and health sciences/Medical conditions/Infectious diseases/Infectious disease control/Infectious disease surveillance; /Medicine and health sciences/Pathology and laboratory medicine/Pathogens/Microbial pathogens/Viral pathogens/Coronaviruses/SARS coronavirus/SARS CoV 2; /People and places/Geographical locations/Europe/Switzerland; /Research and analysis methods/Research facilities/Research laboratories/Government laboratories,journals.plos.org,10.1371/journal.pwat.0000453,Research Article,2025-11-03
10.1371/journal.pwat.0000421,4,11,https://journals.plos.org/water/article?id=10.1371/journal.pwat.0000421,PLOS Water,Comparative analysis of service area boundaries and disparities in drinking water quality,2025,TRUE,5,docx; docx; docx; docx; docx,https://journals.plos.org/water/article/file?id=10.1371/journal.pwat.0000421.s001&type=supplementary; https://journals.plos.org/water/article/file?id=10.1371/journal.pwat.0000421.s002&type=supplementary; https://journals.plos.org/water/article/file?id=10.1371/journal.pwat.0000421.s003&type=supplementary; https://journals.plos.org/water/article/file?id=10.1371/journal.pwat.0000421.s004&type=supplementary; https://journals.plos.org/water/article/file?id=10.1371/journal.pwat.0000421.s005&type=supplementary,3,Wes Austin,"U.S. Environmental Protection Agency, National Center for Environmental Economics, Washington, District of Columbia, United States of America",United States of America,https://orcid.org/0000-0003-3386-0835,Ahmed Rachid El-Khattabi,"Environmental Finance Center, School of Government, University of North Carolina at Chapel Hill, Chapel Hill, North Carolina, United States of America",United States of America,https://orcid.org/0000-0001-6923-3978,TRUE,"We compile our dataset using records from data from the American Community Survey, EPA’s Safe Drinking Water Information System database, the third and fifth Unregulated Contaminant Monitoring Rule data, Six Year Review data, and a national dataset of community water system service area boundaries, among others. We are storing our compiled database on the following github repository: https://github.com/wesaustin/dw_service_areas_public.",available in online repository,https://github.com/wesaustin/dw_service_areas_public,github,/Ecology and environmental sciences/Natural resources/Water resources; /Ecology and environmental sciences/Water quality; /Engineering and technology/Environmental engineering/Water management; /People and places/Population groupings/Ethnicities/Hispanic people; /Physical sciences/Chemistry/Chemical compounds/Nitrates; /Physical sciences/Chemistry/Chemical elements/Arsenic; /Physical sciences/Materials science/Materials/Contaminants; /Research and analysis methods/Research design/Survey research/Census,journals.plos.org,10.1371/journal.pwat.0000421,Research Article,2025-11-03
10.1371/journal.pwat.0000460,4,11,https://journals.plos.org/water/article?id=10.1371/journal.pwat.0000460,PLOS Water,Human dimensions in water crisis management: Gender bias in water manager appraisals and implications for water decision-making,2025,TRUE,3,docx; vnd.openxmlformats-officedocument.wordprocessingml.document; vnd.openxmlformats-officedocument.wordprocessingml.document,https://journals.plos.org/water/article/file?id=10.1371/journal.pwat.0000460.s001&type=supplementary; https://journals.plos.org/water/article/file?id=10.1371/journal.pwat.0000460.s002&type=supplementary; https://journals.plos.org/water/article/file?id=10.1371/journal.pwat.0000460.s003&type=supplementary,6,Lauren Keira Marie Smith,"University of Waterloo, 200 University Ave W, Waterloo, Ontario, Canada",Canada,https://orcid.org/0000-0001-8277-8075,Lauren Keira Marie Smith,"University of Waterloo, 200 University Ave W, Waterloo, Ontario, Canada",Canada,https://orcid.org/0000-0001-8277-8075,TRUE,"Preregistration, research materials, and data are available online at https://osf.io/bp4fy/?view_only=3651d3701e8546de8455c288be194fd4 (anonymized for blind-peer review).",available in online repository,https://osf.io/bp4fy/?view_only=3651d3701e8546de8455c288be194fd4,osf,/Biology and life sciences/Neuroscience/Cognitive science/Cognition/Decision making; /Biology and life sciences/Neuroscience/Cognitive science/Cognitive psychology/Decision making; /Biology and life sciences/Psychology/Cognitive psychology/Decision making; /Biology and life sciences/Psychology/Emotions/Anxiety; /Biology and life sciences/Psychology/Emotions/Fear; /Biology and life sciences/Psychology/Social psychology; /Earth sciences/Atmospheric science/Climatology/Climate change; /Engineering and technology/Environmental engineering/Water management; /Social sciences/Psychology/Cognitive psychology/Decision making; /Social sciences/Psychology/Emotions/Anxiety; /Social sciences/Psychology/Emotions/Fear; /Social sciences/Psychology/Social psychology; /Social sciences/Sociology/Sexual and gender issues; /Social sciences/Sociology/Sexual and gender issues/Gender discrimination; /Social sciences/Sociology/Social discrimination/Gender discrimination,journals.plos.org,10.1371/journal.pwat.0000460,Research Article,2025-11-19
10.1371/journal.pwat.0000293,4,8,https://journals.plos.org/water/article?id=10.1371/journal.pwat.0000293,PLOS Water,"Filter, heat, spin: A simple and inexpensive method for DNA preparation from freshwater for use in high-throughput molecular source tracking",2025,TRUE,11,pdf; pdf; pdf; pdf; pdf; pdf; pdf; pdf; pdf; pdf; pdf,https://journals.plos.org/water/article/file?id=10.1371/journal.pwat.0000293.s001&type=supplementary; https://journals.plos.org/water/article/file?id=10.1371/journal.pwat.0000293.s002&type=supplementary; https://journals.plos.org/water/article/file?id=10.1371/journal.pwat.0000293.s003&type=supplementary; https://journals.plos.org/water/article/file?id=10.1371/journal.pwat.0000293.s004&type=supplementary; https://journals.plos.org/water/article/file?id=10.1371/journal.pwat.0000293.s005&type=supplementary; https://journals.plos.org/water/article/file?id=10.1371/journal.pwat.0000293.s006&type=supplementary; https://journals.plos.org/water/article/file?id=10.1371/journal.pwat.0000293.s007&type=supplementary; https://journals.plos.org/water/article/file?id=10.1371/journal.pwat.0000293.s008&type=supplementary; https://journals.plos.org/water/article/file?id=10.1371/journal.pwat.0000293.s009&type=supplementary; https://journals.plos.org/water/article/file?id=10.1371/journal.pwat.0000293.s011&type=supplementary; https://journals.plos.org/water/article/file?id=10.1371/journal.pwat.0000293.s012&type=supplementary,13,Vincent T. Pham,"Freshman Research Initiative, Urban Ecosystems Research Stream, College of Natural Sciences, The University of Texas at Austin, Austin, Texas, United States of America",United States of America,https://orcid.org/0000-0002-3120-0174,Stuart Reichler,"Freshman Research Initiative, Urban Ecosystems Research Stream, College of Natural Sciences, The University of Texas at Austin, Austin, Texas, United States of America",United States of America,https://orcid.org/0009-0002-0979-6984,TRUE,All data used to produce this article are included in Supporting Information.,in paper,NA,NA,/Biology and life sciences/Anatomy/Body fluids/Blood; /Biology and life sciences/Microbiology/Medical microbiology/Microbial pathogens/Bacterial pathogens/Escherichia coli; /Biology and life sciences/Molecular biology; /Biology and life sciences/Molecular biology/Molecular biology techniques/Artificial gene amplification and extension/Polymerase chain reaction; /Biology and life sciences/Organisms/Bacteria/Enterobacteriaceae/Escherichia/Escherichia coli; /Biology and life sciences/Organisms/Bacteria/Gut bacteria/Escherichia/Escherichia coli; /Biology and life sciences/Physiology/Body fluids/Blood; /Earth sciences/Marine and aquatic sciences/Aquatic environments/Freshwater environments/Fresh water; /Ecology and environmental sciences/Aquatic environments/Freshwater environments/Fresh water; /Engineering and technology/Civil engineering/Urban infrastructure; /Medicine and health sciences/Anatomy/Body fluids/Blood; /Medicine and health sciences/Pathology and laboratory medicine/Pathogens/Microbial pathogens/Bacterial pathogens/Escherichia coli; /Physical sciences/Mathematics/Statistics/Statistical data; /Research and analysis methods/Animal studies/Experimental organism systems/Model organisms/Escherichia coli; /Research and analysis methods/Animal studies/Experimental organism systems/Prokaryotic models/Escherichia coli; /Research and analysis methods/Extraction techniques/DNA extraction; /Research and analysis methods/Model organisms/Escherichia coli; /Research and analysis methods/Molecular biology techniques/Artificial gene amplification and extension/Polymerase chain reaction,journals.plos.org,10.1371/journal.pwat.0000293,Research Article,2025-08-12
10.1371/journal.pwat.0000413,4,8,https://journals.plos.org/water/article?id=10.1371/journal.pwat.0000413,PLOS Water,Beyond peak water security: Household-scale experiential metrics can offer new perspectives on contemporary water challenges in the United States,2025,FALSE,0,NA,NA,10,Wendy Jepson,"Department of Geography, Texas A&M University, College Station, Texas, United States of America",United States of America,NA,Justin Stoler,"Department of Geography and Sustainable Development, University of Miami, Coral Gables, Florida, United States of America",United States of America,https://orcid.org/0000-0001-8435-7012,FALSE,NA,NA,NA,NA,/Earth sciences/Geography/Economic geography/Low and middle income countries; /Ecology and environmental sciences/Natural resources/Water resources; /Ecology and environmental sciences/Pollution/Water pollution; /Ecology and environmental sciences/Water quality; /Engineering and technology/Civil engineering/Urban infrastructure; /Engineering and technology/Environmental engineering/Water management; /Medicine and health sciences/Epidemiology/Medical risk factors; /Social sciences/Economics/Economic geography/Low and middle income countries; /Social sciences/Political science/National security,journals.plos.org,10.1371/journal.pwat.0000413,Essay,2025-08-12
10.1371/journal.pwat.0000330,4,2,https://journals.plos.org/water/article?id=10.1371/journal.pwat.0000330,PLOS Water,Resource allocation for environmental health services in healthcare facilities: A qualitative case study from Niger,2025,TRUE,2,docx; csv,https://journals.plos.org/water/article/file?id=10.1371/journal.pwat.0000330.s001&type=supplementary; https://journals.plos.org/water/article/file?id=10.1371/journal.pwat.0000330.s002&type=supplementary,6,Silvia Landa,"The Water Institute at UNC, Gillings School of Global Public Health, The University of North Carolina at Chapel Hill, Chapel Hill, North Carolina, United States of America",United States of America,https://orcid.org/0009-0007-8814-7582,Darcy M. Anderson,"The Water Institute at UNC, Gillings School of Global Public Health, The University of North Carolina at Chapel Hill, Chapel Hill, North Carolina, United States of America",United States of America,https://orcid.org/0000-0002-2129-7662,TRUE,"Data are not publicly available to protect the privacy of research subjects. These are small healthcare facilities in Niger with a limited number of healthcare workers and government officials. Given the limited number of health facilities in rural Niger as well as the rich contextual clues in the transcripts about their job duties, work environment, and local geography, making the data publicly available poses a risk that study participants may be identified. Please use the following point of contact from the University of North Carolina at Chapel Hill's Institutional Review Board for questions or concerns regarding participant confidentiality and data availability: [email removed]@unc.edu.",not shareable,NA,NA,/Biology and life sciences/Neuroscience/Cognitive science/Cognition/Decision making; /Biology and life sciences/Neuroscience/Cognitive science/Cognitive psychology/Decision making; /Biology and life sciences/Psychology/Cognitive psychology/Decision making; /Medicine and health sciences/Health care/Environmental health; /Medicine and health sciences/Health care/Health care facilities; /Medicine and health sciences/Health care/Health care policy; /Medicine and health sciences/Health care/Health economics; /Medicine and health sciences/Public and occupational health/Environmental health; /People and places/Geographical locations/Africa/Niger; /Social sciences/Economics/Finance; /Social sciences/Economics/Finance/Financial management/Budgets; /Social sciences/Economics/Health economics; /Social sciences/Psychology/Cognitive psychology/Decision making,journals.plos.org,10.1371/journal.pwat.0000330,Research Article,2025-02-28
10.1371/journal.pwat.0000308,4,2,https://journals.plos.org/water/article?id=10.1371/journal.pwat.0000308,PLOS Water,Reorienting urban stream management to focus on equitable delivery of benefits,2025,FALSE,0,NA,NA,20,Seth J. Wenger,"Odum School of Ecology, University of Georgia, Athens, GeorgiaUnited States of America",NA,https://orcid.org/0000-0001-7858-960X,Seth J. Wenger,"Odum School of Ecology, University of Georgia, Athens, GeorgiaUnited States of America",NA,https://orcid.org/0000-0001-7858-960X,FALSE,NA,NA,NA,NA,/Biology and life sciences/Ecology/Community ecology; /Biology and life sciences/Ecology/Urban ecology; /Earth sciences/Hydrology/Flooding; /Earth sciences/Marine and aquatic sciences/Aquatic environments/Freshwater environments/Rivers; /Earth sciences/Marine and aquatic sciences/Bodies of water/Rivers; /Ecology and environmental sciences/Aquatic environments/Freshwater environments/Rivers; /Ecology and environmental sciences/Ecology/Community ecology; /Ecology and environmental sciences/Ecology/Urban ecology; /Ecology and environmental sciences/Pollution/Water pollution; /Ecology and environmental sciences/Terrestrial environments/Urban environments; /Engineering and technology/Civil engineering/Urban infrastructure; /Social sciences/Political science/Governments/Local governments,journals.plos.org,10.1371/journal.pwat.0000308,Essay,2025-02-28
10.1371/journal.pwat.0000138,4,4,https://journals.plos.org/water/article?id=10.1371/journal.pwat.0000138,PLOS Water,Chasing the water table: The impact of groundwater depletion on rural drinking water supply in peninsular India,2025,TRUE,3,docx; docx; docx,https://journals.plos.org/water/article/file?id=10.1371/journal.pwat.0000138.s001&type=supplementary; https://journals.plos.org/water/article/file?id=10.1371/journal.pwat.0000138.s002&type=supplementary; https://journals.plos.org/water/article/file?id=10.1371/journal.pwat.0000138.s003&type=supplementary,4,Veena Srinivasan,"Water, Environment, Land and Livelihoods Labs (WELL Labs), IFMR, Chennai, Tamil Nadu, India",India,https://orcid.org/0000-0002-5885-3116,Veena Srinivasan,"Water, Environment, Land and Livelihoods Labs (WELL Labs), IFMR, Chennai, Tamil Nadu, India",India,https://orcid.org/0000-0002-5885-3116,TRUE,The dataset has been provided in the supporting information.,in paper,NA,NA,/Biology and life sciences/Agriculture/Agricultural methods/Agricultural irrigation; /Biology and life sciences/Agriculture/Agricultural methods/Agricultural irrigation/Drip irrigation; /Biology and life sciences/Agriculture/Agricultural methods/Agricultural irrigation/Lift irrigation; /Biology and life sciences/Agriculture/Crop science/Crops; /Ecology and environmental sciences/Natural resources/Water resources; /People and places/Geographical locations/Asia/India; /Physical sciences/Physics/Electricity; /Research and analysis methods/Research design/Survey research/Census,journals.plos.org,10.1371/journal.pwat.0000138,Research Article,2025-04-24
10.1371/journal.pwat.0000324,4,4,https://journals.plos.org/water/article?id=10.1371/journal.pwat.0000324,PLOS Water,"The relation between urban green spaces, shallow aquifers and water availability for cities: A case study in Mexico City",2025,TRUE,4,docx; vnd.openxmlformats-officedocument.wordprocessingml.document; vnd.openxmlformats-officedocument.wordprocessingml.document; vnd.openxmlformats-officedocument.wordprocessingml.document,https://journals.plos.org/water/article/file?id=10.1371/journal.pwat.0000324.s001&type=supplementary; https://journals.plos.org/water/article/file?id=10.1371/journal.pwat.0000324.s004&type=supplementary; https://journals.plos.org/water/article/file?id=10.1371/journal.pwat.0000324.s003&type=supplementary; https://journals.plos.org/water/article/file?id=10.1371/journal.pwat.0000324.s005&type=supplementary,7,Marcelo Canteiro,"Escuela Nacional de Estudios Superiores, Universidad Nacional Autónoma de México, Morelia, Michoacán, México",Mexico,NA,Luis Zambrano,"Departamento de Zoología, Instituto de Biología, Universidad Nacional Autónoma de México, Ciudad de México, México",Mexico,https://orcid.org/0000-0002-8632-0712,TRUE,The data supporting the results of this study are available in the manuscript and supporting information documents.,in paper,NA,NA,/Biology and life sciences/Ecology/Ecosystems; /Earth sciences/Atmospheric science/Meteorology/Rain; /Earth sciences/Geography/Geographic areas/Urban areas; /Earth sciences/Geography/Human geography/Urban geography/Cities; /Earth sciences/Geography/Human geography/Urban geography/Urban areas; /Earth sciences/Geology/Volcanology/Lava; /Earth sciences/Hydrology/Flooding; /Ecology and environmental sciences/Ecology/Ecosystems; /Ecology and environmental sciences/Natural resources/Water resources; /People and places/Geographical locations/North America/Mexico; /Social sciences/Human geography/Urban geography/Cities; /Social sciences/Human geography/Urban geography/Urban areas,journals.plos.org,10.1371/journal.pwat.0000324,Research Article,2025-04-24
10.1371/journal.pwat.0000291,4,1,https://journals.plos.org/water/article?id=10.1371/journal.pwat.0000291,PLOS Water,Quantification of <i>Legionella pneumophila</i> in building potable water systems: A meta-analysis comparing qPCR and culture-based detection methods,2025,TRUE,12,docx; docx; mdic; mdic; docx; docx; docx; docx; docx; docx; vnd.openxmlformats-officedocument.wordprocessingml.document; vnd.openxmlformats-officedocument.wordprocessingml.document,https://journals.plos.org/water/article/file?id=10.1371/journal.pwat.0000291.s001&type=supplementary; https://journals.plos.org/water/article/file?id=10.1371/journal.pwat.0000291.s002&type=supplementary; https://journals.plos.org/water/article/file?id=10.1371/journal.pwat.0000291.s003&type=supplementary; https://journals.plos.org/water/article/file?id=10.1371/journal.pwat.0000291.s004&type=supplementary; https://journals.plos.org/water/article/file?id=10.1371/journal.pwat.0000291.s005&type=supplementary; https://journals.plos.org/water/article/file?id=10.1371/journal.pwat.0000291.s006&type=supplementary; https://journals.plos.org/water/article/file?id=10.1371/journal.pwat.0000291.s007&type=supplementary; https://journals.plos.org/water/article/file?id=10.1371/journal.pwat.0000291.s008&type=supplementary; https://journals.plos.org/water/article/file?id=10.1371/journal.pwat.0000291.s009&type=supplementary; https://journals.plos.org/water/article/file?id=10.1371/journal.pwat.0000291.s010&type=supplementary; https://journals.plos.org/water/article/file?id=10.1371/journal.pwat.0000291.s011&type=supplementary; https://journals.plos.org/water/article/file?id=10.1371/journal.pwat.0000291.s012&type=supplementary,6,Émile Sylvestre,"Eawag, Swiss Federal Institute of Aquatic Science and Technology, Dübendorf, Switzerland",Switzerland,https://orcid.org/0009-0001-5884-2492,Émile Sylvestre,"Eawag, Swiss Federal Institute of Aquatic Science and Technology, Dübendorf, Switzerland",Switzerland,https://orcid.org/0009-0001-5884-2492,TRUE,The datasets analyzed during the current study are available in the Supporting information.,in paper,NA,NA,/Biology and life sciences/Genetics/Genomics; /Biology and life sciences/Microbiology/Medical microbiology/Microbial pathogens/Bacterial pathogens/Legionella/Legionella pneumophila; /Biology and life sciences/Organisms/Bacteria/Legionella/Legionella pneumophila; /Medicine and health sciences/Epidemiology/Medical risk factors; /Medicine and health sciences/Health care/Sanitization/Disinfection; /Medicine and health sciences/Medical conditions/Infectious diseases/Infectious disease control/Sanitization/Disinfection; /Medicine and health sciences/Pathology and laboratory medicine/Pathogens/Microbial pathogens/Bacterial pathogens/Legionella/Legionella pneumophila; /Medicine and health sciences/Public and occupational health/Preventive medicine/Sanitization/Disinfection; /Physical sciences/Mathematics/Arithmetic; /Physical sciences/Mathematics/Geometry; /Physical sciences/Mathematics/Statistics/Statistical methods/Metaanalysis; /Research and analysis methods/Mathematical and statistical techniques/Statistical methods/Metaanalysis; /Research and analysis methods/Research assessment/Systematic reviews,journals.plos.org,10.1371/journal.pwat.0000291,Research Article,2025-01-29
10.1371/journal.pwat.0000267,4,2,https://journals.plos.org/water/article?id=10.1371/journal.pwat.0000267,PLOS Water,Evaluating chlorine taste and odor acceptability to inform drinking water chlorination in humanitarian settings: Lessons from trials in Uganda,2025,TRUE,5,n; xlsx; xlsx; xlsx; tif,https://journals.plos.org/water/article/file?id=10.1371/journal.pwat.0000267.s001&type=supplementary; https://journals.plos.org/water/article/file?id=10.1371/journal.pwat.0000267.s002&type=supplementary; https://journals.plos.org/water/article/file?id=10.1371/journal.pwat.0000267.s003&type=supplementary; https://journals.plos.org/water/article/file?id=10.1371/journal.pwat.0000267.s004&type=supplementary; https://journals.plos.org/water/article/file?id=10.1371/journal.pwat.0000267.s005&type=supplementary,9,Camille Heylen,"Civil and Environmental Engineering, Tufts University, Medford, Massachusetts, United States of America",United States of America,https://orcid.org/0000-0002-4588-6373,Camille Heylen,"Civil and Environmental Engineering, Tufts University, Medford, Massachusetts, United States of America",United States of America,https://orcid.org/0000-0002-4588-6373,TRUE,The data underlying this study are openly available on Open Science Framework (OSF) at https://osf.io/8mwn9/?view_only=de34bf5d5ae849539c75721c4ab03e27,available in online repository,https://osf.io/8mwn9/?view_only=de34bf5d5ae849539c75721c4ab03e27,osf,/Biology and life sciences/Neuroscience/Cognitive science/Cognitive psychology/Perception/Sensory perception/Taste; /Biology and life sciences/Neuroscience/Sensory perception/Taste; /Biology and life sciences/Psychology/Cognitive psychology/Perception/Sensory perception/Taste; /Earth sciences/Hydrology/Surface water; /Ecology and environmental sciences/Natural resources/Water resources; /Ecology and environmental sciences/Water quality; /People and places/Demography/Refugees; /Physical sciences/Chemistry/Chemical elements/Chlorine; /Physical sciences/Materials science/Materials physics/Turbidity; /Physical sciences/Physics/Electricity/Electric conductivity; /Physical sciences/Physics/Materials physics/Turbidity; /Social sciences/Psychology/Cognitive psychology/Perception/Sensory perception/Taste,journals.plos.org,10.1371/journal.pwat.0000267,Research Article,2025-02-11
10.1371/journal.pwat.0000271,4,5,https://journals.plos.org/water/article?id=10.1371/journal.pwat.0000271,PLOS Water,Alternative indicators of handpump functionality: Toward consistent performance-oriented monitoring,2025,FALSE,0,NA,NA,4,Catherine McManus,"Department of Environmental Sciences and Engineering, University of North Carolina at Chapel Hill, Chapel Hill, North Carolina, United States of America",United States of America,https://orcid.org/0000-0003-2026-3687,Catherine McManus,"Department of Environmental Sciences and Engineering, University of North Carolina at Chapel Hill, Chapel Hill, North Carolina, United States of America",United States of America,https://orcid.org/0000-0003-2026-3687,TRUE,Data may be found at https://doi.org/10.15139/S3/J3IVUG.,available in online repository,https://doi.org/10.15139/S3/J3IVUG; 10.15139/S3/J3IVUG,NA,/Ecology and environmental sciences/Natural resources/Water resources; /Engineering and technology/Environmental engineering/Water management; /People and places/Geographical locations/Africa/Niger; /People and places/Geographical locations/Africa/Zimbabwe; /People and places/Geographical locations/Asia/India; /Physical sciences/Mathematics/Algebra/Linear algebra/Eigenvalues; /Physical sciences/Mathematics/Statistics/Statistical methods/Factor analysis; /Research and analysis methods/Mathematical and statistical techniques/Statistical methods/Factor analysis; /Research and analysis methods/Research design/Survey research/Surveys,journals.plos.org,10.1371/journal.pwat.0000271,Research Article,2025-05-19
10.1371/journal.pwat.0000355,4,4,https://journals.plos.org/water/article?id=10.1371/journal.pwat.0000355,PLOS Water,Design and application of intelligent water-saving system in water-saving management of urban water-using units,2025,TRUE,4,xlsx; xlsx; pdf; pdf,https://journals.plos.org/water/article/file?id=10.1371/journal.pwat.0000355.s001&type=supplementary; https://journals.plos.org/water/article/file?id=10.1371/journal.pwat.0000355.s002&type=supplementary; https://journals.plos.org/water/article/file?id=10.1371/journal.pwat.0000355.s003&type=supplementary; https://journals.plos.org/water/article/file?id=10.1371/journal.pwat.0000355.s004&type=supplementary,4,Fan Hongxia,"Wuhan Technology and Business University, Wuhan, China",China,NA,Li Qiaolin,"Wuhan Technology and Business University, Wuhan, China",China,https://orcid.org/0009-0003-5052-6713,TRUE,All data are in the manuscript and/or supporting information files.,in paper,NA,NA,/Biology and life sciences/Neuroscience/Cognitive science/Cognitive psychology/Intelligence; /Biology and life sciences/Psychology/Cognitive psychology/Intelligence; /Computer and information sciences/Artificial intelligence; /Computer and information sciences/Computer architecture/Computer hardware; /Computer and information sciences/Data management; /Ecology and environmental sciences/Natural resources/Water resources; /Ecology and environmental sciences/Pollution/Water pollution; /Engineering and technology/Environmental engineering/Water management; /Physical sciences/Chemistry/Analytical chemistry/Chemical analysis/Water analysis; /Social sciences/Psychology/Cognitive psychology/Intelligence,journals.plos.org,10.1371/journal.pwat.0000355,Research Article,2025-04-09
10.1371/journal.pwat.0000292,4,1,https://journals.plos.org/water/article?id=10.1371/journal.pwat.0000292,PLOS Water,"Heavy water toxicity via isotope effects: Stronger than high-dose radiation, neutralized by light water",2025,TRUE,7,wb; red; a; pdf; a; pdf; vnd.openxmlformats-officedocument.wordprocessingml.document,https://journals.plos.org/water/article/file?id=10.1371/journal.pwat.0000292.s001&type=supplementary; https://journals.plos.org/water/article/file?id=10.1371/journal.pwat.0000292.s002&type=supplementary; https://journals.plos.org/water/article/file?id=10.1371/journal.pwat.0000292.s003&type=supplementary; https://journals.plos.org/water/article/file?id=10.1371/journal.pwat.0000292.s004&type=supplementary; https://journals.plos.org/water/article/file?id=10.1371/journal.pwat.0000292.s005&type=supplementary; https://journals.plos.org/water/article/file?id=10.1371/journal.pwat.0000292.s006&type=supplementary; https://journals.plos.org/water/article/file?id=10.1371/journal.pwat.0000292.s007&type=supplementary,7,Takeshi Yasuda,"Institute for Quantum Life Science (iQLS), National Institutes for Quantum Science and Technology (QST), Chiba, Japan",Japan,https://orcid.org/0000-0001-6812-3048,Takeshi Yasuda,"Institute for Quantum Life Science (iQLS), National Institutes for Quantum Science and Technology (QST), Chiba, Japan",Japan,https://orcid.org/0000-0001-6812-3048,TRUE,All data are available in the manuscript and its Supporting Information.,in paper,NA,NA,/Biology and life sciences/Biochemistry/Enzymology/Enzymes; /Biology and life sciences/Biochemistry/Nucleic acids/DNA/DNA repair; /Biology and life sciences/Biochemistry/Proteins/Enzymes; /Biology and life sciences/Biochemistry/Proteins/Post-translational modification/Phosphorylation; /Biology and life sciences/Cell biology/Cell processes/Cell death/Apoptosis; /Biology and life sciences/Genetics/DNA/DNA repair; /Physical sciences/Chemistry/Chemical elements/Hydrogen; /Physical sciences/Chemistry/Chemical reactions; /Physical sciences/Chemistry/Chemical reactions/Hydrolysis; /Physical sciences/Physics/Particle physics/Composite particles/Atoms/Isotopes,journals.plos.org,10.1371/journal.pwat.0000292,Research Article,2025-01-29
10.1371/journal.pwat.0000255,3,9,https://journals.plos.org/water/article?id=10.1371/journal.pwat.0000255,PLOS Water,Assessment of a local and low-cost passive in-line chlorination device in rural Guatemala,2024,TRUE,15,pdf; pdf; docx; pdf; pdf; pdf; pdf; pdf; pdf; pdf; tiff; tiff; tiff; tiff; tiff,https://journals.plos.org/water/article/file?id=10.1371/journal.pwat.0000255.s001&type=supplementary; https://journals.plos.org/water/article/file?id=10.1371/journal.pwat.0000255.s002&type=supplementary; https://journals.plos.org/water/article/file?id=10.1371/journal.pwat.0000255.s003&type=supplementary; https://journals.plos.org/water/article/file?id=10.1371/journal.pwat.0000255.s004&type=supplementary; https://journals.plos.org/water/article/file?id=10.1371/journal.pwat.0000255.s005&type=supplementary; https://journals.plos.org/water/article/file?id=10.1371/journal.pwat.0000255.s006&type=supplementary; https://journals.plos.org/water/article/file?id=10.1371/journal.pwat.0000255.s007&type=supplementary; https://journals.plos.org/water/article/file?id=10.1371/journal.pwat.0000255.s008&type=supplementary; https://journals.plos.org/water/article/file?id=10.1371/journal.pwat.0000255.s009&type=supplementary; https://journals.plos.org/water/article/file?id=10.1371/journal.pwat.0000255.s010&type=supplementary; https://journals.plos.org/water/article/file?id=10.1371/journal.pwat.0000255.s011&type=supplementary; https://journals.plos.org/water/article/file?id=10.1371/journal.pwat.0000255.s012&type=supplementary; https://journals.plos.org/water/article/file?id=10.1371/journal.pwat.0000255.s013&type=supplementary; https://journals.plos.org/water/article/file?id=10.1371/journal.pwat.0000255.s014&type=supplementary; https://journals.plos.org/water/article/file?id=10.1371/journal.pwat.0000255.s015&type=supplementary,8,Jael M. Locher,"Environmental Sciences and Engineering Section, EPFL, Lausanne, Switzerland",Switzerland,NA,Sara J. Marks,"Department Sandec, Eawag, Dübendorf, Switzerland",Switzerland,https://orcid.org/0000-0003-0566-3041,TRUE,The study data are available at https://doi.org/10.25678/000B3P.,available in online repository,https://doi.org/10.25678/000B3P; 10.25678/000B3P,NA,/Biology and life sciences/Microbiology/Medical microbiology/Microbial pathogens/Bacterial pathogens/Escherichia coli; /Biology and life sciences/Neuroscience/Cognitive science/Cognitive psychology/Perception/Sensory perception/Smell; /Biology and life sciences/Neuroscience/Sensory perception/Smell; /Biology and life sciences/Organisms/Bacteria/Enterobacteriaceae/Escherichia/Escherichia coli; /Biology and life sciences/Organisms/Bacteria/Gut bacteria/Escherichia/Escherichia coli; /Biology and life sciences/Psychology/Cognitive psychology/Perception/Sensory perception/Smell; /Ecology and environmental sciences/Natural resources/Water resources; /Ecology and environmental sciences/Water quality; /Engineering and technology/Environmental engineering/Water management; /Medicine and health sciences/Epidemiology/Medical risk factors; /Medicine and health sciences/Health care/Sanitization/Disinfection; /Medicine and health sciences/Medical conditions/Infectious diseases/Infectious disease control/Sanitization/Disinfection; /Medicine and health sciences/Pathology and laboratory medicine/Pathogens/Microbial pathogens/Bacterial pathogens/Escherichia coli; /Medicine and health sciences/Public and occupational health/Preventive medicine/Sanitization/Disinfection; /Physical sciences/Chemistry/Chemical elements/Chlorine; /Research and analysis methods/Animal studies/Experimental organism systems/Model organisms/Escherichia coli; /Research and analysis methods/Animal studies/Experimental organism systems/Prokaryotic models/Escherichia coli; /Research and analysis methods/Model organisms/Escherichia coli; /Social sciences/Psychology/Cognitive psychology/Perception/Sensory perception/Smell,journals.plos.org,10.1371/journal.pwat.0000255,Research Article,2024-09-12
10.1371/journal.pwat.0000294,3,10,https://journals.plos.org/water/article?id=10.1371/journal.pwat.0000294,PLOS Water,Geographical and environmental factors in pharmaceuticals and personal care products removal from drinking water plants,2024,TRUE,1,docx,https://journals.plos.org/water/article/file?id=10.1371/journal.pwat.0000294.s001&type=supplementary,5,Sayoni Dutta,"Department of Biological Sciences, Kent State University, Kent, Ohio, United States of America",United States of America,NA,Xiaozhen Mou,"Department of Biological Sciences, Kent State University, Kent, Ohio, United States of America",United States of America,https://orcid.org/0000-0002-3289-8965,TRUE,All data are provided in the manuscript and its Supporting Information files.,in paper,NA,NA,/Biology and life sciences/Microbiology/Microbial control/Antimicrobials/Antibiotics; /Earth sciences/Hydrology/Surface water; /Ecology and environmental sciences/Natural resources/Water resources; /Medicine and health sciences/Pharmaceutics/Drug therapy/Neurological drug therapy/Anti-addiction drug therapy/Nicotine replacement therapy; /Medicine and health sciences/Pharmacology/Drugs/Antimicrobials/Antibiotics; /Physical sciences/Chemistry/Chemical reactions/Oxidation; /Physical sciences/Mathematics/Statistics/Statistical methods/Analysis of variance; /Physical sciences/Mathematics/Statistics/Statistical methods/Regression analysis/Linear regression analysis; /Research and analysis methods/Chromatographic techniques/Liquid chromatography/High performance liquid chromatography; /Research and analysis methods/Mathematical and statistical techniques/Statistical methods/Analysis of variance; /Research and analysis methods/Mathematical and statistical techniques/Statistical methods/Regression analysis/Linear regression analysis,journals.plos.org,10.1371/journal.pwat.0000294,Research Article,2024-10-01
10.1371/journal.pwat.0000346,4,2,https://journals.plos.org/water/article?id=10.1371/journal.pwat.0000346,PLOS Water,Samqwan—Water: Revitalizing our relationship through Indigenous co-governance,2025,FALSE,0,NA,NA,2,Jae Ford,"School of Population and Public Health, Faculty of Medicine, University of British Columbia, Vancouver, British Columbia, Canada",Canada,https://orcid.org/0009-0003-2390-4563,Jae Ford,"School of Population and Public Health, Faculty of Medicine, University of British Columbia, Vancouver, British Columbia, Canada",Canada,https://orcid.org/0009-0003-2390-4563,FALSE,NA,NA,NA,NA,/Biology and life sciences/Anatomy/Head/Eyes; /Biology and life sciences/Anatomy/Ocular system/Eyes; /Biology and life sciences/Organisms/Eukaryota/Animals/Vertebrates/Amniotes/Reptiles/Testudines/Turtles; /Biology and life sciences/Zoology/Animals/Vertebrates/Amniotes/Reptiles/Testudines/Turtles; /Earth sciences/Geomorphology/Topography/Landforms/Islands; /Ecology and environmental sciences/Natural resources/Water resources; /Ecology and environmental sciences/Pollution/Water pollution; /Medicine and health sciences/Anatomy/Head/Eyes; /Medicine and health sciences/Anatomy/Ocular system/Eyes; /Medicine and health sciences/Public and occupational health; /People and places/Demography/Indigenous populations; /People and places/Geographical locations/North America/Canada/British Columbia; /Social sciences/Anthropology/Indigenous populations,journals.plos.org,10.1371/journal.pwat.0000346,Opinion,2025-02-10
10.1371/journal.pwat.0000366,4,5,https://journals.plos.org/water/article?id=10.1371/journal.pwat.0000366,PLOS Water,"Behavioural water policy: Scarce, yet infinitely reusable",2025,FALSE,0,NA,NA,1,Ching Leong,"Lee Kuan Yew School of Public Policy, National University of Singapore, Singapore, Singapore",Singapore,NA,Ching Leong,"Lee Kuan Yew School of Public Policy, National University of Singapore, Singapore, Singapore",Singapore,NA,FALSE,NA,NA,NA,NA,/Biology and life sciences/Psychology/Behavior; /Biology and life sciences/Psychology/Behavior/Behavioral economics; /Biology and life sciences/Psychology/Collective human behavior; /Biology and life sciences/Psychology/Social psychology; /Ecology and environmental sciences/Natural resources/Water resources; /Ecology and environmental sciences/Sustainability science; /Engineering and technology/Environmental engineering/Water management; /Research and analysis methods/Research design/Survey research/Surveys; /Social sciences/Economics/Behavioral economics; /Social sciences/Psychology/Behavior; /Social sciences/Psychology/Behavior/Behavioral economics; /Social sciences/Psychology/Collective human behavior; /Social sciences/Psychology/Social psychology,journals.plos.org,10.1371/journal.pwat.0000366,Opinion,2025-05-07
10.1371/journal.pwat.0000250,4,1,https://journals.plos.org/water/article?id=10.1371/journal.pwat.0000250,PLOS Water,Majority of potable water microplastics are smaller than the 20 μm EU methodology limit for consumable water quality,2025,TRUE,3,xlsx; txt; pdf,https://journals.plos.org/water/article/file?id=10.1371/journal.pwat.0000250.s001&type=supplementary; https://journals.plos.org/water/article/file?id=10.1371/journal.pwat.0000250.s002&type=supplementary; https://journals.plos.org/water/article/file?id=10.1371/journal.pwat.0000250.s003&type=supplementary,8,Oskar Hagelskjær,"Centre de Recherche sur la Biodiversité et l’Environnement (CRBE), Université de Toulouse, CNRS UMR 5300, IRD, Toulouse INP, Université Toulouse III–Paul Sabatier (UT3), Toulouse, France",France,https://orcid.org/0000-0001-8790-1992,Oskar Hagelskjær,"Centre de Recherche sur la Biodiversité et l’Environnement (CRBE), Université de Toulouse, CNRS UMR 5300, IRD, Toulouse INP, Université Toulouse III–Paul Sabatier (UT3), Toulouse, France",France,https://orcid.org/0000-0001-8790-1992,TRUE,The underlying data for this paper can be found at http://datadryad.org/stash/share/p60t_ljp4wqo9Qr5HDlvQqa0emnIMAk-waSPC9NSTE4.,available in online repository,http://datadryad.org/stash/share/p60t_ljp4wqo9Qr5HDlvQqa0emnIMAk-waSPC9NSTE4,dryad,/Biology and life sciences/Toxicology; /Earth sciences/Hydrology/Surface water; /Ecology and environmental sciences/Natural resources/Water resources; /Ecology and environmental sciences/Pollution/Water pollution; /Medicine and health sciences/Pathology and laboratory medicine/Toxicology; /Physical sciences/Chemistry/Polymer chemistry/Macromolecules/Polymers; /Physical sciences/Chemistry/Polymer chemistry/Macromolecules/Polymers/Polyethylene; /Physical sciences/Chemistry/Polymer chemistry/Polymers; /Physical sciences/Chemistry/Polymer chemistry/Polymers/Polyethylene; /Physical sciences/Materials science/Materials/Polymers; /Physical sciences/Materials science/Materials/Polymers/Polyethylene; /Research and analysis methods/Equipment preparation/Equipment sterilization/Filter sterilization; /Research and analysis methods/Specimen preparation and treatment/Mechanical treatment of specimens/Sonication/Ultrasonication,journals.plos.org,10.1371/journal.pwat.0000250,Research Article,2025-01-15
10.1371/journal.pwat.0000313,4,4,https://journals.plos.org/water/article?id=10.1371/journal.pwat.0000313,PLOS Water,Projected land use changes will cause water quality degradation at drinking water intakes across a regional watershed,2025,TRUE,12,docx; docx; docx; docx; docx; docx; docx; docx; docx; docx; docx; docx,https://journals.plos.org/water/article/file?id=10.1371/journal.pwat.0000313.s001&type=supplementary; https://journals.plos.org/water/article/file?id=10.1371/journal.pwat.0000313.s002&type=supplementary; https://journals.plos.org/water/article/file?id=10.1371/journal.pwat.0000313.s003&type=supplementary; https://journals.plos.org/water/article/file?id=10.1371/journal.pwat.0000313.s004&type=supplementary; https://journals.plos.org/water/article/file?id=10.1371/journal.pwat.0000313.s005&type=supplementary; https://journals.plos.org/water/article/file?id=10.1371/journal.pwat.0000313.s006&type=supplementary; https://journals.plos.org/water/article/file?id=10.1371/journal.pwat.0000313.s007&type=supplementary; https://journals.plos.org/water/article/file?id=10.1371/journal.pwat.0000313.s008&type=supplementary; https://journals.plos.org/water/article/file?id=10.1371/journal.pwat.0000313.s009&type=supplementary; https://journals.plos.org/water/article/file?id=10.1371/journal.pwat.0000313.s010&type=supplementary; https://journals.plos.org/water/article/file?id=10.1371/journal.pwat.0000313.s011&type=supplementary; https://journals.plos.org/water/article/file?id=10.1371/journal.pwat.0000313.s012&type=supplementary,3,Elly T. Gay,"Department of Forestry and Environmental Resources, College of Natural Resources, North Carolina State University, Raleigh, North Carolina, United States of America",United States of America,https://orcid.org/0000-0003-4580-4910,Elly T. Gay,"Department of Forestry and Environmental Resources, College of Natural Resources, North Carolina State University, Raleigh, North Carolina, United States of America",United States of America,https://orcid.org/0000-0003-4580-4910,TRUE,Data used for SWAT model setup are included in the article and supplementary material. Data used to create the figures and tables are available in the Dryad repository at https://doi.org/10.5061/dryad.3r2280gsm.,available in online repository,https://doi.org/10.5061/dryad.3r2280gsm; 10.5061/dryad.3r2280gsm,dryad,/Biology and life sciences/Ecology/Ecosystems/Forests; /Earth sciences/Geography/Human geography/Land use; /Earth sciences/Geography/Physical geography/Watersheds; /Earth sciences/Geology/Petrology/Sediment; /Earth sciences/Geology/Sedimentary geology/Sediment; /Earth sciences/Hydrology/Surface water; /Ecology and environmental sciences/Ecology/Ecosystems/Forests; /Ecology and environmental sciences/Natural resources/Water resources; /Ecology and environmental sciences/Pollution/Water pollution; /Ecology and environmental sciences/Terrestrial environments/Forests; /Ecology and environmental sciences/Water quality; /Social sciences/Human geography/Land use,journals.plos.org,10.1371/journal.pwat.0000313,Research Article,2025-04-23
10.1371/journal.pwat.0000337,4,1,https://journals.plos.org/water/article?id=10.1371/journal.pwat.0000337,PLOS Water,Environmental surveillance of soil-transmitted helminths and other enteric pathogens in settings without networked wastewater infrastructure,2025,TRUE,2,xlsx; iac,https://journals.plos.org/water/article/file?id=10.1371/journal.pwat.0000337.s001&type=supplementary; https://journals.plos.org/water/article/file?id=10.1371/journal.pwat.0000337.s002&type=supplementary,19,Joël Edoux Eric Siko,"Institut de Recherche Clinique du Bénin, Abomey-Calavi, Bénin",Benin,NA,Amy J. Pickering,"Department of Civil and Environmental Engineering, University of California, Berkeley, California, United States of America",United States of America,https://orcid.org/0000-0001-6193-2221,TRUE,All data and code needed to replicate analysis in the manuscript are available at https://github.com/KendraDahmer/wastewater-ms.,available in online repository,https://github.com/KendraDahmer/wastewater-ms,github,/Biology and life sciences/Biochemistry/Nucleic acids; /Biology and life sciences/Microbiology/Medical microbiology/Microbial pathogens/Bacterial pathogens; /Biology and life sciences/Microbiology/Medical microbiology/Microbial pathogens/Viral pathogens; /Biology and life sciences/Organisms/Viruses/Viral pathogens; /Earth sciences/Geology/Petrology/Sediment; /Earth sciences/Geology/Sedimentary geology/Sediment; /Medicine and health sciences/Health care/Environmental health/Sanitation; /Medicine and health sciences/Medical conditions/Parasitic diseases/Helminth infections/Soil-transmitted helminthiases; /Medicine and health sciences/Medical conditions/Tropical diseases/Neglected tropical diseases/Soil-transmitted helminthiases; /Medicine and health sciences/Pathology and laboratory medicine/Pathogens/Microbial pathogens/Bacterial pathogens; /Medicine and health sciences/Pathology and laboratory medicine/Pathogens/Microbial pathogens/Viral pathogens; /Medicine and health sciences/Public and occupational health/Environmental health/Sanitation; /People and places/Geographical locations/Africa/Benin; /People and places/Geographical locations/Asia/India,journals.plos.org,10.1371/journal.pwat.0000337,Research Article,2025-01-23
10.1371/journal.pwat.0000270,4,1,https://journals.plos.org/water/article?id=10.1371/journal.pwat.0000270,PLOS Water,"Inadequate wastewater management in Dhaka’s major hospitals: A socio-technical systems analysis of leadership, policy, and technological challenges",2025,TRUE,5,docx; docx; tif; docx; vnd.openxmlformats-officedocument.wordprocessingml.document,https://journals.plos.org/water/article/file?id=10.1371/journal.pwat.0000270.s001&type=supplementary; https://journals.plos.org/water/article/file?id=10.1371/journal.pwat.0000270.s002&type=supplementary; https://journals.plos.org/water/article/file?id=10.1371/journal.pwat.0000270.s003&type=supplementary; https://journals.plos.org/water/article/file?id=10.1371/journal.pwat.0000270.s004&type=supplementary; https://journals.plos.org/water/article/file?id=10.1371/journal.pwat.0000270.s005&type=supplementary,12,Nuhu Amin,"Institute for Sustainable Futures, University of Technology Sydney, Ultimo, NSW, Australia",Australia,https://orcid.org/0000-0002-7131-6163,Nuhu Amin,"Institute for Sustainable Futures, University of Technology Sydney, Ultimo, NSW, Australia",Australia,https://orcid.org/0000-0002-7131-6163,TRUE,Data is uploaded as Supporting information.,in paper,NA,NA,/Earth sciences/Geography/Economic geography/Low and middle income countries; /Engineering and technology/Civil engineering/Urban infrastructure; /Engineering and technology/Sanitary engineering/Solid waste management/Sewage treatment; /Medicine and health sciences/Health care/Environmental health/Sanitation; /Medicine and health sciences/Health care/Health care facilities; /Medicine and health sciences/Public and occupational health/Environmental health/Sanitation; /People and places/Population groupings/Professions/Engineers; /Physical sciences/Materials science/Materials/Sludge; /Physical sciences/Physics/States of matter/Fluids/Liquids; /Science policy/Science and technology workforce/Careers in research/Engineers; /Social sciences/Economics/Economic geography/Low and middle income countries,journals.plos.org,10.1371/journal.pwat.0000270,Research Article,2025-01-08
10.1371/journal.pwat.0000273,4,4,https://journals.plos.org/water/article?id=10.1371/journal.pwat.0000273,PLOS Water,Impacts of wastewater intrusion on disinfection byproduct formation: An experimental study,2025,TRUE,4,docx; docx; docx; a,https://journals.plos.org/water/article/file?id=10.1371/journal.pwat.0000273.s001&type=supplementary; https://journals.plos.org/water/article/file?id=10.1371/journal.pwat.0000273.s002&type=supplementary; https://journals.plos.org/water/article/file?id=10.1371/journal.pwat.0000273.s003&type=supplementary; https://journals.plos.org/water/article/file?id=10.1371/journal.pwat.0000273.s004&type=supplementary,6,Thomas Roberts,"Department of Civil and Environmental Engineering, University of Massachusetts Amherst, Amherst, Massachusetts, United States of America",United States of America,https://orcid.org/0009-0008-3596-0921,Karina A. Chavarria,"Department of Civil and Environmental Engineering, University of Massachusetts Amherst, Amherst, Massachusetts, United States of America",United States of America,https://orcid.org/0000-0001-8462-3835,TRUE,The raw data supporting the findings of this study is publicly available via Figshare (DOI: https://doi.org/10.6084/m9.figshare.26006083.v1).,available in online repository,https://doi.org/10.6084/m9.figshare.26006083.v1; 10.6084/m9.figshare.26006083.v1,figshare,/Biology and life sciences/Toxicology/Cytotoxicity; /Biology and life sciences/Toxicology/Toxicity; /Earth sciences/Hydrology/Surface water; /Ecology and environmental sciences/Natural resources/Water resources; /Ecology and environmental sciences/Water quality; /Engineering and technology/Environmental engineering/Water management; /Medicine and health sciences/Health care/Sanitization/Disinfection; /Medicine and health sciences/Medical conditions/Infectious diseases/Infectious disease control/Sanitization/Disinfection; /Medicine and health sciences/Pathology and laboratory medicine/Toxicology/Cytotoxicity; /Medicine and health sciences/Pathology and laboratory medicine/Toxicology/Toxicity; /Medicine and health sciences/Public and occupational health/Preventive medicine/Sanitization/Disinfection; /Physical sciences/Chemistry/Chemical elements/Chlorine,journals.plos.org,10.1371/journal.pwat.0000273,Research Article,2025-04-17
10.1371/journal.pwat.0000340,4,4,https://journals.plos.org/water/article?id=10.1371/journal.pwat.0000340,PLOS Water,Use of biological communities to develop numeric environmental criteria for urban and suburban streams in a rapidly growing Central Texas region,2025,TRUE,9,a; tif; tif; tif; tif; tif; tif; docx; docx,https://journals.plos.org/water/article/file?id=10.1371/journal.pwat.0000340.s001&type=supplementary; https://journals.plos.org/water/article/file?id=10.1371/journal.pwat.0000340.s002&type=supplementary; https://journals.plos.org/water/article/file?id=10.1371/journal.pwat.0000340.s003&type=supplementary; https://journals.plos.org/water/article/file?id=10.1371/journal.pwat.0000340.s004&type=supplementary; https://journals.plos.org/water/article/file?id=10.1371/journal.pwat.0000340.s005&type=supplementary; https://journals.plos.org/water/article/file?id=10.1371/journal.pwat.0000340.s006&type=supplementary; https://journals.plos.org/water/article/file?id=10.1371/journal.pwat.0000340.s007&type=supplementary; https://journals.plos.org/water/article/file?id=10.1371/journal.pwat.0000340.s008&type=supplementary; https://journals.plos.org/water/article/file?id=10.1371/journal.pwat.0000340.s009&type=supplementary,5,Brent J. Bellinger,"Watershed Protection Department, Austin, Texas, United States of America",United States of America,https://orcid.org/0000-0002-0713-7988,Brent J. Bellinger,"Watershed Protection Department, Austin, Texas, United States of America",United States of America,https://orcid.org/0000-0002-0713-7988,TRUE,Data and code used in this study have been uploaded to Open Science Framework https://osf.io/gjsp3/.,available in online repository,https://osf.io/gjsp3/,osf,/Biology and life sciences/Ecology/Community ecology; /Biology and life sciences/Organisms/Eukaryota/Animals/Invertebrates/Plankton/Phytoplankton/Diatoms; /Biology and life sciences/Organisms/Eukaryota/Plants/Algae/Phytoplankton/Diatoms; /Biology and life sciences/Zoology/Animals/Invertebrates/Plankton/Phytoplankton/Diatoms; /Computer and information sciences/Artificial intelligence/Machine learning; /Earth sciences/Geography/Human geography/Urban geography/Urbanization; /Ecology and environmental sciences/Ecology/Community ecology; /Ecology and environmental sciences/Pollution/Water pollution; /Ecology and environmental sciences/Terrestrial environments/Urban environments; /Ecology and environmental sciences/Water quality; /People and places/Geographical locations/North America/United States/Texas; /Social sciences/Human geography/Urban geography/Urbanization,journals.plos.org,10.1371/journal.pwat.0000340,Research Article,2025-04-21
10.1371/journal.pwat.0000359,4,4,https://journals.plos.org/water/article?id=10.1371/journal.pwat.0000359,PLOS Water,Improved streamflow prediction accuracy in Boreal climate watershed using a LSTM model: A comparative study,2025,FALSE,0,NA,NA,5,Kamal Islam,"School of Science and the Environment, Memorial University of Newfoundland, Corner Brook, Newfoundland and Labrador, Canada",Canada,https://orcid.org/0000-0001-8405-4337,Kamal Islam,"School of Science and the Environment, Memorial University of Newfoundland, Corner Brook, Newfoundland and Labrador, Canada",Canada,https://orcid.org/0000-0001-8405-4337,TRUE,All data that support the findings of this study are included within the article.,in paper,NA,NA,/Computer and information sciences/Artificial intelligence/Machine learning; /Computer and information sciences/Artificial intelligence/Machine learning/Deep learning; /Earth sciences/Atmospheric science/Climatology/Climate change; /Earth sciences/Atmospheric science/Meteorology; /Earth sciences/Geography/Physical geography/Watersheds; /Earth sciences/Seasons; /Ecology and environmental sciences/Natural resources/Water resources; /Physical sciences/Mathematics/Statistics/Statistical methods/Forecasting; /Research and analysis methods/Mathematical and statistical techniques/Statistical methods/Forecasting,journals.plos.org,10.1371/journal.pwat.0000359,Research Article,2025-04-21
10.1371/journal.pwat.0000281,4,5,https://journals.plos.org/water/article?id=10.1371/journal.pwat.0000281,PLOS Water,"Sanitary inspection characteristics, precipitation, and microbial water quality - A three-country study of rural boreholes in Sub-Saharan Africa",2025,TRUE,4,zip; zip; zip; zip,https://journals.plos.org/water/article/file?id=10.1371/journal.pwat.0000281.s001&type=supplementary; https://journals.plos.org/water/article/file?id=10.1371/journal.pwat.0000281.s002&type=supplementary; https://journals.plos.org/water/article/file?id=10.1371/journal.pwat.0000281.s003&type=supplementary; https://journals.plos.org/water/article/file?id=10.1371/journal.pwat.0000281.s004&type=supplementary,6,Syed Anjerul Islam,"The Water Institute at UNC and Department of Environmental Science and Engineering, Gillings School of Global Public Health, The University of North Carolina at Chapel Hill, Chapel Hill, North Carolina, United States of America",United States of America,https://orcid.org/0000-0002-8956-1458,Michael B. Fisher,"The Water Institute at UNC and Department of Environmental Science and Engineering, Gillings School of Global Public Health, The University of North Carolina at Chapel Hill, Chapel Hill, North Carolina, United States of America",United States of America,https://orcid.org/0000-0003-0159-8238,TRUE,All data are included in Supplemental Information.,in paper,NA,NA,/Biology and life sciences/Microbiology/Medical microbiology/Microbial pathogens/Bacterial pathogens/Escherichia coli; /Biology and life sciences/Organisms/Bacteria/Enterobacteriaceae/Escherichia/Escherichia coli; /Biology and life sciences/Organisms/Bacteria/Gut bacteria/Escherichia/Escherichia coli; /Earth sciences/Atmospheric science/Meteorology/Rain; /Ecology and environmental sciences/Natural resources/Water resources; /Ecology and environmental sciences/Pollution/Water pollution; /Ecology and environmental sciences/Water quality; /Engineering and technology/Environmental engineering/Water management; /Medicine and health sciences/Epidemiology/Medical risk factors; /Medicine and health sciences/Pathology and laboratory medicine/Pathogens/Microbial pathogens/Bacterial pathogens/Escherichia coli; /People and places/Geographical locations/Africa/Ghana; /Research and analysis methods/Animal studies/Experimental organism systems/Model organisms/Escherichia coli; /Research and analysis methods/Animal studies/Experimental organism systems/Prokaryotic models/Escherichia coli; /Research and analysis methods/Model organisms/Escherichia coli,journals.plos.org,10.1371/journal.pwat.0000281,Research Article,2025-05-14
10.1371/journal.pwat.0000307,4,4,https://journals.plos.org/water/article?id=10.1371/journal.pwat.0000307,PLOS Water,Training for the test: Using multi-objective training to improve ANN ensemble forecasts of household residual chlorine in emergencies,2025,TRUE,17,png; png; png; png; png; png; png; png; png; png; png; png; xlsx; xlsx; xlsx; xlsx; xlsx,https://journals.plos.org/water/article/file?id=10.1371/journal.pwat.0000307.s001&type=supplementary; https://journals.plos.org/water/article/file?id=10.1371/journal.pwat.0000307.s002&type=supplementary; https://journals.plos.org/water/article/file?id=10.1371/journal.pwat.0000307.s003&type=supplementary; https://journals.plos.org/water/article/file?id=10.1371/journal.pwat.0000307.s004&type=supplementary; https://journals.plos.org/water/article/file?id=10.1371/journal.pwat.0000307.s005&type=supplementary; https://journals.plos.org/water/article/file?id=10.1371/journal.pwat.0000307.s006&type=supplementary; https://journals.plos.org/water/article/file?id=10.1371/journal.pwat.0000307.s007&type=supplementary; https://journals.plos.org/water/article/file?id=10.1371/journal.pwat.0000307.s008&type=supplementary; https://journals.plos.org/water/article/file?id=10.1371/journal.pwat.0000307.s009&type=supplementary; https://journals.plos.org/water/article/file?id=10.1371/journal.pwat.0000307.s010&type=supplementary; https://journals.plos.org/water/article/file?id=10.1371/journal.pwat.0000307.s011&type=supplementary; https://journals.plos.org/water/article/file?id=10.1371/journal.pwat.0000307.s012&type=supplementary; https://journals.plos.org/water/article/file?id=10.1371/journal.pwat.0000307.s013&type=supplementary; https://journals.plos.org/water/article/file?id=10.1371/journal.pwat.0000307.s014&type=supplementary; https://journals.plos.org/water/article/file?id=10.1371/journal.pwat.0000307.s015&type=supplementary; https://journals.plos.org/water/article/file?id=10.1371/journal.pwat.0000307.s016&type=supplementary; https://journals.plos.org/water/article/file?id=10.1371/journal.pwat.0000307.s017&type=supplementary,6,Michael De Santi,"Department of Civil Engineering, Lassonde School of Engineering, York University, Toronto, Canada",Canada,https://orcid.org/0000-0002-4308-8351,Michael De Santi,"Department of Civil Engineering, Lassonde School of Engineering, York University, Toronto, Canada",Canada,https://orcid.org/0000-0002-4308-8351,TRUE,"Research data from South Sudan, Jordan, and Rwanda are available at: https://data.mendeley.com/datasets/twdv4bcwst/1. Research data from Bangladesh and Tanzania are available at: https://github.com/safeh2o/SWOT_Research_Data/",available in online repository,https://data.mendeley.com/datasets/twdv4bcwst/1; https://github.com/safeh2o/SWOT_Research_Data/,github; mendeley data,/Biology and life sciences/Computational biology/Computational neuroscience/Artificial neural networks; /Biology and life sciences/Neuroscience/Computational neuroscience/Artificial neural networks; /Computer and information sciences/Artificial intelligence/Artificial neural networks; /Computer and information sciences/Artificial intelligence/Machine learning; /Ecology and environmental sciences/Natural resources/Water resources; /Ecology and environmental sciences/Water quality; /People and places/Demography/Refugees; /Physical sciences/Chemistry/Chemical elements/Chlorine; /Physical sciences/Mathematics/Optimization; /Physical sciences/Mathematics/Statistics/Statistical methods/Forecasting; /Research and analysis methods/Mathematical and statistical techniques/Statistical methods/Forecasting,journals.plos.org,10.1371/journal.pwat.0000307,Research Article,2025-04-17
10.1371/journal.pwat.0000376,4,5,https://journals.plos.org/water/article?id=10.1371/journal.pwat.0000376,PLOS Water,Towards a one health approach to WASH to tackle zoonotic disease and promote health and wellbeing,2025,FALSE,0,NA,NA,5,Sarah Dickin,"Department of Women’s and Children’s Health, Uppsala University, Akademiska sjukhuset, Uppsala, Sweden",Sweden,https://orcid.org/0000-0003-0437-3755,Sarah Dickin,"Department of Women’s and Children’s Health, Uppsala University, Akademiska sjukhuset, Uppsala, Sweden",Sweden,https://orcid.org/0000-0003-0437-3755,FALSE,NA,NA,NA,NA,/Biology and life sciences/Agriculture/Animal management/Livestock; /Biology and life sciences/Ecology/Community ecology/Ecological risk; /Biology and life sciences/Physiology/Physiological processes/Excretion; /Biology and life sciences/Veterinary science/Veterinary diseases; /Ecology and environmental sciences/Ecology/Community ecology/Ecological risk; /Ecology and environmental sciences/Natural resources/Water resources; /Medicine and health sciences/Epidemiology/Medical risk factors; /Medicine and health sciences/Health care/Environmental health/Sanitation; /Medicine and health sciences/Medical conditions/Infectious diseases/Zoonoses; /Medicine and health sciences/Public and occupational health/Environmental health/Sanitation,journals.plos.org,10.1371/journal.pwat.0000376,Review,2025-05-29
10.1371/journal.pwat.0000321,4,5,https://journals.plos.org/water/article?id=10.1371/journal.pwat.0000321,PLOS Water,Targets and trade-offs: Designing environmental water transactions to navigate compounding competition on the San Saba River in Texas,2025,TRUE,1,zip,https://journals.plos.org/water/article/file?id=10.1371/journal.pwat.0000321.s001&type=supplementary,5,Charles Wight,"School of Environment, Resources, and Sustainability, University of Waterloo, Waterloo, Ontario, Canada",Canada,https://orcid.org/0000-0002-8704-9637,Charles Wight,"School of Environment, Resources, and Sustainability, University of Waterloo, Waterloo, Ontario, Canada",Canada,https://orcid.org/0000-0002-8704-9637,TRUE,Data is available in Supporting information.,in paper,NA,NA,/Biology and life sciences/Agriculture/Agricultural methods/Agricultural irrigation/Lift irrigation; /Earth sciences/Hydrology/Surface water; /Earth sciences/Marine and aquatic sciences/Aquatic environments/Freshwater environments/Fresh water; /Earth sciences/Marine and aquatic sciences/Aquatic environments/Freshwater environments/Rivers; /Earth sciences/Marine and aquatic sciences/Bodies of water/Rivers; /Earth sciences/Seasons; /Ecology and environmental sciences/Aquatic environments/Freshwater environments/Fresh water; /Ecology and environmental sciences/Aquatic environments/Freshwater environments/Rivers; /Ecology and environmental sciences/Natural resources/Water resources; /People and places/Geographical locations/North America/Caribbean/Saba; /People and places/Geographical locations/North America/United States/Texas,journals.plos.org,10.1371/journal.pwat.0000321,Research Article,2025-05-13
10.1371/journal.pwat.0000387,4,6,https://journals.plos.org/water/article?id=10.1371/journal.pwat.0000387,PLOS Water,On the safe side: Uncertainty awareness for hydroclimatic risk and loss aversion,2025,FALSE,0,NA,NA,4,Omar Wani,"Tandon School of Engineering, New York University, Brooklyn, New York, United States of America",United States of America,https://orcid.org/0000-0002-3124-3705,Omar Wani,"Tandon School of Engineering, New York University, Brooklyn, New York, United States of America",United States of America,https://orcid.org/0000-0002-3124-3705,FALSE,NA,NA,NA,NA,/Biology and life sciences/Neuroscience/Cognitive science/Cognition/Decision making; /Biology and life sciences/Neuroscience/Cognitive science/Cognitive psychology/Decision making; /Biology and life sciences/Psychology/Cognitive psychology/Decision making; /Biology and life sciences/Psychology/Psychological attitudes; /Earth sciences/Atmospheric science/Climatology/Climate change; /Earth sciences/Hydrology/Flooding; /Physical sciences/Mathematics/Applied mathematics/Game theory; /Physical sciences/Mathematics/Statistics/Statistical methods/Monte Carlo method; /Physical sciences/Physics/Classical mechanics/Thrust; /Research and analysis methods/Mathematical and statistical techniques/Statistical methods/Monte Carlo method; /Research and analysis methods/Research design/Quantitative analysis; /Social sciences/Psychology/Cognitive psychology/Decision making; /Social sciences/Psychology/Psychological attitudes,journals.plos.org,10.1371/journal.pwat.0000387,Opinion,2025-06-13
10.1371/journal.pwat.0000323,4,6,https://journals.plos.org/water/article?id=10.1371/journal.pwat.0000323,PLOS Water,Influencing non-menstruator attitudes and behaviours towards menstrual health among rohingya refugees in Bangladesh: A realist evaluation,2025,TRUE,3,docx; docx; docx,https://journals.plos.org/water/article/file?id=10.1371/journal.pwat.0000323.s001&type=supplementary; https://journals.plos.org/water/article/file?id=10.1371/journal.pwat.0000323.s002&type=supplementary; https://journals.plos.org/water/article/file?id=10.1371/journal.pwat.0000323.s003&type=supplementary,7,Georgia Hales,"School of Civil Engineering, University of Leeds, Leeds, United Kingdom",United Kingdom of Great Britain and Northern Ireland,https://orcid.org/0000-0003-4776-3905,Georgia Hales,"School of Civil Engineering, University of Leeds, Leeds, United Kingdom",United Kingdom of Great Britain and Northern Ireland,https://orcid.org/0000-0003-4776-3905,TRUE,Nick Sheppard - an advisor from the data management team at the University of Leeds - says that the ethical agreement from the IRB did not permit the onward sharing of anonymised data from research participants. He added that considering the research subjects are a vulnerable group (Rohingya refugees from Myanmar living in Bangladesh) and the sensitive nature of the topic (sexual and reproductive health) it would not be ethical to share the data publicly outside of the quotes used in the manuscript. He said with the advances in AI it's becoming easier to identify people from anonymised data. Therefore putting the data in a public repository would breach compliance with the protocol approved by the research ethics board. Nick Sheppard is contactable at [email removed]@leeds.ac.uk.,in paper,NA,NA,/Biology and life sciences/Psychology/Psychological attitudes; /Medicine and health sciences/Epidemiology/Medical risk factors; /Medicine and health sciences/Public and occupational health/Behavioral and social aspects of health; /Medicine and health sciences/Public and occupational health/Global health; /Medicine and health sciences/Public and occupational health/Hygiene; /Social sciences/Anthropology/Cultural anthropology/Religion; /Social sciences/Psychology/Psychological attitudes; /Social sciences/Sociology/Human families; /Social sciences/Sociology/Religion; /Social sciences/Sociology/Sexual and gender issues,journals.plos.org,10.1371/journal.pwat.0000323,Research Article,2025-06-25
10.1371/journal.pwat.0000329,4,6,https://journals.plos.org/water/article?id=10.1371/journal.pwat.0000329,PLOS Water,Early prenatal nitrate exposure and birth outcomes: A study of Iowa’s public drinking water (1970–1988),2025,TRUE,14,xlsx; xlsx; weeks; xlsx; xlsx; lpm; weeks; xlsx; xlsx; docx; docx; vnd.openxmlformats-officedocument.wordprocessingml.document; vnd.openxmlformats-officedocument.wordprocessingml.document; vnd.openxmlformats-officedocument.wordprocessingml.document,https://journals.plos.org/water/article/file?id=10.1371/journal.pwat.0000329.s001&type=supplementary; https://journals.plos.org/water/article/file?id=10.1371/journal.pwat.0000329.s002&type=supplementary; https://journals.plos.org/water/article/file?id=10.1371/journal.pwat.0000329.s003&type=supplementary; https://journals.plos.org/water/article/file?id=10.1371/journal.pwat.0000329.s004&type=supplementary; https://journals.plos.org/water/article/file?id=10.1371/journal.pwat.0000329.s005&type=supplementary; https://journals.plos.org/water/article/file?id=10.1371/journal.pwat.0000329.s006&type=supplementary; https://journals.plos.org/water/article/file?id=10.1371/journal.pwat.0000329.s007&type=supplementary; https://journals.plos.org/water/article/file?id=10.1371/journal.pwat.0000329.s008&type=supplementary; https://journals.plos.org/water/article/file?id=10.1371/journal.pwat.0000329.s009&type=supplementary; https://journals.plos.org/water/article/file?id=10.1371/journal.pwat.0000329.s010&type=supplementary; https://journals.plos.org/water/article/file?id=10.1371/journal.pwat.0000329.s011&type=supplementary; https://journals.plos.org/water/article/file?id=10.1371/journal.pwat.0000329.s012&type=supplementary; https://journals.plos.org/water/article/file?id=10.1371/journal.pwat.0000329.s015&type=supplementary; https://journals.plos.org/water/article/file?id=10.1371/journal.pwat.0000329.s014&type=supplementary,3,Jason Semprini,"Department of Public Health, Des Moines University College of Health Sciences, West Des Moines, Iowa, United States of America",United States of America,https://orcid.org/0000-0002-0375-8090,Jason Semprini,"Department of Public Health, Des Moines University College of Health Sciences, West Des Moines, Iowa, United States of America",United States of America,https://orcid.org/0000-0002-0375-8090,TRUE,"For this study, the public water quality data was obtained from the University of Iowa’s Center for Health Effects of Environmental Contamination. The data included all public water quality sample measures of nitrate levels (mg/L) reported between January 1, 1970 to December 31, 1988. In addition to the nitrate level measures, the water quality data included measurement dates, names, and geocodes of the public water systems. While this data was shared by CHEEC to the authors of this current study, the authors of this current study were not given explicit permission to share the data. The two key contacts for data requests are David Cwiertny ([email removed]@uiowa.edu) and Darrin Thompson ([email removed]@uiowa.edu). These two faculty hold appointments at CHEEC and are acknowledged in the manuscript under the acknowledgements section. Additionally, the public website for CHEEC is found here: https://cheec.uiowa.edu/ (E-Mail: [email removed]@uiowa.edu). In addition, the repository which holds the analytic code can be accessed with the following link: (https://github.com/jsemprini/Iowa-Water-Nitrate-Births7088).",available in online repository,https://cheec.uiowa.edu/; https://github.com/jsemprini/Iowa-Water-Nitrate-Births7088,github,/Biology and life sciences/Physiology/Physiological parameters/Body weight/Birth weight; /Ecology and environmental sciences/Natural resources/Water resources; /Ecology and environmental sciences/Water quality; /Medicine and health sciences/Women's health/Maternal health/Birth; /Medicine and health sciences/Women's health/Maternal health/Birth/Preterm birth; /Medicine and health sciences/Women's health/Maternal health/Pregnancy/Pregnancy complications/Preterm birth; /Medicine and health sciences/Women's health/Obstetrics and gynecology/Birth; /Medicine and health sciences/Women's health/Obstetrics and gynecology/Birth/Preterm birth; /Medicine and health sciences/Women's health/Obstetrics and gynecology/Pregnancy/Pregnancy complications/Preterm birth; /People and places/Geographical locations/North America/United States/Iowa; /Physical sciences/Chemistry/Chemical compounds/Nitrates; /Physical sciences/Mathematics/Statistics/Statistical methods/Regression analysis/Linear regression analysis; /Research and analysis methods/Mathematical and statistical techniques/Statistical methods/Regression analysis/Linear regression analysis,journals.plos.org,10.1371/journal.pwat.0000329,Research Article,2025-06-25
10.1371/journal.pwat.0000326,4,7,https://journals.plos.org/water/article?id=10.1371/journal.pwat.0000326,PLOS Water,Do mandatory minimum penalties and penalty relief work? Evidence from California’s clean water program,2025,TRUE,1,a,https://journals.plos.org/water/article/file?id=10.1371/journal.pwat.0000326.s001&type=supplementary,7,Ryan J. Treves,"Stanford Law School, Stanford University, Stanford, California, United States of America",United States of America,NA,Daniel E. Ho,"Stanford Law School, Stanford University, Stanford, California, United States of America",United States of America,https://orcid.org/0000-0002-2195-5469,TRUE,"Aggregate data, allowing for substantial replication of the main results, is available online (see https://github.com/reglab/california_mmp).",available in online repository,https://github.com/reglab/california_mmp,github,/Ecology and environmental sciences/Environmental justice; /Ecology and environmental sciences/Pollution; /Ecology and environmental sciences/Pollution/Water pollution; /Ecology and environmental sciences/Water quality; /People and places/Geographical locations/North America/United States/California; /Science policy; /Social sciences/Economics/Finance; /Social sciences/Law and legal sciences/Regulations; /Social sciences/Sociology/Environmental justice,journals.plos.org,10.1371/journal.pwat.0000326,Research Article,2025-07-03
10.1371/journal.pwat.0000339,4,5,https://journals.plos.org/water/article?id=10.1371/journal.pwat.0000339,PLOS Water,"Monitoring SARS-CoV-2 in wastewater in Kisumu, Kenya: Association with COVID-19 case numbers",2025,TRUE,6,docx; docx; docx; docx; docx; docx,https://journals.plos.org/water/article/file?id=10.1371/journal.pwat.0000339.s001&type=supplementary; https://journals.plos.org/water/article/file?id=10.1371/journal.pwat.0000339.s002&type=supplementary; https://journals.plos.org/water/article/file?id=10.1371/journal.pwat.0000339.s003&type=supplementary; https://journals.plos.org/water/article/file?id=10.1371/journal.pwat.0000339.s004&type=supplementary; https://journals.plos.org/water/article/file?id=10.1371/journal.pwat.0000339.s005&type=supplementary; https://journals.plos.org/water/article/file?id=10.1371/journal.pwat.0000339.s006&type=supplementary,8,Bhagya Galkissa-Dewage,"Division of Environmental and Occupational Health Sciences, School of Public Health, University of Illinois Chicago, Chicago, Illinois, United States of America",United States of America,https://orcid.org/0009-0004-1805-1321,Bhagya Galkissa-Dewage,"Division of Environmental and Occupational Health Sciences, School of Public Health, University of Illinois Chicago, Chicago, Illinois, United States of America",United States of America,https://orcid.org/0009-0004-1805-1321,TRUE,The data that support the findings of this study are openly available in INDIGO data repository maintained by the University of Illinois Chicago DOI : 10.25417/uic.28646114.,available in online repository,https://10.25417/uic.28646114; 10.25417/uic.28646114,NA,/Biology and life sciences/Microbiology/Medical microbiology/Microbial pathogens/Viral pathogens/Coronaviruses/SARS coronavirus/SARS CoV 2; /Biology and life sciences/Organisms/Viruses/RNA viruses/Coronaviruses/SARS coronavirus/SARS CoV 2; /Biology and life sciences/Organisms/Viruses/Viral pathogens/Coronaviruses/SARS coronavirus/SARS CoV 2; /Engineering and technology/Sanitary engineering/Solid waste management/Sewage treatment; /Medicine and health sciences/Diagnostic medicine/Virus testing; /Medicine and health sciences/Health care/Environmental health/Sanitation; /Medicine and health sciences/Health care/Health care facilities/Hospitals; /Medicine and health sciences/Medical conditions/Infectious diseases/Viral diseases/COVID 19; /Medicine and health sciences/Medical conditions/Infectious diseases/Viral diseases/SARS; /Medicine and health sciences/Pathology and laboratory medicine/Pathogens/Microbial pathogens/Viral pathogens/Coronaviruses/SARS coronavirus/SARS CoV 2; /Medicine and health sciences/Public and occupational health; /Medicine and health sciences/Public and occupational health/Environmental health/Sanitation,journals.plos.org,10.1371/journal.pwat.0000339,Research Article,2025-05-09
10.1371/journal.pwat.0000287,4,5,https://journals.plos.org/water/article?id=10.1371/journal.pwat.0000287,PLOS Water,"Assessing the effect of a Massive Open Online Course (MOOC) on school water, sanitation, and hygiene improvements in the Philippines",2025,TRUE,7,docx; docx; docx; docx; docx; docx; docx,https://journals.plos.org/water/article/file?id=10.1371/journal.pwat.0000287.s001&type=supplementary; https://journals.plos.org/water/article/file?id=10.1371/journal.pwat.0000287.s002&type=supplementary; https://journals.plos.org/water/article/file?id=10.1371/journal.pwat.0000287.s003&type=supplementary; https://journals.plos.org/water/article/file?id=10.1371/journal.pwat.0000287.s004&type=supplementary; https://journals.plos.org/water/article/file?id=10.1371/journal.pwat.0000287.s005&type=supplementary; https://journals.plos.org/water/article/file?id=10.1371/journal.pwat.0000287.s006&type=supplementary; https://journals.plos.org/water/article/file?id=10.1371/journal.pwat.0000287.s007&type=supplementary,7,Kh. Shafiur Rahaman,"Department of Disease Control, London School of Hygiene and Tropical Medicine, London, United Kingdom",United Kingdom of Great Britain and Northern Ireland,NA,Robert Dreibelbis,"Department of Disease Control, London School of Hygiene and Tropical Medicine, London, United Kingdom",United Kingdom of Great Britain and Northern Ireland,https://orcid.org/0000-0002-9716-0419,TRUE,"Data for this manuscript were provided by the Department of Education (DepEd), Government of Philippines. Researchers who wish to access this data are required to request data direct from the Department of Education and receive appropriate approvals. To request access to data, please contact the Assistant Secretary of Operations, Department of Education at [email removed]@deped.gov.ph.",NA,NA,NA,/Biology and life sciences/Neuroscience/Cognitive science/Cognitive psychology/Learning/Human learning; /Biology and life sciences/Neuroscience/Learning and memory/Learning/Human learning; /Biology and life sciences/Psychology/Cognitive psychology/Learning/Human learning; /Ecology and environmental sciences/Natural resources/Water resources; /Medicine and health sciences/Health care/Environmental health/Sanitation; /Medicine and health sciences/Public and occupational health/Environmental health/Sanitation; /Medicine and health sciences/Public and occupational health/Hygiene; /People and places/Geographical locations/Asia/Philippines; /People and places/Population groupings/Professions/Teachers; /Social sciences/Economics/Finance; /Social sciences/Psychology/Cognitive psychology/Learning/Human learning; /Social sciences/Sociology/Education/Schools,journals.plos.org,10.1371/journal.pwat.0000287,Research Article,2025-05-27
10.1371/journal.pwat.0000367,4,5,https://journals.plos.org/water/article?id=10.1371/journal.pwat.0000367,PLOS Water,Reducing water quality data inequities: A low-cost to a membrane filtration technique for the quantification of <i>Escherichia coli</i> in drinking water in low-resource contexts,2025,TRUE,4,docx; docx; docx; vnd.openxmlformats-officedocument.wordprocessingml.document,https://journals.plos.org/water/article/file?id=10.1371/journal.pwat.0000367.s001&type=supplementary; https://journals.plos.org/water/article/file?id=10.1371/journal.pwat.0000367.s002&type=supplementary; https://journals.plos.org/water/article/file?id=10.1371/journal.pwat.0000367.s003&type=supplementary; https://journals.plos.org/water/article/file?id=10.1371/journal.pwat.0000367.s005&type=supplementary,9,Camille Zimmer,"Current affiliation WSP, Victoria, Canada. Previous affiliation Department of Civil Engineering, University of Victoria, Victoria, Canada",Canada,https://orcid.org/0000-0001-9649-9552,Caetano C. Dorea,"Department of Civil Engineering, University of Victoria, Victoria, Canada",Canada,https://orcid.org/0000-0001-9367-0668,TRUE,The Computer Aided Design (CAD) files for a version of the filter support unit which can be 3D printed are available with the supporting materials. The R code and data can be found at https://doi.org/10.5281/zenodo.14841237.,available in online repository,https://doi.org/10.5281/zenodo.14841237; 10.5281/zenodo.14841237,zenodo,/Biology and life sciences/Microbiology/Medical microbiology/Microbial pathogens/Bacterial pathogens/Escherichia coli; /Biology and life sciences/Organisms/Bacteria/Enterobacteriaceae/Escherichia/Escherichia coli; /Biology and life sciences/Organisms/Bacteria/Gut bacteria/Escherichia/Escherichia coli; /Ecology and environmental sciences/Natural resources/Water resources; /Ecology and environmental sciences/Water quality; /Engineering and technology/Equipment; /Engineering and technology/Industrial engineering/Quality control; /Medicine and health sciences/Diagnostic medicine/Virus testing; /Medicine and health sciences/Pathology and laboratory medicine/Pathogens/Microbial pathogens/Bacterial pathogens/Escherichia coli; /Research and analysis methods/Animal studies/Experimental organism systems/Model organisms/Escherichia coli; /Research and analysis methods/Animal studies/Experimental organism systems/Prokaryotic models/Escherichia coli; /Research and analysis methods/Model organisms/Escherichia coli; /Research and analysis methods/Research design/Survey research/Surveys; /Research and analysis methods/Separation processes/Filtration,journals.plos.org,10.1371/journal.pwat.0000367,Research Article,2025-05-27
10.1371/journal.pwat.0000320,4,4,https://journals.plos.org/water/article?id=10.1371/journal.pwat.0000320,PLOS Water,"Impact of industrial effluent on the self-purification characteristics and oxygen sag level of Ajali River, South east Nigeria",2025,FALSE,0,NA,NA,6,Judith Ogechukwu Nwerem,"Department of Pure and Industrial Chemistry, University of Nigeria, Nsukka, Enugu State, Nigeria",Nigeria,NA,Hillary Onyeka Abugu,"Department of Pure and Industrial Chemistry, University of Nigeria, Nsukka, Enugu State, Nigeria",Nigeria,https://orcid.org/0000-0002-6045-8449,TRUE,All relevant data are within the paper.,in paper,NA,NA,/Biology and life sciences/Toxicology/Toxic agents/Toxins/Heavy metals; /Earth sciences/Hydrology/Surface water; /Earth sciences/Marine and aquatic sciences/Aquatic environments/Freshwater environments/Rivers; /Earth sciences/Marine and aquatic sciences/Bodies of water/Rivers; /Ecology and environmental sciences/Aquatic environments/Freshwater environments/Rivers; /Ecology and environmental sciences/Natural resources/Water resources; /Ecology and environmental sciences/Pollution/Water pollution; /Ecology and environmental sciences/Water quality/Biochemical oxygen demand; /Ecology and environmental sciences/Water quality/Dissolved oxygen; /Medicine and health sciences/Pathology and laboratory medicine/Toxicology/Toxic agents/Toxins/Heavy metals; /Physical sciences/Chemistry/Chemical elements/Heavy metals; /Physical sciences/Chemistry/Chemical elements/Oxygen,journals.plos.org,10.1371/journal.pwat.0000320,Research Article,2025-04-16
10.1371/journal.pwat.0000352,4,5,https://journals.plos.org/water/article?id=10.1371/journal.pwat.0000352,PLOS Water,Vulnerability assessment of drinking water intakes to microbial contamination during combined sewer overflows under global change: A bottom-up approach,2025,TRUE,3,docx; docx; docx,https://journals.plos.org/water/article/file?id=10.1371/journal.pwat.0000352.s001&type=supplementary; https://journals.plos.org/water/article/file?id=10.1371/journal.pwat.0000352.s002&type=supplementary; https://journals.plos.org/water/article/file?id=10.1371/journal.pwat.0000352.s003&type=supplementary,7,Baptiste Leveque,"Department of Civil, Geological and Mining engineering, Polytechnique Montréal, Montréal, Quebec, Canada",Canada,NA,Raja Kammoun,"Department of Civil, Geological and Mining engineering, Polytechnique Montréal, Montréal, Quebec, Canada",Canada,https://orcid.org/0000-0002-1059-109X,TRUE,"The data utilized in this study were obtained from municipalities and are subject to confidentiality agreements, which prevent their public sharing. However, all relevant data necessary to replicate the findings are fully presented within the main text and supplemental materials of this paper. Researchers requiring additional information may contact the corresponding author, who can facilitate requests with the data providers in accordance with the applicable legal and ethical frameworks.",in paper,NA,NA,/Biology and life sciences/Microbiology/Medical microbiology/Microbial pathogens/Bacterial pathogens/Escherichia coli; /Biology and life sciences/Organisms/Bacteria/Enterobacteriaceae/Escherichia/Escherichia coli; /Biology and life sciences/Organisms/Bacteria/Gut bacteria/Escherichia/Escherichia coli; /Earth sciences/Atmospheric science/Climatology/Climate change/Anthropogenic climate change; /Earth sciences/Hydrology/Surface water; /Earth sciences/Marine and aquatic sciences/Aquatic environments/Freshwater environments/Rivers; /Earth sciences/Marine and aquatic sciences/Bodies of water/Rivers; /Earth sciences/Seasons/Summer; /Ecology and environmental sciences/Aquatic environments/Freshwater environments/Rivers; /Ecology and environmental sciences/Natural resources/Water resources; /Ecology and environmental sciences/Water quality; /Medicine and health sciences/Pathology and laboratory medicine/Pathogens/Microbial pathogens/Bacterial pathogens/Escherichia coli; /Physical sciences/Physics/Classical mechanics/Continuum mechanics/Fluid mechanics/Fluid dynamics/Flow rate; /Research and analysis methods/Animal studies/Experimental organism systems/Model organisms/Escherichia coli; /Research and analysis methods/Animal studies/Experimental organism systems/Prokaryotic models/Escherichia coli; /Research and analysis methods/Model organisms/Escherichia coli,journals.plos.org,10.1371/journal.pwat.0000352,Research Article,2025-05-28
10.1371/journal.pwat.0000277,4,4,https://journals.plos.org/water/article?id=10.1371/journal.pwat.0000277,PLOS Water,"Assessing the impact of rightsizing drinking water infrastructure system in Flint, Michigan",2025,TRUE,1,wsr,https://journals.plos.org/water/article/file?id=10.1371/journal.pwat.0000277.s001&type=supplementary,4,Richard Casey Sadler,"Department of Public Health and Family Medicine, Michigan State University, Flint, Michigan, United States of America",United States of America,NA,Hyun Jeong Koo,"Department of Civil and Environmental Engineering, Wayne State University, Detroit, Michigan, United States of America",United States of America,https://orcid.org/0000-0003-1178-8609,TRUE,"Data utilized to perform the hydraulic modeling of the drinking water distribution system was obtained through a Memorandum of Understanding (MOU) with the City of Flint Department of Public Works (https://www.cityofflint.com/department/public-works), which explicitly prevents the disclosure of information concerning this sensitive infrastructure. Researchers interested in replicating this work should contact Kenneth Miller, Administrator of Water and Sewer Utilities. The datasets used to perform statistical analyses and developed into figures for this manuscript are archived in a public repository (https://digitalcommons.wayne.edu/) with the following Digital Object Identifiers (DOIs): 10.22237/waynestaterepo/data/1729036800/a and 10.22237/waynestaterepo/data/1729036800/b.",available in online repository,https://www.cityofflint.com/department/public-works; https://digitalcommons.wayne.edu/; https://10.22237/waynestaterepo/data/1729036800/a; https://10.22237/waynestaterepo/data/1729036800/b; 10.22237/waynestaterepo/data/1729036800/a; 10.22237/waynestaterepo/data/1729036800/b,NA,/Earth sciences/Geography/Human geography/Social geography/Neighborhoods; /Earth sciences/Geography/Human geography/Urban geography/Cities; /Ecology and environmental sciences/Natural resources/Water resources; /Ecology and environmental sciences/Water quality; /Engineering and technology/Civil engineering/Urban infrastructure; /Engineering and technology/Environmental engineering/Water management; /People and places/Geographical locations/North America/United States/Michigan; /Social sciences/Economics/Microeconomics/Urban economics; /Social sciences/Human geography/Social geography/Neighborhoods; /Social sciences/Human geography/Urban geography/Cities,journals.plos.org,10.1371/journal.pwat.0000277,Research Article,2025-04-02
10.1371/journal.pwat.0000361,4,5,https://journals.plos.org/water/article?id=10.1371/journal.pwat.0000361,PLOS Water,Flood control of reservoir systems: Learning-based explicit and switched model predictive control approaches,2025,TRUE,3,pdf; pdf; pdf,https://journals.plos.org/water/article/file?id=10.1371/journal.pwat.0000361.s001&type=supplementary; https://journals.plos.org/water/article/file?id=10.1371/journal.pwat.0000361.s002&type=supplementary; https://journals.plos.org/water/article/file?id=10.1371/journal.pwat.0000361.s003&type=supplementary,7,Ja-Ho Koo,"Department of Water Management, Delft University of Technology, Delft, The Netherlands",Netherlands,https://orcid.org/0000-0001-7100-8518,Ja-Ho Koo,"Department of Water Management, Delft University of Technology, Delft, The Netherlands",Netherlands,https://orcid.org/0000-0001-7100-8518,TRUE,The hydrological and operational data were acquired from Korea Water Resources Public Corporation’s website (http://kwater.or.kr). The data and code of this research are available at https://doi.org/10.4121/b6dd9d97-118d-406e-867d-b821fb6d08d4 under the CC-BY-4.0 license.,available in online repository,http://kwater.or.kr; https://doi.org/10.4121/b6dd9d97-118d-406e-867d-b821fb6d08d4; 10.4121/b6dd9d97-118d-406e-867d-b821fb6d08d4,NA,/Biology and life sciences/Organisms/Eukaryota/Plants/Trees; /Computer and information sciences/Artificial intelligence/Machine learning; /Computer and information sciences/Systems science/Nonlinear systems; /Earth sciences/Hydrology/Flooding; /Earth sciences/Hydrology/Surface water; /Ecology and environmental sciences/Natural resources/Water resources; /Physical sciences/Mathematics/Applied mathematics/Algorithms; /Physical sciences/Mathematics/Optimization; /Physical sciences/Mathematics/Systems science/Nonlinear systems; /Research and analysis methods/Simulation and modeling/Algorithms,journals.plos.org,10.1371/journal.pwat.0000361,Research Article,2025-05-09
10.1371/journal.pwat.0000317,4,5,https://journals.plos.org/water/article?id=10.1371/journal.pwat.0000317,PLOS Water,Willingness-to-pay and demand for sanitation products in rural northern Ghana: Impacts of seasonality and methodology,2025,TRUE,2,pdf; xlsx,https://journals.plos.org/water/article/file?id=10.1371/journal.pwat.0000317.s001&type=supplementary; https://journals.plos.org/water/article/file?id=10.1371/journal.pwat.0000317.s002&type=supplementary,7,John Trimmer,"The Aquaya Institute, Nairobi, Kenya",Kenya,https://orcid.org/0000-0002-4809-6684,Valerie Bauza,"The Aquaya Institute, San Anselmo, California, United States of America",United States of America,https://orcid.org/0000-0003-1919-0767,TRUE,All relevant data are included in the article and its Supporting information files.,in paper,NA,NA,/Biology and life sciences/Physiology/Physiological processes/Defecation; /Earth sciences/Geography/Human geography/Urban geography/Towns; /Medicine and health sciences/Health care/Environmental health/Sanitation; /Medicine and health sciences/Public and occupational health/Environmental health/Sanitation; /People and places/Geographical locations/Africa/Ghana; /Physical sciences/Mathematics/Statistics/Statistical methods/Regression analysis; /Physical sciences/Mathematics/Statistics/Statistical methods/Regression analysis/Linear regression analysis; /Research and analysis methods/Mathematical and statistical techniques/Statistical methods/Regression analysis; /Research and analysis methods/Mathematical and statistical techniques/Statistical methods/Regression analysis/Linear regression analysis; /Research and analysis methods/Research design/Survey research/Surveys; /Social sciences/Economics/Commerce/Payment; /Social sciences/Human geography/Urban geography/Towns,journals.plos.org,10.1371/journal.pwat.0000317,Research Article,2025-05-06
10.1371/journal.pwat.0000306,4,3,https://journals.plos.org/water/article?id=10.1371/journal.pwat.0000306,PLOS Water,"Impact of wavelength, exposure sequence, and organic matter on UV disinfection and DNA repair",2025,TRUE,12,tiff; tiff; tiff; tiff; tiff; tiff; peak; xlsx; xlsx; xlsx; xlsx; xlsx,https://journals.plos.org/water/article/file?id=10.1371/journal.pwat.0000306.s001&type=supplementary; https://journals.plos.org/water/article/file?id=10.1371/journal.pwat.0000306.s002&type=supplementary; https://journals.plos.org/water/article/file?id=10.1371/journal.pwat.0000306.s003&type=supplementary; https://journals.plos.org/water/article/file?id=10.1371/journal.pwat.0000306.s004&type=supplementary; https://journals.plos.org/water/article/file?id=10.1371/journal.pwat.0000306.s005&type=supplementary; https://journals.plos.org/water/article/file?id=10.1371/journal.pwat.0000306.s006&type=supplementary; https://journals.plos.org/water/article/file?id=10.1371/journal.pwat.0000306.s007&type=supplementary; https://journals.plos.org/water/article/file?id=10.1371/journal.pwat.0000306.s008&type=supplementary; https://journals.plos.org/water/article/file?id=10.1371/journal.pwat.0000306.s009&type=supplementary; https://journals.plos.org/water/article/file?id=10.1371/journal.pwat.0000306.s010&type=supplementary; https://journals.plos.org/water/article/file?id=10.1371/journal.pwat.0000306.s011&type=supplementary; https://journals.plos.org/water/article/file?id=10.1371/journal.pwat.0000306.s012&type=supplementary,2,Daniel Ma,"Department of Civil, Environmental, and Geodetic Engineering, The Ohio State University, Columbus, Ohio, United States of America",United States of America,https://orcid.org/0000-0002-5448-5408,Natalie M. Hull,"Department of Civil, Environmental, and Geodetic Engineering, The Ohio State University, Columbus, Ohio, United States of America",United States of America,https://orcid.org/0000-0003-2876-6721,TRUE,Data can be accessed at https://doi.org/10.6084/m9.figshare.28244198.v2.,available in online repository,https://doi.org/10.6084/m9.figshare.28244198.v2; 10.6084/m9.figshare.28244198.v2,figshare,/Biology and life sciences/Biochemistry/Nucleic acids/DNA/DNA repair; /Biology and life sciences/Genetics/DNA/DNA repair; /Biology and life sciences/Microbiology/Medical microbiology/Microbial pathogens/Bacterial pathogens/Escherichia coli; /Biology and life sciences/Organisms/Bacteria/Enterobacteriaceae/Escherichia/Escherichia coli; /Biology and life sciences/Organisms/Bacteria/Gut bacteria/Escherichia/Escherichia coli; /Medicine and health sciences/Health care/Sanitization/Disinfection; /Medicine and health sciences/Medical conditions/Infectious diseases/Infectious disease control/Sanitization/Disinfection; /Medicine and health sciences/Pathology and laboratory medicine/Pathogens/Microbial pathogens/Bacterial pathogens/Escherichia coli; /Medicine and health sciences/Public and occupational health/Preventive medicine/Sanitization/Disinfection; /Physical sciences/Physics/Classical mechanics/Continuum mechanics/Fluid mechanics/Fluid dynamics/Flow rate; /Physical sciences/Physics/Electromagnetic radiation/Light; /Physical sciences/Physics/Electromagnetic radiation/Light/Ultraviolet radiation; /Physical sciences/Physics/Electromagnetic radiation/Light/Ultraviolet radiation/Ultraviolet A; /Physical sciences/Physics/Electromagnetic radiation/Light/Ultraviolet radiation/Ultraviolet C; /Research and analysis methods/Animal studies/Experimental organism systems/Model organisms/Escherichia coli; /Research and analysis methods/Animal studies/Experimental organism systems/Prokaryotic models/Escherichia coli; /Research and analysis methods/Model organisms/Escherichia coli,journals.plos.org,10.1371/journal.pwat.0000306,Research Article,2025-03-31
10.1371/journal.pwat.0000309,4,5,https://journals.plos.org/water/article?id=10.1371/journal.pwat.0000309,PLOS Water,From bench to beach: Assessing the reliability of community-based qPCR monitoring for recreational water quality,2025,TRUE,3,docx; xlsx; vnd.openxmlformats-officedocument.wordprocessingml.document,https://journals.plos.org/water/article/file?id=10.1371/journal.pwat.0000309.s001&type=supplementary; https://journals.plos.org/water/article/file?id=10.1371/journal.pwat.0000309.s002&type=supplementary; https://journals.plos.org/water/article/file?id=10.1371/journal.pwat.0000309.s004&type=supplementary,9,Ceilidh P. Welch,"School of Public Health, University of Alberta, Edmonton, Alberta, Canada",Canada,NA,Patrick C. Hanington,"School of Public Health, University of Alberta, Edmonton, Alberta, Canada",Canada,https://orcid.org/0000-0002-3964-5012,TRUE,All relevant data are within the paper and related supporting information files.,in paper,NA,NA,/Biology and life sciences/Microbiology/Medical microbiology/Microbial pathogens/Bacterial pathogens/Enterococcus; /Biology and life sciences/Microbiology/Medical microbiology/Microbial pathogens/Bacterial pathogens/Enterococcus/Enterococcus faecalis; /Biology and life sciences/Organisms/Bacteria/Enterococcus; /Biology and life sciences/Organisms/Bacteria/Enterococcus/Enterococcus faecalis; /Earth sciences/Hydrology/Surface water; /Ecology and environmental sciences/Water quality; /Medicine and health sciences/Epidemiology/Medical risk factors; /Medicine and health sciences/Pathology and laboratory medicine/Pathogens/Microbial pathogens/Bacterial pathogens/Enterococcus; /Medicine and health sciences/Pathology and laboratory medicine/Pathogens/Microbial pathogens/Bacterial pathogens/Enterococcus/Enterococcus faecalis; /Research and analysis methods/Extraction techniques/DNA extraction; /Research and analysis methods/Research facilities/Research laboratories; /Research and analysis methods/Research facilities/Research laboratories/University laboratories,journals.plos.org,10.1371/journal.pwat.0000309,Research Article,2025-05-27
10.1371/journal.pwat.0000338,4,5,https://journals.plos.org/water/article?id=10.1371/journal.pwat.0000338,PLOS Water,Investigating the suitability of dichotomous responses for the Water Insecurity Experiences (WISE) Scales using nationally representative data from 39 countries,2025,TRUE,3,docx; pdf; vnd.openxmlformats-officedocument.wordprocessingml.document,https://journals.plos.org/water/article/file?id=10.1371/journal.pwat.0000338.s001&type=supplementary; https://journals.plos.org/water/article/file?id=10.1371/journal.pwat.0000338.s002&type=supplementary; https://journals.plos.org/water/article/file?id=10.1371/journal.pwat.0000338.s004&type=supplementary,15,Indira Bose,"Department of Population Health, London School of Hygiene & Tropical Medicine, London, United Kingdom",United Kingdom of Great Britain and Northern Ireland,https://orcid.org/0000-0002-3045-8851,Joshua D. Miller,"Department of Nutrition, University of North Carolina at Chapel Hill, Chapel Hill, North Carolina, United States of America",United States of America,https://orcid.org/0000-0002-2171-856X,TRUE,"This study was based on survey data collected by the Gallup World Poll (GWP) and ENSANUT 2021. Data from ENSANUT are publicly available on the website of the National Institute of Public Health (Mexico). Nationally aggregated WISE data can be accessed from https://doi.org/10.21985/n2-avk4-9932, additional data can be requested by emailing [email removed]@northwestern.edu.",available in online repository,https://doi.org/10.21985/n2-avk4-9932; 10.21985/n2-avk4-9932,NA,/Ecology and environmental sciences/Natural resources/Water resources; /Ecology and environmental sciences/Water quality; /Medicine and health sciences/Public and occupational health/Global health; /People and places/Geographical locations/Africa/Cameroon; /People and places/Geographical locations/Africa/Zambia; /People and places/Geographical locations/Oceania/Australia; /Physical sciences/Mathematics/Statistics/Statistical methods/Regression analysis/Linear regression analysis; /Research and analysis methods/Mathematical and statistical techniques/Statistical methods/Regression analysis/Linear regression analysis; /Research and analysis methods/Research design/Survey research/Surveys,journals.plos.org,10.1371/journal.pwat.0000338,Research Article,2025-05-20
10.1371/journal.pwat.0000345,4,4,https://journals.plos.org/water/article?id=10.1371/journal.pwat.0000345,PLOS Water,What is an urban riverscape? Typological naming of urban riverscapes to support planning and management,2025,TRUE,2,pdf; vnd.openxmlformats-officedocument.spre,https://journals.plos.org/water/article/file?id=10.1371/journal.pwat.0000345.s001&type=supplementary; https://journals.plos.org/water/article/file?id=10.1371/journal.pwat.0000345.s002&type=supplementary,6,Brian M. Murphy,"Department of Civil and Environmental Engineering, Colorado State University, Fort Collins, Colorado, United States of America",United States of America,https://orcid.org/0000-0002-7670-2469,Brian M. Murphy,"Department of Civil and Environmental Engineering, Colorado State University, Fort Collins, Colorado, United States of America",United States of America,https://orcid.org/0000-0002-7670-2469,TRUE,"All data is publicly available and accessible by contacting the Mile High Flood District (MHFD) GIS Department. Email: [email removed]@mhfd.org or phone: +1 (303) 455-6277. MHFD is a public agency based in Denver, CO USA.",NA,NA,NA,/Computer and information sciences/Data management; /Earth sciences/Geography/Geographic areas/Urban areas; /Earth sciences/Geography/Human geography/Urban geography/Urban areas; /Earth sciences/Geomorphology/Topography/Landforms/Valleys; /Earth sciences/Hydrology/Flooding; /Earth sciences/Marine and aquatic sciences/Aquatic environments/Freshwater environments/Rivers; /Earth sciences/Marine and aquatic sciences/Bodies of water/Rivers; /Ecology and environmental sciences/Aquatic environments/Freshwater environments/Rivers; /Ecology and environmental sciences/Terrestrial environments/Urban environments; /Engineering and technology/Civil engineering; /Engineering and technology/Structural engineering/Built structures; /Social sciences/Human geography/Urban geography/Urban areas,journals.plos.org,10.1371/journal.pwat.0000345,Research Article,2025-04-22
10.1371/journal.pwat.0000369,4,7,https://journals.plos.org/water/article?id=10.1371/journal.pwat.0000369,PLOS Water,Removal of surrogate viruses from water using chitosan coagulation,2025,FALSE,0,NA,NA,7,Ampai Soros,"Department of Public Health, Mahidol University Amnatcharoen Campus, Amnatcharoen, Thailand",Thailand,NA,Emily S. Bailey,"Department of Public Health, College of Pharmacy & Health Sciences, Campbell University, Buies Creek, North Carolina, United States of America",United States of America,https://orcid.org/0000-0003-1292-0771,TRUE,All relevant data can be found here: 10.6084/m9.figshare.28923881.,available in online repository,10.6084/m9.figshare.28923881,figshare,/Biology and life sciences/Plant science/Plant anatomy/Seeds; /Earth sciences/Hydrology/Surface water; /Ecology and environmental sciences/Natural resources/Water resources; /Ecology and environmental sciences/Water quality; /Physical sciences/Chemistry/Chemical compounds/Organic compounds/Functional groups; /Physical sciences/Chemistry/Organic chemistry/Organic compounds/Functional groups; /Physical sciences/Chemistry/Polymer chemistry/Macromolecules/Polymers; /Physical sciences/Chemistry/Polymer chemistry/Polymers; /Physical sciences/Materials science/Materials physics/Turbidity; /Physical sciences/Materials science/Materials/Mixtures/Colloids; /Physical sciences/Materials science/Materials/Polymers; /Physical sciences/Physics/Materials physics/Turbidity,journals.plos.org,10.1371/journal.pwat.0000369,Research Article,2025-07-08
10.1371/journal.pwat.0000555,5,6,https://journals.plos.org/water/article?id=10.1371/journal.pwat.0000555,PLOS Water,"The Agency, Resources, and Institutional Structures for Sanitation-related Empowerment (ARISE) scales: Psychometric evaluation across eight cities in Asia and Africa",2026,TRUE,2,efa; docx,https://journals.plos.org/water/article/file?id=10.1371/journal.pwat.0000555.s001&type=supplementary; https://journals.plos.org/water/article/file?id=10.1371/journal.pwat.0000555.s002&type=supplementary,12,Sheela S. Sinharoy,"Hubert Department of Global Health, Rollins School of Public Health, Emory University, Atlanta, Georgia, United States of America",United States of America,https://orcid.org/0000-0003-3077-3824,Sheela S. Sinharoy,"Hubert Department of Global Health, Rollins School of Public Health, Emory University, Atlanta, Georgia, United States of America",United States of America,https://orcid.org/0000-0003-3077-3824,TRUE,The data underlying these findings can be accessed at https://doi.org/10.6084/m9.figshare.c.7590713.v4.,available in online repository,https://doi.org/10.6084/m9.figshare.c.7590713.v4; 10.6084/m9.figshare.c.7590713.v4,figshare,/Biology and life sciences/Neuroscience/Cognitive neuroscience/Consciousness; /Biology and life sciences/Neuroscience/Cognitive science/Cognition/Decision making; /Biology and life sciences/Neuroscience/Cognitive science/Cognitive neuroscience/Consciousness; /Biology and life sciences/Neuroscience/Cognitive science/Cognitive psychology/Decision making; /Biology and life sciences/Psychology/Cognitive psychology/Decision making; /Biology and life sciences/Psychology/Psychometrics; /Earth sciences/Geography/Human geography/Urban geography/Cities; /Engineering and technology/Measurement; /Medicine and health sciences/Health care/Environmental health/Sanitation; /Medicine and health sciences/Public and occupational health/Environmental health/Sanitation; /Physical sciences/Mathematics/Statistics/Statistical methods/Factor analysis; /Research and analysis methods/Mathematical and statistical techniques/Statistical methods/Factor analysis; /Research and analysis methods/Research design/Survey research/Surveys; /Social sciences/Human geography/Urban geography/Cities; /Social sciences/Psychology/Cognitive psychology/Decision making; /Social sciences/Psychology/Psychometrics,journals.plos.org,10.1371/journal.pwat.0000555,Research Article,2026-06-02
10.1371/journal.pwat.0000559,5,6,https://journals.plos.org/water/article?id=10.1371/journal.pwat.0000559,PLOS Water,Water justice for all,2026,FALSE,0,NA,NA,5,Rupert Quentin Grafton,"‌‌Crawford School of Public Policy, Australian National University, Canberra, Australia",Australia,https://orcid.org/0000-0002-0048-9083,Rupert Quentin Grafton,"‌‌Crawford School of Public Policy, Australian National University, Canberra, Australia",Australia,https://orcid.org/0000-0002-0048-9083,FALSE,NA,NA,NA,NA,/Biology and life sciences/Neuroscience/Cognitive science/Cognition/Decision making; /Biology and life sciences/Neuroscience/Cognitive science/Cognitive psychology/Decision making; /Biology and life sciences/Psychology/Cognitive psychology/Decision making; /Earth sciences/Geomorphology/Topography/Landforms/Wetlands; /Earth sciences/Hydrology/Surface water; /Earth sciences/Marine and aquatic sciences/Aquatic environments/Freshwater environments/Wetlands; /Ecology and environmental sciences/Aquatic environments/Freshwater environments/Wetlands; /Ecology and environmental sciences/Natural resources/Water resources; /Engineering and technology/Environmental engineering/Water management; /People and places/Geographical locations/North America/Mexico; /People and places/Geographical locations/Oceania/Australia; /People and places/Population groupings/Ethnicities/Latin American people/Mexican people; /Social sciences/Psychology/Cognitive psychology/Decision making,journals.plos.org,10.1371/journal.pwat.0000559,Opinion,2026-06-01
10.1371/journal.pwat.0000454,5,6,https://journals.plos.org/water/article?id=10.1371/journal.pwat.0000454,PLOS Water,"Groundwater hardness characterization and selection of softening technology for development of a centralized treatment plant: A case study in Haramaya University, Ethiopia",2026,TRUE,5,vij; vnd.openxmlformats-officedocument.wordprocessingml.document; pdf; vnd.openxmlformats-officedocument.wordprocessingml.document; vnd.openxmlformats-officedocument.wordprocessingml.document,https://journals.plos.org/water/article/file?id=10.1371/journal.pwat.0000454.s001&type=supplementary; https://journals.plos.org/water/article/file?id=10.1371/journal.pwat.0000454.s005&type=supplementary; https://journals.plos.org/water/article/file?id=10.1371/journal.pwat.0000454.s003&type=supplementary; https://journals.plos.org/water/article/file?id=10.1371/journal.pwat.0000454.s004&type=supplementary; https://journals.plos.org/water/article/file?id=10.1371/journal.pwat.0000454.s006&type=supplementary,6,Nagara Wakgari Futasa,"School of Water Resources and Environmental Engineering, Haramaya University, Dire Dawa, Ethiopia",Ethiopia,https://orcid.org/0000-0001-5663-0202,Nagara Wakgari Futasa,"School of Water Resources and Environmental Engineering, Haramaya University, Dire Dawa, Ethiopia",Ethiopia,https://orcid.org/0000-0001-5663-0202,TRUE,All relevant data are included in the manuscript and Supporting information.,in paper,NA,NA,/Ecology and environmental sciences/Natural resources/Water resources; /Ecology and environmental sciences/Water quality; /Physical sciences/Chemistry/Chemical compounds/Carbonates; /Physical sciences/Chemistry/Chemical compounds/Chlorides; /Physical sciences/Chemistry/Chemical compounds/Salts/Sulfates; /Physical sciences/Chemistry/Chemical reactions/Corrosion; /Physical sciences/Chemistry/Physical chemistry/Ion exchange; /Physical sciences/Physics/Classical mechanics/Pressure/Osmotic pressure,journals.plos.org,10.1371/journal.pwat.0000454,Research Article,2026-06-02
10.1371/journal.pwat.0000558,5,6,https://journals.plos.org/water/article?id=10.1371/journal.pwat.0000558,PLOS Water,Don’t’ forget to ask your local archaeologist: Water security’s material record,2026,FALSE,0,NA,NA,2,Mark W. Hauser,"Department of Anthropology, Northwestern University, Evanston, Illinois, United States of America",United States of America,https://orcid.org/0000-0001-7241-1739,Mark W. Hauser,"Department of Anthropology, Northwestern University, Evanston, Illinois, United States of America",United States of America,https://orcid.org/0000-0001-7241-1739,FALSE,NA,NA,NA,NA,/Biology and life sciences/Ecology/Paleoecology; /Biology and life sciences/Paleontology/Paleobiology/Paleoecology; /Biology and life sciences/Paleontology/Paleoclimatology; /Earth sciences/Atmospheric science/Climatology/Paleoclimatology; /Earth sciences/Atmospheric science/Meteorology/Rain; /Earth sciences/Paleontology/Paleobiology/Paleoecology; /Earth sciences/Paleontology/Paleoclimatology; /Ecology and environmental sciences/Ecology/Paleoecology; /Ecology and environmental sciences/Natural resources/Water resources; /Engineering and technology/Civil engineering/Urban infrastructure; /People and places/Demography/Indigenous populations; /People and places/Geographical locations/Africa/Madagascar; /Social sciences/Anthropology/Indigenous populations; /Social sciences/Archaeology,journals.plos.org,10.1371/journal.pwat.0000558,Opinion,2026-06-16
10.1371/journal.pwat.0000494,5,6,https://journals.plos.org/water/article?id=10.1371/journal.pwat.0000494,PLOS Water,"Multi-criteria performance evaluation of stormwater infrastructure in a micro urban watershed, Addis Ababa, Ethiopia",2026,TRUE,7,docx; xlsx; xlsx; a; vnd.openxmlformats-officedocument.wordprocessingml.document; vnd.openxmlformats-officedocument.wordprocessingml.document; vnd.openxmlformats-officedocument.wordprocessingml.document,https://journals.plos.org/water/article/file?id=10.1371/journal.pwat.0000494.s001&type=supplementary; https://journals.plos.org/water/article/file?id=10.1371/journal.pwat.0000494.s002&type=supplementary; https://journals.plos.org/water/article/file?id=10.1371/journal.pwat.0000494.s003&type=supplementary; https://journals.plos.org/water/article/file?id=10.1371/journal.pwat.0000494.s004&type=supplementary; https://journals.plos.org/water/article/file?id=10.1371/journal.pwat.0000494.s005&type=supplementary; https://journals.plos.org/water/article/file?id=10.1371/journal.pwat.0000494.s007&type=supplementary; https://journals.plos.org/water/article/file?id=10.1371/journal.pwat.0000494.s008&type=supplementary,8,Bilal Kemal,"School of Civil and Environmental Engineering, College of Technology and Built Environment, Addis Ababa University, Addis Ababa, Ethiopia",Ethiopia,https://orcid.org/0009-0002-2790-3229,Bilal Kemal,"School of Civil and Environmental Engineering, College of Technology and Built Environment, Addis Ababa University, Addis Ababa, Ethiopia",Ethiopia,https://orcid.org/0009-0002-2790-3229,TRUE,"All relevant data are within the paper and its Supporting Information files (S1 Appendix, S2 Table, S3 Table, S1 Fig). The PCSWMM model input files used for hydrological simulations have been deposited in the Zenodo repository under DOI https://doi.org/10.5281/zenodo.20234539. The model can be run using PCSWMM 7.7 or later.",available in online repository,https://doi.org/10.5281/zenodo.20234539; 10.5281/zenodo.20234539,zenodo,/Biology and life sciences/Physiology/Physiological parameters/Body weight; /Earth sciences/Atmospheric science/Meteorology/Rain; /Earth sciences/Atmospheric science/Meteorology/Storms; /Earth sciences/Geology/Petrology/Sediment; /Earth sciences/Geology/Sedimentary geology/Sediment; /Earth sciences/Geomorphology/Erosion; /Earth sciences/Hydrology/Flooding; /Engineering and technology/Civil engineering/Urban infrastructure; /Engineering and technology/Structural engineering,journals.plos.org,10.1371/journal.pwat.0000494,Research Article,2026-06-17
10.1371/journal.pwat.0000562,5,6,https://journals.plos.org/water/article?id=10.1371/journal.pwat.0000562,PLOS Water,Weather Jiu-Jitsu: Prospects for atmospheric nudging to defuse the impact of catastrophic weather extremes,2026,TRUE,1,docx,https://journals.plos.org/water/article/file?id=10.1371/journal.pwat.0000562.s001&type=supplementary,3,Qin Huang,"School of Complex Adaptive Systems, Arizona State University, Tempe, Arizona, United States of America",United States of America,https://orcid.org/0009-0007-8033-6629,Qin Huang,"School of Complex Adaptive Systems, Arizona State University, Tempe, Arizona, United States of America",United States of America,https://orcid.org/0009-0007-8033-6629,FALSE,NA,NA,NA,NA,/Earth sciences/Atmospheric science/Atmospheric physics/Atmospheric dynamics; /Earth sciences/Atmospheric science/Atmospheric physics/Atmospheric dynamics/Atmospheric circulation; /Earth sciences/Atmospheric science/Meteorology/Rain; /Earth sciences/Atmospheric science/Meteorology/Storms/Hurricanes; /Earth sciences/Atmospheric science/Meteorology/Weather; /Earth sciences/Geophysics/Atmospheric physics/Atmospheric dynamics; /Earth sciences/Geophysics/Atmospheric physics/Atmospheric dynamics/Atmospheric circulation; /Earth sciences/Hydrology/Flooding; /Earth sciences/Natural disasters/Hurricanes; /Engineering and technology/Management engineering/Risk management/Insurance; /Physical sciences/Physics/Geophysics/Atmospheric physics/Atmospheric dynamics; /Physical sciences/Physics/Geophysics/Atmospheric physics/Atmospheric dynamics/Atmospheric circulation; /Social sciences/Economics/Finance,journals.plos.org,10.1371/journal.pwat.0000562,Essay,2026-06-24
10.1371/journal.pwat.0000442,5,6,https://journals.plos.org/water/article?id=10.1371/journal.pwat.0000442,PLOS Water,The Lishtot TestDrop Pro device cannot reliably indicate microbial water safety,2026,TRUE,6,docx; xlsx; 2; vnd.openxmlformats-officedocument.wordprocessingml.document; vnd.openxmlformats-officedocument.wordprocessingml.document; vnd.openxmlformats-officedocument.wordprocessingml.document,https://journals.plos.org/water/article/file?id=10.1371/journal.pwat.0000442.s001&type=supplementary; https://journals.plos.org/water/article/file?id=10.1371/journal.pwat.0000442.s002&type=supplementary; https://journals.plos.org/water/article/file?id=10.1371/journal.pwat.0000442.s003&type=supplementary; https://journals.plos.org/water/article/file?id=10.1371/journal.pwat.0000442.s004&type=supplementary; https://journals.plos.org/water/article/file?id=10.1371/journal.pwat.0000442.s005&type=supplementary; https://journals.plos.org/water/article/file?id=10.1371/journal.pwat.0000442.s006&type=supplementary,12,Timothy Purvis,"The Water Institute, UNC Chapel Hill, Chapel Hill, North Carolina, United States of America",United States of America,https://orcid.org/0009-0009-2223-4899,Timothy Purvis,"The Water Institute, UNC Chapel Hill, Chapel Hill, North Carolina, United States of America",United States of America,https://orcid.org/0009-0009-2223-4899,TRUE,All data have been made available for review in the supplementary information.,in paper,NA,NA,/Biology and life sciences/Microbiology/Medical microbiology/Microbial pathogens/Bacterial pathogens; /Biology and life sciences/Microbiology/Medical microbiology/Microbial pathogens/Bacterial pathogens/Escherichia coli; /Biology and life sciences/Organisms/Bacteria/Enterobacteriaceae/Escherichia/Escherichia coli; /Biology and life sciences/Organisms/Bacteria/Gut bacteria/Escherichia/Escherichia coli; /Ecology and environmental sciences/Natural resources/Water resources; /Ecology and environmental sciences/Pollution/Water pollution; /Ecology and environmental sciences/Water quality; /Medicine and health sciences/Epidemiology/Medical risk factors; /Medicine and health sciences/Pathology and laboratory medicine/Pathogens/Microbial pathogens/Bacterial pathogens; /Medicine and health sciences/Pathology and laboratory medicine/Pathogens/Microbial pathogens/Bacterial pathogens/Escherichia coli; /Physical sciences/Materials science/Materials/Contaminants; /Research and analysis methods/Animal studies/Experimental organism systems/Model organisms/Escherichia coli; /Research and analysis methods/Animal studies/Experimental organism systems/Prokaryotic models/Escherichia coli; /Research and analysis methods/Model organisms/Escherichia coli; /Research and analysis methods/Separation processes/Filtration,journals.plos.org,10.1371/journal.pwat.0000442,Research Article,2026-06-18
10.1371/journal.pwat.0000394,5,6,https://journals.plos.org/water/article?id=10.1371/journal.pwat.0000394,PLOS Water,"Sustainable river management using Analytical Hierarchical Process on remote sensing data: Estimating riverscape vulnerability for Ganga, the world’s most densely populated river basin",2026,TRUE,21,xlsx; xlsx; xlsx; docx; docx; a; a; docx; xlsx; docx; docx; tif; docx; a; a; docx; xlsx; xlsx; xlsx; pdf; pdf,https://journals.plos.org/water/article/file?id=10.1371/journal.pwat.0000394.s001&type=supplementary; https://journals.plos.org/water/article/file?id=10.1371/journal.pwat.0000394.s002&type=supplementary; https://journals.plos.org/water/article/file?id=10.1371/journal.pwat.0000394.s003&type=supplementary; https://journals.plos.org/water/article/file?id=10.1371/journal.pwat.0000394.s004&type=supplementary; https://journals.plos.org/water/article/file?id=10.1371/journal.pwat.0000394.s005&type=supplementary; https://journals.plos.org/water/article/file?id=10.1371/journal.pwat.0000394.s006&type=supplementary; https://journals.plos.org/water/article/file?id=10.1371/journal.pwat.0000394.s007&type=supplementary; https://journals.plos.org/water/article/file?id=10.1371/journal.pwat.0000394.s008&type=supplementary; https://journals.plos.org/water/article/file?id=10.1371/journal.pwat.0000394.s009&type=supplementary; https://journals.plos.org/water/article/file?id=10.1371/journal.pwat.0000394.s010&type=supplementary; https://journals.plos.org/water/article/file?id=10.1371/journal.pwat.0000394.s011&type=supplementary; https://journals.plos.org/water/article/file?id=10.1371/journal.pwat.0000394.s012&type=supplementary; https://journals.plos.org/water/article/file?id=10.1371/journal.pwat.0000394.s013&type=supplementary; https://journals.plos.org/water/article/file?id=10.1371/journal.pwat.0000394.s014&type=supplementary; https://journals.plos.org/water/article/file?id=10.1371/journal.pwat.0000394.s015&type=supplementary; https://journals.plos.org/water/article/file?id=10.1371/journal.pwat.0000394.s016&type=supplementary; https://journals.plos.org/water/article/file?id=10.1371/journal.pwat.0000394.s017&type=supplementary; https://journals.plos.org/water/article/file?id=10.1371/journal.pwat.0000394.s018&type=supplementary; https://journals.plos.org/water/article/file?id=10.1371/journal.pwat.0000394.s019&type=supplementary; https://journals.plos.org/water/article/file?id=10.1371/journal.pwat.0000394.s021&type=supplementary; https://journals.plos.org/water/article/file?id=10.1371/journal.pwat.0000394.s022&type=supplementary,10,Anthony Acciavatti,"Yale School of Architecture, Yale University, New Haven, Connecticut, United States of America",United States of America,https://orcid.org/0009-0005-9073-4079,Anthony Acciavatti,"Yale School of Architecture, Yale University, New Haven, Connecticut, United States of America",United States of America,https://orcid.org/0009-0005-9073-4079,TRUE,"All datasets are generated from publicly accessible datasets, namely Google Earth Engine and Google Earth as well as all topographic and runoff calculations are made using RUSLE. Please find here the direct link to the base layer for Fig 1, which was in the OSF link, but is directly here for your convenience: https://www.arcgis.com/home/item.html?id=30e5fe3149c34df1ba922e6f5bbf808f. And please find here a link to the terms of use for the image: https://www.esri.com/en-us/legal/terms/master-agreement?rsource=https%3A%2F%2Fwww.esri.com%2Flegal%2Fsoftware-license, https://osf.io/v52gm/overview, https://osf.io/v52gm/overview.",available in online repository,https://www.arcgis.com/home/item.html?id=30e5fe3149c34df1ba922e6f5bbf808f; https://www.esri.com/en-us/legal/terms/master-agreement?rsource=https%3A%2F%2Fwww.esri.com%2Flegal%2Fsoftware-license; https://osf.io/v52gm/overview,osf,/Biology and life sciences/Neuroscience/Cognitive science/Cognition/Decision making; /Biology and life sciences/Neuroscience/Cognitive science/Cognitive psychology/Decision making; /Biology and life sciences/Population biology/Population metrics/Population density; /Biology and life sciences/Psychology/Cognitive psychology/Decision making; /Earth sciences/Geography/Human geography/Land use; /Earth sciences/Geography/Human geography/Urban geography/Cities; /Earth sciences/Marine and aquatic sciences/Aquatic environments/Freshwater environments/Rivers; /Earth sciences/Marine and aquatic sciences/Bodies of water/Rivers; /Ecology and environmental sciences/Aquatic environments/Freshwater environments/Rivers; /Ecology and environmental sciences/Pollution/Water pollution; /Engineering and technology/Remote sensing; /Physical sciences/Materials science/Material properties/Surface properties/Surface temperature; /Social sciences/Human geography/Land use; /Social sciences/Human geography/Urban geography/Cities; /Social sciences/Psychology/Cognitive psychology/Decision making,journals.plos.org,10.1371/journal.pwat.0000394,Research Article,2026-06-12
10.1371/journal.pwat.0000561,5,6,https://journals.plos.org/water/article?id=10.1371/journal.pwat.0000561,PLOS Water,Thermal transformation of organic matter and impacts on water quality in fire-affected Jarrah Forest,2026,TRUE,4,xlsx; xlsx; docx; docx,https://journals.plos.org/water/article/file?id=10.1371/journal.pwat.0000561.s001&type=supplementary; https://journals.plos.org/water/article/file?id=10.1371/journal.pwat.0000561.s002&type=supplementary; https://journals.plos.org/water/article/file?id=10.1371/journal.pwat.0000561.s003&type=supplementary; https://journals.plos.org/water/article/file?id=10.1371/journal.pwat.0000561.s004&type=supplementary,8,Kuenzang Tshering,"School of Science, Edith Cowan University, Perth, Australia",Australia,https://orcid.org/0000-0003-4869-3806,Kuenzang Tshering,"School of Science, Edith Cowan University, Perth, Australia",Australia,https://orcid.org/0000-0003-4869-3806,TRUE,All relevant data are within the paper and its Supporting Information files.,in paper,NA,NA,/Biology and life sciences/Ecology/Ecosystems/Forests; /Biology and life sciences/Ecology/Forest ecology; /Ecology and environmental sciences/Ecology/Ecosystems/Forests; /Ecology and environmental sciences/Ecology/Forest ecology; /Ecology and environmental sciences/Natural resources/Water resources; /Ecology and environmental sciences/Terrestrial environments/Forests; /Ecology and environmental sciences/Water quality; /Ecology and environmental sciences/Wildfires; /Physical sciences/Chemistry/Chemical compounds/Organic compounds; /Physical sciences/Chemistry/Chemical reactions/Exothermic reactions/Combustion; /Physical sciences/Chemistry/Organic chemistry/Organic compounds; /Physical sciences/Materials science/Material properties/Optical properties,journals.plos.org,10.1371/journal.pwat.0000561,Research Article,2026-06-05
10.1371/journal.pwat.0000574,5,6,https://journals.plos.org/water/article?id=10.1371/journal.pwat.0000574,PLOS Water,"Public bathrooms as public goods: Assessing availability and accessibility in Atlanta, Georgia",2026,TRUE,3,pdf; pdf; vnd.openxmlformats-officedocument.wordprocessingml.document,https://journals.plos.org/water/article/file?id=10.1371/journal.pwat.0000574.s001&type=supplementary; https://journals.plos.org/water/article/file?id=10.1371/journal.pwat.0000574.s002&type=supplementary; https://journals.plos.org/water/article/file?id=10.1371/journal.pwat.0000574.s004&type=supplementary,11,Brandie Banner Shackelford,"Gangarosa Department of Environmental Health, Rollins School of Public Health, Emory University, Atlanta, Georgia, United States of America",United States of America,https://orcid.org/0009-0000-8438-3237,April M. Ballard,"Department of Population Health Sciences, School of Public Health, Georgia State University, Atlanta, Georgia, United States of America",United States of America,https://orcid.org/0000-0003-3839-5637,TRUE,All relevant data for this study are publicly available from the OSF repository (https://osf.io/fm9by).,available in online repository,https://osf.io/fm9by,osf,/Biology and life sciences/Physiology/Physiological processes/Defecation; /Earth sciences/Geography/Human geography/Urban geography/Cities; /Ecology and environmental sciences/Terrestrial environments/Urban environments; /Engineering and technology/Civil engineering/Urban infrastructure; /Medicine and health sciences/Epidemiology/Medical risk factors; /Medicine and health sciences/Health care/Environmental health/Sanitation; /Medicine and health sciences/Health care/Health care facilities; /Medicine and health sciences/Public and occupational health/Environmental health/Sanitation; /Medicine and health sciences/Public and occupational health/Hygiene; /Social sciences/Human geography/Urban geography/Cities,journals.plos.org,10.1371/journal.pwat.0000574,Research Article,2026-06-24
10.1371/journal.pwat.0000563,5,6,https://journals.plos.org/water/article?id=10.1371/journal.pwat.0000563,PLOS Water,Active regulating of onsite sanitation must be extended from the national to the city level to effectively engage the private sector at scale,2026,FALSE,0,NA,NA,9,Jonathan Wilcox,"WaterAid, London, United Kingdom",United Kingdom of Great Britain and Northern Ireland,https://orcid.org/0009-0003-0224-7138,Claire Grisaffi,"School of Civil Engineering, University of Leeds, Leeds, United Kingdom",United Kingdom of Great Britain and Northern Ireland,https://orcid.org/0000-0001-7038-9849,FALSE,NA,NA,NA,NA,/Medicine and health sciences/Epidemiology/Medical risk factors; /Medicine and health sciences/Health care/Environmental health/Sanitation; /Medicine and health sciences/Public and occupational health; /Medicine and health sciences/Public and occupational health/Environmental health/Sanitation; /People and places/Geographical locations/Africa/Uganda; /People and places/Geographical locations/Africa/Zambia; /Physical sciences/Materials science/Materials/Sludge; /Social sciences/Economics/Industrial organization/Structure of markets; /Social sciences/Law and legal sciences/Regulations,journals.plos.org,10.1371/journal.pwat.0000563,Opinion,2026-06-03
10.1371/journal.pwat.0000540,5,6,https://journals.plos.org/water/article?id=10.1371/journal.pwat.0000540,PLOS Water,Continuing the conversation: Emerging areas for sector guidance in fecal sludge emptying and transport service regulation,2026,TRUE,1,docx,https://journals.plos.org/water/article/file?id=10.1371/journal.pwat.0000540.s001&type=supplementary,13,Claire Grisaffi,"School of Civil Engineering, University of Leeds, Leeds, United Kingdom",United Kingdom of Great Britain and Northern Ireland,https://orcid.org/0000-0001-7038-9849,Claire Grisaffi,"School of Civil Engineering, University of Leeds, Leeds, United Kingdom",United Kingdom of Great Britain and Northern Ireland,https://orcid.org/0000-0001-7038-9849,FALSE,NA,NA,NA,NA,/Ecology and environmental sciences/Sustainability science; /Engineering and technology/Environmental engineering/Water management; /Medicine and health sciences/Health care/Environmental health/Sanitation; /Medicine and health sciences/Public and occupational health/Environmental health/Sanitation; /People and places/Geographical locations/Africa; /Physical sciences/Materials science/Materials/Sludge; /Social sciences/Economics/Finance; /Social sciences/Law and legal sciences/Regulations; /Social sciences/Philosophy/Human rights,journals.plos.org,10.1371/journal.pwat.0000540,Essay,2026-06-03
10.1371/journal.pwat.0000535,5,6,https://journals.plos.org/water/article?id=10.1371/journal.pwat.0000535,PLOS Water,Hydrological analysis of the California Basin Model,2026,TRUE,6,vnd.openxmlformats-officedocument.wordprocessingml.document; vnd.openxmlformats-officedocument.wordprocessingml.document; 2; vnd.openxmlformats-officedocument.wordprocessingml.document; pdf; 1,https://journals.plos.org/water/article/file?id=10.1371/journal.pwat.0000535.s001&type=supplementary; https://journals.plos.org/water/article/file?id=10.1371/journal.pwat.0000535.s002&type=supplementary; https://journals.plos.org/water/article/file?id=10.1371/journal.pwat.0000535.s003&type=supplementary; https://journals.plos.org/water/article/file?id=10.1371/journal.pwat.0000535.s004&type=supplementary; https://journals.plos.org/water/article/file?id=10.1371/journal.pwat.0000535.s005&type=supplementary; https://journals.plos.org/water/article/file?id=10.1371/journal.pwat.0000535.s006&type=supplementary,9,Jason Hamilton Davison,"Department of Civil and Environmental Engineering, The Catholic University of America, Washington, District of Columbia, United States of America",United States of America,https://orcid.org/0000-0001-9014-2341,Jason Hamilton Davison,"Department of Civil and Environmental Engineering, The Catholic University of America, Washington, District of Columbia, United States of America",United States of America,https://orcid.org/0000-0001-9014-2341,TRUE,All data needed to evaluate the conclusions in the paper are present in the paper and the Supplementary Materials. Please contact the corresponding author for model data and configuration files.,in paper,NA,NA,/Earth sciences/Atmospheric science/Meteorology; /Earth sciences/Atmospheric science/Meteorology/Rain; /Earth sciences/Atmospheric science/Meteorology/Snow; /Earth sciences/Hydrology/Surface water; /Earth sciences/Marine and aquatic sciences/Aquatic environments/Freshwater environments/Rivers; /Earth sciences/Marine and aquatic sciences/Bodies of water/Rivers; /Ecology and environmental sciences/Aquatic environments/Freshwater environments/Rivers; /Ecology and environmental sciences/Natural resources/Water resources; /People and places/Geographical locations/North America/United States/California; /Research and analysis methods/Simulation and modeling,journals.plos.org,10.1371/journal.pwat.0000535,Research Article,2026-06-10
10.1371/journal.pwat.0000288,5,7,https://journals.plos.org/water/article?id=10.1371/journal.pwat.0000288,PLOS Water,Mapping residual chlorine in water supply network of Babile Town in East Hararge Zone of Oromia Regional State using WaterGEMS,2026,TRUE,4,docx; vnd.openxmlformats-officedocument.wordprocessingml.document; vnd.openxmlformats-officedocument.wordprocessingml.document; vnd.openxmlformats-officedocument.wordprocessingml.document,https://journals.plos.org/water/article/file?id=10.1371/journal.pwat.0000288.s001&type=supplementary; https://journals.plos.org/water/article/file?id=10.1371/journal.pwat.0000288.s002&type=supplementary; https://journals.plos.org/water/article/file?id=10.1371/journal.pwat.0000288.s003&type=supplementary; https://journals.plos.org/water/article/file?id=10.1371/journal.pwat.0000288.s004&type=supplementary,6,Mihret Dananto Ulsido,"Department of Water supply and Environmental Engineering, Institute of Technology, Hawassa University, Hawassa, Ethiopia",Ethiopia,NA,Yohannes Seifu Berego,"Department of Environmental Health, College of Medicine and Health Sciences, Hawassa University, Hawassa, Sidama Region, Ethiopia",Ethiopia,https://orcid.org/0000-0002-9266-1126,TRUE,The authors confirm that the data supporting the findings of this study are available within the article [and/or] its supplementary materials.,in paper,NA,NA,/Computer and information sciences/Software engineering/Computer software; /Computer and information sciences/Software engineering/Software tools; /Earth sciences/Geography/Human geography/Urban geography/Towns; /Ecology and environmental sciences/Natural resources/Water resources; /Ecology and environmental sciences/Pollution/Water pollution; /Ecology and environmental sciences/Water quality; /Engineering and technology/Environmental engineering/Water management; /Engineering and technology/Software engineering/Computer software; /Engineering and technology/Software engineering/Software tools; /Physical sciences/Chemistry/Chemical elements/Chlorine; /Social sciences/Human geography/Urban geography/Towns,journals.plos.org,10.1371/journal.pwat.0000288,Research Article,2026-07-02
10.1371/journal.pwat.0000571,5,6,https://journals.plos.org/water/article?id=10.1371/journal.pwat.0000571,PLOS Water,"Governance and potential of decentralised water reuse in Bengaluru, India",2026,TRUE,7,doc; doc; doc; doc; doc; doc; doc,https://journals.plos.org/water/article/file?id=10.1371/journal.pwat.0000571.s001&type=supplementary; https://journals.plos.org/water/article/file?id=10.1371/journal.pwat.0000571.s002&type=supplementary; https://journals.plos.org/water/article/file?id=10.1371/journal.pwat.0000571.s003&type=supplementary; https://journals.plos.org/water/article/file?id=10.1371/journal.pwat.0000571.s004&type=supplementary; https://journals.plos.org/water/article/file?id=10.1371/journal.pwat.0000571.s005&type=supplementary; https://journals.plos.org/water/article/file?id=10.1371/journal.pwat.0000571.s006&type=supplementary; https://journals.plos.org/water/article/file?id=10.1371/journal.pwat.0000571.s007&type=supplementary,8,Abishek Sankara Narayan,"Eawag: Swiss Federal Institute of Aquatic Science and Technology, Dübendorf, Switzerland",Switzerland,https://orcid.org/0000-0003-3941-5177,Abishek Sankara Narayan,"Eawag: Swiss Federal Institute of Aquatic Science and Technology, Dübendorf, Switzerland",Switzerland,https://orcid.org/0000-0003-3941-5177,TRUE,All relevant data generated or analysed during this study are included in this published article and its supplementary information files. The specific names and job titles of interviewees are anonymised to protect their identity and privacy.,in paper,NA,NA,/Earth sciences/Hydrology/Surface water; /Ecology and environmental sciences/Natural resources/Water resources; /Ecology and environmental sciences/Pollution/Water pollution; /Ecology and environmental sciences/Terrestrial environments/Urban environments; /Engineering and technology/Environmental engineering/Water management; /Engineering and technology/Sanitary engineering/Solid waste management/Sewage treatment; /Medicine and health sciences/Public and occupational health; /Social sciences/Law and legal sciences/Regulations,journals.plos.org,10.1371/journal.pwat.0000571,Research Article,2026-06-26
10.1371/journal.pwat.0000554,5,6,https://journals.plos.org/water/article?id=10.1371/journal.pwat.0000554,PLOS Water,"Handling left-censored PFAS data in surface-water reconnaissance: A reproducible workflow applied to ten sites in the Trinity River headwaters, Texas",2026,TRUE,10,detected; i; nlcd; docx; docx; tif; purple; vnd.openxmlformats-officedocument.wordprocessingml.document; pdf; vnd.openxmlformats-officedocument.wordprocessingml.document,https://journals.plos.org/water/article/file?id=10.1371/journal.pwat.0000554.s001&type=supplementary; https://journals.plos.org/water/article/file?id=10.1371/journal.pwat.0000554.s002&type=supplementary; https://journals.plos.org/water/article/file?id=10.1371/journal.pwat.0000554.s003&type=supplementary; https://journals.plos.org/water/article/file?id=10.1371/journal.pwat.0000554.s004&type=supplementary; https://journals.plos.org/water/article/file?id=10.1371/journal.pwat.0000554.s005&type=supplementary; https://journals.plos.org/water/article/file?id=10.1371/journal.pwat.0000554.s006&type=supplementary; https://journals.plos.org/water/article/file?id=10.1371/journal.pwat.0000554.s007&type=supplementary; https://journals.plos.org/water/article/file?id=10.1371/journal.pwat.0000554.s008&type=supplementary; https://journals.plos.org/water/article/file?id=10.1371/journal.pwat.0000554.s009&type=supplementary; https://journals.plos.org/water/article/file?id=10.1371/journal.pwat.0000554.s010&type=supplementary,12,Portia T. Asare,"Department of Environmental and Geological Sciences, Texas Christian University, Fort Worth, Texas, United States of America",United States of America,https://orcid.org/0009-0003-1657-8050,Gehendra Kharel,"Department of Environmental and Geological Sciences, Texas Christian University, Fort Worth, Texas, United States of America",United States of America,https://orcid.org/0000-0002-7463-7181,TRUE,"All data necessary to replicate the findings of this study are deposited at Zenodo (https://doi.org/10.5281/zenodo.19500593) under a CC-BY 4.0 license. The deposited data package contains: the complete site-by-analyte concentration matrix with all measured values, reporting limits, censoring indicators, and qualifier flags; the Python imputation, sensitivity-analysis, table-generation, and figure-generation code; compiled NPDES/DMR summaries; catchment land-use and river-network distance data; and a machine-readable QA/QC appendix reproducing the method blank results, LCS/LCSD/LLCS recoveries, isotope-dilution recovery ranges, and qualifier decision rules extracted from the laboratory analytical report (Eurofins Job 810-176371-1). Supporting Information tables accompanying this article reproduce the 40-analyte detection results (S1 Table), site-by-analyte concentrations (S2 Table), catchment and NPDES indicators (S3 Table), per-site source-category counts (S4 Table), and exploratory Spearman screening correlations with Benjamini-Hochberg FDR-adjusted q-values (S5 Table). Table 1 in the main text presents the five-way sensitivity analysis.",available in online repository,https://doi.org/10.5281/zenodo.19500593; 10.5281/zenodo.19500593,zenodo,/Earth sciences/Hydrology/Surface water; /Earth sciences/Marine and aquatic sciences/Aquatic environments/Freshwater environments/Rivers; /Earth sciences/Marine and aquatic sciences/Bodies of water/Rivers; /Ecology and environmental sciences/Aquatic environments/Freshwater environments/Rivers; /Ecology and environmental sciences/Natural resources/Water resources; /Engineering and technology/Civil engineering/Transportation infrastructure/Airports; /Engineering and technology/Transportation/Transportation infrastructure/Airports; /People and places/Geographical locations/North America/United States/Texas; /Research and analysis methods/Research assessment/Reproducibility; /Research and analysis methods/Research design/Pilot studies; /Research and analysis methods/Research facilities/Research laboratories/Government laboratories,journals.plos.org,10.1371/journal.pwat.0000554,Research Article,2026-06-26
10.1371/journal.pwat.0000575,5,7,https://journals.plos.org/water/article?id=10.1371/journal.pwat.0000575,PLOS Water,Water quality at the point of consumption and child health after installing in-line chlorination with electrolysis in Ethiopia,2026,TRUE,6,docx; pdf; docx; docx; docx; docx,https://journals.plos.org/water/article/file?id=10.1371/journal.pwat.0000575.s001&type=supplementary; https://journals.plos.org/water/article/file?id=10.1371/journal.pwat.0000575.s002&type=supplementary; https://journals.plos.org/water/article/file?id=10.1371/journal.pwat.0000575.s003&type=supplementary; https://journals.plos.org/water/article/file?id=10.1371/journal.pwat.0000575.s004&type=supplementary; https://journals.plos.org/water/article/file?id=10.1371/journal.pwat.0000575.s005&type=supplementary; https://journals.plos.org/water/article/file?id=10.1371/journal.pwat.0000575.s006&type=supplementary,7,Regula Meierhofer,"Swiss Federal Institute of Aquatic Science and Technology (Eawag), Department of Sanitation, Water and Waste for Development, Dübendorf, Switzerland",Switzerland,https://orcid.org/0000-0002-9691-9374,Regula Meierhofer,"Swiss Federal Institute of Aquatic Science and Technology (Eawag), Department of Sanitation, Water and Waste for Development, Dübendorf, Switzerland",Switzerland,https://orcid.org/0000-0002-9691-9374,TRUE,"The data collected are covering sensitive topics related to personal health and participants in the study provided informed consent under the condition that personal data will be kept confidential and will not be shared with anyone other than members of the survey team. Only researchers involved in this study, and the members of the ethical review board in Ethiopia while keeping confidentiality, can access original data. Any inquiries regarding reasonable requests for the data can be directed to Head for Scientific and Ethical Review Office of the Ethiopian Public Health Institute: Ibrahim Kedir (email: [email removed]@yahoo.com or [email removed]@ethionet.et), referring to protocol nr. EPHI-IRB-499-2023.",not shareable,NA,NA,/Biology and life sciences/Microbiology/Medical microbiology/Microbial pathogens/Bacterial pathogens/Escherichia coli; /Biology and life sciences/Organisms/Bacteria/Enterobacteriaceae/Escherichia/Escherichia coli; /Biology and life sciences/Organisms/Bacteria/Gut bacteria/Escherichia/Escherichia coli; /Ecology and environmental sciences/Natural resources/Water resources; /Ecology and environmental sciences/Water quality; /Medicine and health sciences/Clinical medicine/Signs and symptoms/Diarrhea; /Medicine and health sciences/Gastroenterology and hepatology/Diarrhea; /Medicine and health sciences/Health care/Environmental health/Sanitation; /Medicine and health sciences/Pathology and laboratory medicine/Pathogens/Microbial pathogens/Bacterial pathogens/Escherichia coli; /Medicine and health sciences/Pediatrics/Child health; /Medicine and health sciences/Public and occupational health/Child health; /Medicine and health sciences/Public and occupational health/Environmental health/Sanitation; /Medicine and health sciences/Public and occupational health/Hygiene; /Physical sciences/Chemistry/Chemical elements/Chlorine; /Research and analysis methods/Animal studies/Experimental organism systems/Model organisms/Escherichia coli; /Research and analysis methods/Animal studies/Experimental organism systems/Prokaryotic models/Escherichia coli; /Research and analysis methods/Model organisms/Escherichia coli,journals.plos.org,10.1371/journal.pwat.0000575,Research Article,2026-07-06
10.1371/journal.pwat.0000564,5,7,https://journals.plos.org/water/article?id=10.1371/journal.pwat.0000564,PLOS Water,Going “Fourth” with <i>PLOS Water</i>,2026,FALSE,0,NA,NA,3,Sera L. Young,"PLOS Water, Cambridge, United Kingdom",United Kingdom of Great Britain and Northern Ireland,NA,Guillaume Wright,"PLOS Water, Cambridge, United Kingdom",United Kingdom of Great Britain and Northern Ireland,https://orcid.org/0000-0003-0166-9200,FALSE,NA,NA,NA,NA,/Earth sciences/Atmospheric science/Meteorology/Weather; /Ecology and environmental sciences/Natural resources/Water resources; /Ecology and environmental sciences/Pollution/Water pollution; /Ecology and environmental sciences/Water quality; /Medicine and health sciences/Public and occupational health/Global health; /Research and analysis methods/Research assessment/Peer review; /Science policy/Open science; /Social sciences/Sociology/Communications/Social communication,journals.plos.org,10.1371/journal.pwat.0000564,Editorial,2026-07-06
