source,doi,das_in_paper_support,openalex_type,title_front_matter,trivially_true
washdev,10.2166/washdev.2020.218,no supplement,article,FALSE,FALSE
washdev,10.2166/washdev.2020.019,unstructured supplement,article,FALSE,FALSE
washdev,10.2166/washdev.2020.118,no supplement,article,FALSE,FALSE
washdev,10.2166/washdev.2020.041,no supplement,article,FALSE,FALSE
washdev,10.2166/washdev.2020.056,unstructured supplement,article,FALSE,FALSE
washdev,10.2166/washdev.2020.179,no supplement,article,FALSE,FALSE
washdev,10.2166/washdev.2020.081,no supplement,article,FALSE,FALSE
washdev,10.2166/washdev.2020.085,no supplement,article,FALSE,FALSE
washdev,10.2166/washdev.2020.115,structured supplement,article,FALSE,FALSE
washdev,NA,structured supplement,NA,FALSE,FALSE
washdev,10.2166/washdev.2020.088,no supplement,article,FALSE,FALSE
washdev,10.2166/washdev.2020.095,no supplement,article,FALSE,FALSE
washdev,10.2166/washdev.2020.125,structured supplement,article,FALSE,FALSE
washdev,10.2166/washdev.2020.046,no supplement,article,FALSE,FALSE
washdev,10.2166/washdev.2020.098,structured supplement,article,FALSE,FALSE
washdev,10.2166/washdev.2020.093,no supplement,article,FALSE,FALSE
washdev,10.2166/washdev.2020.037,structured supplement,article,FALSE,FALSE
washdev,10.2166/washdev.2020.076,no supplement,article,FALSE,FALSE
washdev,10.2166/washdev.2020.060,no supplement,article,FALSE,FALSE
washdev,10.2166/washdev.2020.062,unstructured supplement,article,FALSE,FALSE
washdev,10.2166/washdev.2020.232,structured supplement,article,FALSE,FALSE
washdev,NA,structured supplement,NA,FALSE,FALSE
washdev,NA,no supplement,NA,FALSE,FALSE
washdev,10.2166/washdev.2020.126,no supplement,article,FALSE,FALSE
washdev,10.2166/washdev.2020.158,structured supplement,article,FALSE,FALSE
washdev,10.2166/washdev.2020.145,structured supplement,article,FALSE,FALSE
washdev,NA,no supplement,NA,FALSE,FALSE
washdev,10.2166/washdev.2020.202,no supplement,article,FALSE,FALSE
washdev,10.2166/washdev.2020.104,no supplement,article,FALSE,FALSE
washdev,NA,structured supplement,NA,FALSE,FALSE
washdev,10.2166/washdev.2020.070,no supplement,article,FALSE,FALSE
washdev,10.2166/washdev.2020.084,no supplement,article,FALSE,FALSE
washdev,10.2166/washdev.2020.186,no supplement,article,FALSE,FALSE
washdev,10.2166/washdev.2020.128,no supplement,article,FALSE,FALSE
washdev,10.2166/washdev.2020.152,no supplement,article,FALSE,FALSE
washdev,10.2166/washdev.2020.141,structured supplement,article,FALSE,FALSE
washdev,NA,structured supplement,NA,FALSE,FALSE
washdev,NA,no supplement,NA,FALSE,FALSE
washdev,10.2166/washdev.2020.075,no supplement,article,FALSE,FALSE
washdev,10.2166/washdev.2020.159,no supplement,article,FALSE,FALSE
washdev,10.2166/washdev.2020.164,no supplement,article,FALSE,FALSE
washdev,10.2166/washdev.2020.157,structured supplement,article,FALSE,FALSE
washdev,10.2166/washdev.2020.173,no supplement,article,FALSE,FALSE
washdev,10.2166/washdev.2020.190,no supplement,article,FALSE,FALSE
washdev,10.2166/washdev.2020.020,structured supplement,article,FALSE,FALSE
washdev,10.2166/washdev.2020.096,structured supplement,article,FALSE,FALSE
washdev,10.2166/washdev.2020.135,structured supplement,article,FALSE,FALSE
washdev,10.2166/washdev.2020.279,no supplement,article,FALSE,FALSE
washdev,10.2166/washdev.2020.256,structured supplement,article,FALSE,FALSE
washdev,10.2166/washdev.2021.119,no supplement,article,FALSE,FALSE
washdev,10.2166/washdev.2021.208,unstructured supplement,article,FALSE,FALSE
washdev,10.2166/washdev.2021.137,no supplement,article,FALSE,FALSE
washdev,10.2166/washdev.2021.218,structured supplement,article,FALSE,FALSE
washdev,10.2166/washdev.2021.204,structured supplement,article,FALSE,FALSE
washdev,10.2166/washdev.2021.170,no supplement,article,FALSE,FALSE
washdev,10.2166/washdev.2021.217,no supplement,article,FALSE,FALSE
washdev,10.2166/washdev.2021.174,no supplement,article,FALSE,FALSE
washdev,10.2166/washdev.2021.268,no supplement,article,FALSE,FALSE
washdev,10.2166/washdev.2021.160,structured supplement,article,FALSE,FALSE
washdev,10.2166/washdev.2021.243,no supplement,article,FALSE,FALSE
washdev,10.2166/washdev.2021.254,structured supplement,article,FALSE,FALSE
washdev,10.2166/washdev.2021.200,no supplement,article,FALSE,FALSE
washdev,10.2166/washdev.2021.222,no supplement,article,FALSE,FALSE
washdev,10.2166/washdev.2021.239,no supplement,article,FALSE,FALSE
washdev,10.2166/washdev.2021.240,no supplement,article,FALSE,FALSE
washdev,10.2166/washdev.2021.255,no supplement,article,FALSE,FALSE
washdev,10.2166/washdev.2021.261,no supplement,article,FALSE,FALSE
washdev,10.2166/washdev.2021.262,no supplement,article,FALSE,FALSE
washdev,10.2166/washdev.2021.264,unstructured supplement,article,FALSE,FALSE
washdev,10.2166/washdev.2021.011,structured supplement,article,FALSE,FALSE
washdev,10.2166/washdev.2021.006,structured supplement,review,FALSE,TRUE
washdev,10.2166/washdev.2021.232,no supplement,article,FALSE,FALSE
washdev,10.2166/washdev.2021.257,no supplement,article,FALSE,FALSE
washdev,10.2166/washdev.2021.238,no supplement,article,FALSE,FALSE
washdev,NA,structured supplement,NA,FALSE,FALSE
washdev,NA,no supplement,NA,FALSE,FALSE
washdev,10.2166/washdev.2021.270,structured supplement,article,FALSE,FALSE
washdev,10.2166/washdev.2021.046,structured supplement,article,FALSE,FALSE
washdev,NA,structured supplement,NA,FALSE,FALSE
washdev,10.2166/washdev.2021.022,structured supplement,article,FALSE,FALSE
washdev,10.2166/washdev.2021.023,structured supplement,article,FALSE,FALSE
washdev,10.2166/washdev.2021.018,structured supplement,article,FALSE,FALSE
washdev,10.2166/washdev.2021.236,no supplement,article,FALSE,FALSE
washdev,10.2166/washdev.2021.265,no supplement,article,FALSE,FALSE
washdev,10.2166/washdev.2021.002,structured supplement,article,FALSE,FALSE
washdev,10.2166/washdev.2021.078,no supplement,article,FALSE,FALSE
washdev,10.2166/washdev.2021.062,no supplement,article,FALSE,FALSE
washdev,NA,no supplement,NA,FALSE,FALSE
washdev,10.2166/washdev.2021.249,no supplement,article,FALSE,FALSE
washdev,10.2166/washdev.2021.230,structured supplement,article,FALSE,FALSE
washdev,10.2166/washdev.2021.026,no supplement,article,FALSE,FALSE
washdev,10.2166/washdev.2021.049,structured supplement,article,FALSE,FALSE
washdev,NA,no supplement,NA,FALSE,FALSE
washdev,10.2166/washdev.2021.091,structured supplement,article,FALSE,FALSE
washdev,10.2166/washdev.2021.069,no supplement,article,FALSE,FALSE
washdev,10.2166/washdev.2021.242,no supplement,article,FALSE,FALSE
washdev,10.2166/washdev.2021.057,no supplement,article,FALSE,FALSE
washdev,10.2166/washdev.2021.045,no supplement,article,FALSE,FALSE
washdev,NA,no supplement,NA,FALSE,FALSE
washdev,10.2166/washdev.2021.234,structured supplement,article,FALSE,FALSE
washdev,10.2166/washdev.2021.028,no supplement,article,FALSE,FALSE
washdev,10.2166/washdev.2021.075,no supplement,article,FALSE,FALSE
washdev,10.2166/washdev.2021.090,unstructured supplement,article,FALSE,FALSE
washdev,10.2166/washdev.2021.092,structured supplement,article,FALSE,FALSE
washdev,10.2166/washdev.2021.115,no supplement,article,FALSE,FALSE
washdev,10.2166/washdev.2021.070,structured supplement,article,FALSE,FALSE
washdev,10.2166/washdev.2021.101,no supplement,article,FALSE,FALSE
washdev,10.2166/washdev.2021.130,unstructured supplement,article,FALSE,FALSE
washdev,10.2166/washdev.2021.120,no supplement,article,FALSE,FALSE
washdev,10.2166/washdev.2021.118,no supplement,article,FALSE,FALSE
washdev,10.2166/washdev.2021.117,no supplement,article,FALSE,FALSE
washdev,10.2166/washdev.2021.079,structured supplement,article,FALSE,FALSE
washdev,10.2166/washdev.2021.099,no supplement,article,FALSE,FALSE
washdev,10.2166/washdev.2021.134,structured supplement,article,FALSE,FALSE
washdev,10.2166/washdev.2021.260,no supplement,article,FALSE,FALSE
washdev,10.2166/washdev.2021.083,no supplement,article,FALSE,FALSE
washdev,NA,structured supplement,NA,FALSE,FALSE
washdev,NA,structured supplement,NA,FALSE,FALSE
washdev,10.2166/washdev.2021.193,structured supplement,article,FALSE,FALSE
washdev,10.2166/washdev.2022.136,structured supplement,article,FALSE,FALSE
washdev,10.2166/washdev.2022.152,no supplement,article,FALSE,FALSE
washdev,10.2166/washdev.2022.157,structured supplement,article,FALSE,FALSE
washdev,10.2166/washdev.2022.165,no supplement,article,FALSE,FALSE
washdev,10.2166/washdev.2022.003,structured supplement,article,FALSE,FALSE
washdev,10.2166/washdev.2022.084,no supplement,article,FALSE,FALSE
washdev,10.2166/washdev.2022.176,no supplement,article,FALSE,FALSE
washdev,10.2166/washdev.2022.178,structured supplement,article,FALSE,FALSE
washdev,10.2166/washdev.2022.183,structured supplement,article,FALSE,FALSE
washdev,10.2166/washdev.2022.202,no supplement,article,FALSE,FALSE
washdev,10.2166/washdev.2022.203,structured supplement,article,FALSE,FALSE
washdev,10.2166/washdev.2022.206,structured supplement,article,FALSE,FALSE
washdev,10.2166/washdev.2022.002,structured supplement,article,FALSE,FALSE
washdev,10.2166/washdev.2022.124,structured supplement,article,FALSE,FALSE
washdev,10.2166/washdev.2022.196,no supplement,article,FALSE,FALSE
washdev,10.2166/washdev.2022.016,no supplement,article,FALSE,FALSE
washdev,10.2166/washdev.2022.222,no supplement,article,FALSE,FALSE
washdev,10.2166/washdev.2022.034,no supplement,article,FALSE,FALSE
washdev,10.2166/washdev.2022.038,structured supplement,article,FALSE,FALSE
washdev,10.2166/washdev.2022.166,structured supplement,article,FALSE,FALSE
washdev,NA,no supplement,NA,FALSE,FALSE
washdev,NA,no supplement,NA,FALSE,FALSE
washdev,10.2166/washdev.2022.061,structured supplement,article,FALSE,FALSE
washdev,NA,structured supplement,NA,FALSE,FALSE
washdev,10.2166/washdev.2022.068,no supplement,article,FALSE,FALSE
washdev,10.2166/washdev.2022.076,no supplement,article,FALSE,FALSE
washdev,10.2166/washdev.2022.115,structured supplement,article,FALSE,FALSE
washdev,NA,no supplement,NA,FALSE,FALSE
washdev,10.2166/washdev.2022.060,structured supplement,article,FALSE,FALSE
washdev,10.2166/washdev.2022.071,no supplement,article,FALSE,FALSE
washdev,10.2166/washdev.2022.098,no supplement,article,FALSE,FALSE
washdev,10.2166/washdev.2022.023,no supplement,article,FALSE,FALSE
washdev,10.2166/washdev.2022.040,structured supplement,review,FALSE,TRUE
washdev,10.2166/washdev.2022.041,no supplement,article,FALSE,FALSE
washdev,10.2166/washdev.2022.049,structured supplement,article,FALSE,FALSE
washdev,10.2166/washdev.2022.089,no supplement,article,FALSE,FALSE
washdev,10.2166/washdev.2022.120,no supplement,article,FALSE,FALSE
washdev,10.2166/washdev.2022.126,no supplement,article,FALSE,FALSE
washdev,10.2166/washdev.2022.243,no supplement,article,FALSE,FALSE
washdev,NA,no supplement,NA,FALSE,FALSE
washdev,10.2166/washdev.2022.149,structured supplement,article,FALSE,FALSE
washdev,10.2166/washdev.2022.154,structured supplement,article,FALSE,FALSE
washdev,10.2166/washdev.2023.123,structured supplement,article,FALSE,FALSE
washdev,10.2166/washdev.2022.306,no supplement,article,FALSE,FALSE
washdev,10.2166/washdev.2022.226,no supplement,article,FALSE,FALSE
washdev,10.2166/washdev.2023.020,no supplement,article,FALSE,FALSE
washdev,10.2166/washdev.2022.054,no supplement,article,FALSE,FALSE
washdev,10.2166/washdev.2023.153,structured supplement,article,FALSE,FALSE
washdev,10.2166/washdev.2023.197,structured supplement,article,FALSE,FALSE
washdev,10.2166/washdev.2023.203,structured supplement,article,FALSE,FALSE
washdev,10.2166/washdev.2023.164,structured supplement,article,FALSE,FALSE
washdev,10.2166/washdev.2023.165,no supplement,article,FALSE,FALSE
washdev,10.2166/washdev.2023.168,no supplement,article,FALSE,FALSE
washdev,10.2166/washdev.2023.209,no supplement,article,FALSE,FALSE
washdev,10.2166/washdev.2023.252,no supplement,article,FALSE,FALSE
washdev,10.2166/washdev.2023.157,structured supplement,article,FALSE,FALSE
washdev,10.2166/washdev.2023.158,unstructured supplement,article,FALSE,FALSE
washdev,10.2166/washdev.2023.221,structured supplement,article,FALSE,FALSE
washdev,10.2166/washdev.2023.229,no supplement,article,FALSE,FALSE
washdev,10.2166/washdev.2023.241,no supplement,article,FALSE,FALSE
washdev,10.2166/washdev.2023.244,no supplement,article,FALSE,FALSE
washdev,10.2166/washdev.2023.257,structured supplement,article,FALSE,FALSE
washdev,10.2166/washdev.2023.258,no supplement,article,FALSE,FALSE
washdev,10.2166/washdev.2023.184,structured supplement,article,FALSE,FALSE
washdev,10.2166/washdev.2023.230,structured supplement,article,FALSE,FALSE
washdev,10.2166/washdev.2023.248,no supplement,article,FALSE,FALSE
washdev,10.2166/washdev.2023.010,structured supplement,article,FALSE,FALSE
washdev,10.2166/washdev.2023.029,structured supplement,article,FALSE,FALSE
washdev,10.2166/washdev.2023.042,no supplement,article,FALSE,FALSE
washdev,10.2166/washdev.2023.066,structured supplement,article,FALSE,FALSE
washdev,10.2166/washdev.2023.192,no supplement,article,FALSE,FALSE
washdev,10.2166/washdev.2023.055,no supplement,article,FALSE,FALSE
washdev,10.2166/washdev.2023.246,no supplement,article,FALSE,FALSE
washdev,10.2166/washdev.2023.249,no supplement,article,FALSE,FALSE
washdev,10.2166/washdev.2023.009,structured supplement,article,FALSE,FALSE
washdev,10.2166/washdev.2023.028,no supplement,article,FALSE,FALSE
washdev,10.2166/washdev.2023.049,structured supplement,article,FALSE,FALSE
washdev,10.2166/washdev.2023.081,structured supplement,article,FALSE,FALSE
washdev,10.2166/washdev.2023.134,no supplement,article,FALSE,FALSE
washdev,10.2166/washdev.2023.183,structured supplement,article,FALSE,FALSE
washdev,10.2166/washdev.2023.019,no supplement,article,FALSE,FALSE
washdev,10.2166/washdev.2023.041,no supplement,article,FALSE,FALSE
washdev,10.2166/washdev.2023.053,no supplement,article,FALSE,FALSE
washdev,NA,no supplement,NA,FALSE,FALSE
washdev,10.2166/washdev.2023.136,no supplement,article,FALSE,FALSE
washdev,10.2166/washdev.2023.142,no supplement,article,FALSE,FALSE
washdev,10.2166/washdev.2023.191,structured supplement,article,FALSE,FALSE
washdev,NA,no supplement,NA,FALSE,FALSE
washdev,10.2166/washdev.2023.060,structured supplement,article,FALSE,FALSE
washdev,10.2166/washdev.2023.089,no supplement,article,FALSE,FALSE
washdev,10.2166/washdev.2023.126,structured supplement,article,FALSE,FALSE
washdev,10.2166/washdev.2023.140,structured supplement,article,FALSE,FALSE
washdev,10.2166/washdev.2023.143,structured supplement,article,FALSE,FALSE
washdev,NA,no supplement,NA,FALSE,FALSE
washdev,10.2166/washdev.2023.268,no supplement,article,FALSE,FALSE
washdev,NA,no supplement,NA,FALSE,FALSE
washdev,10.2166/washdev.2023.186,structured supplement,article,FALSE,FALSE
washdev,10.2166/washdev.2023.206,no supplement,article,FALSE,FALSE
washdev,10.2166/washdev.2024.064,structured supplement,article,FALSE,FALSE
washdev,10.2166/washdev.2024.069,no supplement,article,FALSE,FALSE
washdev,10.2166/washdev.2024.201,no supplement,article,FALSE,FALSE
washdev,10.2166/washdev.2024.265,no supplement,article,FALSE,FALSE
washdev,10.2166/washdev.2024.278,no supplement,article,FALSE,FALSE
washdev,10.2166/washdev.2024.106,no supplement,article,FALSE,FALSE
washdev,10.2166/washdev.2024.180,no supplement,article,FALSE,FALSE
washdev,10.2166/washdev.2024.184,no supplement,article,FALSE,FALSE
washdev,10.2166/washdev.2024.267,no supplement,article,FALSE,FALSE
washdev,10.2166/washdev.2024.294,no supplement,article,FALSE,FALSE
washdev,10.2166/washdev.2024.319,structured supplement,article,FALSE,FALSE
washdev,10.2166/washdev.2024.083,structured supplement,article,FALSE,FALSE
washdev,10.2166/washdev.2024.153,no supplement,article,FALSE,FALSE
washdev,10.2166/washdev.2024.240,no supplement,article,FALSE,FALSE
washdev,10.2166/washdev.2024.122,structured supplement,article,FALSE,FALSE
washdev,10.2166/washdev.2024.185,no supplement,article,FALSE,FALSE
washdev,10.2166/washdev.2024.233,no supplement,article,FALSE,FALSE
washdev,10.2166/washdev.2024.306,structured supplement,article,FALSE,FALSE
washdev,10.2166/washdev.2024.318,structured supplement,article,FALSE,FALSE
washdev,10.2166/washdev.2024.075,structured supplement,article,FALSE,FALSE
washdev,10.2166/washdev.2024.223,no supplement,article,FALSE,FALSE
washdev,10.2166/washdev.2024.010,structured supplement,article,FALSE,FALSE
washdev,10.2166/washdev.2024.208,no supplement,article,FALSE,FALSE
washdev,10.2166/washdev.2024.266,no supplement,article,FALSE,FALSE
washdev,10.2166/washdev.2024.295,no supplement,article,FALSE,FALSE
washdev,10.2166/washdev.2024.017,structured supplement,article,FALSE,FALSE
washdev,10.2166/washdev.2024.025,no supplement,article,FALSE,FALSE
washdev,10.2166/washdev.2024.062,no supplement,article,FALSE,FALSE
washdev,10.2166/washdev.2024.169,no supplement,article,FALSE,FALSE
washdev,10.2166/washdev.2024.092,no supplement,article,FALSE,FALSE
washdev,10.2166/washdev.2024.192,no supplement,article,FALSE,FALSE
washdev,10.2166/washdev.2024.155,no supplement,article,FALSE,FALSE
washdev,10.2166/washdev.2024.014,structured supplement,article,FALSE,FALSE
washdev,10.2166/washdev.2024.019,structured supplement,article,FALSE,FALSE
washdev,10.2166/washdev.2024.070,structured supplement,article,FALSE,FALSE
washdev,10.2166/washdev.2024.085,structured supplement,article,FALSE,FALSE
washdev,10.2166/washdev.2024.117,structured supplement,article,FALSE,FALSE
washdev,10.2166/washdev.2024.419,no supplement,article,FALSE,FALSE
washdev,10.2166/washdev.2024.126,no supplement,article,FALSE,FALSE
washdev,10.2166/washdev.2024.182,structured supplement,article,FALSE,FALSE
washdev,10.2166/washdev.2024.285,no supplement,article,FALSE,FALSE
washdev,10.2166/washdev.2024.307,no supplement,article,FALSE,FALSE
washdev,10.2166/washdev.2024.313,structured supplement,review,FALSE,TRUE
washdev,10.2166/washdev.2024.038,structured supplement,article,FALSE,FALSE
washdev,10.2166/washdev.2024.090,no supplement,article,FALSE,FALSE
washdev,10.2166/washdev.2024.142,structured supplement,article,FALSE,FALSE
washdev,10.2166/washdev.2024.174,structured supplement,article,FALSE,FALSE
washdev,10.2166/washdev.2024.385,structured supplement,article,FALSE,FALSE
washdev,10.2166/washdev.2024.011,structured supplement,article,FALSE,FALSE
washdev,10.2166/washdev.2024.066,structured supplement,article,FALSE,FALSE
washdev,10.2166/washdev.2024.067,unstructured supplement,article,FALSE,FALSE
washdev,10.2166/washdev.2024.129,unstructured supplement,article,FALSE,FALSE
washdev,10.2166/washdev.2024.179,no supplement,article,FALSE,FALSE
washdev,10.2166/washdev.2024.197,structured supplement,article,FALSE,FALSE
washdev,10.2166/washdev.2024.206,no supplement,article,FALSE,FALSE
washdev,10.2166/washdev.2024.156,no supplement,article,FALSE,FALSE
washdev,10.2166/washdev.2024.236,structured supplement,article,FALSE,FALSE
washdev,10.2166/washdev.2024.081,structured supplement,article,FALSE,FALSE
washdev,10.2166/washdev.2024.095,structured supplement,article,FALSE,FALSE
washdev,10.2166/washdev.2024.144,no supplement,article,FALSE,FALSE
washdev,10.2166/washdev.2024.203,unstructured supplement,review,FALSE,TRUE
washdev,10.2166/washdev.2024.209,structured supplement,article,FALSE,FALSE
washdev,10.2166/washdev.2024.115,no supplement,article,FALSE,FALSE
washdev,10.2166/washdev.2024.120,no supplement,article,FALSE,FALSE
washdev,10.2166/washdev.2024.172,no supplement,article,FALSE,FALSE
washdev,10.2166/washdev.2024.380,no supplement,article,FALSE,FALSE
washdev,10.2166/washdev.2024.214,structured supplement,article,FALSE,FALSE
washdev,10.2166/washdev.2024.220,no supplement,article,FALSE,FALSE
washdev,10.2166/washdev.2024.249,no supplement,article,FALSE,FALSE
washdev,10.2166/washdev.2024.250,no supplement,article,FALSE,FALSE
washdev,10.2166/washdev.2024.280,structured supplement,article,FALSE,FALSE
washdev,10.2166/washdev.2024.114,no supplement,article,FALSE,FALSE
washdev,10.2166/washdev.2024.148,structured supplement,article,FALSE,FALSE
washdev,10.2166/washdev.2024.284,no supplement,article,FALSE,FALSE
washdev,10.2166/washdev.2025.239,no supplement,article,FALSE,FALSE
washdev,10.2166/washdev.2024.243,no supplement,article,FALSE,FALSE
washdev,10.2166/washdev.2024.234,no supplement,article,FALSE,FALSE
washdev,10.2166/washdev.2025.238,no supplement,article,FALSE,FALSE
washdev,10.2166/washdev.2025.237,no supplement,article,FALSE,FALSE
washdev,10.2166/washdev.2025.267,structured supplement,review,FALSE,TRUE
washdev,10.2166/washdev.2025.001,no supplement,article,FALSE,FALSE
washdev,10.2166/washdev.2025.270,no supplement,article,FALSE,FALSE
washdev,10.2166/washdev.2025.322,no supplement,article,FALSE,FALSE
washdev,10.2166/washdev.2025.330,structured supplement,article,FALSE,FALSE
washdev,10.2166/washdev.2025.241,no supplement,article,FALSE,FALSE
washdev,10.2166/washdev.2025.244,no supplement,article,FALSE,FALSE
washdev,10.2166/washdev.2025.247,structured supplement,article,FALSE,FALSE
washdev,10.2166/washdev.2025.281,no supplement,article,FALSE,FALSE
washdev,10.2166/washdev.2025.285,structured supplement,article,FALSE,FALSE
washdev,10.2166/washdev.2025.306,no supplement,article,FALSE,FALSE
washdev,10.2166/washdev.2025.337,no supplement,article,FALSE,FALSE
washdev,10.2166/washdev.2025.102,no supplement,article,FALSE,FALSE
washdev,10.2166/washdev.2025.020,no supplement,article,TRUE,TRUE
washdev,10.2166/washdev.2025.284,structured supplement,article,FALSE,FALSE
washdev,10.2166/washdev.2025.299,unstructured supplement,article,FALSE,FALSE
washdev,10.2166/washdev.2025.301,no supplement,article,FALSE,FALSE
washdev,10.2166/washdev.2025.340,structured supplement,article,FALSE,FALSE
washdev,10.2166/washdev.2025.101,structured supplement,review,FALSE,TRUE
washdev,10.2166/washdev.2025.017,no supplement,article,FALSE,FALSE
washdev,10.2166/washdev.2025.333,no supplement,article,FALSE,FALSE
washdev,10.2166/washdev.2025.039,no supplement,article,FALSE,FALSE
washdev,10.2166/washdev.2025.041,no supplement,article,FALSE,FALSE
washdev,10.2166/washdev.2025.008,structured supplement,article,FALSE,FALSE
washdev,10.2166/washdev.2025.016,structured supplement,article,FALSE,FALSE
washdev,10.2166/washdev.2025.147,structured supplement,article,FALSE,FALSE
washdev,10.2166/washdev.2025.309,no supplement,article,FALSE,FALSE
washdev,10.2166/washdev.2025.349,no supplement,article,FALSE,FALSE
washdev,10.2166/washdev.2025.005,no supplement,article,FALSE,FALSE
washdev,10.2166/washdev.2025.053,no supplement,article,FALSE,FALSE
washdev,10.2166/washdev.2025.346,structured supplement,article,FALSE,FALSE
washdev,10.2166/washdev.2025.038,no supplement,article,FALSE,FALSE
washdev,10.2166/washdev.2025.084,no supplement,article,FALSE,FALSE
washdev,10.2166/washdev.2025.094,no supplement,article,FALSE,FALSE
washdev,10.2166/washdev.2025.028,no supplement,article,FALSE,FALSE
washdev,10.2166/washdev.2025.040,structured supplement,article,FALSE,FALSE
washdev,10.2166/washdev.2025.058,no supplement,article,FALSE,FALSE
washdev,10.2166/washdev.2025.079,no supplement,article,FALSE,FALSE
washdev,10.2166/washdev.2025.138,structured supplement,article,FALSE,FALSE
washdev,10.2166/washdev.2025.035,no supplement,article,FALSE,FALSE
washdev,10.2166/washdev.2025.112,structured supplement,article,FALSE,FALSE
washdev,10.2166/washdev.2025.161,no supplement,article,FALSE,FALSE
washdev,10.2166/washdev.2025.323,no supplement,article,FALSE,FALSE
washdev,10.2166/washdev.2025.023,no supplement,article,FALSE,FALSE
washdev,10.2166/washdev.2025.065,structured supplement,article,FALSE,FALSE
washdev,10.2166/washdev.2025.117,structured supplement,article,FALSE,FALSE
washdev,10.2166/washdev.2025.144,no supplement,article,FALSE,FALSE
washdev,10.2166/washdev.2025.162,structured supplement,article,FALSE,FALSE
washdev,10.2166/washdev.2025.149,no supplement,article,FALSE,FALSE
washdev,10.2166/washdev.2025.204,structured supplement,article,FALSE,FALSE
washdev,10.2166/washdev.2025.214,structured supplement,article,FALSE,FALSE
washdev,10.2166/washdev.2026.217,no supplement,article,FALSE,FALSE
washdev,10.2166/washdev.2026.125,no supplement,article,FALSE,FALSE
washdev,10.2166/washdev.2026.202,no supplement,article,FALSE,FALSE
washdev,10.2166/washdev.2026.200,structured supplement,article,FALSE,FALSE
washdev,10.2166/washdev.2026.108,no supplement,article,FALSE,FALSE
washdev,10.2166/washdev.2026.156,structured supplement,article,FALSE,FALSE
washdev,10.2166/washdev.2026.182,no supplement,article,FALSE,FALSE
washdev,10.2166/washdev.2026.283,structured supplement,article,FALSE,FALSE
washdev,10.2166/washdev.2026.098,no supplement,article,FALSE,FALSE
washdev,10.2166/washdev.2026.114,no supplement,article,FALSE,FALSE
washdev,10.2166/washdev.2026.250,structured supplement,article,FALSE,FALSE
washdev,10.2166/washdev.2026.257,no supplement,article,FALSE,FALSE
washdev,10.2166/washdev.2026.294,structured supplement,article,FALSE,FALSE
washdev,10.2166/washdev.2026.116,structured supplement,article,FALSE,FALSE
washdev,10.2166/washdev.2026.264,no supplement,article,FALSE,FALSE
washdev,10.2166/washdev.2026.008,no supplement,article,FALSE,FALSE
jwh,10.2166/wh.2026.136,structured supplement,article,FALSE,FALSE
jwh,10.2166/wh.2026.190,no supplement,article,FALSE,FALSE
jwh,10.2166/wh.2026.194,structured supplement,article,FALSE,FALSE
jwh,10.2166/wh.2026.198,no supplement,article,FALSE,FALSE
jwh,10.2166/wh.2026.240,structured supplement,article,FALSE,FALSE
jwh,10.2166/wh.2026.261,structured supplement,article,FALSE,FALSE
jwh,10.2166/wh.2026.006,no supplement,article,FALSE,FALSE
jwh,10.2166/wh.2020.059,structured supplement,article,FALSE,FALSE
jwh,10.2166/wh.2020.188,no supplement,article,FALSE,FALSE
jwh,10.2166/wh.2020.038,no supplement,article,FALSE,FALSE
jwh,10.2166/wh.2020.162,no supplement,article,FALSE,FALSE
jwh,10.2166/wh.2020.042,structured supplement,article,FALSE,FALSE
jwh,10.2166/wh.2020.125,structured supplement,article,FALSE,FALSE
jwh,10.2166/wh.2020.141,no supplement,article,FALSE,FALSE
jwh,10.2166/wh.2020.132,no supplement,article,FALSE,FALSE
jwh,10.2166/wh.2020.086,structured supplement,article,FALSE,FALSE
jwh,10.2166/wh.2020.100,unstructured supplement,article,FALSE,FALSE
jwh,10.2166/wh.2020.146,no supplement,article,FALSE,FALSE
jwh,10.2166/wh.2020.069,structured supplement,article,FALSE,FALSE
jwh,10.2166/wh.2020.085,structured supplement,article,FALSE,FALSE
jwh,10.2166/wh.2020.271,structured supplement,article,FALSE,FALSE
jwh,10.2166/wh.2020.087,no supplement,article,FALSE,FALSE
jwh,10.2166/wh.2020.108,no supplement,article,FALSE,FALSE
jwh,10.2166/wh.2020.065,no supplement,article,FALSE,FALSE
jwh,10.2166/wh.2020.033,no supplement,article,FALSE,FALSE
jwh,10.2166/wh.2020.018,structured supplement,article,FALSE,FALSE
jwh,10.2166/wh.2020.019,no supplement,article,FALSE,FALSE
jwh,10.2166/wh.2020.014,no supplement,article,FALSE,FALSE
jwh,10.2166/wh.2020.020,no supplement,article,FALSE,FALSE
jwh,10.2166/wh.2020.034,no supplement,article,FALSE,FALSE
jwh,10.2166/wh.2020.236,structured supplement,article,FALSE,FALSE
jwh,10.2166/wh.2020.147,no supplement,article,FALSE,FALSE
jwh,10.2166/wh.2020.111,no supplement,article,FALSE,FALSE
jwh,10.2166/wh.2020.089,structured supplement,article,FALSE,FALSE
jwh,10.2166/wh.2020.143,no supplement,article,FALSE,FALSE
jwh,10.2166/wh.2020.050,no supplement,article,FALSE,FALSE
jwh,10.2166/wh.2020.093,structured supplement,article,FALSE,FALSE
jwh,10.2166/wh.2020.112,no supplement,article,FALSE,FALSE
jwh,10.2166/wh.2020.121,structured supplement,article,FALSE,FALSE
jwh,10.2166/wh.2020.160,no supplement,article,FALSE,FALSE
jwh,10.2166/wh.2020.095,no supplement,article,FALSE,FALSE
jwh,10.2166/wh.2020.193,no supplement,article,FALSE,FALSE
jwh,10.2166/wh.2020.255,no supplement,article,FALSE,FALSE
jwh,10.2166/wh.2020.301,no supplement,article,FALSE,FALSE
jwh,10.2166/wh.2020.168,no supplement,article,FALSE,FALSE
jwh,10.2166/wh.2020.179,no supplement,review,FALSE,TRUE
jwh,10.2166/wh.2020.115,structured supplement,article,FALSE,FALSE
jwh,10.2166/wh.2020.057,no supplement,article,FALSE,FALSE
jwh,10.2166/wh.2020.224,no supplement,article,FALSE,FALSE
jwh,10.2166/wh.2020.171,structured supplement,article,FALSE,FALSE
jwh,10.2166/wh.2020.139,no supplement,article,FALSE,FALSE
jwh,10.2166/wh.2020.183,structured supplement,article,FALSE,FALSE
jwh,10.2166/wh.2020.216,no supplement,article,FALSE,FALSE
jwh,10.2166/wh.2020.123,no supplement,article,FALSE,FALSE
jwh,10.2166/wh.2020.214,no supplement,article,FALSE,FALSE
jwh,10.2166/wh.2020.401,no supplement,article,FALSE,FALSE
jwh,10.2166/wh.2021.274,no supplement,article,FALSE,FALSE
jwh,10.2166/wh.2021.247,unstructured supplement,article,FALSE,FALSE
jwh,10.2166/wh.2021.242,structured supplement,article,FALSE,FALSE
jwh,10.2166/wh.2021.150,structured supplement,article,FALSE,FALSE
jwh,10.2166/wh.2021.251,structured supplement,article,FALSE,FALSE
jwh,10.2166/wh.2021.240,no supplement,article,FALSE,FALSE
jwh,10.2166/wh.2021.144,no supplement,article,FALSE,FALSE
jwh,10.2166/wh.2021.212,no supplement,article,FALSE,FALSE
jwh,10.2166/wh.2021.267,no supplement,article,FALSE,FALSE
jwh,10.2166/wh.2021.264,no supplement,review,FALSE,TRUE
jwh,10.2166/wh.2021.205,structured supplement,review,FALSE,TRUE
jwh,10.2166/wh.2021.079,no supplement,article,FALSE,FALSE
jwh,10.2166/wh.2021.202,no supplement,article,FALSE,FALSE
jwh,10.2166/wh.2021.005,no supplement,article,FALSE,FALSE
jwh,10.2166/wh.2021.260,no supplement,article,FALSE,FALSE
jwh,10.2166/wh.2021.026,no supplement,article,FALSE,FALSE
jwh,10.2166/wh.2021.051,structured supplement,article,FALSE,FALSE
jwh,10.2166/wh.2021.263,no supplement,article,FALSE,FALSE
jwh,10.2166/wh.2021.025,structured supplement,article,FALSE,FALSE
jwh,10.2166/wh.2021.203,no supplement,article,FALSE,FALSE
jwh,10.2166/wh.2021.059,no supplement,article,FALSE,FALSE
jwh,10.2166/wh.2021.050,no supplement,article,FALSE,FALSE
jwh,10.2166/wh.2021.101,no supplement,review,FALSE,TRUE
jwh,10.2166/wh.2021.085,no supplement,article,FALSE,FALSE
jwh,10.2166/wh.2021.038,no supplement,article,FALSE,FALSE
jwh,10.2166/wh.2021.027,no supplement,article,FALSE,FALSE
jwh,10.2166/wh.2021.015,no supplement,article,FALSE,FALSE
jwh,10.2166/wh.2021.003,no supplement,article,FALSE,FALSE
jwh,10.2166/wh.2021.071,no supplement,article,FALSE,FALSE
jwh,10.2166/wh.2021.011,structured supplement,article,FALSE,FALSE
jwh,10.2166/wh.2021.112,structured supplement,review,FALSE,TRUE
jwh,10.2166/wh.2021.204,no supplement,article,FALSE,FALSE
jwh,10.2166/wh.2021.052,no supplement,article,FALSE,FALSE
jwh,10.2166/wh.2021.119,no supplement,article,FALSE,FALSE
jwh,10.2166/wh.2021.133,structured supplement,article,FALSE,FALSE
jwh,10.2166/wh.2021.117,no supplement,article,FALSE,FALSE
jwh,10.2166/wh.2021.031,structured supplement,article,FALSE,FALSE
jwh,10.2166/wh.2021.075,no supplement,article,FALSE,FALSE
jwh,10.2166/wh.2021.094,no supplement,article,FALSE,FALSE
jwh,10.2166/wh.2021.153,structured supplement,article,FALSE,FALSE
jwh,10.2166/wh.2021.058,no supplement,article,FALSE,FALSE
jwh,10.2166/wh.2021.175,no supplement,article,FALSE,FALSE
jwh,10.2166/wh.2021.162,no supplement,article,FALSE,FALSE
jwh,10.2166/wh.2021.151,structured supplement,article,FALSE,FALSE
jwh,10.2166/wh.2021.171,structured supplement,article,FALSE,FALSE
jwh,10.2166/wh.2021.091,structured supplement,article,FALSE,FALSE
jwh,10.2166/wh.2021.068,structured supplement,review,FALSE,TRUE
jwh,10.2166/wh.2021.113,no supplement,article,FALSE,FALSE
jwh,10.2166/wh.2021.111,structured supplement,article,FALSE,FALSE
jwh,10.2166/wh.2021.126,no supplement,article,FALSE,FALSE
jwh,10.2166/wh.2021.063,structured supplement,article,FALSE,FALSE
jwh,10.2166/wh.2021.064,structured supplement,article,FALSE,FALSE
jwh,10.2166/wh.2021.127,structured supplement,article,FALSE,FALSE
jwh,10.2166/wh.2021.128,no supplement,article,FALSE,FALSE
jwh,10.2166/wh.2021.167,structured supplement,article,FALSE,FALSE
jwh,10.2166/wh.2021.169,structured supplement,article,FALSE,FALSE
jwh,10.2166/wh.2021.192,no supplement,article,FALSE,FALSE
jwh,10.2166/wh.2021.211,no supplement,article,FALSE,FALSE
jwh,10.2166/wh.2021.312,structured supplement,article,FALSE,FALSE
jwh,10.2166/wh.2021.223,no supplement,article,FALSE,FALSE
jwh,10.2166/wh.2021.250,no supplement,article,FALSE,FALSE
jwh,10.2166/wh.2021.156,no supplement,article,FALSE,FALSE
jwh,10.2166/wh.2021.160,no supplement,article,FALSE,FALSE
jwh,10.2166/wh.2021.186,no supplement,article,FALSE,FALSE
jwh,10.2166/wh.2021.255,no supplement,article,FALSE,FALSE
jwh,10.2166/wh.2022.179,structured supplement,article,FALSE,FALSE
jwh,10.2166/wh.2022.185,no supplement,article,FALSE,FALSE
jwh,10.2166/wh.2022.190,structured supplement,article,FALSE,FALSE
jwh,10.2166/wh.2022.228,no supplement,article,FALSE,FALSE
jwh,10.2166/wh.2022.232,structured supplement,article,FALSE,FALSE
jwh,10.2166/wh.2022.243,no supplement,article,FALSE,FALSE
jwh,10.2166/wh.2022.256,no supplement,article,FALSE,FALSE
jwh,10.2166/wh.2022.263,no supplement,article,FALSE,FALSE
jwh,10.2166/wh.2022.267,no supplement,article,FALSE,FALSE
jwh,10.2166/wh.2022.289,no supplement,article,FALSE,FALSE
jwh,10.2166/wh.2022.210,structured supplement,article,FALSE,FALSE
jwh,10.2166/wh.2022.233,structured supplement,article,FALSE,FALSE
jwh,10.2166/wh.2022.250,no supplement,article,FALSE,FALSE
jwh,10.2166/wh.2022.251,no supplement,article,FALSE,FALSE
jwh,10.2166/wh.2022.264,no supplement,article,FALSE,FALSE
jwh,10.2166/wh.2022.265,no supplement,article,FALSE,FALSE
jwh,10.2166/wh.2022.291,no supplement,article,FALSE,FALSE
jwh,10.2166/wh.2022.216,no supplement,article,FALSE,FALSE
jwh,10.2166/wh.2022.217,structured supplement,article,FALSE,FALSE
jwh,10.2166/wh.2022.229,no supplement,article,FALSE,FALSE
jwh,10.2166/wh.2022.252,structured supplement,article,FALSE,FALSE
jwh,10.2166/wh.2022.266,no supplement,article,FALSE,FALSE
jwh,10.2166/wh.2022.285,structured supplement,article,FALSE,FALSE
jwh,10.2166/wh.2022.312,structured supplement,article,FALSE,FALSE
jwh,10.2166/wh.2022.101,no supplement,article,FALSE,FALSE
jwh,10.2166/wh.2022.014,structured supplement,article,FALSE,FALSE
jwh,10.2166/wh.2022.028,no supplement,article,FALSE,FALSE
jwh,10.2166/wh.2022.144,structured supplement,article,FALSE,FALSE
jwh,10.2166/wh.2022.296,structured supplement,article,FALSE,FALSE
jwh,10.2166/wh.2022.015,no supplement,article,FALSE,FALSE
jwh,10.2166/wh.2022.064,no supplement,article,FALSE,FALSE
jwh,10.2166/wh.2022.070,no supplement,article,FALSE,FALSE
jwh,10.2166/wh.2022.219,structured supplement,article,FALSE,FALSE
jwh,10.2166/wh.2022.284,structured supplement,article,FALSE,FALSE
jwh,10.2166/wh.2022.307,unstructured supplement,article,FALSE,FALSE
jwh,10.2166/wh.2022.310,no supplement,article,FALSE,FALSE
jwh,10.2166/wh.2022.003,no supplement,article,FALSE,FALSE
jwh,10.2166/wh.2022.011,no supplement,article,FALSE,FALSE
jwh,10.2166/wh.2022.022,structured supplement,article,FALSE,FALSE
jwh,10.2166/wh.2022.060,unstructured supplement,article,FALSE,FALSE
jwh,10.2166/wh.2022.276,structured supplement,article,FALSE,FALSE
jwh,10.2166/wh.2022.030,no supplement,article,FALSE,FALSE
jwh,10.2166/wh.2022.043,no supplement,article,FALSE,FALSE
jwh,10.2166/wh.2022.055,no supplement,article,FALSE,FALSE
jwh,10.2166/wh.2022.072,no supplement,article,FALSE,FALSE
jwh,10.2166/wh.2022.097,structured supplement,article,FALSE,FALSE
jwh,10.2166/wh.2022.117,structured supplement,article,FALSE,FALSE
jwh,10.2166/wh.2022.131,no supplement,article,FALSE,FALSE
jwh,10.2166/wh.2022.021,structured supplement,article,FALSE,FALSE
jwh,10.2166/wh.2022.089,no supplement,article,FALSE,FALSE
jwh,10.2166/wh.2022.092,no supplement,article,FALSE,FALSE
jwh,10.2166/wh.2022.094,structured supplement,article,FALSE,FALSE
jwh,10.2166/wh.2022.098,no supplement,article,FALSE,FALSE
jwh,10.2166/wh.2022.115,structured supplement,review,FALSE,TRUE
jwh,10.2166/wh.2022.130,no supplement,article,FALSE,FALSE
jwh,10.2166/wh.2022.140,no supplement,article,FALSE,FALSE
jwh,10.2166/wh.2022.286,no supplement,article,FALSE,FALSE
jwh,10.2166/wh.2022.026,structured supplement,article,FALSE,FALSE
jwh,10.2166/wh.2022.035,no supplement,article,FALSE,FALSE
jwh,10.2166/wh.2022.085,no supplement,article,FALSE,FALSE
jwh,10.2166/wh.2022.087,structured supplement,article,FALSE,FALSE
jwh,10.2166/wh.2022.093,structured supplement,article,FALSE,FALSE
jwh,10.2166/wh.2022.108,no supplement,article,FALSE,FALSE
jwh,10.2166/wh.2022.127,structured supplement,article,FALSE,FALSE
jwh,10.2166/wh.2022.128,structured supplement,article,FALSE,FALSE
jwh,10.2166/wh.2022.159,no supplement,article,FALSE,FALSE
jwh,10.2166/wh.2022.164,no supplement,article,FALSE,FALSE
jwh,10.2166/wh.2022.029,no supplement,article,FALSE,FALSE
jwh,10.2166/wh.2022.048,structured supplement,article,FALSE,FALSE
jwh,10.2166/wh.2022.061,structured supplement,article,FALSE,FALSE
jwh,10.2166/wh.2022.201,structured supplement,article,FALSE,FALSE
jwh,10.2166/wh.2022.114,no supplement,article,FALSE,FALSE
jwh,10.2166/wh.2022.135,unstructured supplement,article,FALSE,FALSE
jwh,10.2166/wh.2022.163,no supplement,article,FALSE,FALSE
jwh,10.2166/wh.2022.193,no supplement,article,FALSE,FALSE
jwh,10.2166/wh.2022.062,no supplement,article,FALSE,FALSE
jwh,10.2166/wh.2022.069,no supplement,article,FALSE,FALSE
jwh,10.2166/wh.2022.223,no supplement,article,FALSE,FALSE
jwh,10.2166/wh.2022.293,structured supplement,article,FALSE,FALSE
jwh,10.2166/wh.2022.129,structured supplement,article,FALSE,FALSE
jwh,10.2166/wh.2022.165,no supplement,article,FALSE,FALSE
jwh,10.2166/wh.2022.177,structured supplement,article,FALSE,FALSE
jwh,10.2166/wh.2022.262,no supplement,article,FALSE,FALSE
jwh,10.2166/wh.2022.143,no supplement,article,FALSE,FALSE
jwh,10.2166/wh.2022.146,no supplement,article,FALSE,FALSE
jwh,10.2166/wh.2022.186,no supplement,article,FALSE,FALSE
jwh,10.2166/wh.2022.188,no supplement,article,FALSE,FALSE
jwh,10.2166/wh.2022.192,structured supplement,article,FALSE,FALSE
jwh,10.2166/wh.2022.194,no supplement,article,FALSE,FALSE
jwh,10.2166/wh.2023.237,structured supplement,article,FALSE,FALSE
jwh,10.2166/wh.2022.249,no supplement,article,FALSE,FALSE
jwh,10.2166/wh.2023.258,no supplement,article,FALSE,FALSE
jwh,10.2166/wh.2023.189,structured supplement,article,FALSE,FALSE
jwh,10.2166/wh.2023.199,structured supplement,article,FALSE,FALSE
jwh,10.2166/wh.2022.214,no supplement,review,FALSE,TRUE
jwh,10.2166/wh.2023.215,no supplement,article,FALSE,FALSE
jwh,10.2166/wh.2023.235,structured supplement,article,FALSE,FALSE
jwh,10.2166/wh.2023.239,no supplement,article,FALSE,FALSE
jwh,10.2166/wh.2023.241,no supplement,article,FALSE,FALSE
jwh,10.2166/wh.2023.246,no supplement,article,FALSE,FALSE
jwh,10.2166/wh.2023.291,structured supplement,article,FALSE,FALSE
jwh,10.2166/wh.2023.154,structured supplement,article,FALSE,FALSE
jwh,10.2166/wh.2023.238,structured supplement,article,FALSE,FALSE
jwh,10.2166/wh.2023.260,no supplement,article,FALSE,FALSE
jwh,10.2166/wh.2023.264,no supplement,article,FALSE,FALSE
jwh,10.2166/wh.2023.274,no supplement,article,FALSE,FALSE
jwh,10.2166/wh.2023.278,unstructured supplement,article,FALSE,FALSE
jwh,10.2166/wh.2023.280,no supplement,article,FALSE,FALSE
jwh,10.2166/wh.2023.287,structured supplement,article,FALSE,FALSE
jwh,10.2166/wh.2023.325,no supplement,article,FALSE,FALSE
jwh,10.2166/wh.2023.008,no supplement,article,FALSE,FALSE
jwh,10.2166/wh.2023.153,no supplement,article,FALSE,FALSE
jwh,10.2166/wh.2023.213,structured supplement,article,FALSE,FALSE
jwh,10.2166/wh.2023.302,no supplement,article,FALSE,FALSE
jwh,10.2166/wh.2023.191,no supplement,article,FALSE,FALSE
jwh,10.2166/wh.2023.222,no supplement,article,FALSE,FALSE
jwh,10.2166/wh.2023.255,structured supplement,article,FALSE,FALSE
jwh,10.2166/wh.2023.276,structured supplement,article,FALSE,FALSE
jwh,10.2166/wh.2023.284,no supplement,article,FALSE,FALSE
jwh,10.2166/wh.2023.298,no supplement,article,FALSE,FALSE
jwh,10.2166/wh.2023.312,structured supplement,article,FALSE,FALSE
jwh,10.2166/wh.2023.015,no supplement,article,FALSE,FALSE
jwh,10.2166/wh.2023.034,structured supplement,article,FALSE,FALSE
jwh,10.2166/wh.2023.209,no supplement,article,FALSE,FALSE
jwh,10.2166/wh.2023.252,no supplement,article,FALSE,FALSE
jwh,10.2166/wh.2023.267,structured supplement,article,FALSE,FALSE
jwh,10.2166/wh.2023.306,structured supplement,article,FALSE,FALSE
jwh,10.2166/wh.2023.309,unstructured supplement,article,FALSE,FALSE
jwh,10.2166/wh.2023.013,no supplement,article,FALSE,FALSE
jwh,10.2166/wh.2023.014,unstructured supplement,article,FALSE,FALSE
jwh,10.2166/wh.2023.019,structured supplement,article,FALSE,FALSE
jwh,10.2166/wh.2023.052,no supplement,article,FALSE,FALSE
jwh,10.2166/wh.2023.207,no supplement,article,FALSE,FALSE
jwh,10.2166/wh.2023.009,no supplement,article,FALSE,FALSE
jwh,10.2166/wh.2023.025,structured supplement,article,FALSE,FALSE
jwh,10.2166/wh.2023.035,no supplement,article,FALSE,FALSE
jwh,10.2166/wh.2023.042,no supplement,review,FALSE,TRUE
jwh,10.2166/wh.2023.047,no supplement,article,FALSE,FALSE
jwh,10.2166/wh.2023.063,structured supplement,article,FALSE,FALSE
jwh,10.2166/wh.2023.126,unstructured supplement,article,FALSE,FALSE
jwh,10.2166/wh.2023.283,structured supplement,article,FALSE,FALSE
jwh,10.2166/wh.2023.004,structured supplement,article,FALSE,FALSE
jwh,10.2166/wh.2023.027,structured supplement,article,FALSE,FALSE
jwh,10.2166/wh.2023.089,no supplement,article,FALSE,FALSE
jwh,10.2166/wh.2023.108,structured supplement,article,FALSE,FALSE
jwh,10.2166/wh.2023.125,structured supplement,article,FALSE,FALSE
jwh,10.2166/wh.2023.141,no supplement,article,FALSE,FALSE
jwh,10.2166/wh.2023.059,no supplement,article,FALSE,FALSE
jwh,10.2166/wh.2023.062,no supplement,article,FALSE,FALSE
jwh,10.2166/wh.2023.069,no supplement,article,FALSE,FALSE
jwh,10.2166/wh.2023.091,unstructured supplement,article,FALSE,FALSE
jwh,10.2166/wh.2023.128,structured supplement,article,FALSE,FALSE
jwh,10.2166/wh.2023.147,no supplement,article,FALSE,FALSE
jwh,10.2166/wh.2023.164,no supplement,article,FALSE,FALSE
jwh,10.2166/wh.2023.178,no supplement,article,FALSE,FALSE
jwh,10.2166/wh.2023.179,no supplement,article,FALSE,FALSE
jwh,10.2166/wh.2023.186,no supplement,article,FALSE,FALSE
jwh,10.2166/wh.2023.190,structured supplement,article,FALSE,FALSE
jwh,10.2166/wh.2023.192,no supplement,article,FALSE,FALSE
jwh,10.2166/wh.2023.045,unstructured supplement,article,FALSE,FALSE
jwh,10.2166/wh.2023.077,no supplement,article,FALSE,FALSE
jwh,10.2166/wh.2023.094,no supplement,article,FALSE,FALSE
jwh,10.2166/wh.2023.101,no supplement,article,FALSE,FALSE
jwh,10.2166/wh.2023.132,no supplement,article,FALSE,FALSE
jwh,10.2166/wh.2023.142,no supplement,article,FALSE,FALSE
jwh,10.2166/wh.2023.149,no supplement,article,FALSE,FALSE
jwh,10.2166/wh.2023.157,structured supplement,article,FALSE,FALSE
jwh,10.2166/wh.2023.262,structured supplement,article,FALSE,FALSE
jwh,10.2166/wh.2023.182,no supplement,article,FALSE,FALSE
jwh,10.2166/wh.2023.188,no supplement,article,FALSE,FALSE
jwh,10.2166/wh.2023.203,no supplement,article,FALSE,FALSE
jwh,10.2166/wh.2023.217,no supplement,article,FALSE,FALSE
jwh,10.2166/wh.2023.220,no supplement,article,FALSE,FALSE
jwh,10.2166/wh.2023.335,no supplement,article,FALSE,FALSE
jwh,10.2166/wh.2023.261,structured supplement,article,FALSE,FALSE
jwh,10.2166/wh.2023.040,no supplement,article,FALSE,FALSE
jwh,10.2166/wh.2023.114,no supplement,article,FALSE,FALSE
jwh,10.2166/wh.2023.121,structured supplement,article,FALSE,FALSE
jwh,10.2166/wh.2023.130,structured supplement,article,FALSE,FALSE
jwh,10.2166/wh.2023.391,structured supplement,article,FALSE,FALSE
jwh,10.2166/wh.2023.299,structured supplement,article,FALSE,FALSE
jwh,10.2166/wh.2023.208,no supplement,article,FALSE,FALSE
jwh,10.2166/wh.2023.234,no supplement,article,FALSE,FALSE
jwh,10.2166/wh.2023.247,no supplement,article,FALSE,FALSE
jwh,10.2166/wh.2023.360,no supplement,article,FALSE,FALSE
jwh,10.2166/wh.2023.088,unstructured supplement,article,FALSE,FALSE
jwh,10.2166/wh.2023.204,structured supplement,article,FALSE,FALSE
jwh,10.2166/wh.2023.111,structured supplement,article,FALSE,FALSE
jwh,10.2166/wh.2023.129,structured supplement,article,FALSE,FALSE
jwh,10.2166/wh.2023.131,no supplement,article,FALSE,FALSE
jwh,10.2166/wh.2023.205,structured supplement,article,FALSE,FALSE
jwh,10.2166/wh.2023.206,no supplement,article,FALSE,FALSE
jwh,10.2166/wh.2023.310,unstructured supplement,article,FALSE,FALSE
jwh,10.2166/wh.2023.232,structured supplement,article,FALSE,FALSE
jwh,10.2166/wh.2023.236,no supplement,article,FALSE,FALSE
jwh,10.2166/wh.2023.245,structured supplement,article,FALSE,FALSE
jwh,10.2166/wh.2023.026,no supplement,article,FALSE,FALSE
jwh,10.2166/wh.2023.070,no supplement,article,FALSE,FALSE
jwh,10.2166/wh.2023.072,structured supplement,article,FALSE,FALSE
jwh,10.2166/wh.2023.102,no supplement,article,FALSE,FALSE
jwh,10.2166/wh.2023.103,structured supplement,article,FALSE,FALSE
jwh,10.2166/wh.2023.116,no supplement,article,FALSE,FALSE
jwh,10.2166/wh.2023.117,no supplement,article,FALSE,FALSE
jwh,10.2166/wh.2023.133,no supplement,article,FALSE,FALSE
jwh,10.2166/wh.2023.266,structured supplement,article,FALSE,FALSE
jwh,10.2166/wh.2023.277,no supplement,article,FALSE,FALSE
jwh,10.2166/wh.2023.279,structured supplement,review,FALSE,TRUE
jwh,10.2166/wh.2023.082,structured supplement,article,FALSE,FALSE
jwh,10.2166/wh.2024.159,no supplement,article,FALSE,FALSE
jwh,10.2166/wh.2023.183,no supplement,article,FALSE,FALSE
jwh,10.2166/wh.2024.207,no supplement,article,FALSE,FALSE
jwh,10.2166/wh.2024.231,structured supplement,article,FALSE,FALSE
jwh,10.2166/wh.2024.233,structured supplement,article,FALSE,FALSE
jwh,10.2166/wh.2024.273,no supplement,article,FALSE,FALSE
jwh,10.2166/wh.2024.276,no supplement,article,FALSE,FALSE
jwh,10.2166/wh.2024.291,no supplement,article,FALSE,FALSE
jwh,10.2166/wh.2024.309,structured supplement,article,FALSE,FALSE
jwh,10.2166/wh.2024.322,no supplement,article,FALSE,FALSE
jwh,10.2166/wh.2024.324,no supplement,article,FALSE,FALSE
jwh,10.2166/wh.2024.326,no supplement,article,FALSE,FALSE
jwh,10.2166/wh.2024.124,unstructured supplement,article,FALSE,FALSE
jwh,10.2166/wh.2024.144,structured supplement,article,FALSE,FALSE
jwh,10.2166/wh.2024.283,no supplement,article,FALSE,FALSE
jwh,10.2166/wh.2024.286,no supplement,article,FALSE,FALSE
jwh,10.2166/wh.2024.299,no supplement,article,FALSE,FALSE
jwh,10.2166/wh.2024.306,no supplement,article,FALSE,FALSE
jwh,10.2166/wh.2024.321,no supplement,article,FALSE,FALSE
jwh,10.2166/wh.2024.345,structured supplement,article,FALSE,FALSE
jwh,10.2166/wh.2024.348,unstructured supplement,article,FALSE,FALSE
jwh,10.2166/wh.2024.362,no supplement,article,FALSE,FALSE
jwh,10.2166/wh.2024.022,no supplement,article,FALSE,FALSE
jwh,10.2166/wh.2024.168,structured supplement,article,FALSE,FALSE
jwh,10.2166/wh.2024.302,no supplement,article,FALSE,FALSE
jwh,10.2166/wh.2024.305,no supplement,article,FALSE,FALSE
jwh,10.2166/wh.2024.320,no supplement,article,FALSE,FALSE
jwh,10.2166/wh.2024.327,structured supplement,article,FALSE,FALSE
jwh,10.2166/wh.2024.382,no supplement,article,FALSE,FALSE
jwh,10.2166/wh.2024.390,no supplement,article,FALSE,FALSE
jwh,10.2166/wh.2024.005,no supplement,article,FALSE,FALSE
jwh,10.2166/wh.2024.018,structured supplement,article,FALSE,FALSE
jwh,10.2166/wh.2024.025,no supplement,article,FALSE,FALSE
jwh,10.2166/wh.2024.246,structured supplement,article,FALSE,FALSE
jwh,10.2166/wh.2024.294,structured supplement,article,FALSE,FALSE
jwh,10.2166/wh.2024.300,no supplement,article,FALSE,FALSE
jwh,10.2166/wh.2024.312,structured supplement,article,FALSE,FALSE
jwh,10.2166/wh.2024.337,structured supplement,article,FALSE,FALSE
jwh,10.2166/wh.2024.373,structured supplement,article,FALSE,FALSE
jwh,10.2166/wh.2024.384,no supplement,article,FALSE,FALSE
jwh,10.2166/wh.2024.036,no supplement,article,FALSE,FALSE
jwh,10.2166/wh.2024.038,no supplement,article,FALSE,FALSE
jwh,10.2166/wh.2024.059,structured supplement,article,FALSE,FALSE
jwh,10.2166/wh.2024.241,no supplement,article,FALSE,FALSE
jwh,10.2166/wh.2024.251,structured supplement,article,FALSE,FALSE
jwh,10.2166/wh.2024.303,structured supplement,article,FALSE,FALSE
jwh,10.2166/wh.2024.365,no supplement,article,FALSE,FALSE
jwh,10.2166/wh.2024.393,no supplement,article,FALSE,FALSE
jwh,10.2166/wh.2024.101,structured supplement,article,FALSE,FALSE
jwh,10.2166/wh.2024.122,no supplement,article,FALSE,FALSE
jwh,10.2166/wh.2024.041,no supplement,article,FALSE,FALSE
jwh,10.2166/wh.2024.057,no supplement,article,FALSE,FALSE
jwh,10.2166/wh.2024.076,no supplement,article,FALSE,FALSE
jwh,10.2166/wh.2024.087,no supplement,article,FALSE,FALSE
jwh,10.2166/wh.2024.109,structured supplement,article,FALSE,FALSE
jwh,10.2166/wh.2024.288,no supplement,article,FALSE,FALSE
jwh,10.2166/wh.2024.344,no supplement,article,FALSE,FALSE
jwh,10.2166/wh.2024.352,no supplement,article,FALSE,FALSE
jwh,10.2166/wh.2024.102,no supplement,article,FALSE,FALSE
jwh,10.2166/wh.2024.019,no supplement,article,FALSE,FALSE
jwh,10.2166/wh.2024.029,no supplement,article,FALSE,FALSE
jwh,10.2166/wh.2024.060,structured supplement,article,FALSE,FALSE
jwh,10.2166/wh.2024.062,no supplement,article,FALSE,FALSE
jwh,10.2166/wh.2024.071,no supplement,article,FALSE,FALSE
jwh,10.2166/wh.2024.091,no supplement,article,FALSE,FALSE
jwh,10.2166/wh.2024.111,structured supplement,article,FALSE,FALSE
jwh,10.2166/wh.2024.131,no supplement,article,FALSE,FALSE
jwh,10.2166/wh.2024.154,no supplement,article,FALSE,FALSE
jwh,10.2166/wh.2024.377,structured supplement,article,FALSE,FALSE
jwh,10.2166/wh.2024.026,structured supplement,article,FALSE,FALSE
jwh,10.2166/wh.2024.056,no supplement,article,FALSE,FALSE
jwh,10.2166/wh.2024.074,structured supplement,article,FALSE,FALSE
jwh,10.2166/wh.2024.085,structured supplement,article,FALSE,FALSE
jwh,10.2166/wh.2024.103,no supplement,article,FALSE,FALSE
jwh,10.2166/wh.2024.106,no supplement,article,FALSE,FALSE
jwh,10.2166/wh.2024.107,structured supplement,review,FALSE,TRUE
jwh,10.2166/wh.2024.127,structured supplement,article,FALSE,FALSE
jwh,10.2166/wh.2024.177,no supplement,article,FALSE,FALSE
jwh,10.2166/wh.2024.186,structured supplement,article,FALSE,FALSE
jwh,10.2166/wh.2024.319,no supplement,article,FALSE,FALSE
jwh,10.2166/wh.2024.338,structured supplement,article,FALSE,FALSE
jwh,10.2166/wh.2024.086,no supplement,article,FALSE,FALSE
jwh,10.2166/wh.2024.098,no supplement,article,FALSE,FALSE
jwh,10.2166/wh.2024.108,structured supplement,article,FALSE,FALSE
jwh,10.2166/wh.2024.115,structured supplement,article,FALSE,FALSE
jwh,10.2166/wh.2024.117,no supplement,article,FALSE,FALSE
jwh,10.2166/wh.2024.156,no supplement,article,FALSE,FALSE
jwh,10.2166/wh.2024.161,unstructured supplement,article,FALSE,FALSE
jwh,10.2166/wh.2024.163,no supplement,article,FALSE,FALSE
jwh,10.2166/wh.2024.250,no supplement,article,FALSE,FALSE
jwh,10.2166/wh.2024.366,no supplement,article,FALSE,FALSE
jwh,10.2166/wh.2024.392,structured supplement,article,FALSE,FALSE
jwh,10.2166/wh.2024.024,structured supplement,article,FALSE,FALSE
jwh,10.2166/wh.2024.042,structured supplement,article,FALSE,FALSE
jwh,10.2166/wh.2024.081,structured supplement,article,FALSE,FALSE
jwh,10.2166/wh.2024.120,no supplement,article,FALSE,FALSE
jwh,10.2166/wh.2024.133,structured supplement,article,FALSE,FALSE
jwh,10.2166/wh.2024.152,no supplement,article,FALSE,FALSE
jwh,10.2166/wh.2024.166,no supplement,article,FALSE,FALSE
jwh,10.2166/wh.2024.179,structured supplement,article,FALSE,FALSE
jwh,10.2166/wh.2024.196,no supplement,article,FALSE,FALSE
jwh,10.2166/wh.2024.307,structured supplement,article,FALSE,FALSE
jwh,10.2166/wh.2024.210,no supplement,article,FALSE,FALSE
jwh,10.2166/wh.2024.212,structured supplement,article,FALSE,FALSE
jwh,10.2166/wh.2024.223,structured supplement,article,FALSE,FALSE
jwh,10.2166/wh.2024.230,structured supplement,article,FALSE,FALSE
jwh,10.2166/wh.2024.256,no supplement,article,FALSE,FALSE
jwh,10.2166/wh.2024.116,no supplement,article,FALSE,FALSE
jwh,10.2166/wh.2024.167,no supplement,article,FALSE,FALSE
jwh,10.2166/wh.2024.205,structured supplement,article,FALSE,FALSE
jwh,10.2166/wh.2024.232,no supplement,article,FALSE,FALSE
jwh,10.2166/wh.2024.254,no supplement,article,FALSE,FALSE
jwh,10.2166/wh.2024.263,structured supplement,article,FALSE,FALSE
jwh,10.2166/wh.2024.277,no supplement,article,FALSE,FALSE
jwh,10.2166/wh.2024.285,structured supplement,article,FALSE,FALSE
jwh,10.2166/wh.2024.388,no supplement,article,FALSE,FALSE
jwh,10.2166/wh.2024.391,no supplement,article,FALSE,FALSE
jwh,10.2166/wh.2024.394,no supplement,article,FALSE,FALSE
jwh,10.2166/wh.2024.301,structured supplement,article,FALSE,FALSE
jwh,10.2166/wh.2024.407,no supplement,article,FALSE,FALSE
jwh,10.2166/wh.2024.313,structured supplement,article,FALSE,FALSE
jwh,10.2166/wh.2024.094,no supplement,review,FALSE,TRUE
jwh,10.2166/wh.2024.126,structured supplement,article,FALSE,FALSE
jwh,10.2166/wh.2024.162,no supplement,article,FALSE,FALSE
jwh,10.2166/wh.2024.188,no supplement,article,FALSE,FALSE
jwh,10.2166/wh.2024.220,structured supplement,article,FALSE,FALSE
jwh,10.2166/wh.2024.265,structured supplement,article,FALSE,FALSE
jwh,10.2166/wh.2024.270,structured supplement,article,FALSE,FALSE
jwh,10.2166/wh.2024.371,structured supplement,article,FALSE,FALSE
jwh,10.2166/wh.2024.476,no supplement,article,FALSE,FALSE
jwh,10.2166/wh.2024.284,structured supplement,article,FALSE,FALSE
jwh,10.2166/wh.2024.490,structured supplement,article,FALSE,FALSE
jwh,10.2166/wh.2024.113,structured supplement,article,FALSE,FALSE
jwh,10.2166/wh.2024.268,structured supplement,article,FALSE,FALSE
jwh,10.2166/wh.2024.399,structured supplement,article,FALSE,FALSE
jwh,10.2166/wh.2024.314,structured supplement,review,FALSE,TRUE
jwh,10.2166/wh.2024.128,no supplement,article,FALSE,FALSE
jwh,10.2166/wh.2024.225,structured supplement,article,FALSE,FALSE
jwh,10.2166/wh.2025.227,structured supplement,article,FALSE,FALSE
jwh,10.2166/wh.2025.264,structured supplement,article,FALSE,FALSE
jwh,10.2166/wh.2025.267,no supplement,article,FALSE,FALSE
jwh,10.2166/wh.2025.280,structured supplement,article,FALSE,FALSE
jwh,10.2166/wh.2025.298,structured supplement,review,FALSE,TRUE
jwh,10.2166/wh.2025.300,structured supplement,article,FALSE,FALSE
jwh,10.2166/wh.2025.372,no supplement,article,FALSE,FALSE
jwh,10.2166/wh.2025.040,no supplement,article,FALSE,FALSE
jwh,10.2166/wh.2024.145,structured supplement,article,FALSE,FALSE
jwh,10.2166/wh.2025.165,structured supplement,article,FALSE,FALSE
jwh,10.2166/wh.2025.211,no supplement,article,FALSE,FALSE
jwh,10.2166/wh.2025.242,no supplement,article,FALSE,FALSE
jwh,10.2166/wh.2025.289,structured supplement,article,FALSE,FALSE
jwh,10.2166/wh.2025.316,no supplement,article,FALSE,FALSE
jwh,10.2166/wh.2025.323,no supplement,article,FALSE,FALSE
jwh,10.2166/wh.2025.352,unstructured supplement,article,FALSE,FALSE
jwh,10.2166/wh.2025.258,structured supplement,article,FALSE,FALSE
jwh,10.2166/wh.2025.286,structured supplement,article,FALSE,FALSE
jwh,10.2166/wh.2025.333,structured supplement,article,FALSE,FALSE
jwh,10.2166/wh.2025.350,no supplement,article,FALSE,FALSE
jwh,10.2166/wh.2025.486,no supplement,article,FALSE,FALSE
jwh,10.2166/wh.2025.388,no supplement,article,FALSE,FALSE
jwh,10.2166/wh.2025.304,structured supplement,review,FALSE,TRUE
jwh,10.2166/wh.2025.324,no supplement,article,FALSE,FALSE
jwh,10.2166/wh.2025.325,structured supplement,article,FALSE,FALSE
jwh,10.2166/wh.2025.343,structured supplement,article,FALSE,FALSE
jwh,10.2166/wh.2025.022,structured supplement,article,FALSE,FALSE
jwh,10.2166/wh.2025.274,structured supplement,article,FALSE,FALSE
jwh,10.2166/wh.2025.327,structured supplement,article,FALSE,FALSE
jwh,10.2166/wh.2025.351,structured supplement,article,FALSE,FALSE
jwh,10.2166/wh.2025.374,structured supplement,article,FALSE,FALSE
jwh,10.2166/wh.2025.392,no supplement,article,FALSE,FALSE
jwh,10.2166/wh.2025.006,no supplement,article,FALSE,FALSE
jwh,10.2166/wh.2025.023,no supplement,article,FALSE,FALSE
jwh,10.2166/wh.2025.057,no supplement,article,FALSE,FALSE
jwh,10.2166/wh.2025.320,no supplement,article,FALSE,FALSE
jwh,10.2166/wh.2025.353,no supplement,article,FALSE,FALSE
jwh,10.2166/wh.2025.395,structured supplement,article,FALSE,FALSE
jwh,10.2166/wh.2025.009,structured supplement,article,FALSE,FALSE
jwh,10.2166/wh.2025.200,no supplement,article,FALSE,FALSE
jwh,10.2166/wh.2025.041,structured supplement,article,FALSE,FALSE
jwh,10.2166/wh.2025.050,no supplement,article,FALSE,FALSE
jwh,10.2166/wh.2025.059,structured supplement,article,FALSE,FALSE
jwh,10.2166/wh.2025.095,no supplement,article,FALSE,FALSE
jwh,10.2166/wh.2025.244,structured supplement,article,FALSE,FALSE
jwh,10.2166/wh.2025.346,structured supplement,article,FALSE,FALSE
jwh,10.2166/wh.2025.028,structured supplement,article,FALSE,FALSE
jwh,10.2166/wh.2025.037,structured supplement,article,FALSE,FALSE
jwh,10.2166/wh.2025.056,structured supplement,article,FALSE,FALSE
jwh,10.2166/wh.2025.058,no supplement,article,FALSE,FALSE
jwh,10.2166/wh.2025.080,no supplement,article,FALSE,FALSE
jwh,10.2166/wh.2025.082,structured supplement,article,FALSE,FALSE
jwh,10.2166/wh.2025.098,no supplement,article,FALSE,FALSE
jwh,10.2166/wh.2025.381,no supplement,article,FALSE,FALSE
jwh,10.2166/wh.2025.102,no supplement,article,FALSE,FALSE
jwh,10.2166/wh.2025.042,structured supplement,article,FALSE,FALSE
jwh,10.2166/wh.2025.045,structured supplement,article,FALSE,FALSE
jwh,10.2166/wh.2025.051,structured supplement,article,FALSE,FALSE
jwh,10.2166/wh.2025.062,structured supplement,article,FALSE,FALSE
jwh,10.2166/wh.2025.072,structured supplement,article,FALSE,FALSE
jwh,10.2166/wh.2025.096,no supplement,article,FALSE,FALSE
jwh,10.2166/wh.2025.113,no supplement,article,FALSE,FALSE
jwh,10.2166/wh.2025.295,no supplement,article,FALSE,FALSE
jwh,10.2166/wh.2025.103,no supplement,article,FALSE,FALSE
jwh,10.2166/wh.2025.077,structured supplement,article,FALSE,FALSE
jwh,10.2166/wh.2025.083,structured supplement,article,FALSE,FALSE
jwh,10.2166/wh.2025.203,structured supplement,article,FALSE,FALSE
jwh,10.2166/wh.2025.128,unstructured supplement,article,FALSE,FALSE
jwh,10.2166/wh.2025.036,unstructured supplement,article,FALSE,FALSE
jwh,10.2166/wh.2025.126,structured supplement,article,FALSE,FALSE
jwh,10.2166/wh.2025.131,structured supplement,article,FALSE,FALSE
jwh,10.2166/wh.2025.142,no supplement,article,FALSE,FALSE
jwh,10.2166/wh.2025.240,no supplement,article,FALSE,FALSE
jwh,10.2166/wh.2026.160,no supplement,article,FALSE,FALSE
jwh,10.2166/wh.2025.364,structured supplement,article,FALSE,FALSE
jwh,10.2166/wh.2025.167,structured supplement,article,FALSE,FALSE
jwh,10.2166/wh.2026.182,unstructured supplement,article,FALSE,FALSE
jwh,10.2166/wh.2025.303,structured supplement,article,FALSE,FALSE
jwh,10.2166/wh.2026.091,no supplement,article,FALSE,FALSE
jwh,10.2166/wh.2026.129,no supplement,article,FALSE,FALSE
jwh,10.2166/wh.2025.162,structured supplement,article,FALSE,FALSE
jwh,10.2166/wh.2026.176,structured supplement,article,FALSE,FALSE
jwh,10.2166/wh.2026.187,no supplement,article,FALSE,FALSE
jwh,10.2166/wh.2026.228,structured supplement,article,FALSE,FALSE
jwh,10.2166/wh.2026.233,no supplement,review,FALSE,TRUE
jwh,10.2166/wh.2026.243,structured supplement,article,FALSE,FALSE
jwh,10.2166/wh.2026.248,no supplement,article,FALSE,FALSE
jwh,10.2166/wh.2026.387,structured supplement,article,FALSE,FALSE
jwh,10.2166/wh.2026.070,structured supplement,article,FALSE,FALSE
jwh,10.2166/wh.2026.076,structured supplement,article,FALSE,FALSE
jwh,10.2166/wh.2026.127,no supplement,article,FALSE,FALSE
jwh,10.2166/wh.2026.150,structured supplement,article,FALSE,FALSE
jwh,10.2166/wh.2026.180,no supplement,article,FALSE,FALSE
jwh,10.2166/wh.2026.211,no supplement,article,FALSE,FALSE
jwh,10.2166/wh.2026.212,structured supplement,article,FALSE,FALSE
jwh,10.2166/wh.2026.234,structured supplement,article,FALSE,FALSE
jwh,10.2166/wh.2026.273,structured supplement,article,FALSE,FALSE
jwh,10.2166/wh.2026.281,structured supplement,article,FALSE,FALSE
jwh,10.2166/wh.2026.099,no supplement,article,FALSE,FALSE
jwh,10.2166/wh.2026.125,structured supplement,article,FALSE,FALSE
jwh,10.2166/wh.2026.173,structured supplement,article,FALSE,FALSE
jwh,10.2166/wh.2026.205,structured supplement,article,FALSE,FALSE
jwh,10.2166/wh.2026.206,no supplement,article,FALSE,FALSE
jwh,10.2166/wh.2026.209,structured supplement,review,FALSE,TRUE
jwh,10.2166/wh.2026.222,structured supplement,article,FALSE,FALSE
jwh,10.2166/wh.2026.237,structured supplement,article,FALSE,FALSE
jwh,10.2166/wh.2026.244,no supplement,article,FALSE,FALSE
jwh,10.2166/wh.2026.269,no supplement,article,FALSE,FALSE
jwh,10.2166/wh.2026.075,structured supplement,article,FALSE,FALSE
jwh,10.2166/wh.2026.146,structured supplement,article,FALSE,FALSE
jwh,10.2166/wh.2026.151,structured supplement,article,FALSE,FALSE
jwh,10.2166/wh.2026.030,structured supplement,article,FALSE,FALSE
aqua,10.2166/aqua.2020.031,structured supplement,article,FALSE,FALSE
aqua,10.2166/aqua.2020.093,no supplement,article,FALSE,FALSE
aqua,10.2166/aqua.2020.055,no supplement,article,FALSE,FALSE
aqua,10.2166/aqua.2021.128,no supplement,article,FALSE,FALSE
aqua,10.2166/aqua.2020.058,no supplement,article,FALSE,FALSE
aqua,10.2166/aqua.2020.065,no supplement,article,FALSE,FALSE
aqua,10.2166/aqua.2020.117,structured supplement,article,FALSE,FALSE
aqua,10.2166/aqua.2021.039,structured supplement,article,FALSE,FALSE
aqua,10.2166/aqua.2021.076,no supplement,article,FALSE,FALSE
aqua,10.2166/aqua.2021.025,no supplement,article,FALSE,FALSE
aqua,10.2166/aqua.2021.100,no supplement,article,FALSE,FALSE
aqua,10.2166/aqua.2021.136,no supplement,article,FALSE,FALSE
aqua,10.2166/aqua.2021.151,no supplement,article,FALSE,FALSE
aqua,10.2166/aqua.2021.147,structured supplement,article,FALSE,FALSE
aqua,10.2166/aqua.2021.150,structured supplement,article,FALSE,FALSE
aqua,10.2166/aqua.2021.122,no supplement,article,FALSE,FALSE
aqua,10.2166/aqua.2021.125,no supplement,article,FALSE,FALSE
aqua,10.2166/aqua.2021.129,no supplement,article,FALSE,FALSE
aqua,10.2166/aqua.2020.101,no supplement,article,FALSE,FALSE
aqua,10.2166/aqua.2020.115,no supplement,article,FALSE,FALSE
aqua,10.2166/aqua.2021.127,no supplement,article,FALSE,FALSE
aqua,10.2166/aqua.2021.154,no supplement,article,FALSE,FALSE
aqua,10.2166/aqua.2021.087,no supplement,article,FALSE,FALSE
aqua,10.2166/aqua.2021.007,no supplement,article,FALSE,FALSE
aqua,10.2166/aqua.2021.009,no supplement,article,FALSE,FALSE
aqua,10.2166/aqua.2021.124,unstructured supplement,article,FALSE,FALSE
aqua,10.2166/aqua.2021.142,no supplement,article,FALSE,FALSE
aqua,10.2166/aqua.2021.163,structured supplement,article,FALSE,FALSE
aqua,10.2166/aqua.2021.166,no supplement,article,FALSE,FALSE
aqua,10.2166/aqua.2021.011,no supplement,article,FALSE,FALSE
aqua,10.2166/aqua.2021.020,no supplement,article,FALSE,FALSE
aqua,10.2166/aqua.2021.140,no supplement,article,FALSE,FALSE
aqua,10.2166/aqua.2021.103,no supplement,article,FALSE,FALSE
aqua,10.2166/aqua.2021.148,no supplement,article,FALSE,FALSE
aqua,10.2166/aqua.2021.139,no supplement,article,FALSE,FALSE
aqua,10.2166/aqua.2021.156,no supplement,article,FALSE,FALSE
aqua,10.2166/aqua.2021.164,no supplement,article,FALSE,FALSE
aqua,10.2166/aqua.2021.022,no supplement,article,FALSE,FALSE
aqua,10.2166/aqua.2021.016,no supplement,article,FALSE,FALSE
aqua,10.2166/aqua.2021.002,no supplement,article,FALSE,FALSE
aqua,10.2166/aqua.2021.057,structured supplement,article,FALSE,FALSE
aqua,10.2166/aqua.2021.035,no supplement,article,FALSE,FALSE
aqua,10.2166/aqua.2021.049,no supplement,article,FALSE,FALSE
aqua,10.2166/aqua.2021.050,structured supplement,article,FALSE,FALSE
aqua,10.2166/aqua.2021.123,structured supplement,article,FALSE,FALSE
aqua,10.2166/aqua.2021.006,structured supplement,article,FALSE,FALSE
aqua,10.2166/aqua.2021.034,no supplement,article,FALSE,FALSE
aqua,10.2166/aqua.2021.158,structured supplement,article,FALSE,FALSE
aqua,10.2166/aqua.2021.018,structured supplement,article,FALSE,FALSE
aqua,10.2166/aqua.2021.144,no supplement,article,FALSE,FALSE
aqua,10.2166/aqua.2021.132,no supplement,article,FALSE,FALSE
aqua,10.2166/aqua.2021.146,structured supplement,article,FALSE,FALSE
aqua,10.2166/aqua.2021.043,no supplement,article,FALSE,FALSE
aqua,10.2166/aqua.2021.058,no supplement,article,FALSE,FALSE
aqua,10.2166/aqua.2021.056,structured supplement,article,FALSE,FALSE
aqua,10.2166/aqua.2021.060,structured supplement,article,FALSE,FALSE
aqua,10.2166/aqua.2021.069,no supplement,article,FALSE,FALSE
aqua,10.2166/aqua.2021.079,no supplement,article,FALSE,FALSE
aqua,10.2166/aqua.2021.019,no supplement,article,FALSE,FALSE
aqua,10.2166/aqua.2021.061,no supplement,article,FALSE,FALSE
aqua,10.2166/aqua.2021.030,no supplement,article,FALSE,FALSE
aqua,10.2166/aqua.2021.067,structured supplement,article,FALSE,FALSE
aqua,10.2166/aqua.2021.017,no supplement,article,FALSE,FALSE
aqua,10.2166/aqua.2021.225,no supplement,article,FALSE,FALSE
aqua,10.2166/aqua.2021.026,no supplement,article,FALSE,FALSE
aqua,10.2166/aqua.2021.005,no supplement,article,FALSE,FALSE
aqua,10.2166/aqua.2021.012,no supplement,article,FALSE,FALSE
aqua,10.2166/aqua.2021.041,no supplement,article,FALSE,FALSE
aqua,10.2166/aqua.2021.042,no supplement,article,FALSE,FALSE
aqua,10.2166/aqua.2021.059,no supplement,article,FALSE,FALSE
aqua,10.2166/aqua.2021.082,structured supplement,article,FALSE,FALSE
aqua,10.2166/aqua.2021.107,no supplement,article,FALSE,FALSE
aqua,10.2166/aqua.2021.205,no supplement,article,FALSE,FALSE
aqua,10.2166/aqua.2021.055,no supplement,article,FALSE,FALSE
aqua,10.2166/aqua.2021.086,no supplement,article,FALSE,FALSE
aqua,10.2166/aqua.2021.101,no supplement,article,FALSE,FALSE
aqua,10.2166/aqua.2021.120,no supplement,article,FALSE,FALSE
aqua,10.2166/aqua.2021.222,no supplement,article,FALSE,FALSE
aqua,10.2166/aqua.2021.227,no supplement,article,FALSE,FALSE
aqua,10.2166/aqua.2021.133,no supplement,article,FALSE,FALSE
aqua,10.2166/aqua.2021.084,no supplement,article,FALSE,FALSE
aqua,10.2166/aqua.2021.114,no supplement,article,FALSE,FALSE
aqua,10.2166/aqua.2021.232,no supplement,article,FALSE,FALSE
aqua,10.2166/aqua.2022.097,no supplement,article,FALSE,FALSE
aqua,10.2166/aqua.2022.106,no supplement,article,FALSE,FALSE
aqua,10.2166/aqua.2022.118,structured supplement,article,FALSE,FALSE
aqua,10.2166/aqua.2022.134,no supplement,article,FALSE,FALSE
aqua,10.2166/aqua.2022.139,no supplement,article,FALSE,FALSE
aqua,10.2166/aqua.2022.144,no supplement,article,FALSE,FALSE
aqua,10.2166/aqua.2022.153,no supplement,article,FALSE,FALSE
aqua,10.2166/aqua.2022.159,no supplement,article,FALSE,FALSE
aqua,10.2166/aqua.2022.074,no supplement,article,FALSE,FALSE
aqua,10.2166/aqua.2022.090,no supplement,article,FALSE,FALSE
aqua,10.2166/aqua.2022.110,no supplement,article,FALSE,FALSE
aqua,10.2166/aqua.2022.111,no supplement,article,FALSE,FALSE
aqua,10.2166/aqua.2022.128,structured supplement,article,FALSE,FALSE
aqua,10.2166/aqua.2022.138,no supplement,article,FALSE,FALSE
aqua,10.2166/aqua.2022.162,no supplement,article,FALSE,FALSE
aqua,10.2166/aqua.2022.004,structured supplement,article,FALSE,FALSE
aqua,10.2166/aqua.2022.147,no supplement,article,FALSE,FALSE
aqua,10.2166/aqua.2022.157,structured supplement,article,FALSE,FALSE
aqua,10.2166/aqua.2022.161,structured supplement,article,FALSE,FALSE
aqua,10.2166/aqua.2022.005,no supplement,article,FALSE,FALSE
aqua,10.2166/aqua.2022.012,no supplement,article,FALSE,FALSE
aqua,10.2166/aqua.2022.136,no supplement,article,FALSE,FALSE
aqua,10.2166/aqua.2022.017,no supplement,article,FALSE,FALSE
aqua,10.2166/aqua.2022.031,no supplement,article,FALSE,FALSE
aqua,10.2166/aqua.2022.032,structured supplement,article,FALSE,FALSE
aqua,10.2166/aqua.2022.080,no supplement,article,FALSE,FALSE
aqua,10.2166/aqua.2022.092,no supplement,article,FALSE,FALSE
aqua,10.2166/aqua.2022.131,no supplement,article,FALSE,FALSE
aqua,10.2166/aqua.2022.002,no supplement,article,FALSE,FALSE
aqua,10.2166/aqua.2022.023,no supplement,article,FALSE,FALSE
aqua,10.2166/aqua.2022.047,no supplement,article,FALSE,FALSE
aqua,10.2166/aqua.2022.052,structured supplement,article,FALSE,FALSE
aqua,10.2166/aqua.2022.034,structured supplement,review,FALSE,TRUE
aqua,10.2166/aqua.2022.060,no supplement,article,FALSE,FALSE
aqua,10.2166/aqua.2022.167,no supplement,article,FALSE,FALSE
aqua,10.2166/aqua.2022.066,no supplement,article,FALSE,FALSE
aqua,10.2166/aqua.2022.026,no supplement,article,FALSE,FALSE
aqua,10.2166/aqua.2022.029,structured supplement,article,FALSE,FALSE
aqua,10.2166/aqua.2022.152,no supplement,article,FALSE,FALSE
aqua,10.2166/aqua.2022.165,no supplement,article,FALSE,FALSE
aqua,10.2166/aqua.2022.036,no supplement,article,FALSE,FALSE
aqua,10.2166/aqua.2022.038,no supplement,article,FALSE,FALSE
aqua,10.2166/aqua.2022.039,no supplement,article,FALSE,FALSE
aqua,10.2166/aqua.2022.042,structured supplement,article,FALSE,FALSE
aqua,10.2166/aqua.2022.056,no supplement,article,FALSE,FALSE
aqua,10.2166/aqua.2022.058,no supplement,article,FALSE,FALSE
aqua,10.2166/aqua.2022.061,no supplement,article,FALSE,FALSE
aqua,10.2166/aqua.2022.065,no supplement,article,FALSE,FALSE
aqua,10.2166/aqua.2022.174,structured supplement,article,FALSE,FALSE
aqua,10.2166/aqua.2022.082,no supplement,article,FALSE,FALSE
aqua,10.2166/aqua.2022.041,no supplement,article,FALSE,FALSE
aqua,10.2166/aqua.2022.051,no supplement,article,FALSE,FALSE
aqua,10.2166/aqua.2022.063,no supplement,article,FALSE,FALSE
aqua,10.2166/aqua.2022.076,no supplement,article,FALSE,FALSE
aqua,10.2166/aqua.2022.089,no supplement,article,FALSE,FALSE
aqua,10.2166/aqua.2022.107,no supplement,article,FALSE,FALSE
aqua,10.2166/aqua.2022.132,no supplement,article,FALSE,FALSE
aqua,10.2166/aqua.2022.234,no supplement,article,FALSE,FALSE
aqua,10.2166/aqua.2022.133,no supplement,article,FALSE,FALSE
aqua,10.2166/aqua.2022.028,no supplement,article,FALSE,FALSE
aqua,10.2166/aqua.2022.073,structured supplement,article,FALSE,FALSE
aqua,10.2166/aqua.2022.095,no supplement,article,FALSE,FALSE
aqua,10.2166/aqua.2022.100,no supplement,article,FALSE,FALSE
aqua,10.2166/aqua.2022.218,no supplement,article,FALSE,FALSE
aqua,10.2166/aqua.2022.119,no supplement,article,FALSE,FALSE
aqua,10.2166/aqua.2022.238,no supplement,article,FALSE,FALSE
aqua,10.2166/aqua.2022.143,no supplement,article,FALSE,FALSE
aqua,10.2166/aqua.2022.150,no supplement,article,FALSE,FALSE
aqua,10.2166/aqua.2022.253,no supplement,article,FALSE,FALSE
aqua,10.2166/aqua.2022.154,no supplement,article,FALSE,FALSE
aqua,10.2166/aqua.2022.267,no supplement,article,FALSE,FALSE
aqua,10.2166/aqua.2022.037,no supplement,article,FALSE,FALSE
aqua,10.2166/aqua.2022.040,structured supplement,article,FALSE,FALSE
aqua,10.2166/aqua.2022.075,no supplement,article,FALSE,FALSE
aqua,10.2166/aqua.2023.142,no supplement,article,FALSE,FALSE
aqua,10.2166/aqua.2022.244,no supplement,article,FALSE,FALSE
aqua,10.2166/aqua.2022.166,no supplement,article,FALSE,FALSE
aqua,10.2166/aqua.2022.125,no supplement,article,FALSE,FALSE
aqua,10.2166/aqua.2023.176,no supplement,article,FALSE,FALSE
aqua,10.2166/aqua.2023.179,no supplement,article,FALSE,FALSE
aqua,10.2166/aqua.2023.198,no supplement,article,FALSE,FALSE
aqua,10.2166/aqua.2023.205,no supplement,article,FALSE,FALSE
aqua,10.2166/aqua.2023.230,no supplement,article,FALSE,FALSE
aqua,10.2166/aqua.2023.113,structured supplement,article,FALSE,FALSE
aqua,10.2166/aqua.2023.190,no supplement,article,FALSE,FALSE
aqua,10.2166/aqua.2023.191,no supplement,article,FALSE,FALSE
aqua,10.2166/aqua.2023.212,no supplement,article,FALSE,FALSE
aqua,10.2166/aqua.2023.217,structured supplement,article,FALSE,FALSE
aqua,10.2166/aqua.2023.231,no supplement,article,FALSE,FALSE
aqua,10.2166/aqua.2023.233,no supplement,article,FALSE,FALSE
aqua,10.2166/aqua.2023.003,structured supplement,article,FALSE,FALSE
aqua,10.2166/aqua.2023.090,no supplement,article,FALSE,FALSE
aqua,10.2166/aqua.2023.161,no supplement,article,FALSE,FALSE
aqua,10.2166/aqua.2023.173,no supplement,article,FALSE,FALSE
aqua,10.2166/aqua.2023.181,no supplement,article,FALSE,FALSE
aqua,10.2166/aqua.2023.188,structured supplement,article,FALSE,FALSE
aqua,10.2166/aqua.2023.211,structured supplement,article,FALSE,FALSE
aqua,10.2166/aqua.2023.213,no supplement,article,FALSE,FALSE
aqua,10.2166/aqua.2023.006,structured supplement,article,FALSE,FALSE
aqua,10.2166/aqua.2023.067,structured supplement,article,FALSE,FALSE
aqua,10.2166/aqua.2023.088,no supplement,article,FALSE,FALSE
aqua,10.2166/aqua.2023.097,no supplement,article,FALSE,FALSE
aqua,10.2166/aqua.2023.104,no supplement,article,FALSE,FALSE
aqua,10.2166/aqua.2023.120,structured supplement,article,FALSE,FALSE
aqua,10.2166/aqua.2023.123,no supplement,article,FALSE,FALSE
aqua,10.2166/aqua.2023.169,no supplement,article,FALSE,FALSE
aqua,10.2166/aqua.2023.184,no supplement,article,FALSE,FALSE
aqua,10.2166/aqua.2023.200,no supplement,article,FALSE,FALSE
aqua,10.2166/aqua.2023.013,no supplement,article,FALSE,FALSE
aqua,10.2166/aqua.2023.021,structured supplement,article,FALSE,FALSE
aqua,10.2166/aqua.2023.043,no supplement,article,FALSE,FALSE
aqua,10.2166/aqua.2023.047,no supplement,article,FALSE,FALSE
aqua,10.2166/aqua.2023.049,structured supplement,article,FALSE,FALSE
aqua,10.2166/aqua.2023.051,no supplement,article,FALSE,FALSE
aqua,10.2166/aqua.2023.122,no supplement,article,FALSE,FALSE
aqua,10.2166/aqua.2023.177,no supplement,article,FALSE,FALSE
aqua,10.2166/aqua.2023.199,no supplement,article,FALSE,FALSE
aqua,10.2166/aqua.2023.210,structured supplement,article,FALSE,FALSE
aqua,10.2166/aqua.2023.216,no supplement,article,FALSE,FALSE
aqua,10.2166/aqua.2023.010,no supplement,article,FALSE,FALSE
aqua,10.2166/aqua.2023.012,structured supplement,article,FALSE,FALSE
aqua,10.2166/aqua.2023.017,structured supplement,article,FALSE,FALSE
aqua,10.2166/aqua.2023.020,no supplement,article,FALSE,FALSE
aqua,10.2166/aqua.2023.027,no supplement,article,FALSE,FALSE
aqua,10.2166/aqua.2023.046,no supplement,article,FALSE,FALSE
aqua,10.2166/aqua.2023.102,no supplement,article,FALSE,FALSE
aqua,10.2166/aqua.2023.193,no supplement,article,FALSE,FALSE
aqua,10.2166/aqua.2023.195,no supplement,article,FALSE,FALSE
aqua,10.2166/aqua.2023.201,no supplement,article,FALSE,FALSE
aqua,10.2166/aqua.2023.222,no supplement,article,FALSE,FALSE
aqua,10.2166/aqua.2023.023,no supplement,article,FALSE,FALSE
aqua,10.2166/aqua.2023.032,no supplement,article,FALSE,FALSE
aqua,10.2166/aqua.2023.042,no supplement,article,FALSE,FALSE
aqua,10.2166/aqua.2023.086,no supplement,article,FALSE,FALSE
aqua,10.2166/aqua.2023.288,no supplement,article,FALSE,FALSE
aqua,10.2166/aqua.2023.290,no supplement,article,FALSE,FALSE
aqua,10.2166/aqua.2023.108,no supplement,article,FALSE,FALSE
aqua,10.2166/aqua.2023.137,no supplement,article,FALSE,FALSE
aqua,10.2166/aqua.2023.208,no supplement,article,FALSE,FALSE
aqua,10.2166/aqua.2023.035,no supplement,article,FALSE,FALSE
aqua,10.2166/aqua.2023.060,no supplement,article,FALSE,FALSE
aqua,10.2166/aqua.2023.063,structured supplement,article,FALSE,FALSE
aqua,10.2166/aqua.2023.074,no supplement,article,FALSE,FALSE
aqua,10.2166/aqua.2023.075,no supplement,article,FALSE,FALSE
aqua,10.2166/aqua.2023.089,no supplement,article,FALSE,FALSE
aqua,10.2166/aqua.2023.197,structured supplement,article,FALSE,FALSE
aqua,10.2166/aqua.2023.316,no supplement,review,FALSE,TRUE
aqua,10.2166/aqua.2023.098,no supplement,article,FALSE,FALSE
aqua,10.2166/aqua.2023.101,no supplement,article,FALSE,FALSE
aqua,10.2166/aqua.2023.226,no supplement,article,FALSE,FALSE
aqua,10.2166/aqua.2023.025,no supplement,article,FALSE,FALSE
aqua,10.2166/aqua.2023.048,no supplement,article,FALSE,FALSE
aqua,10.2166/aqua.2023.056,no supplement,article,FALSE,FALSE
aqua,10.2166/aqua.2023.093,no supplement,article,FALSE,FALSE
aqua,10.2166/aqua.2023.100,no supplement,article,FALSE,FALSE
aqua,10.2166/aqua.2023.304,no supplement,article,FALSE,FALSE
aqua,10.2166/aqua.2023.313,no supplement,article,FALSE,FALSE
aqua,10.2166/aqua.2023.118,no supplement,article,FALSE,FALSE
aqua,10.2166/aqua.2023.014,structured supplement,article,FALSE,FALSE
aqua,10.2166/aqua.2023.036,structured supplement,article,FALSE,FALSE
aqua,10.2166/aqua.2023.081,structured supplement,article,FALSE,FALSE
aqua,10.2166/aqua.2023.105,structured supplement,article,FALSE,FALSE
aqua,10.2166/aqua.2023.127,structured supplement,article,FALSE,FALSE
aqua,10.2166/aqua.2023.269,no supplement,article,FALSE,FALSE
aqua,10.2166/aqua.2023.388,structured supplement,article,FALSE,FALSE
aqua,10.2166/aqua.2023.192,no supplement,article,FALSE,FALSE
aqua,10.2166/aqua.2023.203,no supplement,article,FALSE,FALSE
aqua,10.2166/aqua.2023.038,no supplement,article,FALSE,FALSE
aqua,10.2166/aqua.2023.059,no supplement,article,FALSE,FALSE
aqua,10.2166/aqua.2023.062,structured supplement,article,FALSE,FALSE
aqua,10.2166/aqua.2023.071,no supplement,article,FALSE,FALSE
aqua,10.2166/aqua.2023.117,no supplement,article,FALSE,FALSE
aqua,10.2166/aqua.2023.242,no supplement,article,FALSE,FALSE
aqua,10.2166/aqua.2023.261,no supplement,article,FALSE,FALSE
aqua,10.2166/aqua.2023.284,structured supplement,article,FALSE,FALSE
aqua,10.2166/aqua.2023.189,no supplement,article,FALSE,FALSE
aqua,10.2166/aqua.2023.293,no supplement,article,FALSE,FALSE
aqua,10.2166/aqua.2023.299,structured supplement,article,FALSE,FALSE
aqua,10.2166/aqua.2023.301,no supplement,article,FALSE,FALSE
aqua,10.2166/aqua.2023.016,no supplement,article,FALSE,FALSE
aqua,10.2166/aqua.2023.132,structured supplement,article,FALSE,FALSE
aqua,10.2166/aqua.2023.133,no supplement,article,FALSE,FALSE
aqua,10.2166/aqua.2023.153,no supplement,article,FALSE,FALSE
aqua,10.2166/aqua.2023.168,structured supplement,article,FALSE,FALSE
aqua,10.2166/aqua.2023.276,structured supplement,article,FALSE,FALSE
aqua,10.2166/aqua.2023.278,structured supplement,article,FALSE,FALSE
aqua,10.2166/aqua.2023.180,unstructured supplement,article,FALSE,FALSE
aqua,10.2166/aqua.2023.390,no supplement,article,FALSE,FALSE
aqua,10.2166/aqua.2023.413,no supplement,article,FALSE,FALSE
aqua,10.2166/aqua.2023.215,structured supplement,article,FALSE,FALSE
aqua,10.2166/aqua.2023.318,no supplement,article,FALSE,FALSE
aqua,10.2166/aqua.2023.319,no supplement,article,FALSE,FALSE
aqua,10.2166/aqua.2024.110,no supplement,article,FALSE,FALSE
aqua,10.2166/aqua.2024.154,no supplement,article,FALSE,FALSE
aqua,10.2166/aqua.2024.196,structured supplement,article,FALSE,FALSE
aqua,10.2166/aqua.2024.211,no supplement,article,FALSE,FALSE
aqua,10.2166/aqua.2024.227,no supplement,article,FALSE,FALSE
aqua,10.2166/aqua.2023.236,no supplement,article,FALSE,FALSE
aqua,10.2166/aqua.2024.289,no supplement,article,FALSE,FALSE
aqua,10.2166/aqua.2024.173,no supplement,article,FALSE,FALSE
aqua,10.2166/aqua.2024.175,no supplement,article,FALSE,FALSE
aqua,10.2166/aqua.2024.221,structured supplement,article,FALSE,FALSE
aqua,10.2166/aqua.2024.224,no supplement,article,FALSE,FALSE
aqua,10.2166/aqua.2024.243,structured supplement,article,FALSE,FALSE
aqua,10.2166/aqua.2024.265,no supplement,article,FALSE,FALSE
aqua,10.2166/aqua.2024.266,structured supplement,article,FALSE,FALSE
aqua,10.2166/aqua.2024.292,no supplement,article,FALSE,FALSE
aqua,10.2166/aqua.2024.305,structured supplement,article,FALSE,FALSE
aqua,10.2166/aqua.2024.150,no supplement,article,FALSE,FALSE
aqua,10.2166/aqua.2024.209,no supplement,article,FALSE,FALSE
aqua,10.2166/aqua.2024.235,structured supplement,article,FALSE,FALSE
aqua,10.2166/aqua.2024.246,structured supplement,article,FALSE,FALSE
aqua,10.2166/aqua.2024.255,structured supplement,article,FALSE,FALSE
aqua,10.2166/aqua.2024.264,no supplement,article,FALSE,FALSE
aqua,10.2166/aqua.2024.296,no supplement,article,FALSE,FALSE
aqua,10.2166/aqua.2024.304,no supplement,article,FALSE,FALSE
aqua,10.2166/aqua.2024.307,structured supplement,article,FALSE,FALSE
aqua,10.2166/aqua.2024.318,no supplement,article,FALSE,FALSE
aqua,10.2166/aqua.2024.323,no supplement,article,FALSE,FALSE
aqua,10.2166/aqua.2024.010,no supplement,article,FALSE,FALSE
aqua,10.2166/aqua.2024.034,no supplement,article,FALSE,FALSE
aqua,10.2166/aqua.2024.194,no supplement,article,FALSE,FALSE
aqua,10.2166/aqua.2024.225,no supplement,article,FALSE,FALSE
aqua,10.2166/aqua.2024.240,no supplement,article,FALSE,FALSE
aqua,10.2166/aqua.2024.251,no supplement,article,FALSE,FALSE
aqua,10.2166/aqua.2024.300,no supplement,article,FALSE,FALSE
aqua,10.2166/aqua.2024.008,no supplement,article,FALSE,FALSE
aqua,10.2166/aqua.2024.012,no supplement,article,FALSE,FALSE
aqua,10.2166/aqua.2024.239,no supplement,article,FALSE,FALSE
aqua,10.2166/aqua.2024.317,no supplement,article,FALSE,FALSE
aqua,10.2166/aqua.2024.328,no supplement,article,FALSE,FALSE
aqua,10.2166/aqua.2024.329,unstructured supplement,article,FALSE,FALSE
aqua,10.2166/aqua.2024.331,structured supplement,article,FALSE,FALSE
aqua,10.2166/aqua.2024.335,structured supplement,article,FALSE,FALSE
aqua,10.2166/aqua.2024.009,no supplement,article,FALSE,FALSE
aqua,10.2166/aqua.2024.017,no supplement,article,FALSE,FALSE
aqua,10.2166/aqua.2024.040,structured supplement,article,FALSE,FALSE
aqua,10.2166/aqua.2024.056,no supplement,article,FALSE,FALSE
aqua,10.2166/aqua.2024.075,no supplement,article,FALSE,FALSE
aqua,10.2166/aqua.2024.077,structured supplement,article,FALSE,FALSE
aqua,10.2166/aqua.2024.079,no supplement,article,FALSE,FALSE
aqua,10.2166/aqua.2024.222,structured supplement,article,FALSE,FALSE
aqua,10.2166/aqua.2024.261,no supplement,article,FALSE,FALSE
aqua,10.2166/aqua.2024.326,no supplement,article,FALSE,FALSE
aqua,10.2166/aqua.2024.105,no supplement,article,FALSE,FALSE
aqua,10.2166/aqua.2024.006,no supplement,article,FALSE,FALSE
aqua,10.2166/aqua.2024.019,no supplement,article,FALSE,FALSE
aqua,10.2166/aqua.2024.033,no supplement,article,FALSE,FALSE
aqua,10.2166/aqua.2024.082,no supplement,article,FALSE,FALSE
aqua,10.2166/aqua.2024.085,no supplement,article,FALSE,FALSE
aqua,10.2166/aqua.2024.125,no supplement,article,FALSE,FALSE
aqua,10.2166/aqua.2024.278,no supplement,article,FALSE,FALSE
aqua,10.2166/aqua.2024.101,no supplement,article,FALSE,FALSE
aqua,10.2166/aqua.2024.023,no supplement,article,FALSE,FALSE
aqua,10.2166/aqua.2024.045,no supplement,article,FALSE,FALSE
aqua,10.2166/aqua.2024.083,no supplement,article,FALSE,FALSE
aqua,10.2166/aqua.2024.092,no supplement,article,FALSE,FALSE
aqua,10.2166/aqua.2024.129,no supplement,article,FALSE,FALSE
aqua,10.2166/aqua.2024.130,structured supplement,article,FALSE,FALSE
aqua,10.2166/aqua.2024.132,no supplement,article,FALSE,FALSE
aqua,10.2166/aqua.2024.135,no supplement,article,FALSE,FALSE
aqua,10.2166/aqua.2024.149,no supplement,article,FALSE,FALSE
aqua,10.2166/aqua.2024.152,no supplement,article,FALSE,FALSE
aqua,10.2166/aqua.2024.259,structured supplement,review,FALSE,TRUE
aqua,10.2166/aqua.2024.087,structured supplement,article,FALSE,FALSE
aqua,10.2166/aqua.2024.099,no supplement,article,FALSE,FALSE
aqua,10.2166/aqua.2024.212,structured supplement,article,FALSE,FALSE
aqua,10.2166/aqua.2024.115,no supplement,article,FALSE,FALSE
aqua,10.2166/aqua.2024.161,no supplement,article,FALSE,FALSE
aqua,10.2166/aqua.2024.180,no supplement,article,FALSE,FALSE
aqua,10.2166/aqua.2024.201,no supplement,article,FALSE,FALSE
aqua,10.2166/aqua.2024.411,structured supplement,article,FALSE,FALSE
aqua,10.2166/aqua.2024.322,no supplement,article,FALSE,FALSE
aqua,10.2166/aqua.2024.089,no supplement,article,FALSE,FALSE
aqua,10.2166/aqua.2024.118,no supplement,article,FALSE,FALSE
aqua,10.2166/aqua.2024.123,no supplement,article,FALSE,FALSE
aqua,10.2166/aqua.2024.182,structured supplement,article,FALSE,FALSE
aqua,10.2166/aqua.2024.203,structured supplement,article,FALSE,FALSE
aqua,10.2166/aqua.2024.321,no supplement,article,FALSE,FALSE
aqua,10.2166/aqua.2024.427,no supplement,article,FALSE,FALSE
aqua,10.2166/aqua.2024.205,structured supplement,article,FALSE,FALSE
aqua,10.2166/aqua.2024.172,no supplement,article,FALSE,FALSE
aqua,10.2166/aqua.2024.188,no supplement,article,FALSE,FALSE
aqua,10.2166/aqua.2024.195,no supplement,article,FALSE,FALSE
aqua,10.2166/aqua.2024.206,no supplement,article,FALSE,FALSE
aqua,10.2166/aqua.2024.233,no supplement,article,FALSE,FALSE
aqua,10.2166/aqua.2024.179,no supplement,article,FALSE,FALSE
aqua,10.2166/aqua.2024.091,no supplement,article,FALSE,FALSE
aqua,10.2166/aqua.2024.400,no supplement,article,FALSE,FALSE
aqua,10.2166/aqua.2024.207,structured supplement,article,FALSE,FALSE
aqua,10.2166/aqua.2024.215,no supplement,article,FALSE,FALSE
aqua,10.2166/aqua.2024.229,no supplement,article,FALSE,FALSE
aqua,10.2166/aqua.2024.268,no supplement,article,FALSE,FALSE
aqua,10.2166/aqua.2024.199,no supplement,article,FALSE,FALSE
aqua,10.2166/aqua.2024.236,no supplement,article,FALSE,FALSE
aqua,10.2166/aqua.2024.244,structured supplement,article,FALSE,FALSE
aqua,10.2166/aqua.2024.360,no supplement,article,FALSE,FALSE
aqua,10.2166/aqua.2024.281,no supplement,article,FALSE,FALSE
aqua,10.2166/aqua.2024.510,no supplement,article,FALSE,FALSE
aqua,10.2166/aqua.2024.247,no supplement,article,FALSE,FALSE
aqua,10.2166/aqua.2024.284,no supplement,article,FALSE,FALSE
aqua,10.2166/aqua.2024.288,no supplement,article,FALSE,FALSE
aqua,10.2166/aqua.2025.238,no supplement,article,FALSE,FALSE
aqua,10.2166/aqua.2025.240,no supplement,article,FALSE,FALSE
aqua,10.2166/aqua.2025.263,structured supplement,article,FALSE,FALSE
aqua,10.2166/aqua.2025.270,no supplement,article,FALSE,FALSE
aqua,10.2166/aqua.2025.274,no supplement,article,FALSE,FALSE
aqua,10.2166/aqua.2025.291,structured supplement,article,FALSE,FALSE
aqua,10.2166/aqua.2025.292,no supplement,article,FALSE,FALSE
aqua,10.2166/aqua.2025.257,no supplement,article,FALSE,FALSE
aqua,10.2166/aqua.2025.258,no supplement,article,FALSE,FALSE
aqua,10.2166/aqua.2025.297,no supplement,article,FALSE,FALSE
aqua,10.2166/aqua.2025.249,no supplement,article,FALSE,FALSE
aqua,10.2166/aqua.2025.026,no supplement,article,FALSE,FALSE
aqua,10.2166/aqua.2025.012,no supplement,article,FALSE,FALSE
aqua,10.2166/aqua.2025.280,no supplement,article,FALSE,FALSE
aqua,10.2166/aqua.2025.296,no supplement,article,FALSE,FALSE
aqua,10.2166/aqua.2025.004,no supplement,article,FALSE,FALSE
aqua,10.2166/aqua.2025.009,no supplement,article,FALSE,FALSE
aqua,10.2166/aqua.2025.027,no supplement,NA,FALSE,FALSE
aqua,10.2166/aqua.2025.031,no supplement,article,FALSE,FALSE
aqua,10.2166/aqua.2025.045,no supplement,article,FALSE,FALSE
aqua,10.2166/aqua.2025.047,unstructured supplement,article,FALSE,FALSE
aqua,10.2166/aqua.2025.032,structured supplement,article,FALSE,FALSE
aqua,10.2166/aqua.2025.044,structured supplement,article,FALSE,FALSE
aqua,10.2166/aqua.2025.014,no supplement,article,FALSE,FALSE
aqua,10.2166/aqua.2025.036,structured supplement,article,FALSE,FALSE
aqua,10.2166/aqua.2025.310,no supplement,article,FALSE,FALSE
aqua,10.2166/aqua.2025.033,no supplement,article,FALSE,FALSE
aqua,10.2166/aqua.2025.094,no supplement,article,FALSE,FALSE
aqua,10.2166/aqua.2025.116,no supplement,article,FALSE,FALSE
aqua,10.2166/aqua.2026.061,no supplement,article,FALSE,FALSE
aqua,10.2166/aqua.2026.085,no supplement,article,FALSE,FALSE
aqua,10.2166/aqua.2026.125,no supplement,article,FALSE,FALSE
aqua,10.2166/aqua.2026.110,structured supplement,article,FALSE,FALSE
aqua,10.2166/aqua.2026.147,structured supplement,article,FALSE,FALSE
ws,10.2166/ws.2020.137,no supplement,article,FALSE,FALSE
ws,10.2166/ws.2020.147,no supplement,article,FALSE,FALSE
ws,10.2166/ws.2020.166,no supplement,article,FALSE,FALSE
ws,10.2166/ws.2020.164,no supplement,article,FALSE,FALSE
ws,10.2166/ws.2020.264,no supplement,article,FALSE,FALSE
ws,10.2166/ws.2020.202,no supplement,article,FALSE,FALSE
ws,10.2166/ws.2020.187,no supplement,article,FALSE,FALSE
ws,10.2166/ws.2020.209,no supplement,article,FALSE,FALSE
ws,10.2166/ws.2020.236,no supplement,article,FALSE,FALSE
ws,10.2166/ws.2020.239,structured supplement,article,FALSE,FALSE
ws,10.2166/ws.2020.289,structured supplement,article,FALSE,FALSE
ws,10.2166/ws.2020.275,structured supplement,article,FALSE,FALSE
ws,10.2166/ws.2020.285,no supplement,article,FALSE,FALSE
ws,10.2166/ws.2020.339,no supplement,article,FALSE,FALSE
ws,10.2166/ws.2020.335,no supplement,article,FALSE,FALSE
ws,10.2166/ws.2020.331,no supplement,article,FALSE,FALSE
ws,10.2166/ws.2020.336,no supplement,article,FALSE,FALSE
ws,10.2166/ws.2020.341,no supplement,article,FALSE,FALSE
ws,10.2166/ws.2020.297,no supplement,article,FALSE,FALSE
ws,10.2166/ws.2020.358,no supplement,article,FALSE,FALSE
ws,10.2166/ws.2020.359,no supplement,article,FALSE,FALSE
ws,10.2166/ws.2020.325,no supplement,article,FALSE,FALSE
ws,10.2166/ws.2020.354,no supplement,article,FALSE,FALSE
ws,10.2166/ws.2020.362,no supplement,article,FALSE,FALSE
ws,10.2166/ws.2020.296,no supplement,article,FALSE,FALSE
ws,10.2166/ws.2020.309,no supplement,article,FALSE,FALSE
ws,10.2166/ws.2020.308,no supplement,article,FALSE,FALSE
ws,10.2166/ws.2020.321,structured supplement,article,FALSE,FALSE
ws,10.2166/ws.2020.352,no supplement,article,FALSE,FALSE
ws,10.2166/ws.2020.350,no supplement,article,FALSE,FALSE
ws,10.2166/ws.2020.351,no supplement,article,FALSE,FALSE
ws,10.2166/ws.2020.357,no supplement,article,FALSE,FALSE
ws,10.2166/ws.2020.370,no supplement,article,FALSE,FALSE
ws,10.2166/ws.2020.360,structured supplement,article,FALSE,FALSE
ws,10.2166/ws.2020.367,no supplement,article,FALSE,FALSE
ws,10.2166/ws.2020.298,no supplement,article,FALSE,FALSE
ws,10.2166/ws.2020.355,no supplement,article,FALSE,FALSE
ws,10.2166/ws.2020.368,structured supplement,article,FALSE,FALSE
ws,10.2166/ws.2020.247,no supplement,article,FALSE,FALSE
ws,10.2166/ws.2020.374,structured supplement,article,FALSE,FALSE
ws,10.2166/ws.2020.253,no supplement,article,FALSE,FALSE
ws,10.2166/ws.2020.237,no supplement,article,FALSE,FALSE
ws,10.2166/ws.2021.006,structured supplement,article,FALSE,FALSE
ws,10.2166/ws.2020.254,no supplement,article,FALSE,FALSE
ws,10.2166/ws.2020.284,no supplement,article,FALSE,FALSE
ws,10.2166/ws.2020.287,no supplement,article,FALSE,FALSE
ws,10.2166/ws.2020.286,no supplement,article,FALSE,FALSE
ws,10.2166/ws.2020.312,no supplement,article,FALSE,FALSE
ws,10.2166/ws.2020.344,no supplement,article,FALSE,FALSE
ws,10.2166/ws.2020.356,no supplement,article,FALSE,FALSE
ws,10.2166/ws.2020.373,structured supplement,article,FALSE,FALSE
ws,10.2166/ws.2020.380,no supplement,article,FALSE,FALSE
ws,10.2166/ws.2021.011,no supplement,article,FALSE,FALSE
ws,10.2166/ws.2021.012,no supplement,article,FALSE,FALSE
ws,10.2166/ws.2020.375,no supplement,article,FALSE,FALSE
ws,10.2166/ws.2020.363,structured supplement,article,FALSE,FALSE
ws,10.2166/ws.2020.379,no supplement,article,FALSE,FALSE
ws,10.2166/ws.2020.369,no supplement,article,FALSE,FALSE
ws,10.2166/ws.2020.366,no supplement,article,FALSE,FALSE
ws,10.2166/ws.2020.371,no supplement,article,FALSE,FALSE
ws,10.2166/ws.2020.382,no supplement,article,FALSE,FALSE
ws,10.2166/ws.2020.324,structured supplement,article,FALSE,FALSE
ws,10.2166/ws.2020.376,structured supplement,article,FALSE,FALSE
ws,10.2166/ws.2020.378,no supplement,article,FALSE,FALSE
ws,10.2166/ws.2020.381,no supplement,article,FALSE,FALSE
ws,10.2166/ws.2020.334,no supplement,article,FALSE,FALSE
ws,10.2166/ws.2020.377,no supplement,article,FALSE,FALSE
ws,10.2166/ws.2021.005,no supplement,article,FALSE,FALSE
ws,10.2166/ws.2020.283,no supplement,article,FALSE,FALSE
ws,10.2166/ws.2021.004,no supplement,article,FALSE,FALSE
ws,10.2166/ws.2021.021,no supplement,article,FALSE,FALSE
ws,10.2166/ws.2021.031,no supplement,article,FALSE,FALSE
ws,10.2166/ws.2020.323,no supplement,article,FALSE,FALSE
ws,10.2166/ws.2020.292,no supplement,article,FALSE,FALSE
ws,10.2166/ws.2020.364,no supplement,article,FALSE,FALSE
ws,10.2166/ws.2021.010,no supplement,article,FALSE,FALSE
ws,10.2166/ws.2021.013,no supplement,article,FALSE,FALSE
ws,10.2166/ws.2021.023,no supplement,article,FALSE,FALSE
ws,10.2166/ws.2021.024,no supplement,article,FALSE,FALSE
ws,10.2166/ws.2021.014,structured supplement,article,FALSE,FALSE
ws,10.2166/ws.2021.028,unstructured supplement,article,FALSE,FALSE
ws,10.2166/ws.2021.032,no supplement,article,FALSE,FALSE
ws,10.2166/ws.2020.343,no supplement,article,FALSE,FALSE
ws,10.2166/ws.2021.030,no supplement,article,FALSE,FALSE
ws,10.2166/ws.2021.037,no supplement,article,FALSE,FALSE
ws,10.2166/ws.2021.042,structured supplement,article,FALSE,FALSE
ws,10.2166/ws.2021.001,no supplement,article,FALSE,FALSE
ws,10.2166/ws.2021.009,structured supplement,article,FALSE,FALSE
ws,10.2166/ws.2021.017,no supplement,article,FALSE,FALSE
ws,10.2166/ws.2021.015,structured supplement,article,FALSE,FALSE
ws,10.2166/ws.2021.022,no supplement,article,FALSE,FALSE
ws,10.2166/ws.2021.026,structured supplement,article,FALSE,FALSE
ws,10.2166/ws.2021.029,no supplement,article,FALSE,FALSE
ws,10.2166/ws.2020.349,no supplement,article,FALSE,FALSE
ws,10.2166/ws.2020.345,no supplement,article,FALSE,FALSE
ws,10.2166/ws.2021.018,no supplement,article,FALSE,FALSE
ws,10.2166/ws.2021.034,no supplement,article,FALSE,FALSE
ws,10.2166/ws.2021.035,structured supplement,article,FALSE,FALSE
ws,10.2166/ws.2020.340,no supplement,article,FALSE,FALSE
ws,10.2166/ws.2021.020,no supplement,article,FALSE,FALSE
ws,10.2166/ws.2020.290,no supplement,article,FALSE,FALSE
ws,10.2166/ws.2020.304,no supplement,article,FALSE,FALSE
ws,10.2166/ws.2020.276,no supplement,article,FALSE,FALSE
ws,10.2166/ws.2020.268,no supplement,article,FALSE,FALSE
ws,10.2166/ws.2020.294,no supplement,article,FALSE,FALSE
ws,10.2166/ws.2021.033,structured supplement,article,FALSE,FALSE
ws,10.2166/ws.2020.291,no supplement,article,FALSE,FALSE
ws,10.2166/ws.2020.303,no supplement,article,FALSE,FALSE
ws,10.2166/ws.2020.293,structured supplement,article,FALSE,FALSE
ws,10.2166/ws.2020.306,no supplement,article,FALSE,FALSE
ws,10.2166/ws.2020.347,structured supplement,article,FALSE,FALSE
ws,10.2166/ws.2021.008,no supplement,article,FALSE,FALSE
ws,10.2166/ws.2020.314,unstructured supplement,article,FALSE,FALSE
ws,10.2166/ws.2020.315,no supplement,article,FALSE,FALSE
ws,10.2166/ws.2020.265,no supplement,article,FALSE,FALSE
ws,10.2166/ws.2021.036,structured supplement,article,FALSE,FALSE
ws,10.2166/ws.2021.043,no supplement,article,FALSE,FALSE
ws,10.2166/ws.2021.040,no supplement,article,FALSE,FALSE
ws,10.2166/ws.2021.054,no supplement,article,FALSE,FALSE
ws,10.2166/ws.2021.057,no supplement,article,FALSE,FALSE
ws,10.2166/ws.2021.060,no supplement,article,FALSE,FALSE
ws,10.2166/ws.2021.056,structured supplement,article,FALSE,FALSE
ws,10.2166/ws.2021.075,no supplement,article,FALSE,FALSE
ws,10.2166/ws.2021.059,structured supplement,article,FALSE,FALSE
ws,10.2166/ws.2021.045,no supplement,article,FALSE,FALSE
ws,10.2166/ws.2021.046,no supplement,article,FALSE,FALSE
ws,10.2166/ws.2021.050,no supplement,article,FALSE,FALSE
ws,10.2166/ws.2021.065,no supplement,article,FALSE,FALSE
ws,10.2166/ws.2021.074,structured supplement,article,FALSE,FALSE
ws,10.2166/ws.2021.077,no supplement,article,FALSE,FALSE
ws,10.2166/ws.2021.078,no supplement,article,FALSE,FALSE
ws,10.2166/ws.2021.048,no supplement,article,FALSE,FALSE
ws,10.2166/ws.2021.052,structured supplement,article,FALSE,FALSE
ws,10.2166/ws.2021.044,no supplement,article,FALSE,FALSE
ws,10.2166/ws.2021.053,no supplement,article,FALSE,FALSE
ws,10.2166/ws.2021.064,no supplement,article,FALSE,FALSE
ws,10.2166/ws.2021.072,structured supplement,article,FALSE,FALSE
ws,10.2166/ws.2020.270,no supplement,article,FALSE,FALSE
ws,10.2166/ws.2021.095,no supplement,article,FALSE,FALSE
ws,10.2166/ws.2021.133,no supplement,article,FALSE,FALSE
ws,10.2166/ws.2021.217,no supplement,article,FALSE,FALSE
ws,10.2166/ws.2020.266,no supplement,article,FALSE,FALSE
ws,10.2166/ws.2020.299,no supplement,article,FALSE,FALSE
ws,10.2166/ws.2021.066,no supplement,article,FALSE,FALSE
ws,10.2166/ws.2021.099,no supplement,article,FALSE,FALSE
ws,10.2166/ws.2021.138,no supplement,article,FALSE,FALSE
ws,10.2166/ws.2021.113,no supplement,article,FALSE,FALSE
ws,10.2166/ws.2021.097,structured supplement,article,FALSE,FALSE
ws,10.2166/ws.2020.198,no supplement,article,FALSE,FALSE
ws,10.2166/ws.2021.025,no supplement,article,FALSE,FALSE
ws,10.2166/ws.2020.231,no supplement,article,FALSE,FALSE
ws,10.2166/ws.2020.280,no supplement,article,FALSE,FALSE
ws,10.2166/ws.2020.281,no supplement,article,FALSE,FALSE
ws,10.2166/ws.2020.271,no supplement,article,FALSE,FALSE
ws,10.2166/ws.2021.079,no supplement,article,FALSE,FALSE
ws,10.2166/ws.2021.038,no supplement,article,FALSE,FALSE
ws,10.2166/ws.2021.051,no supplement,article,FALSE,FALSE
ws,10.2166/ws.2021.098,no supplement,article,FALSE,FALSE
ws,10.2166/ws.2021.155,no supplement,article,FALSE,FALSE
ws,10.2166/ws.2020.262,no supplement,article,FALSE,FALSE
ws,10.2166/ws.2021.132,no supplement,article,FALSE,FALSE
ws,10.2166/ws.2021.068,no supplement,article,FALSE,FALSE
ws,10.2166/ws.2021.118,no supplement,article,FALSE,FALSE
ws,10.2166/ws.2020.302,no supplement,article,FALSE,FALSE
ws,10.2166/ws.2021.083,no supplement,article,FALSE,FALSE
ws,10.2166/ws.2021.067,no supplement,article,FALSE,FALSE
ws,10.2166/ws.2021.070,no supplement,article,FALSE,FALSE
ws,10.2166/ws.2021.073,no supplement,article,FALSE,FALSE
ws,10.2166/ws.2021.102,no supplement,article,FALSE,FALSE
ws,10.2166/ws.2021.080,no supplement,article,FALSE,FALSE
ws,10.2166/ws.2021.084,no supplement,article,FALSE,FALSE
ws,10.2166/ws.2021.086,no supplement,article,FALSE,FALSE
ws,10.2166/ws.2021.087,no supplement,article,FALSE,FALSE
ws,10.2166/ws.2021.089,no supplement,article,FALSE,FALSE
ws,10.2166/ws.2021.085,no supplement,article,FALSE,FALSE
ws,10.2166/ws.2021.115,no supplement,article,FALSE,FALSE
ws,10.2166/ws.2021.082,no supplement,article,FALSE,FALSE
ws,10.2166/ws.2021.090,structured supplement,article,FALSE,FALSE
ws,10.2166/ws.2021.096,no supplement,article,FALSE,FALSE
ws,10.2166/ws.2021.101,no supplement,article,FALSE,FALSE
ws,10.2166/ws.2021.121,no supplement,article,FALSE,FALSE
ws,10.2166/ws.2021.081,no supplement,article,FALSE,FALSE
ws,10.2166/ws.2021.092,no supplement,article,FALSE,FALSE
ws,10.2166/ws.2021.100,no supplement,article,FALSE,FALSE
ws,10.2166/ws.2021.103,structured supplement,article,FALSE,FALSE
ws,10.2166/ws.2021.104,no supplement,article,FALSE,FALSE
ws,10.2166/ws.2021.128,no supplement,article,FALSE,FALSE
ws,10.2166/ws.2021.105,no supplement,article,FALSE,FALSE
ws,10.2166/ws.2021.107,unstructured supplement,article,FALSE,FALSE
ws,10.2166/ws.2021.112,no supplement,article,FALSE,FALSE
ws,10.2166/ws.2021.110,no supplement,article,FALSE,FALSE
ws,10.2166/ws.2021.116,no supplement,article,FALSE,FALSE
ws,10.2166/ws.2021.117,no supplement,article,FALSE,FALSE
ws,10.2166/ws.2021.119,no supplement,article,FALSE,FALSE
ws,10.2166/ws.2021.120,structured supplement,article,FALSE,FALSE
ws,10.2166/ws.2021.122,structured supplement,article,FALSE,FALSE
ws,10.2166/ws.2021.123,no supplement,article,FALSE,FALSE
ws,10.2166/ws.2021.125,structured supplement,article,FALSE,FALSE
ws,10.2166/ws.2021.126,no supplement,article,FALSE,FALSE
ws,10.2166/ws.2021.130,no supplement,article,FALSE,FALSE
ws,10.2166/ws.2021.136,no supplement,article,FALSE,FALSE
ws,10.2166/ws.2021.131,no supplement,article,FALSE,FALSE
ws,10.2166/ws.2021.137,no supplement,article,FALSE,FALSE
ws,10.2166/ws.2021.135,no supplement,article,FALSE,FALSE
ws,10.2166/ws.2021.134,no supplement,article,FALSE,FALSE
ws,10.2166/ws.2021.139,no supplement,article,FALSE,FALSE
ws,10.2166/ws.2021.144,no supplement,article,FALSE,FALSE
ws,10.2166/ws.2021.140,no supplement,article,FALSE,FALSE
ws,10.2166/ws.2021.147,no supplement,article,FALSE,FALSE
ws,10.2166/ws.2021.143,structured supplement,article,FALSE,FALSE
ws,10.2166/ws.2021.141,no supplement,article,FALSE,FALSE
ws,10.2166/ws.2021.145,no supplement,article,FALSE,FALSE
ws,10.2166/ws.2021.149,no supplement,article,FALSE,FALSE
ws,10.2166/ws.2021.146,no supplement,article,FALSE,FALSE
ws,10.2166/ws.2021.150,no supplement,article,FALSE,FALSE
ws,10.2166/ws.2021.153,no supplement,article,FALSE,FALSE
ws,10.2166/ws.2021.151,no supplement,article,FALSE,FALSE
ws,10.2166/ws.2021.154,no supplement,article,FALSE,FALSE
ws,10.2166/ws.2021.156,no supplement,article,FALSE,FALSE
ws,10.2166/ws.2021.158,no supplement,article,FALSE,FALSE
ws,10.2166/ws.2021.159,no supplement,article,FALSE,FALSE
ws,10.2166/ws.2021.160,structured supplement,article,FALSE,FALSE
ws,10.2166/ws.2021.161,structured supplement,article,FALSE,FALSE
ws,10.2166/ws.2021.162,no supplement,article,FALSE,FALSE
ws,10.2166/ws.2021.164,structured supplement,article,FALSE,FALSE
ws,10.2166/ws.2021.167,no supplement,article,FALSE,FALSE
ws,10.2166/ws.2021.165,no supplement,article,FALSE,FALSE
ws,10.2166/ws.2021.169,no supplement,article,FALSE,FALSE
ws,10.2166/ws.2021.166,structured supplement,article,FALSE,FALSE
ws,10.2166/ws.2021.168,no supplement,article,FALSE,FALSE
ws,10.2166/ws.2021.170,no supplement,article,FALSE,FALSE
ws,10.2166/ws.2021.175,no supplement,article,FALSE,FALSE
ws,10.2166/ws.2021.176,no supplement,article,FALSE,FALSE
ws,10.2166/ws.2021.174,no supplement,article,FALSE,FALSE
ws,10.2166/ws.2021.177,structured supplement,article,FALSE,FALSE
ws,10.2166/ws.2021.184,no supplement,article,FALSE,FALSE
ws,10.2166/ws.2021.178,no supplement,article,FALSE,FALSE
ws,10.2166/ws.2021.179,no supplement,article,FALSE,FALSE
ws,10.2166/ws.2021.181,no supplement,article,FALSE,FALSE
ws,10.2166/ws.2021.183,no supplement,article,FALSE,FALSE
ws,10.2166/ws.2021.185,structured supplement,article,FALSE,FALSE
ws,10.2166/ws.2021.208,no supplement,article,FALSE,FALSE
ws,10.2166/ws.2021.186,no supplement,article,FALSE,FALSE
ws,10.2166/ws.2021.191,no supplement,article,FALSE,FALSE
ws,10.2166/ws.2021.187,structured supplement,article,FALSE,FALSE
ws,10.2166/ws.2021.188,no supplement,article,FALSE,FALSE
ws,10.2166/ws.2021.189,no supplement,article,FALSE,FALSE
ws,10.2166/ws.2021.190,no supplement,article,FALSE,FALSE
ws,10.2166/ws.2021.194,no supplement,article,FALSE,FALSE
ws,10.2166/ws.2021.193,no supplement,article,FALSE,FALSE
ws,10.2166/ws.2021.195,structured supplement,article,FALSE,FALSE
ws,10.2166/ws.2021.197,no supplement,article,FALSE,FALSE
ws,10.2166/ws.2021.199,no supplement,article,FALSE,FALSE
ws,10.2166/ws.2021.200,no supplement,article,FALSE,FALSE
ws,10.2166/ws.2021.196,no supplement,article,FALSE,FALSE
ws,10.2166/ws.2021.203,no supplement,article,FALSE,FALSE
ws,10.2166/ws.2021.204,no supplement,article,FALSE,FALSE
ws,10.2166/ws.2021.205,structured supplement,article,FALSE,FALSE
ws,10.2166/ws.2021.206,no supplement,article,FALSE,FALSE
ws,10.2166/ws.2021.237,no supplement,article,FALSE,FALSE
ws,10.2166/ws.2021.294,no supplement,article,FALSE,FALSE
ws,10.2166/ws.2021.291,structured supplement,article,FALSE,FALSE
ws,10.2166/ws.2021.288,no supplement,article,FALSE,FALSE
ws,10.2166/ws.2021.289,no supplement,article,FALSE,FALSE
ws,10.2166/ws.2021.290,no supplement,article,FALSE,FALSE
ws,10.2166/ws.2021.285,no supplement,article,FALSE,FALSE
ws,10.2166/ws.2021.286,structured supplement,article,FALSE,FALSE
ws,10.2166/ws.2021.287,no supplement,article,FALSE,FALSE
ws,10.2166/ws.2021.280,structured supplement,article,FALSE,FALSE
ws,10.2166/ws.2021.281,no supplement,article,FALSE,FALSE
ws,10.2166/ws.2021.283,no supplement,article,FALSE,FALSE
ws,10.2166/ws.2021.284,structured supplement,article,FALSE,FALSE
ws,10.2166/ws.2021.276,no supplement,article,FALSE,FALSE
ws,10.2166/ws.2021.277,no supplement,article,FALSE,FALSE
ws,10.2166/ws.2021.278,structured supplement,article,FALSE,FALSE
ws,10.2166/ws.2021.279,no supplement,article,FALSE,FALSE
ws,10.2166/ws.2021.275,structured supplement,article,FALSE,FALSE
ws,10.2166/ws.2021.274,no supplement,article,FALSE,FALSE
ws,10.2166/ws.2021.271,no supplement,article,FALSE,FALSE
ws,10.2166/ws.2021.273,no supplement,article,FALSE,FALSE
ws,10.2166/ws.2021.269,structured supplement,article,FALSE,FALSE
ws,10.2166/ws.2021.270,no supplement,article,FALSE,FALSE
ws,10.2166/ws.2021.265,no supplement,article,FALSE,FALSE
ws,10.2166/ws.2021.268,no supplement,article,FALSE,FALSE
ws,10.2166/ws.2021.260,structured supplement,article,FALSE,FALSE
ws,10.2166/ws.2021.264,structured supplement,article,FALSE,FALSE
ws,10.2166/ws.2021.262,no supplement,article,FALSE,FALSE
ws,10.2166/ws.2021.258,structured supplement,article,FALSE,FALSE
ws,10.2166/ws.2021.259,no supplement,article,FALSE,FALSE
ws,10.2166/ws.2021.256,no supplement,article,FALSE,FALSE
ws,10.2166/ws.2021.257,no supplement,article,FALSE,FALSE
ws,10.2166/ws.2021.254,no supplement,article,FALSE,FALSE
ws,10.2166/ws.2021.251,no supplement,article,FALSE,FALSE
ws,10.2166/ws.2021.252,structured supplement,article,FALSE,FALSE
ws,10.2166/ws.2021.253,no supplement,article,FALSE,FALSE
ws,10.2166/ws.2021.246,no supplement,article,FALSE,FALSE
ws,10.2166/ws.2021.247,no supplement,article,FALSE,FALSE
ws,10.2166/ws.2021.249,no supplement,article,FALSE,FALSE
ws,10.2166/ws.2021.250,no supplement,article,FALSE,FALSE
ws,10.2166/ws.2021.240,no supplement,article,FALSE,FALSE
ws,10.2166/ws.2021.241,no supplement,article,FALSE,FALSE
ws,10.2166/ws.2021.242,no supplement,article,FALSE,FALSE
ws,10.2166/ws.2021.238,no supplement,article,FALSE,FALSE
ws,10.2166/ws.2021.231,no supplement,article,FALSE,FALSE
ws,10.2166/ws.2021.232,structured supplement,article,FALSE,FALSE
ws,10.2166/ws.2021.234,unstructured supplement,article,FALSE,FALSE
ws,10.2166/ws.2021.235,no supplement,article,FALSE,FALSE
ws,10.2166/ws.2021.236,no supplement,article,FALSE,FALSE
ws,10.2166/ws.2021.229,no supplement,article,FALSE,FALSE
ws,10.2166/ws.2021.226,no supplement,article,FALSE,FALSE
ws,10.2166/ws.2021.227,structured supplement,article,FALSE,FALSE
ws,10.2166/ws.2021.223,no supplement,article,FALSE,FALSE
ws,10.2166/ws.2021.224,no supplement,article,FALSE,FALSE
ws,10.2166/ws.2021.225,no supplement,article,FALSE,FALSE
ws,10.2166/ws.2021.220,no supplement,article,FALSE,FALSE
ws,10.2166/ws.2021.219,structured supplement,article,FALSE,FALSE
ws,10.2166/ws.2021.216,no supplement,article,FALSE,FALSE
ws,10.2166/ws.2021.218,no supplement,article,FALSE,FALSE
ws,10.2166/ws.2021.214,no supplement,article,FALSE,FALSE
ws,10.2166/ws.2021.215,no supplement,article,FALSE,FALSE
ws,10.2166/ws.2021.212,structured supplement,article,FALSE,FALSE
ws,10.2166/ws.2021.213,no supplement,article,FALSE,FALSE
ws,10.2166/ws.2021.209,no supplement,article,FALSE,FALSE
ws,10.2166/ws.2021.207,no supplement,article,FALSE,FALSE
ws,10.2166/ws.2021.211,no supplement,article,FALSE,FALSE
ws,10.2166/ws.2021.202,no supplement,article,FALSE,FALSE
ws,10.2166/ws.2021.282,structured supplement,article,FALSE,FALSE
ws,10.2166/ws.2021.358,no supplement,article,FALSE,FALSE
ws,10.2166/ws.2021.356,no supplement,article,FALSE,FALSE
ws,10.2166/ws.2021.355,no supplement,article,FALSE,FALSE
ws,10.2166/ws.2021.353,no supplement,article,FALSE,FALSE
ws,10.2166/ws.2021.354,no supplement,article,FALSE,FALSE
ws,10.2166/ws.2021.352,no supplement,article,FALSE,FALSE
ws,10.2166/ws.2021.348,structured supplement,article,FALSE,FALSE
ws,10.2166/ws.2021.349,no supplement,article,FALSE,FALSE
ws,10.2166/ws.2021.350,no supplement,article,FALSE,FALSE
ws,10.2166/ws.2021.351,structured supplement,article,FALSE,FALSE
ws,10.2166/ws.2021.343,no supplement,article,FALSE,FALSE
ws,10.2166/ws.2021.344,structured supplement,article,FALSE,FALSE
ws,10.2166/ws.2021.345,no supplement,article,FALSE,FALSE
ws,10.2166/ws.2021.346,no supplement,article,FALSE,FALSE
ws,10.2166/ws.2021.342,no supplement,article,FALSE,FALSE
ws,10.2166/ws.2021.341,no supplement,article,FALSE,FALSE
ws,10.2166/ws.2021.340,no supplement,article,FALSE,FALSE
ws,10.2166/ws.2021.338,no supplement,article,FALSE,FALSE
ws,10.2166/ws.2021.332,no supplement,article,FALSE,FALSE
ws,10.2166/ws.2021.333,no supplement,article,FALSE,FALSE
ws,10.2166/ws.2021.335,no supplement,article,FALSE,FALSE
ws,10.2166/ws.2021.336,structured supplement,article,FALSE,FALSE
ws,10.2166/ws.2021.331,no supplement,article,FALSE,FALSE
ws,10.2166/ws.2021.330,no supplement,article,FALSE,FALSE
ws,10.2166/ws.2021.329,no supplement,article,FALSE,FALSE
ws,10.2166/ws.2021.327,no supplement,article,FALSE,FALSE
ws,10.2166/ws.2021.325,no supplement,article,FALSE,FALSE
ws,10.2166/ws.2021.320,no supplement,article,FALSE,FALSE
ws,10.2166/ws.2021.321,no supplement,article,FALSE,FALSE
ws,10.2166/ws.2021.323,no supplement,article,FALSE,FALSE
ws,10.2166/ws.2021.314,no supplement,article,FALSE,FALSE
ws,10.2166/ws.2021.316,no supplement,article,FALSE,FALSE
ws,10.2166/ws.2021.319,no supplement,article,FALSE,FALSE
ws,10.2166/ws.2021.317,structured supplement,article,FALSE,FALSE
ws,10.2166/ws.2021.318,no supplement,article,FALSE,FALSE
ws,10.2166/ws.2021.307,structured supplement,article,FALSE,FALSE
ws,10.2166/ws.2021.308,no supplement,article,FALSE,FALSE
ws,10.2166/ws.2021.309,no supplement,article,FALSE,FALSE
ws,10.2166/ws.2021.310,structured supplement,article,FALSE,FALSE
ws,10.2166/ws.2021.311,structured supplement,article,FALSE,FALSE
ws,10.2166/ws.2021.312,no supplement,article,FALSE,FALSE
ws,10.2166/ws.2021.304,no supplement,article,FALSE,FALSE
ws,10.2166/ws.2021.299,no supplement,article,FALSE,FALSE
ws,10.2166/ws.2021.301,no supplement,article,FALSE,FALSE
ws,10.2166/ws.2021.297,structured supplement,article,FALSE,FALSE
ws,10.2166/ws.2021.298,no supplement,article,FALSE,FALSE
ws,10.2166/ws.2021.296,no supplement,article,FALSE,FALSE
ws,10.2166/ws.2021.292,no supplement,article,FALSE,FALSE
ws,10.2166/ws.2021.293,no supplement,article,FALSE,FALSE
ws,10.2166/ws.2021.295,structured supplement,article,FALSE,FALSE
ws,10.2166/ws.2021.363,structured supplement,article,FALSE,FALSE
ws,10.2166/ws.2021.365,no supplement,article,FALSE,FALSE
ws,10.2166/ws.2021.366,no supplement,article,FALSE,FALSE
ws,10.2166/ws.2021.367,no supplement,article,FALSE,FALSE
ws,10.2166/ws.2021.368,no supplement,article,FALSE,FALSE
ws,10.2166/ws.2021.360,no supplement,article,FALSE,FALSE
ws,10.2166/ws.2021.369,no supplement,article,FALSE,FALSE
ws,10.2166/ws.2021.380,no supplement,article,FALSE,FALSE
ws,10.2166/ws.2021.378,no supplement,article,FALSE,FALSE
ws,10.2166/ws.2021.381,no supplement,article,FALSE,FALSE
ws,10.2166/ws.2021.379,no supplement,article,FALSE,FALSE
ws,10.2166/ws.2021.359,no supplement,article,FALSE,FALSE
ws,10.2166/ws.2021.361,no supplement,article,FALSE,FALSE
ws,10.2166/ws.2021.371,no supplement,article,FALSE,FALSE
ws,10.2166/ws.2021.372,no supplement,article,FALSE,FALSE
ws,10.2166/ws.2021.375,no supplement,article,FALSE,FALSE
ws,10.2166/ws.2022.007,no supplement,article,FALSE,FALSE
ws,10.2166/ws.2021.458,no supplement,article,FALSE,FALSE
ws,10.2166/ws.2021.455,structured supplement,article,FALSE,FALSE
ws,10.2166/ws.2021.451,no supplement,article,FALSE,FALSE
ws,10.2166/ws.2021.452,no supplement,article,FALSE,FALSE
ws,10.2166/ws.2021.453,no supplement,article,FALSE,FALSE
ws,10.2166/ws.2021.454,no supplement,article,FALSE,FALSE
ws,10.2166/ws.2021.445,no supplement,article,FALSE,FALSE
ws,10.2166/ws.2021.446,no supplement,article,FALSE,FALSE
ws,10.2166/ws.2021.448,no supplement,article,FALSE,FALSE
ws,10.2166/ws.2021.443,no supplement,article,FALSE,FALSE
ws,10.2166/ws.2021.440,no supplement,article,FALSE,FALSE
ws,10.2166/ws.2021.441,no supplement,article,FALSE,FALSE
ws,10.2166/ws.2021.442,no supplement,article,FALSE,FALSE
ws,10.2166/ws.2021.439,no supplement,article,FALSE,FALSE
ws,10.2166/ws.2021.437,no supplement,article,FALSE,FALSE
ws,10.2166/ws.2021.438,no supplement,article,FALSE,FALSE
ws,10.2166/ws.2021.434,no supplement,article,FALSE,FALSE
ws,10.2166/ws.2021.431,structured supplement,article,FALSE,FALSE
ws,10.2166/ws.2021.428,no supplement,article,FALSE,FALSE
ws,10.2166/ws.2021.429,structured supplement,article,FALSE,FALSE
ws,10.2166/ws.2021.427,structured supplement,article,FALSE,FALSE
ws,10.2166/ws.2021.425,no supplement,article,FALSE,FALSE
ws,10.2166/ws.2021.426,no supplement,article,FALSE,FALSE
ws,10.2166/ws.2021.420,no supplement,article,FALSE,FALSE
ws,10.2166/ws.2021.421,no supplement,article,FALSE,FALSE
ws,10.2166/ws.2021.422,no supplement,article,FALSE,FALSE
ws,10.2166/ws.2021.412,no supplement,article,FALSE,FALSE
ws,10.2166/ws.2021.413,no supplement,article,FALSE,FALSE
ws,10.2166/ws.2021.414,structured supplement,article,FALSE,FALSE
ws,10.2166/ws.2021.415,no supplement,article,FALSE,FALSE
ws,10.2166/ws.2021.423,no supplement,article,FALSE,FALSE
ws,10.2166/ws.2021.411,structured supplement,article,FALSE,FALSE
ws,10.2166/ws.2021.416,no supplement,article,FALSE,FALSE
ws,10.2166/ws.2021.417,no supplement,article,FALSE,FALSE
ws,10.2166/ws.2021.418,no supplement,article,FALSE,FALSE
ws,10.2166/ws.2021.424,no supplement,article,FALSE,FALSE
ws,10.2166/ws.2021.409,no supplement,article,FALSE,FALSE
ws,10.2166/ws.2021.406,structured supplement,article,FALSE,FALSE
ws,10.2166/ws.2021.407,no supplement,article,FALSE,FALSE
ws,10.2166/ws.2021.408,no supplement,article,FALSE,FALSE
ws,10.2166/ws.2021.405,no supplement,article,FALSE,FALSE
ws,10.2166/ws.2021.401,no supplement,article,FALSE,FALSE
ws,10.2166/ws.2021.402,no supplement,article,FALSE,FALSE
ws,10.2166/ws.2021.403,no supplement,article,FALSE,FALSE
ws,10.2166/ws.2021.404,no supplement,article,FALSE,FALSE
ws,10.2166/ws.2021.398,no supplement,article,FALSE,FALSE
ws,10.2166/ws.2021.399,no supplement,article,FALSE,FALSE
ws,10.2166/ws.2021.400,no supplement,article,FALSE,FALSE
ws,10.2166/ws.2021.393,no supplement,article,FALSE,FALSE
ws,10.2166/ws.2021.394,no supplement,article,FALSE,FALSE
ws,10.2166/ws.2021.395,no supplement,article,FALSE,FALSE
ws,10.2166/ws.2021.390,no supplement,article,FALSE,FALSE
ws,10.2166/ws.2021.392,structured supplement,article,FALSE,FALSE
ws,10.2166/ws.2021.389,no supplement,article,FALSE,FALSE
ws,10.2166/ws.2021.388,structured supplement,article,FALSE,FALSE
ws,10.2166/ws.2021.385,no supplement,article,FALSE,FALSE
ws,10.2166/ws.2021.386,no supplement,article,FALSE,FALSE
ws,10.2166/ws.2021.383,no supplement,article,FALSE,FALSE
ws,10.2166/ws.2021.384,structured supplement,article,FALSE,FALSE
ws,10.2166/ws.2022.002,structured supplement,article,FALSE,FALSE
ws,10.2166/ws.2022.003,structured supplement,article,FALSE,FALSE
ws,10.2166/ws.2022.004,no supplement,article,FALSE,FALSE
ws,10.2166/ws.2022.005,no supplement,article,FALSE,FALSE
ws,10.2166/ws.2022.008,no supplement,article,FALSE,FALSE
ws,10.2166/ws.2022.012,no supplement,article,FALSE,FALSE
ws,10.2166/ws.2022.010,no supplement,article,FALSE,FALSE
ws,10.2166/ws.2022.011,no supplement,article,FALSE,FALSE
ws,10.2166/ws.2022.014,no supplement,article,FALSE,FALSE
ws,10.2166/ws.2022.022,no supplement,article,FALSE,FALSE
ws,10.2166/ws.2022.019,no supplement,article,FALSE,FALSE
ws,10.2166/ws.2022.023,structured supplement,article,FALSE,FALSE
ws,10.2166/ws.2022.015,no supplement,article,FALSE,FALSE
ws,10.2166/ws.2022.016,no supplement,article,FALSE,FALSE
ws,10.2166/ws.2022.024,no supplement,article,FALSE,FALSE
ws,10.2166/ws.2022.025,no supplement,article,FALSE,FALSE
ws,10.2166/ws.2022.026,no supplement,article,FALSE,FALSE
ws,10.2166/ws.2022.027,no supplement,article,FALSE,FALSE
ws,10.2166/ws.2022.029,no supplement,article,FALSE,FALSE
ws,10.2166/ws.2022.030,no supplement,article,FALSE,FALSE
ws,10.2166/ws.2022.031,no supplement,article,FALSE,FALSE
ws,10.2166/ws.2022.032,no supplement,article,FALSE,FALSE
ws,10.2166/ws.2022.033,no supplement,article,FALSE,FALSE
ws,10.2166/ws.2022.034,structured supplement,article,FALSE,FALSE
ws,10.2166/ws.2022.035,no supplement,article,FALSE,FALSE
ws,10.2166/ws.2022.038,no supplement,article,FALSE,FALSE
ws,10.2166/ws.2022.039,no supplement,article,FALSE,FALSE
ws,10.2166/ws.2022.036,no supplement,article,FALSE,FALSE
ws,10.2166/ws.2022.037,no supplement,article,FALSE,FALSE
ws,10.2166/ws.2022.040,no supplement,article,FALSE,FALSE
ws,10.2166/ws.2022.042,no supplement,article,FALSE,FALSE
ws,10.2166/ws.2022.043,no supplement,article,FALSE,FALSE
ws,10.2166/ws.2022.044,no supplement,article,FALSE,FALSE
ws,10.2166/ws.2022.046,no supplement,article,FALSE,FALSE
ws,10.2166/ws.2022.047,no supplement,article,FALSE,FALSE
ws,10.2166/ws.2022.050,no supplement,article,FALSE,FALSE
ws,10.2166/ws.2022.049,no supplement,article,FALSE,FALSE
ws,10.2166/ws.2022.052,no supplement,article,FALSE,FALSE
ws,10.2166/ws.2022.053,no supplement,article,FALSE,FALSE
ws,10.2166/ws.2022.054,structured supplement,article,FALSE,FALSE
ws,10.2166/ws.2022.055,no supplement,article,FALSE,FALSE
ws,10.2166/ws.2022.108,no supplement,article,FALSE,FALSE
ws,10.2166/ws.2022.109,no supplement,article,FALSE,FALSE
ws,10.2166/ws.2022.110,no supplement,article,FALSE,FALSE
ws,10.2166/ws.2022.111,no supplement,article,FALSE,FALSE
ws,10.2166/ws.2022.113,no supplement,article,FALSE,FALSE
ws,10.2166/ws.2022.114,no supplement,article,FALSE,FALSE
ws,10.2166/ws.2022.115,no supplement,article,FALSE,FALSE
ws,10.2166/ws.2022.116,no supplement,article,FALSE,FALSE
ws,10.2166/ws.2022.117,no supplement,article,FALSE,FALSE
ws,10.2166/ws.2022.118,no supplement,article,FALSE,FALSE
ws,10.2166/ws.2022.119,no supplement,article,FALSE,FALSE
ws,10.2166/ws.2022.120,no supplement,article,FALSE,FALSE
ws,10.2166/ws.2022.121,no supplement,article,FALSE,FALSE
ws,10.2166/ws.2022.122,no supplement,article,FALSE,FALSE
ws,10.2166/ws.2022.123,no supplement,article,FALSE,FALSE
ws,10.2166/ws.2022.127,no supplement,article,FALSE,FALSE
ws,10.2166/ws.2022.128,no supplement,article,FALSE,FALSE
ws,10.2166/ws.2022.134,structured supplement,article,FALSE,FALSE
ws,10.2166/ws.2022.135,no supplement,article,FALSE,FALSE
ws,10.2166/ws.2022.137,no supplement,article,FALSE,FALSE
ws,10.2166/ws.2022.168,no supplement,article,FALSE,FALSE
ws,10.2166/ws.2022.141,structured supplement,article,FALSE,FALSE
ws,10.2166/ws.2022.190,structured supplement,article,FALSE,FALSE
ws,10.2166/ws.2022.156,structured supplement,article,FALSE,FALSE
ws,10.2166/ws.2022.159,no supplement,article,FALSE,FALSE
ws,10.2166/ws.2022.158,structured supplement,article,FALSE,FALSE
ws,10.2166/ws.2022.169,no supplement,article,FALSE,FALSE
ws,10.2166/ws.2022.150,no supplement,article,FALSE,FALSE
ws,10.2166/ws.2022.151,structured supplement,article,FALSE,FALSE
ws,10.2166/ws.2022.152,structured supplement,article,FALSE,FALSE
ws,10.2166/ws.2022.149,structured supplement,article,FALSE,FALSE
ws,10.2166/ws.2022.176,no supplement,article,FALSE,FALSE
ws,10.2166/ws.2022.191,no supplement,article,FALSE,FALSE
ws,10.2166/ws.2022.193,no supplement,article,FALSE,FALSE
ws,10.2166/ws.2022.171,no supplement,article,FALSE,FALSE
ws,10.2166/ws.2022.182,no supplement,article,FALSE,FALSE
ws,10.2166/ws.2022.162,no supplement,article,FALSE,FALSE
ws,10.2166/ws.2022.125,no supplement,article,FALSE,FALSE
ws,10.2166/ws.2022.183,structured supplement,article,FALSE,FALSE
ws,10.2166/ws.2022.146,no supplement,article,FALSE,FALSE
ws,10.2166/ws.2022.157,no supplement,article,FALSE,FALSE
ws,10.2166/ws.2022.153,no supplement,article,FALSE,FALSE
ws,10.2166/ws.2022.126,no supplement,article,FALSE,FALSE
ws,10.2166/ws.2022.138,no supplement,article,FALSE,FALSE
ws,10.2166/ws.2022.172,no supplement,article,FALSE,FALSE
ws,10.2166/ws.2022.142,no supplement,article,FALSE,FALSE
ws,10.2166/ws.2022.178,no supplement,article,FALSE,FALSE
ws,10.2166/ws.2022.129,no supplement,article,FALSE,FALSE
ws,10.2166/ws.2022.139,unstructured supplement,article,FALSE,FALSE
ws,10.2166/ws.2022.195,structured supplement,article,FALSE,FALSE
ws,10.2166/ws.2022.163,no supplement,article,FALSE,FALSE
ws,10.2166/ws.2022.154,no supplement,article,FALSE,FALSE
ws,10.2166/ws.2022.184,no supplement,article,FALSE,FALSE
ws,10.2166/ws.2022.130,no supplement,article,FALSE,FALSE
ws,10.2166/ws.2022.148,structured supplement,article,FALSE,FALSE
ws,10.2166/ws.2022.173,no supplement,article,FALSE,FALSE
ws,10.2166/ws.2022.112,no supplement,article,FALSE,FALSE
ws,10.2166/ws.2022.181,structured supplement,article,FALSE,FALSE
ws,10.2166/ws.2022.132,no supplement,article,FALSE,FALSE
ws,10.2166/ws.2022.180,no supplement,article,FALSE,FALSE
ws,10.2166/ws.2022.189,no supplement,article,FALSE,FALSE
ws,10.2166/ws.2022.186,structured supplement,article,FALSE,FALSE
ws,10.2166/ws.2022.197,no supplement,article,FALSE,FALSE
ws,10.2166/ws.2022.224,no supplement,article,FALSE,FALSE
ws,10.2166/ws.2022.228,no supplement,article,FALSE,FALSE
ws,10.2166/ws.2022.213,no supplement,article,FALSE,FALSE
ws,10.2166/ws.2022.210,no supplement,article,FALSE,FALSE
ws,10.2166/ws.2022.201,no supplement,article,FALSE,FALSE
ws,10.2166/ws.2022.198,no supplement,article,FALSE,FALSE
ws,10.2166/ws.2022.215,unstructured supplement,article,FALSE,FALSE
ws,10.2166/ws.2022.206,structured supplement,article,FALSE,FALSE
ws,10.2166/ws.2022.227,no supplement,article,FALSE,FALSE
ws,10.2166/ws.2022.207,no supplement,article,FALSE,FALSE
ws,10.2166/ws.2022.216,no supplement,article,FALSE,FALSE
ws,10.2166/ws.2022.233,structured supplement,article,FALSE,FALSE
ws,10.2166/ws.2022.234,no supplement,article,FALSE,FALSE
ws,10.2166/ws.2022.208,no supplement,article,FALSE,FALSE
ws,10.2166/ws.2022.230,no supplement,article,FALSE,FALSE
ws,10.2166/ws.2022.231,no supplement,article,FALSE,FALSE
ws,10.2166/ws.2022.217,no supplement,article,FALSE,FALSE
ws,10.2166/ws.2022.192,no supplement,article,FALSE,FALSE
ws,10.2166/ws.2022.203,no supplement,article,FALSE,FALSE
ws,10.2166/ws.2022.209,no supplement,article,FALSE,FALSE
ws,10.2166/ws.2022.194,no supplement,article,FALSE,FALSE
ws,10.2166/ws.2022.220,no supplement,article,FALSE,FALSE
ws,10.2166/ws.2022.205,no supplement,article,FALSE,FALSE
ws,10.2166/ws.2022.235,no supplement,article,FALSE,FALSE
ws,10.2166/ws.2022.185,structured supplement,article,FALSE,FALSE
ws,10.2166/ws.2022.218,structured supplement,article,FALSE,FALSE
ws,10.2166/ws.2022.240,no supplement,article,FALSE,FALSE
ws,10.2166/ws.2022.244,structured supplement,article,FALSE,FALSE
ws,10.2166/ws.2022.155,no supplement,article,FALSE,FALSE
ws,10.2166/ws.2022.200,no supplement,article,FALSE,FALSE
ws,10.2166/ws.2022.245,no supplement,article,FALSE,FALSE
ws,10.2166/ws.2022.256,no supplement,article,FALSE,FALSE
ws,10.2166/ws.2022.242,no supplement,article,FALSE,FALSE
ws,10.2166/ws.2022.238,no supplement,article,FALSE,FALSE
ws,10.2166/ws.2022.253,no supplement,article,FALSE,FALSE
ws,10.2166/ws.2022.221,no supplement,article,FALSE,FALSE
ws,10.2166/ws.2022.144,no supplement,article,FALSE,FALSE
ws,10.2166/ws.2022.232,no supplement,article,FALSE,FALSE
ws,10.2166/ws.2022.258,no supplement,article,FALSE,FALSE
ws,10.2166/ws.2022.269,no supplement,article,FALSE,FALSE
ws,10.2166/ws.2022.241,no supplement,article,FALSE,FALSE
ws,10.2166/ws.2022.286,no supplement,article,FALSE,FALSE
ws,10.2166/ws.2022.287,no supplement,article,FALSE,FALSE
ws,10.2166/ws.2022.260,no supplement,article,FALSE,FALSE
ws,10.2166/ws.2022.249,no supplement,article,FALSE,FALSE
ws,10.2166/ws.2022.277,no supplement,article,FALSE,FALSE
ws,10.2166/ws.2022.247,no supplement,article,FALSE,FALSE
ws,10.2166/ws.2022.278,no supplement,article,FALSE,FALSE
ws,10.2166/ws.2022.272,no supplement,article,FALSE,FALSE
ws,10.2166/ws.2022.264,no supplement,article,FALSE,FALSE
ws,10.2166/ws.2022.288,no supplement,article,FALSE,FALSE
ws,10.2166/ws.2022.255,no supplement,article,FALSE,FALSE
ws,10.2166/ws.2022.282,structured supplement,article,FALSE,FALSE
ws,10.2166/ws.2022.248,no supplement,article,FALSE,FALSE
ws,10.2166/ws.2022.289,no supplement,article,FALSE,FALSE
ws,10.2166/ws.2022.250,no supplement,article,FALSE,FALSE
ws,10.2166/ws.2022.261,no supplement,article,FALSE,FALSE
ws,10.2166/ws.2022.262,no supplement,article,FALSE,FALSE
ws,10.2166/ws.2022.270,no supplement,article,FALSE,FALSE
ws,10.2166/ws.2022.243,no supplement,article,FALSE,FALSE
ws,10.2166/ws.2022.275,no supplement,article,FALSE,FALSE
ws,10.2166/ws.2022.266,structured supplement,article,FALSE,FALSE
ws,10.2166/ws.2022.283,no supplement,article,FALSE,FALSE
ws,10.2166/ws.2022.284,no supplement,article,FALSE,FALSE
ws,10.2166/ws.2022.291,structured supplement,article,FALSE,FALSE
ws,10.2166/ws.2022.267,no supplement,article,FALSE,FALSE
ws,10.2166/ws.2022.263,no supplement,article,FALSE,FALSE
ws,10.2166/ws.2022.265,no supplement,article,FALSE,FALSE
ws,10.2166/ws.2022.280,structured supplement,article,FALSE,FALSE
ws,10.2166/ws.2022.236,no supplement,article,FALSE,FALSE
ws,10.2166/ws.2022.252,structured supplement,article,FALSE,FALSE
ws,10.2166/ws.2022.297,no supplement,review,FALSE,TRUE
ws,10.2166/ws.2022.315,no supplement,article,FALSE,FALSE
ws,10.2166/ws.2022.302,no supplement,article,FALSE,FALSE
ws,10.2166/ws.2022.317,structured supplement,article,FALSE,FALSE
ws,10.2166/ws.2022.301,no supplement,article,FALSE,FALSE
ws,10.2166/ws.2022.298,no supplement,article,FALSE,FALSE
ws,10.2166/ws.2022.316,no supplement,article,FALSE,FALSE
ws,10.2166/ws.2022.299,structured supplement,article,FALSE,FALSE
ws,10.2166/ws.2022.276,no supplement,article,FALSE,FALSE
ws,10.2166/ws.2022.274,structured supplement,article,FALSE,FALSE
ws,10.2166/ws.2022.320,no supplement,article,FALSE,FALSE
ws,10.2166/ws.2022.304,structured supplement,article,FALSE,FALSE
ws,10.2166/ws.2022.295,no supplement,article,FALSE,FALSE
ws,10.2166/ws.2022.313,no supplement,article,FALSE,FALSE
ws,10.2166/ws.2022.319,no supplement,article,FALSE,FALSE
ws,10.2166/ws.2022.296,no supplement,article,FALSE,FALSE
ws,10.2166/ws.2022.306,no supplement,article,FALSE,FALSE
ws,10.2166/ws.2022.308,no supplement,article,FALSE,FALSE
ws,10.2166/ws.2022.329,no supplement,article,FALSE,FALSE
ws,10.2166/ws.2022.323,structured supplement,article,FALSE,FALSE
ws,10.2166/ws.2022.324,no supplement,article,FALSE,FALSE
ws,10.2166/ws.2022.327,no supplement,article,FALSE,FALSE
ws,10.2166/ws.2022.318,no supplement,article,FALSE,FALSE
ws,10.2166/ws.2022.347,no supplement,article,FALSE,FALSE
ws,10.2166/ws.2022.322,structured supplement,article,FALSE,FALSE
ws,10.2166/ws.2022.342,no supplement,article,FALSE,FALSE
ws,10.2166/ws.2022.335,no supplement,article,FALSE,FALSE
ws,10.2166/ws.2022.314,no supplement,article,FALSE,FALSE
ws,10.2166/ws.2022.338,structured supplement,article,FALSE,FALSE
ws,10.2166/ws.2022.305,no supplement,article,FALSE,FALSE
ws,10.2166/ws.2022.343,no supplement,article,FALSE,FALSE
ws,10.2166/ws.2022.331,structured supplement,article,FALSE,FALSE
ws,10.2166/ws.2022.330,no supplement,article,FALSE,FALSE
ws,10.2166/ws.2022.344,no supplement,article,FALSE,FALSE
ws,10.2166/ws.2022.340,no supplement,article,FALSE,FALSE
ws,10.2166/ws.2022.328,no supplement,article,FALSE,FALSE
ws,10.2166/ws.2022.326,no supplement,article,FALSE,FALSE
ws,10.2166/ws.2022.354,no supplement,article,FALSE,FALSE
ws,10.2166/ws.2022.345,structured supplement,article,FALSE,FALSE
ws,10.2166/ws.2022.341,no supplement,article,FALSE,FALSE
ws,10.2166/ws.2022.237,no supplement,article,FALSE,FALSE
ws,10.2166/ws.2022.309,no supplement,article,FALSE,FALSE
ws,10.2166/ws.2022.307,no supplement,article,FALSE,FALSE
ws,10.2166/ws.2022.348,no supplement,article,FALSE,FALSE
ws,10.2166/ws.2022.310,no supplement,article,FALSE,FALSE
ws,10.2166/ws.2022.371,no supplement,article,FALSE,FALSE
ws,10.2166/ws.2022.366,no supplement,article,FALSE,FALSE
ws,10.2166/ws.2022.333,no supplement,article,FALSE,FALSE
ws,10.2166/ws.2022.368,unstructured supplement,article,FALSE,FALSE
ws,10.2166/ws.2022.369,no supplement,article,FALSE,FALSE
ws,10.2166/ws.2022.380,no supplement,article,FALSE,FALSE
ws,10.2166/ws.2022.334,no supplement,article,FALSE,FALSE
ws,10.2166/ws.2022.321,no supplement,article,FALSE,FALSE
ws,10.2166/ws.2022.303,no supplement,article,FALSE,FALSE
ws,10.2166/ws.2022.361,no supplement,article,FALSE,FALSE
ws,10.2166/ws.2022.365,no supplement,article,FALSE,FALSE
ws,10.2166/ws.2022.367,no supplement,article,FALSE,FALSE
ws,10.2166/ws.2022.312,no supplement,article,FALSE,FALSE
ws,10.2166/ws.2022.378,no supplement,article,FALSE,FALSE
ws,10.2166/ws.2022.356,structured supplement,article,FALSE,FALSE
ws,10.2166/ws.2022.377,no supplement,article,FALSE,FALSE
ws,10.2166/ws.2022.363,no supplement,article,FALSE,FALSE
ws,10.2166/ws.2022.364,no supplement,article,FALSE,FALSE
ws,10.2166/ws.2022.370,no supplement,article,FALSE,FALSE
ws,10.2166/ws.2022.375,no supplement,article,FALSE,FALSE
ws,10.2166/ws.2022.376,no supplement,article,FALSE,FALSE
ws,10.2166/ws.2022.360,no supplement,article,FALSE,FALSE
ws,10.2166/ws.2022.352,no supplement,article,FALSE,FALSE
ws,10.2166/ws.2022.424,no supplement,article,FALSE,FALSE
ws,10.2166/ws.2022.395,structured supplement,article,FALSE,FALSE
ws,10.2166/ws.2022.405,no supplement,article,FALSE,FALSE
ws,10.2166/ws.2022.382,no supplement,article,FALSE,FALSE
ws,10.2166/ws.2022.359,no supplement,article,FALSE,FALSE
ws,10.2166/ws.2022.337,no supplement,article,FALSE,FALSE
ws,10.2166/ws.2022.384,structured supplement,article,FALSE,FALSE
ws,10.2166/ws.2022.353,no supplement,article,FALSE,FALSE
ws,10.2166/ws.2022.385,no supplement,article,FALSE,FALSE
ws,10.2166/ws.2022.397,no supplement,article,FALSE,FALSE
ws,10.2166/ws.2022.387,structured supplement,article,FALSE,FALSE
ws,10.2166/ws.2022.400,no supplement,article,FALSE,FALSE
ws,10.2166/ws.2022.379,no supplement,article,FALSE,FALSE
ws,10.2166/ws.2022.401,no supplement,article,FALSE,FALSE
ws,10.2166/ws.2022.388,no supplement,article,FALSE,FALSE
ws,10.2166/ws.2022.402,no supplement,article,FALSE,FALSE
ws,10.2166/ws.2022.396,no supplement,article,FALSE,FALSE
ws,10.2166/ws.2022.389,no supplement,article,FALSE,FALSE
ws,10.2166/ws.2022.406,structured supplement,article,FALSE,FALSE
ws,10.2166/ws.2022.408,no supplement,article,FALSE,FALSE
ws,10.2166/ws.2022.390,no supplement,article,FALSE,FALSE
ws,10.2166/ws.2022.373,no supplement,article,FALSE,FALSE
ws,10.2166/ws.2022.407,no supplement,article,FALSE,FALSE
ws,10.2166/ws.2022.374,no supplement,article,FALSE,FALSE
ws,10.2166/ws.2022.411,structured supplement,article,FALSE,FALSE
ws,10.2166/ws.2022.413,no supplement,article,FALSE,FALSE
ws,10.2166/ws.2022.403,no supplement,article,FALSE,FALSE
ws,10.2166/ws.2022.381,no supplement,article,FALSE,FALSE
ws,10.2166/ws.2022.383,no supplement,article,FALSE,FALSE
ws,10.2166/ws.2022.420,no supplement,article,FALSE,FALSE
ws,10.2166/ws.2022.412,no supplement,article,FALSE,FALSE
ws,10.2166/ws.2022.346,no supplement,article,FALSE,FALSE
ws,10.2166/ws.2022.392,no supplement,article,FALSE,FALSE
ws,10.2166/ws.2022.414,no supplement,article,FALSE,FALSE
ws,10.2166/ws.2022.415,no supplement,article,FALSE,FALSE
ws,10.2166/ws.2022.427,no supplement,article,FALSE,FALSE
ws,10.2166/ws.2022.431,no supplement,article,FALSE,FALSE
ws,10.2166/ws.2022.428,no supplement,article,FALSE,FALSE
ws,10.2166/ws.2022.429,no supplement,article,FALSE,FALSE
ws,10.2166/ws.2022.441,structured supplement,article,FALSE,FALSE
ws,10.2166/ws.2022.442,no supplement,article,FALSE,FALSE
ws,10.2166/ws.2022.418,no supplement,article,FALSE,FALSE
ws,10.2166/ws.2022.419,no supplement,article,FALSE,FALSE
ws,10.2166/ws.2022.425,unstructured supplement,article,FALSE,FALSE
ws,10.2166/ws.2022.421,no supplement,article,FALSE,FALSE
ws,10.2166/ws.2022.435,no supplement,article,FALSE,FALSE
ws,10.2166/ws.2023.003,no supplement,article,FALSE,FALSE
ws,10.2166/ws.2022.430,no supplement,article,FALSE,FALSE
ws,10.2166/ws.2022.438,no supplement,article,FALSE,FALSE
ws,10.2166/ws.2023.015,structured supplement,article,FALSE,FALSE
ws,10.2166/ws.2022.409,no supplement,article,FALSE,FALSE
ws,10.2166/ws.2023.006,no supplement,article,FALSE,FALSE
ws,10.2166/ws.2023.001,no supplement,article,FALSE,FALSE
ws,10.2166/ws.2023.019,structured supplement,article,FALSE,FALSE
ws,10.2166/ws.2022.433,no supplement,article,FALSE,FALSE
ws,10.2166/ws.2023.017,no supplement,article,FALSE,FALSE
ws,10.2166/ws.2022.439,no supplement,article,FALSE,FALSE
ws,10.2166/ws.2023.007,structured supplement,article,FALSE,FALSE
ws,10.2166/ws.2023.025,no supplement,article,FALSE,FALSE
ws,10.2166/ws.2023.014,no supplement,article,FALSE,FALSE
ws,10.2166/ws.2023.020,no supplement,article,FALSE,FALSE
ws,10.2166/ws.2023.029,no supplement,article,FALSE,FALSE
ws,10.2166/ws.2023.027,no supplement,article,FALSE,FALSE
ws,10.2166/ws.2023.018,no supplement,article,FALSE,FALSE
ws,10.2166/ws.2023.016,no supplement,article,FALSE,FALSE
ws,10.2166/ws.2023.010,no supplement,article,FALSE,FALSE
ws,10.2166/ws.2023.032,no supplement,article,FALSE,FALSE
ws,10.2166/ws.2023.023,no supplement,article,FALSE,FALSE
ws,10.2166/ws.2023.011,no supplement,article,FALSE,FALSE
ws,10.2166/ws.2023.028,structured supplement,article,FALSE,FALSE
ws,10.2166/ws.2023.030,structured supplement,article,FALSE,FALSE
ws,10.2166/ws.2023.033,no supplement,article,FALSE,FALSE
ws,10.2166/ws.2023.031,no supplement,article,FALSE,FALSE
ws,10.2166/ws.2023.036,no supplement,article,FALSE,FALSE
ws,10.2166/ws.2023.056,structured supplement,article,FALSE,FALSE
ws,10.2166/ws.2023.042,structured supplement,article,FALSE,FALSE
ws,10.2166/ws.2023.043,no supplement,article,FALSE,FALSE
ws,10.2166/ws.2023.065,no supplement,article,FALSE,FALSE
ws,10.2166/ws.2023.039,no supplement,article,FALSE,FALSE
ws,10.2166/ws.2023.044,no supplement,article,FALSE,FALSE
ws,10.2166/ws.2023.061,structured supplement,article,FALSE,FALSE
ws,10.2166/ws.2023.074,no supplement,article,FALSE,FALSE
ws,10.2166/ws.2023.055,no supplement,article,FALSE,FALSE
ws,10.2166/ws.2023.057,no supplement,article,FALSE,FALSE
ws,10.2166/ws.2023.046,no supplement,article,FALSE,FALSE
ws,10.2166/ws.2023.022,structured supplement,article,FALSE,FALSE
ws,10.2166/ws.2023.070,no supplement,article,FALSE,FALSE
ws,10.2166/ws.2023.062,structured supplement,article,FALSE,FALSE
ws,10.2166/ws.2023.047,no supplement,article,FALSE,FALSE
ws,10.2166/ws.2023.038,no supplement,article,FALSE,FALSE
ws,10.2166/ws.2023.051,no supplement,article,FALSE,FALSE
ws,10.2166/ws.2023.066,no supplement,article,FALSE,FALSE
ws,10.2166/ws.2023.058,structured supplement,article,FALSE,FALSE
ws,10.2166/ws.2023.048,no supplement,article,FALSE,FALSE
ws,10.2166/ws.2023.059,no supplement,article,FALSE,FALSE
ws,10.2166/ws.2023.063,no supplement,article,FALSE,FALSE
ws,10.2166/ws.2023.077,no supplement,article,FALSE,FALSE
ws,10.2166/ws.2023.069,structured supplement,article,FALSE,FALSE
ws,10.2166/ws.2023.072,no supplement,article,FALSE,FALSE
ws,10.2166/ws.2023.068,no supplement,article,FALSE,FALSE
ws,10.2166/ws.2023.049,structured supplement,article,FALSE,FALSE
ws,10.2166/ws.2023.045,structured supplement,article,FALSE,FALSE
ws,10.2166/ws.2023.073,no supplement,article,FALSE,FALSE
ws,10.2166/ws.2023.078,structured supplement,article,FALSE,FALSE
ws,10.2166/ws.2023.067,no supplement,article,FALSE,FALSE
ws,10.2166/ws.2023.095,structured supplement,article,FALSE,FALSE
ws,10.2166/ws.2023.086,no supplement,article,FALSE,FALSE
ws,10.2166/ws.2023.076,unstructured supplement,review,FALSE,TRUE
ws,10.2166/ws.2023.087,no supplement,article,FALSE,FALSE
ws,10.2166/ws.2023.088,no supplement,article,FALSE,FALSE
ws,10.2166/ws.2023.117,no supplement,article,FALSE,FALSE
ws,10.2166/ws.2023.092,structured supplement,article,FALSE,FALSE
ws,10.2166/ws.2023.085,no supplement,article,FALSE,FALSE
ws,10.2166/ws.2023.098,no supplement,article,FALSE,FALSE
ws,10.2166/ws.2023.112,no supplement,article,FALSE,FALSE
ws,10.2166/ws.2023.110,no supplement,article,FALSE,FALSE
ws,10.2166/ws.2023.084,no supplement,article,FALSE,FALSE
ws,10.2166/ws.2023.097,no supplement,article,FALSE,FALSE
ws,10.2166/ws.2023.100,structured supplement,article,FALSE,FALSE
ws,10.2166/ws.2023.101,no supplement,article,FALSE,FALSE
ws,10.2166/ws.2023.105,no supplement,article,FALSE,FALSE
ws,10.2166/ws.2023.106,no supplement,article,FALSE,FALSE
ws,10.2166/ws.2023.107,no supplement,article,FALSE,FALSE
ws,10.2166/ws.2023.099,no supplement,article,FALSE,FALSE
ws,10.2166/ws.2023.060,structured supplement,article,FALSE,FALSE
ws,10.2166/ws.2023.108,structured supplement,article,FALSE,FALSE
ws,10.2166/ws.2023.114,structured supplement,article,FALSE,FALSE
ws,10.2166/ws.2023.096,no supplement,article,FALSE,FALSE
ws,10.2166/ws.2023.115,structured supplement,article,FALSE,FALSE
ws,10.2166/ws.2023.103,no supplement,article,FALSE,FALSE
ws,10.2166/ws.2023.104,no supplement,article,FALSE,FALSE
ws,10.2166/ws.2023.091,no supplement,article,FALSE,FALSE
ws,10.2166/ws.2023.109,no supplement,article,FALSE,FALSE
ws,10.2166/ws.2023.094,no supplement,article,FALSE,FALSE
ws,10.2166/ws.2023.127,no supplement,article,FALSE,FALSE
ws,10.2166/ws.2023.116,no supplement,article,FALSE,FALSE
ws,10.2166/ws.2023.132,no supplement,article,FALSE,FALSE
ws,10.2166/ws.2023.137,no supplement,article,FALSE,FALSE
ws,10.2166/ws.2023.131,no supplement,article,FALSE,FALSE
ws,10.2166/ws.2023.128,no supplement,article,FALSE,FALSE
ws,10.2166/ws.2023.142,structured supplement,article,FALSE,FALSE
ws,10.2166/ws.2023.134,no supplement,article,FALSE,FALSE
ws,10.2166/ws.2023.138,no supplement,article,FALSE,FALSE
ws,10.2166/ws.2023.120,no supplement,article,FALSE,FALSE
ws,10.2166/ws.2023.121,no supplement,article,FALSE,FALSE
ws,10.2166/ws.2023.135,no supplement,article,FALSE,FALSE
ws,10.2166/ws.2023.141,no supplement,article,FALSE,FALSE
ws,10.2166/ws.2023.124,no supplement,article,FALSE,FALSE
ws,10.2166/ws.2023.133,no supplement,article,FALSE,FALSE
ws,10.2166/ws.2023.140,no supplement,article,FALSE,FALSE
ws,10.2166/ws.2023.143,no supplement,article,FALSE,FALSE
ws,10.2166/ws.2023.139,no supplement,article,FALSE,FALSE
ws,10.2166/ws.2023.159,no supplement,article,FALSE,FALSE
ws,10.2166/ws.2023.154,structured supplement,article,FALSE,FALSE
ws,10.2166/ws.2023.160,no supplement,article,FALSE,FALSE
ws,10.2166/ws.2023.165,no supplement,article,FALSE,FALSE
ws,10.2166/ws.2023.145,no supplement,article,FALSE,FALSE
ws,10.2166/ws.2023.150,no supplement,article,FALSE,FALSE
ws,10.2166/ws.2023.146,no supplement,article,FALSE,FALSE
ws,10.2166/ws.2023.168,no supplement,article,FALSE,FALSE
ws,10.2166/ws.2023.155,no supplement,article,FALSE,FALSE
ws,10.2166/ws.2023.171,no supplement,article,FALSE,FALSE
ws,10.2166/ws.2023.163,structured supplement,article,FALSE,FALSE
ws,10.2166/ws.2023.147,no supplement,article,FALSE,FALSE
ws,10.2166/ws.2023.167,no supplement,article,FALSE,FALSE
ws,10.2166/ws.2023.148,no supplement,article,FALSE,FALSE
ws,10.2166/ws.2023.149,no supplement,article,FALSE,FALSE
ws,10.2166/ws.2023.158,no supplement,article,FALSE,FALSE
ws,10.2166/ws.2023.185,structured supplement,article,FALSE,FALSE
ws,10.2166/ws.2023.187,no supplement,article,FALSE,FALSE
ws,10.2166/ws.2023.188,no supplement,article,FALSE,FALSE
ws,10.2166/ws.2023.172,no supplement,article,FALSE,FALSE
ws,10.2166/ws.2023.189,no supplement,article,FALSE,FALSE
ws,10.2166/ws.2023.186,no supplement,article,FALSE,FALSE
ws,10.2166/ws.2023.178,unstructured supplement,article,FALSE,FALSE
ws,10.2166/ws.2023.181,structured supplement,article,FALSE,FALSE
ws,10.2166/ws.2023.197,no supplement,article,FALSE,FALSE
ws,10.2166/ws.2023.177,structured supplement,article,FALSE,FALSE
ws,10.2166/ws.2023.174,no supplement,article,FALSE,FALSE
ws,10.2166/ws.2023.122,no supplement,article,FALSE,FALSE
ws,10.2166/ws.2023.151,no supplement,article,FALSE,FALSE
ws,10.2166/ws.2023.175,structured supplement,article,FALSE,FALSE
ws,10.2166/ws.2023.198,no supplement,article,FALSE,FALSE
ws,10.2166/ws.2023.179,no supplement,article,FALSE,FALSE
ws,10.2166/ws.2023.156,no supplement,article,FALSE,FALSE
ws,10.2166/ws.2023.182,no supplement,article,FALSE,FALSE
ws,10.2166/ws.2023.169,no supplement,article,FALSE,FALSE
ws,10.2166/ws.2023.205,no supplement,article,FALSE,FALSE
ws,10.2166/ws.2023.206,no supplement,article,FALSE,FALSE
ws,10.2166/ws.2023.170,no supplement,article,FALSE,FALSE
ws,10.2166/ws.2023.144,no supplement,article,FALSE,FALSE
ws,10.2166/ws.2023.194,structured supplement,article,FALSE,FALSE
ws,10.2166/ws.2023.183,no supplement,article,FALSE,FALSE
ws,10.2166/ws.2023.180,no supplement,article,FALSE,FALSE
ws,10.2166/ws.2023.195,structured supplement,article,FALSE,FALSE
ws,10.2166/ws.2023.192,no supplement,article,FALSE,FALSE
ws,10.2166/ws.2023.193,no supplement,article,FALSE,FALSE
ws,10.2166/ws.2023.196,structured supplement,article,FALSE,FALSE
ws,10.2166/ws.2023.219,no supplement,article,FALSE,FALSE
ws,10.2166/ws.2023.173,no supplement,article,FALSE,FALSE
ws,10.2166/ws.2023.227,no supplement,article,FALSE,FALSE
ws,10.2166/ws.2023.203,no supplement,article,FALSE,FALSE
ws,10.2166/ws.2023.200,no supplement,article,FALSE,FALSE
ws,10.2166/ws.2023.231,no supplement,article,FALSE,FALSE
ws,10.2166/ws.2023.204,no supplement,article,FALSE,FALSE
ws,10.2166/ws.2023.217,no supplement,article,FALSE,FALSE
ws,10.2166/ws.2023.237,no supplement,article,FALSE,FALSE
ws,10.2166/ws.2023.214,no supplement,article,FALSE,FALSE
ws,10.2166/ws.2023.221,no supplement,article,FALSE,FALSE
ws,10.2166/ws.2023.208,no supplement,article,FALSE,FALSE
ws,10.2166/ws.2023.211,no supplement,article,FALSE,FALSE
ws,10.2166/ws.2023.218,no supplement,article,FALSE,FALSE
ws,10.2166/ws.2023.232,no supplement,article,FALSE,FALSE
ws,10.2166/ws.2023.222,no supplement,article,FALSE,FALSE
ws,10.2166/ws.2023.241,no supplement,article,FALSE,FALSE
ws,10.2166/ws.2023.216,structured supplement,article,FALSE,FALSE
ws,10.2166/ws.2023.202,no supplement,article,FALSE,FALSE
ws,10.2166/ws.2023.209,no supplement,article,FALSE,FALSE
ws,10.2166/ws.2023.224,structured supplement,article,FALSE,FALSE
ws,10.2166/ws.2023.210,no supplement,article,FALSE,FALSE
ws,10.2166/ws.2023.223,no supplement,article,FALSE,FALSE
ws,10.2166/ws.2023.239,no supplement,article,FALSE,FALSE
ws,10.2166/ws.2023.243,no supplement,article,FALSE,FALSE
ws,10.2166/ws.2023.247,no supplement,article,FALSE,FALSE
ws,10.2166/ws.2023.240,structured supplement,review,FALSE,TRUE
ws,10.2166/ws.2023.253,no supplement,article,FALSE,FALSE
ws,10.2166/ws.2023.257,no supplement,article,FALSE,FALSE
ws,10.2166/ws.2023.201,no supplement,article,FALSE,FALSE
ws,10.2166/ws.2023.234,no supplement,article,FALSE,FALSE
ws,10.2166/ws.2023.246,no supplement,article,FALSE,FALSE
ws,10.2166/ws.2023.235,no supplement,article,FALSE,FALSE
ws,10.2166/ws.2023.228,structured supplement,article,FALSE,FALSE
ws,10.2166/ws.2023.236,no supplement,article,FALSE,FALSE
ws,10.2166/ws.2023.248,no supplement,article,FALSE,FALSE
ws,10.2166/ws.2023.238,no supplement,article,FALSE,FALSE
ws,10.2166/ws.2023.270,no supplement,article,FALSE,FALSE
ws,10.2166/ws.2023.251,no supplement,article,FALSE,FALSE
ws,10.2166/ws.2023.249,no supplement,article,FALSE,FALSE
ws,10.2166/ws.2023.297,no supplement,article,FALSE,FALSE
ws,10.2166/ws.2023.279,no supplement,article,FALSE,FALSE
ws,10.2166/ws.2023.299,no supplement,article,FALSE,FALSE
ws,10.2166/ws.2023.264,no supplement,article,FALSE,FALSE
ws,10.2166/ws.2023.267,no supplement,article,FALSE,FALSE
ws,10.2166/ws.2023.281,no supplement,article,FALSE,FALSE
ws,10.2166/ws.2023.276,no supplement,article,FALSE,FALSE
ws,10.2166/ws.2023.274,no supplement,article,FALSE,FALSE
ws,10.2166/ws.2023.277,no supplement,article,FALSE,FALSE
ws,10.2166/ws.2023.268,unstructured supplement,article,FALSE,FALSE
ws,10.2166/ws.2023.298,no supplement,article,FALSE,FALSE
ws,10.2166/ws.2023.273,no supplement,article,FALSE,FALSE
ws,10.2166/ws.2023.263,no supplement,article,FALSE,FALSE
ws,10.2166/ws.2023.283,no supplement,article,FALSE,FALSE
ws,10.2166/ws.2023.259,no supplement,article,FALSE,FALSE
ws,10.2166/ws.2023.261,no supplement,article,FALSE,FALSE
ws,10.2166/ws.2023.291,structured supplement,article,FALSE,FALSE
ws,10.2166/ws.2023.262,no supplement,article,FALSE,FALSE
ws,10.2166/ws.2023.292,no supplement,article,FALSE,FALSE
ws,10.2166/ws.2023.284,no supplement,article,FALSE,FALSE
ws,10.2166/ws.2023.269,structured supplement,article,FALSE,FALSE
ws,10.2166/ws.2023.260,no supplement,article,FALSE,FALSE
ws,10.2166/ws.2023.286,no supplement,article,FALSE,FALSE
ws,10.2166/ws.2023.285,no supplement,article,FALSE,FALSE
ws,10.2166/ws.2023.278,no supplement,article,FALSE,FALSE
ws,10.2166/ws.2023.300,no supplement,article,FALSE,FALSE
ws,10.2166/ws.2023.280,structured supplement,article,FALSE,FALSE
ws,10.2166/ws.2023.321,no supplement,article,FALSE,FALSE
ws,10.2166/ws.2023.310,no supplement,article,FALSE,FALSE
ws,10.2166/ws.2023.296,no supplement,article,FALSE,FALSE
ws,10.2166/ws.2023.290,no supplement,article,FALSE,FALSE
ws,10.2166/ws.2023.303,no supplement,article,FALSE,FALSE
ws,10.2166/ws.2023.305,no supplement,article,FALSE,FALSE
ws,10.2166/ws.2023.313,structured supplement,article,FALSE,FALSE
ws,10.2166/ws.2023.308,no supplement,article,FALSE,FALSE
ws,10.2166/ws.2023.309,structured supplement,article,FALSE,FALSE
ws,10.2166/ws.2023.318,structured supplement,article,FALSE,FALSE
ws,10.2166/ws.2023.306,no supplement,article,FALSE,FALSE
ws,10.2166/ws.2023.301,no supplement,article,FALSE,FALSE
ws,10.2166/ws.2023.319,structured supplement,article,FALSE,FALSE
ws,10.2166/ws.2023.302,no supplement,article,FALSE,FALSE
ws,10.2166/ws.2023.304,no supplement,article,FALSE,FALSE
ws,10.2166/ws.2023.315,no supplement,article,FALSE,FALSE
ws,10.2166/ws.2023.320,no supplement,article,FALSE,FALSE
ws,10.2166/ws.2023.316,no supplement,article,FALSE,FALSE
ws,10.2166/ws.2023.317,no supplement,article,FALSE,FALSE
ws,10.2166/ws.2023.331,no supplement,article,FALSE,FALSE
ws,10.2166/ws.2023.334,structured supplement,article,FALSE,FALSE
ws,10.2166/ws.2023.329,no supplement,article,FALSE,FALSE
ws,10.2166/ws.2024.004,structured supplement,article,FALSE,FALSE
ws,10.2166/ws.2023.339,no supplement,article,FALSE,FALSE
ws,10.2166/ws.2023.325,structured supplement,article,FALSE,FALSE
ws,10.2166/ws.2023.307,no supplement,article,FALSE,FALSE
ws,10.2166/ws.2023.326,no supplement,article,FALSE,FALSE
ws,10.2166/ws.2023.327,no supplement,article,FALSE,FALSE
ws,10.2166/ws.2023.293,no supplement,article,FALSE,FALSE
ws,10.2166/ws.2023.340,no supplement,article,FALSE,FALSE
ws,10.2166/ws.2023.336,structured supplement,article,FALSE,FALSE
ws,10.2166/ws.2023.338,structured supplement,article,FALSE,FALSE
ws,10.2166/ws.2023.323,no supplement,article,FALSE,FALSE
ws,10.2166/ws.2023.332,no supplement,article,FALSE,FALSE
ws,10.2166/ws.2023.333,no supplement,article,FALSE,FALSE
ws,10.2166/ws.2023.330,no supplement,article,FALSE,FALSE
ws,10.2166/ws.2023.337,no supplement,article,FALSE,FALSE
ws,10.2166/ws.2024.005,no supplement,article,FALSE,FALSE
ws,10.2166/ws.2024.018,no supplement,article,FALSE,FALSE
ws,10.2166/ws.2024.012,no supplement,article,FALSE,FALSE
ws,10.2166/ws.2024.001,no supplement,article,FALSE,FALSE
ws,10.2166/ws.2024.010,no supplement,article,FALSE,FALSE
ws,10.2166/ws.2024.016,no supplement,article,FALSE,FALSE
ws,10.2166/ws.2024.008,no supplement,article,FALSE,FALSE
ws,10.2166/ws.2024.014,no supplement,article,FALSE,FALSE
ws,10.2166/ws.2024.006,no supplement,article,FALSE,FALSE
ws,10.2166/ws.2024.021,no supplement,article,FALSE,FALSE
ws,10.2166/ws.2024.028,no supplement,article,FALSE,FALSE
ws,10.2166/ws.2024.011,no supplement,article,FALSE,FALSE
ws,10.2166/ws.2024.024,structured supplement,article,FALSE,FALSE
ws,10.2166/ws.2024.026,no supplement,article,FALSE,FALSE
ws,10.2166/ws.2024.040,no supplement,article,FALSE,FALSE
ws,10.2166/ws.2024.033,no supplement,article,FALSE,FALSE
ws,10.2166/ws.2024.023,no supplement,article,FALSE,FALSE
ws,10.2166/ws.2024.015,structured supplement,article,FALSE,FALSE
ws,10.2166/ws.2024.047,no supplement,article,FALSE,FALSE
ws,10.2166/ws.2024.045,structured supplement,article,FALSE,FALSE
ws,10.2166/ws.2024.036,no supplement,article,FALSE,FALSE
ws,10.2166/ws.2024.051,no supplement,article,FALSE,FALSE
ws,10.2166/ws.2024.056,structured supplement,article,FALSE,FALSE
ws,10.2166/ws.2024.025,no supplement,article,FALSE,FALSE
ws,10.2166/ws.2024.064,no supplement,article,FALSE,FALSE
ws,10.2166/ws.2024.052,no supplement,article,FALSE,FALSE
ws,10.2166/ws.2024.066,no supplement,article,FALSE,FALSE
ws,10.2166/ws.2024.062,no supplement,article,FALSE,FALSE
ws,10.2166/ws.2024.050,no supplement,article,FALSE,FALSE
ws,10.2166/ws.2024.048,structured supplement,article,FALSE,FALSE
ws,10.2166/ws.2024.042,no supplement,article,FALSE,FALSE
ws,10.2166/ws.2024.046,no supplement,article,FALSE,FALSE
ws,10.2166/ws.2024.043,no supplement,article,FALSE,FALSE
ws,10.2166/ws.2024.038,structured supplement,article,FALSE,FALSE
ws,10.2166/ws.2024.070,no supplement,article,FALSE,FALSE
ws,10.2166/ws.2024.059,no supplement,article,FALSE,FALSE
ws,10.2166/ws.2024.074,no supplement,article,FALSE,FALSE
ws,10.2166/ws.2024.063,no supplement,article,FALSE,FALSE
ws,10.2166/ws.2024.049,no supplement,article,FALSE,FALSE
ws,10.2166/ws.2024.078,no supplement,article,FALSE,FALSE
ws,10.2166/ws.2024.079,structured supplement,article,FALSE,FALSE
ws,10.2166/ws.2024.081,no supplement,article,FALSE,FALSE
ws,10.2166/ws.2024.065,no supplement,article,FALSE,FALSE
ws,10.2166/ws.2024.091,no supplement,article,FALSE,FALSE
ws,10.2166/ws.2024.111,no supplement,article,FALSE,FALSE
ws,10.2166/ws.2024.084,no supplement,article,FALSE,FALSE
ws,10.2166/ws.2024.075,no supplement,article,FALSE,FALSE
ws,10.2166/ws.2024.098,no supplement,article,FALSE,FALSE
ws,10.2166/ws.2024.076,no supplement,article,FALSE,FALSE
ws,10.2166/ws.2024.101,no supplement,article,FALSE,FALSE
ws,10.2166/ws.2024.090,no supplement,article,FALSE,FALSE
ws,10.2166/ws.2024.077,no supplement,article,FALSE,FALSE
ws,10.2166/ws.2024.107,no supplement,article,FALSE,FALSE
ws,10.2166/ws.2024.071,structured supplement,article,FALSE,FALSE
ws,10.2166/ws.2024.094,no supplement,article,FALSE,FALSE
ws,10.2166/ws.2024.083,structured supplement,article,FALSE,FALSE
ws,10.2166/ws.2024.095,no supplement,article,FALSE,FALSE
ws,10.2166/ws.2024.086,no supplement,article,FALSE,FALSE
ws,10.2166/ws.2024.096,structured supplement,article,FALSE,FALSE
ws,10.2166/ws.2024.072,structured supplement,article,FALSE,FALSE
ws,10.2166/ws.2024.093,structured supplement,article,FALSE,FALSE
ws,10.2166/ws.2024.073,no supplement,article,FALSE,FALSE
ws,10.2166/ws.2024.109,no supplement,article,FALSE,FALSE
ws,10.2166/ws.2024.120,no supplement,article,FALSE,FALSE
ws,10.2166/ws.2024.130,structured supplement,article,FALSE,FALSE
ws,10.2166/ws.2024.135,no supplement,article,FALSE,FALSE
ws,10.2166/ws.2024.115,no supplement,article,FALSE,FALSE
ws,10.2166/ws.2024.132,structured supplement,article,FALSE,FALSE
ws,10.2166/ws.2024.128,structured supplement,article,FALSE,FALSE
ws,10.2166/ws.2024.133,no supplement,article,FALSE,FALSE
ws,10.2166/ws.2024.117,structured supplement,article,FALSE,FALSE
ws,10.2166/ws.2024.139,no supplement,article,FALSE,FALSE
ws,10.2166/ws.2024.140,no supplement,article,FALSE,FALSE
ws,10.2166/ws.2024.153,structured supplement,article,FALSE,FALSE
ws,10.2166/ws.2024.141,no supplement,article,FALSE,FALSE
ws,10.2166/ws.2024.143,no supplement,article,FALSE,FALSE
ws,10.2166/ws.2024.144,structured supplement,article,FALSE,FALSE
ws,10.2166/ws.2024.116,no supplement,article,FALSE,FALSE
ws,10.2166/ws.2024.134,no supplement,article,FALSE,FALSE
ws,10.2166/ws.2024.147,no supplement,article,FALSE,FALSE
ws,10.2166/ws.2024.156,no supplement,article,FALSE,FALSE
ws,10.2166/ws.2024.137,no supplement,article,FALSE,FALSE
ws,10.2166/ws.2024.158,no supplement,article,FALSE,FALSE
ws,10.2166/ws.2024.154,no supplement,article,FALSE,FALSE
ws,10.2166/ws.2024.148,no supplement,article,FALSE,FALSE
ws,10.2166/ws.2024.138,structured supplement,article,FALSE,FALSE
ws,10.2166/ws.2024.161,structured supplement,article,FALSE,FALSE
ws,10.2166/ws.2024.164,no supplement,article,FALSE,FALSE
ws,10.2166/ws.2024.190,no supplement,article,FALSE,FALSE
ws,10.2166/ws.2024.165,no supplement,article,FALSE,FALSE
ws,10.2166/ws.2024.185,no supplement,article,FALSE,FALSE
ws,10.2166/ws.2024.173,no supplement,article,FALSE,FALSE
ws,10.2166/ws.2024.171,no supplement,article,FALSE,FALSE
ws,10.2166/ws.2024.159,no supplement,article,FALSE,FALSE
ws,10.2166/ws.2024.176,structured supplement,article,FALSE,FALSE
ws,10.2166/ws.2024.160,no supplement,article,FALSE,FALSE
ws,10.2166/ws.2024.163,no supplement,article,FALSE,FALSE
ws,10.2166/ws.2024.166,no supplement,article,FALSE,FALSE
ws,10.2166/ws.2024.178,no supplement,article,FALSE,FALSE
ws,10.2166/ws.2024.170,structured supplement,article,FALSE,FALSE
ws,10.2166/ws.2024.155,no supplement,article,FALSE,FALSE
ws,10.2166/ws.2024.179,no supplement,article,FALSE,FALSE
ws,10.2166/ws.2024.180,no supplement,article,FALSE,FALSE
ws,10.2166/ws.2024.181,unstructured supplement,article,FALSE,FALSE
ws,10.2166/ws.2024.182,no supplement,article,FALSE,FALSE
ws,10.2166/ws.2024.196,no supplement,article,FALSE,FALSE
ws,10.2166/ws.2024.203,no supplement,article,FALSE,FALSE
ws,10.2166/ws.2024.175,no supplement,article,FALSE,FALSE
ws,10.2166/ws.2024.197,structured supplement,article,FALSE,FALSE
ws,10.2166/ws.2024.184,no supplement,article,FALSE,FALSE
ws,10.2166/ws.2024.186,no supplement,article,FALSE,FALSE
ws,10.2166/ws.2024.201,no supplement,article,FALSE,FALSE
ws,10.2166/ws.2024.198,unstructured supplement,article,FALSE,FALSE
ws,10.2166/ws.2024.195,no supplement,article,FALSE,FALSE
ws,10.2166/ws.2024.187,structured supplement,article,FALSE,FALSE
ws,10.2166/ws.2024.202,no supplement,article,FALSE,FALSE
ws,10.2166/ws.2024.200,no supplement,article,FALSE,FALSE
ws,10.2166/ws.2024.205,no supplement,article,FALSE,FALSE
ws,10.2166/ws.2024.209,no supplement,article,FALSE,FALSE
ws,10.2166/ws.2024.189,no supplement,article,FALSE,FALSE
ws,10.2166/ws.2024.224,no supplement,article,FALSE,FALSE
ws,10.2166/ws.2024.220,no supplement,article,FALSE,FALSE
ws,10.2166/ws.2024.219,no supplement,article,FALSE,FALSE
ws,10.2166/ws.2024.206,no supplement,article,FALSE,FALSE
ws,10.2166/ws.2024.218,no supplement,article,FALSE,FALSE
ws,10.2166/ws.2024.222,no supplement,article,FALSE,FALSE
ws,10.2166/ws.2024.208,structured supplement,article,FALSE,FALSE
ws,10.2166/ws.2024.217,no supplement,article,FALSE,FALSE
ws,10.2166/ws.2024.216,no supplement,article,FALSE,FALSE
ws,10.2166/ws.2024.211,no supplement,article,FALSE,FALSE
ws,10.2166/ws.2024.223,unstructured supplement,article,FALSE,FALSE
ws,10.2166/ws.2024.213,no supplement,article,FALSE,FALSE
ws,10.2166/ws.2024.207,structured supplement,article,FALSE,FALSE
ws,10.2166/ws.2024.227,structured supplement,article,FALSE,FALSE
ws,10.2166/ws.2024.214,structured supplement,article,FALSE,FALSE
ws,10.2166/ws.2024.226,no supplement,article,FALSE,FALSE
ws,10.2166/ws.2024.236,no supplement,article,FALSE,FALSE
ws,10.2166/ws.2024.229,no supplement,article,FALSE,FALSE
ws,10.2166/ws.2024.235,no supplement,article,FALSE,FALSE
ws,10.2166/ws.2024.228,no supplement,article,FALSE,FALSE
ws,10.2166/ws.2024.238,no supplement,article,FALSE,FALSE
ws,10.2166/ws.2024.242,no supplement,article,FALSE,FALSE
ws,10.2166/ws.2024.239,structured supplement,article,FALSE,FALSE
ws,10.2166/ws.2024.243,structured supplement,article,FALSE,FALSE
ws,10.2166/ws.2024.244,no supplement,article,FALSE,FALSE
ws,10.2166/ws.2024.245,no supplement,article,FALSE,FALSE
ws,10.2166/ws.2024.231,no supplement,article,FALSE,FALSE
ws,10.2166/ws.2024.215,no supplement,article,FALSE,FALSE
ws,10.2166/ws.2024.237,no supplement,article,FALSE,FALSE
ws,10.2166/ws.2024.241,no supplement,article,FALSE,FALSE
ws,10.2166/ws.2024.253,no supplement,article,FALSE,FALSE
ws,10.2166/ws.2024.252,no supplement,article,FALSE,FALSE
ws,10.2166/ws.2024.255,no supplement,article,FALSE,FALSE
ws,10.2166/ws.2024.251,structured supplement,article,FALSE,FALSE
ws,10.2166/ws.2024.254,no supplement,article,FALSE,FALSE
ws,10.2166/ws.2024.249,no supplement,article,FALSE,FALSE
ws,10.2166/ws.2024.082,no supplement,article,FALSE,FALSE
ws,10.2166/ws.2025.001,no supplement,article,FALSE,FALSE
ws,10.2166/ws.2025.004,no supplement,article,FALSE,FALSE
ws,10.2166/ws.2024.261,unstructured supplement,article,FALSE,FALSE
ws,10.2166/ws.2024.263,no supplement,article,FALSE,FALSE
ws,10.2166/ws.2024.262,no supplement,article,FALSE,FALSE
ws,10.2166/ws.2024.257,structured supplement,article,FALSE,FALSE
ws,10.2166/ws.2024.268,no supplement,article,FALSE,FALSE
ws,10.2166/ws.2024.250,no supplement,article,FALSE,FALSE
ws,10.2166/ws.2025.017,structured supplement,article,FALSE,FALSE
ws,10.2166/ws.2025.003,no supplement,article,FALSE,FALSE
ws,10.2166/ws.2025.009,no supplement,article,FALSE,FALSE
ws,10.2166/ws.2025.006,no supplement,article,FALSE,FALSE
ws,10.2166/ws.2025.008,no supplement,article,FALSE,FALSE
ws,10.2166/ws.2025.010,no supplement,article,FALSE,FALSE
ws,10.2166/ws.2025.015,no supplement,article,FALSE,FALSE
ws,10.2166/ws.2024.256,structured supplement,article,FALSE,FALSE
ws,10.2166/ws.2025.002,no supplement,article,FALSE,FALSE
ws,10.2166/ws.2025.034,no supplement,article,FALSE,FALSE
ws,10.2166/ws.2024.260,no supplement,article,FALSE,FALSE
ws,10.2166/ws.2025.023,no supplement,article,FALSE,FALSE
ws,10.2166/ws.2025.005,no supplement,article,FALSE,FALSE
ws,10.2166/ws.2025.020,no supplement,article,FALSE,FALSE
ws,10.2166/ws.2025.030,no supplement,article,FALSE,FALSE
ws,10.2166/ws.2025.035,no supplement,article,FALSE,FALSE
ws,10.2166/ws.2025.018,no supplement,article,FALSE,FALSE
ws,10.2166/ws.2025.033,no supplement,article,FALSE,FALSE
ws,10.2166/ws.2025.021,structured supplement,article,FALSE,FALSE
ws,10.2166/ws.2025.022,structured supplement,article,FALSE,FALSE
ws,10.2166/ws.2025.026,no supplement,article,FALSE,FALSE
ws,10.2166/ws.2025.027,no supplement,article,FALSE,FALSE
ws,10.2166/ws.2025.029,no supplement,article,FALSE,FALSE
ws,10.2166/ws.2025.037,no supplement,article,FALSE,FALSE
ws,10.2166/ws.2025.041,structured supplement,article,FALSE,FALSE
ws,10.2166/ws.2025.043,no supplement,article,FALSE,FALSE
ws,10.2166/ws.2025.036,no supplement,article,FALSE,FALSE
ws,10.2166/ws.2025.044,structured supplement,article,FALSE,FALSE
ws,10.2166/ws.2025.056,no supplement,article,FALSE,FALSE
ws,10.2166/ws.2025.050,no supplement,article,FALSE,FALSE
ws,10.2166/ws.2025.058,no supplement,article,FALSE,FALSE
ws,10.2166/ws.2025.039,structured supplement,article,FALSE,FALSE
ws,10.2166/ws.2025.051,no supplement,article,FALSE,FALSE
ws,10.2166/ws.2025.047,no supplement,article,FALSE,FALSE
ws,10.2166/ws.2025.049,no supplement,article,FALSE,FALSE
ws,10.2166/ws.2025.063,no supplement,article,FALSE,FALSE
ws,10.2166/ws.2025.064,no supplement,article,FALSE,FALSE
ws,10.2166/ws.2025.054,no supplement,article,FALSE,FALSE
ws,10.2166/ws.2025.060,no supplement,article,FALSE,FALSE
ws,10.2166/ws.2025.062,unstructured supplement,article,FALSE,FALSE
ws,10.2166/ws.2025.061,no supplement,article,FALSE,FALSE
ws,10.2166/ws.2025.067,no supplement,article,FALSE,FALSE
ws,10.2166/ws.2025.065,no supplement,article,FALSE,FALSE
ws,10.2166/ws.2025.069,no supplement,article,FALSE,FALSE
ws,10.2166/ws.2025.072,structured supplement,article,FALSE,FALSE
ws,10.2166/ws.2025.076,structured supplement,article,FALSE,FALSE
ws,10.2166/ws.2025.070,no supplement,article,FALSE,FALSE
ws,10.2166/ws.2025.075,structured supplement,article,FALSE,FALSE
ws,10.2166/ws.2025.077,no supplement,article,FALSE,FALSE
ws,10.2166/ws.2025.079,structured supplement,article,FALSE,FALSE
ws,10.2166/ws.2025.080,structured supplement,article,FALSE,FALSE
ws,10.2166/ws.2025.081,structured supplement,article,FALSE,FALSE
ws,10.2166/ws.2025.085,no supplement,article,FALSE,FALSE
ws,10.2166/ws.2025.078,no supplement,article,FALSE,FALSE
ws,10.2166/ws.2025.084,no supplement,article,FALSE,FALSE
ws,10.2166/ws.2025.088,structured supplement,article,FALSE,FALSE
ws,10.2166/ws.2025.087,no supplement,article,FALSE,FALSE
ws,10.2166/ws.2025.083,no supplement,article,FALSE,FALSE
ws,10.2166/ws.2025.091,structured supplement,article,FALSE,FALSE
ws,10.2166/ws.2025.092,no supplement,article,FALSE,FALSE
ws,10.2166/ws.2025.094,structured supplement,article,FALSE,FALSE
ws,10.2166/ws.2025.093,no supplement,article,FALSE,FALSE
ws,10.2166/ws.2025.096,no supplement,article,FALSE,FALSE
ws,10.2166/ws.2025.103,no supplement,article,FALSE,FALSE
ws,10.2166/ws.2025.104,structured supplement,article,FALSE,FALSE
ws,10.2166/ws.2026.108,no supplement,article,FALSE,FALSE
ws,10.2166/ws.2025.106,no supplement,article,FALSE,FALSE
ws,10.2166/ws.2026.110,unstructured supplement,article,FALSE,FALSE
ws,10.2166/ws.2026.112,no supplement,article,FALSE,FALSE
ws,10.2166/ws.2026.127,no supplement,article,FALSE,FALSE
ws,10.2166/ws.2026.128,no supplement,article,FALSE,FALSE
ws,10.2166/ws.2026.132,no supplement,article,FALSE,FALSE
ws,10.2166/ws.2026.136,no supplement,article,FALSE,FALSE
ws,10.2166/ws.2026.145,no supplement,article,FALSE,FALSE
ws,10.2166/ws.2026.165,unstructured supplement,article,FALSE,FALSE
