doi,journal,published_year,title,matched_in_title,matched_in_abstract,has_abstract,title_only_no_abstract,query_term,first_author_name,first_author_affiliation,data_repo_doi,abstract,include,reason
10.1016/j.dib.2015.12.020,Data in Brief,2016,Dataset of producing and curing concrete using domestic treated wastewater,wastewater,,FALSE,TRUE,wastewater,Gholamreza Asadollahfardi,,,,,
10.1016/j.dib.2016.01.066,Data in Brief,2016,Experimental data for synthesis of bi-metalized chitosan particle for attenuating of an azo dye from wastewater,wastewater,,FALSE,TRUE,wastewater,Abdollah Hajivandi,,,,,
10.1016/j.dib.2016.06.048,Data in Brief,2016,Data on daily fluoride intake based on drinking water consumption prepared by household desalinators working by reverse osmosis process,drinking water,,FALSE,TRUE,drinking water; water quality; water sanitation,Vahid Noroozi Karbasdehi,,,,,
10.1016/j.dib.2016.09.050,Data in Brief,2016,"Data on fluoride concentration level in villages of Asara (Alborz, Iran) and daily fluoride intake based on drinking water consumption",drinking water,,FALSE,TRUE,drinking water; water quality; water sanitation,Giti Akhavan,,,,,
10.1016/j.dib.2016.11.054,Data in Brief,2017,"Data on metal levels in the inlet and outlet wastewater treatment plant of hospitals in Bushehr province, Iran",wastewater,,FALSE,TRUE,wastewater,Fereshte Babaahmadi,,,,,
10.1016/j.dib.2017.04.031,Data in Brief,2017,"Zinc, nickel, and cobalt ions removal from aqueous solution and plating plant wastewater by modified Aspergillus flavus biomass: A dataset",wastewater,,FALSE,TRUE,wastewater,Rauf Foroutan,,,,,
10.1016/j.dib.2017.05.045,Data in Brief,2017,Fluoride concentration level in rural area in Poldasht city and daily fluoride intake based on drinking water consumption with temperature,drinking water,,FALSE,TRUE,drinking water; water quality; water sanitation,Ali Akbar Mohammadi,,,,,
10.1016/j.dib.2017.06.029,Data in Brief,2017,Advanced treatment of saline municipal wastewater by Ruppia maritima: A data set,wastewater,,FALSE,TRUE,wastewater,Mehdi Ahmadi,,,,,
10.1016/j.dib.2017.07.010,Data in Brief,2017,Synthesis of adsorbent from Tamarix hispida and modified by lanthanum metal for fluoride ions removal from wastewater: Adsorbent characteristics and real wastewater treatment data,wastewater,,FALSE,TRUE,wastewater,Nasim Habibi,,,,,
10.1016/j.dib.2017.07.015,Data in Brief,2017,"Data of added-value lipid production, Arachidonic acid, among other lipids by Mortierella elongata, using low cost simulated wastewater",wastewater,,FALSE,TRUE,wastewater,Bruna Soares Fernandes,,,,,
10.1016/j.dib.2017.08.054,Data in Brief,2017,Calculating fluoride concentrations data using ambient temperatures in drinking water distribution networks in select provinces of Iran,drinking water,,FALSE,TRUE,drinking water; water quality; water sanitation,Mohammad Ali Zazouli,,,,,
10.1016/j.dib.2017.10.048,Data in Brief,2017,Data on metagenomic profiles of activated sludge from a full-scale wastewater treatment plant,wastewater,,FALSE,TRUE,faecal sludge; wastewater,Jianhua Guo,,,,,
10.1016/j.dib.2017.10.052,Data in Brief,2017,"Data on water quality index for the groundwater in rural area Neyshabur County, Razavi province, Iran",water quality,,FALSE,TRUE,drinking water; water quality; water sanitation,Mahmood Yousefi,,,,,
10.1016/j.dib.2017.11.003,Data in Brief,2018,"Assessment of groundwater quality and evaluation of scaling and corrosiveness potential of drinking water samples in villages of Chabahr city, Sistan and Baluchistan province in Iran",drinking water,,FALSE,TRUE,drinking water; water quality; water sanitation,Abbas Abbasnia,,,,,
10.1016/j.dib.2017.11.042,Data in Brief,2018,"Data on pollutants content in the influent and effluent from wastewater treatment plant of Rasht in Guilan Province, Iran",wastewater,,FALSE,TRUE,wastewater,Salar Hosseinipour Dizgah,,,,,
10.1016/j.dib.2017.11.078,Data in Brief,2018,"Heavy metals analysis and quality assessment in drinking water – Khorramabad city, Iran",drinking water,,FALSE,TRUE,drinking water; water quality; water sanitation,Mansour Ghaderpoori,,,,,
10.1016/j.dib.2017.11.087,Data in Brief,2018,"Drinking water pollution with respective of fluoride in the semi-arid region of Basara, Nirmal district, Telangana State, India",drinking water,,FALSE,TRUE,drinking water; water quality; water sanitation,Adimalla Narsimha,,,,,
10.1016/j.dib.2017.11.099,Data in Brief,2018,"Data on corrosion and scaling potential of drinking water resources using stability indices in Jolfa, East Azerbaijan, Iran",drinking water,,FALSE,TRUE,drinking water; water quality; water sanitation,Mahmood Yousefi,,,,,
10.1016/j.dib.2017.12.034,Data in Brief,2018,"Data on wastewater treatment plant by using wetland method, Babol, Iran",wastewater,,FALSE,TRUE,wastewater,Yousef Dadban Shahamat,,,,,
10.1016/j.dib.2017.12.053,Data in Brief,2018,Draft genome sequence of Brevibacterium epidermidis EZ-K02 isolated from nitrocellulose-contaminated wastewater environments,wastewater,,FALSE,TRUE,wastewater,Elvira E. Ziganshina,,,,,
10.1016/j.dib.2017.12.057,Data in Brief,2018,Data on corrosive water in the sources and distribution network of drinking water in north of Iran,drinking water,,FALSE,TRUE,drinking water; water quality; water sanitation,Javad Alimoradi,,,,,
10.1016/j.dib.2018.01.072,Data in Brief,2018,Water quality assessment for groundwater around a municipal waste dumpsite,water quality,,FALSE,TRUE,drinking water; water quality; water sanitation,Olusola T. Kayode,,,,,
10.1016/j.dib.2018.02.003,Data in Brief,2018,Data on microbiological quality assessment of rural drinking water supplies in Poldasht county,drinking water,,FALSE,TRUE,drinking water; water quality; water sanitation,Mahmood Yousefi,,,,,
10.1016/j.dib.2018.02.069,Data in Brief,2018,"The concentration data of fluoride and health risk assessment in drinking water in the Ardakan city of Yazd province, Iran",drinking water,,FALSE,TRUE,drinking water; water quality; water sanitation,Majid Mirzabeygi (Rad Fard),,,,,
10.1016/j.dib.2018.02.075,Data in Brief,2018,Neuro-fuzzy inference system Prediction of stability indices and Sodium absorption ratio in Lordegan rural drinking water resources in west Iran,drinking water,,FALSE,TRUE,drinking water; water quality; water sanitation,Afshin Takdastan,,,,,
10.1016/j.dib.2018.03.007,Data in Brief,2018,"Evaluation of water quality and stability in the drinking water distribution network in the Azogues city, Ecuador",drinking water; water quality,,FALSE,TRUE,drinking water; water quality; water sanitation,Fernando García-Ávila,,,,,
10.1016/j.dib.2018.03.113,Data in Brief,2018,Evaluation and comparison the performance of titanium and zirconium(IV) tetrachloride in textile wastewater treatment,wastewater,,FALSE,TRUE,wastewater,Hamidi Abdul Aziz,,,,,
10.1016/j.dib.2018.03.117,Data in Brief,2018,Data for comparison of chlorine dioxide and chlorine disinfection power in a real dairy wastewater effluent,wastewater,,FALSE,TRUE,wastewater,Maliheh Akhlaghi,,,,,
10.1016/j.dib.2018.04.004,Data in Brief,2018,"Data on microbiological quality assessment of rural drinking water supplies in Tiran County, Isfahan province, Iran",drinking water,,FALSE,TRUE,drinking water; water quality; water sanitation,Khadijeh Jafari,,,,,
10.1016/j.dib.2018.04.020,Data in Brief,2018,Data on treatment of sewage wastewater by electrocoagulation using punched aluminum electrode and characterization of generated sludge,wastewater,,FALSE,TRUE,faecal sludge; wastewater,Vinita Khandegar,,,,,
10.1016/j.dib.2018.04.026,Data in Brief,2018,"Data on performance of air stripping tower- PAC integrated system for removing of odor, taste, dye and organic materials from drinking water-A case study in Saqqez, Iran",drinking water,,FALSE,TRUE,drinking water; water quality; water sanitation,Meghdad Pirsaheb,,,,,
10.1016/j.dib.2018.04.045,Data in Brief,2018,"Data on fluoride concentration and health risk assessment of drinking water in Khorasan Razavi province, Iran",drinking water,,FALSE,TRUE,drinking water; water quality; water sanitation,Mansour Ghaderpoori,,,,,
10.1016/j.dib.2018.04.053,Data in Brief,2018,"Data for distribution of various species of fecal coliforms in urban, rural and private drinking water sources in ten years period – A case study: Kermanshah, Iran",drinking water,,FALSE,TRUE,drinking water; water quality; water sanitation,Reza Davoodi,,,,,
10.1016/j.dib.2018.04.108,Data in Brief,2018,"Dataset for effect comparison of irrigation by wastewater and ground water on amount of heavy metals in soil and vegetables: Accumulation, transfer factor and health risk assessment",wastewater,,FALSE,TRUE,drinking water; wastewater; water quality; water sanitation,Elhameh Cheshmazar,,,,,
10.1016/j.dib.2018.04.120,Data in Brief,2018,"Assessment of groundwater quality by water quality indices for irrigation and drinking in South West Delhi, India",water quality,,FALSE,TRUE,drinking water; water quality; water sanitation,Sanigdha Acharya,,,,,
10.1016/j.dib.2018.05.021,Data in Brief,2018,"Data for interventional role of training in changing the knowledge and attitudes of urban mothers towards food hygiene (A case study of Ravansar Township, Kermanshah, Iran)",hygiene,,FALSE,TRUE,hygiene,Yahya Safari,,,,,
10.1016/j.dib.2018.05.060,Data in Brief,2018,Adsorption of organic pollutants from real refinery wastewater on prepared cross-linked starch by epichlorohydrin,wastewater,,FALSE,TRUE,wastewater,Riyadh K. Abid,,,,,
10.1016/j.dib.2018.05.061,Data in Brief,2018,"Groundwater quality assessment for irrigation purposes based on irrigation water quality index and its zoning with GIS in the villages of Chabahar, Sistan and Baluchistan, Iran",water quality,,FALSE,TRUE,drinking water; water quality; water sanitation,Abbas Abbasnia,,,,,
10.1016/j.dib.2018.05.068,Data in Brief,2018,Links between data on chemical and biological quality parameters in wastewater-impacted river sediment and water samples,wastewater,,FALSE,TRUE,drinking water; wastewater; water quality; water sanitation,Miren Martínez-Santos,,,,,
10.1016/j.dib.2018.05.086,Data in Brief,2018,"Data on assessment of physical, chemical and biological characteristics of effluent from wastewater treatment in Torbat Heydarieh, Iran",wastewater,,FALSE,TRUE,wastewater,Elham AlSadat Heidari,,,,,
10.1016/j.dib.2018.05.112,Data in Brief,2018,Data on fluoride concentration in drinking water resources in Iran: A case study of Fars province; Larestan region,drinking water,,FALSE,TRUE,drinking water; water quality; water sanitation,Mohammad Hadi Dehghani,,,,,
10.1016/j.dib.2018.06.053,Data in Brief,2018,"Dataset on the assessment of water quality and water quality index of Ubogo and Egini rivers, Udu LGA, Delta State Nigeria",water quality,,FALSE,TRUE,drinking water; water quality; water sanitation,A.S. Ejoh,,,,,
10.1016/j.dib.2018.06.058,Data in Brief,2018,"Data on physicochemical quality of drinking water in the rural area in Divandarreh county, Kurdistan, Iran",drinking water,,FALSE,TRUE,drinking water; water quality; water sanitation,Afshin Maleki,,,,,
10.1016/j.dib.2018.06.062,Data in Brief,2018,"Data on groundwater quality, scaling potential and corrosiveness of water samples in Torbat-e-Heydariyeh rural drinking water resources, Khorasan-e-Razavi province, Iran",drinking water,,FALSE,TRUE,drinking water; water quality; water sanitation,A.A. Babaeia,,,,,
10.1016/j.dib.2018.06.076,Data in Brief,2018,Data on effluent toxicity and physicochemical parameters of municipal wastewater treatment plant using Daphnia Magna,wastewater,,FALSE,TRUE,wastewater,Fathollah Gholami-Borujeni,,,,,
10.1016/j.dib.2018.06.094,Data in Brief,2018,Efficiency of sequencing batch reactor for removal of organic matter in the effluent of petroleum wastewater,wastewater,,FALSE,TRUE,wastewater,Abdolkazem Neisi,,,,,
10.1016/j.dib.2018.07.026,Data in Brief,2018,"Data on Legionella prevalence and water quality in showers of retirement homes and group homes in the Province of Rome, Lazio Region, Italy",water quality,,FALSE,TRUE,drinking water; water quality; water sanitation,Patrizia De Filippis,,,,,
10.1016/j.dib.2018.08.022,Data in Brief,2018,"Data on drinking water quality using water quality index (WQI) and assessment of groundwater quality for irrigation purposes in Qorveh&amp;Dehgolan, Kurdistan, Iran",drinking water; water quality,,FALSE,TRUE,drinking water; water quality; water sanitation,Hamed Soleimani,,,,,
10.1016/j.dib.2018.08.049,Data in Brief,2018,"Microbiological dataset of rural drinking water supplies in Zahedan, Iran",drinking water,,FALSE,TRUE,drinking water; water quality; water sanitation,Majid RadFard,,,,,
10.1016/j.dib.2018.08.087,Data in Brief,2018,"Data on ion composition and X-ray diffraction patterns of biosolids from wastewater treatment plants in Lufkin and Nacogdoches, Texas, USA",wastewater,,FALSE,TRUE,wastewater,Kefa K. Onchoke,,,,,
10.1016/j.dib.2018.08.139,Data in Brief,2018,"Data on health risk assessment of fluoride in drinking water in the Khash city of Sistan and Baluchistan province, Iran",drinking water,,FALSE,TRUE,drinking water; water quality; water sanitation,Abooalfazl Azhdarpoor,,,,,
10.1016/j.dib.2018.08.167,Data in Brief,2018,The data of Escherichia coli strains genes in different types of wastewater,wastewater,,FALSE,TRUE,wastewater,Mojtaba Afsharnia,,,,,
10.1016/j.dib.2018.08.180,Data in Brief,2018,"Data on aluminum concentration in drinking water distribution network of rural water supply in Sistan and Baluchistan province, Iran",drinking water,,FALSE,TRUE,drinking water; water quality; water sanitation,Hesam Akbari,,,,,
10.1016/j.dib.2018.09.078,Data in Brief,2018,"Dataset on assessment of physical and chemical quality of groundwater in rural drinking water, west Azerbaijan Province in Iran",drinking water,,FALSE,TRUE,drinking water; water quality; water sanitation,Majid Radfard,,,,,
10.1016/j.dib.2018.09.125,Data in Brief,2018,Data of thematic analysis of farmer׳s use behavior of recycled industrial wastewater,wastewater,,FALSE,TRUE,wastewater,Loai Aljerf,,,,,
10.1016/j.dib.2018.10.143,Data in Brief,2018,Data on bioassay of toxicity reduction of treated textile wastewater by using nanophotocatalytic process by Daphnia magna,wastewater,,FALSE,TRUE,wastewater,Marjan Ghanbarian,,,,,
10.1016/j.dib.2018.11.007,Data in Brief,2018,"Data on health risk assessment to the nitrate in drinking water of rural areas in the Khash city, Iran",drinking water,,FALSE,TRUE,drinking water; water quality; water sanitation,Majid Radfard,,,,,
10.1016/j.dib.2019.01.010,Data in Brief,2019,"Dataset on the assessment of water quality of surface water in Kalingarayan Canal for heavy metal pollution, Tamil Nadu",water quality,,FALSE,TRUE,drinking water; water quality; water sanitation,T. Mohanakavitha,,,,,
10.1016/j.dib.2019.103736,Data in Brief,2019,Data on the trend of corrosivity and scale formation potential of Shiraz groundwater drinking water resources during 2001–2007,drinking water,,FALSE,TRUE,drinking water; water quality; water sanitation,Mansooreh Dehghani,,,,,
10.1016/j.dib.2019.103739,Data in Brief,2019,Data on microbial community composition of sludge from high altitude wastewater treatment plants determined by 16S rRNA gene sequencing,wastewater,,FALSE,TRUE,faecal sludge; wastewater,Chen Chen,,,,,
10.1016/j.dib.2019.103846,Data in Brief,2019,"Data on water quality index development for groundwater quality assessment from Obulavaripalli Mandal, YSR district, A.P India",water quality,,FALSE,TRUE,drinking water; water quality; water sanitation,M. Prasad,,,,,
10.1016/j.dib.2019.104135,Data in Brief,2019,"Metagenomic profiling dataset of bacterial communities of a drinking water supply system (DWSS) in the arid Namaqualand region, South Africa: Source (lower Orange River) to point-of-use (O'Kiep)",drinking water,,FALSE,TRUE,drinking water; water quality; water sanitation,Innocentia G. Erdogan,,,,,
10.1016/j.dib.2019.104178,Data in Brief,2019,Water quality data from estuarine variable hydrologic flow regimes during frequent drought,water quality,,FALSE,TRUE,drinking water; water quality; water sanitation,Bhanu Paudel,,,,,
10.1016/j.dib.2019.104308,Data in Brief,2019,Dataset of the aqueous solution and petrochemical wastewater treatment containing ammonia using low cost and efficient bio-adsorbents,wastewater,,FALSE,TRUE,wastewater,Golan Yeganeh,,,,,
10.1016/j.dib.2019.104438,Data in Brief,2019,"Data on population density, growth, survival, water quality, larval stage index and ingestion rate of selected microalgae of portunids crabs at different feeding regimes",water quality,,FALSE,TRUE,drinking water; water quality; water sanitation,Muhammad Nur Syafaat,,,,,
10.1016/j.dib.2019.104462,Data in Brief,2019,"Dataset on water quality characteristics of a hill stream in Bhaderwah, Jammu and Kashmir",water quality,,FALSE,TRUE,drinking water; water quality; water sanitation,Ravinder Kumar,,,,,
10.1016/j.dib.2019.104722,Data in Brief,2019,Metagenomic data of the microbial community of lab-scale nitritation-anammox sequencing-batch bioreactor performing nitrogen removal from synthetic wastewater,wastewater,,FALSE,TRUE,wastewater,Andrey V. Mardanov,,,,,
10.1016/j.dib.2019.104813,Data in Brief,2019,Dataset for a wireless sensor network based drinking-water quality monitoring and notification system,water quality,,FALSE,TRUE,drinking water; water quality; water sanitation,Mhambi Phila Philadephian Sithole,,,,,
10.1016/j.dib.2019.104826,Data in Brief,2020,Envisat MERIS and Sentinel-3 OLCI satellite lake biophysical water quality flag dataset for the contiguous United States,water quality,,FALSE,TRUE,drinking water; water quality; water sanitation,Erin A. Urquhart,,,,,
10.1016/j.dib.2019.104848,Data in Brief,2020,Utilizations of electro-coagulated sludge from wastewater treatment plant data as an adsorbent for direct red 28 dye removal,wastewater,,FALSE,TRUE,faecal sludge; wastewater,Tadele Assefa Aragaw,,,,,
10.1016/j.dib.2019.104851,Data in Brief,2020,Dataset: Feminine hygiene product lifecycle inventory and impact assessment,hygiene,,FALSE,TRUE,hygiene,Amy Hait,,,,,
10.1016/j.dib.2019.104869,Data in Brief,2020,"Data on the inner filter effect, suspended solids and nitrate interferences in fluorescence measurements of wastewater organic matter",wastewater,,FALSE,TRUE,wastewater,Massimiliano Sgroi,,,,,
10.1016/j.dib.2019.104872,Data in Brief,2020,"Data on application of water quality index method for appraisal of water quality in around cement industrial corridor, Yerraguntla Mandal, Y.S.R District, A.P South India",water quality,,FALSE,TRUE,drinking water; water quality; water sanitation,B. Suvarna,,,,,
10.1016/j.dib.2019.104926,Data in Brief,2020,Data set on performance evaluation of discharged wastewater quality from Guna water treatment plant for potable water purpose,wastewater,,FALSE,TRUE,drinking water; wastewater; water quality; water sanitation,Adane Adugna Ayalew,,,,,
10.1016/j.dib.2019.105019,Data in Brief,2020,Data on airborne bacteria and fungi emission from a conventional hospital wastewater treatment plant,wastewater,,FALSE,TRUE,wastewater,Ahmadreza Yazdanbakhsh,,,,,
10.1016/j.dib.2019.105099,Data in Brief,2020,"Data on the effects of filters, storage conditions, and chlorination in fluorescence and absorbance wastewater measurements",wastewater,,FALSE,TRUE,wastewater,Massimiliano Sgroi,,,,,
10.1016/j.dib.2020.105268,Data in Brief,2020,"Data on water, sanitation, and hygiene in six select metro cities of India",water sanitation; hygiene; sanitation,,FALSE,TRUE,drinking water; hygiene; sanitation; water quality; water sanitation,Shashi Kala Saroj,,,,,
10.1016/j.dib.2020.105346,Data in Brief,2020,Dataset of the efficiency of the ultraviolet light activation of persulfate ion for the degradation of cobalt cyanocomplexes in synthetic mining wastewater,wastewater,,FALSE,TRUE,wastewater,Samir Fernando Castilla-Acevedo,,,,,
10.1016/j.dib.2020.105446,Data in Brief,2020,Draft genome sequence data of a T7like phage 3A_8767 isolated from wastewater of a butcher house near Palar river,wastewater,,FALSE,TRUE,wastewater,Avtar Sain,,,,,
10.1016/j.dib.2020.105584,Data in Brief,2020,Treatment of municipal wastewater by vertical subsurface flow constructed wetland: Data collection on removal efficiency using Phragmites Australis and Cyperus Papyrus,wastewater,,FALSE,TRUE,wastewater,Fernando García-Ávila,,,,,
10.1016/j.dib.2020.105822,Data in Brief,2020,Dataset on physicochemical and microbial properties of raw water in four drinking water treatment plants based in South Africa,drinking water,,FALSE,TRUE,drinking water; water quality; water sanitation,Vhahangwele Masindi,,,,,
10.1016/j.dib.2020.106062,Data in Brief,2020,Dataset of pharmaceuticals in the Danube and related drinking water wells in the Budapest region,drinking water,,FALSE,TRUE,drinking water; water quality; water sanitation,Attila Csaba Kondor,,,,,
10.1016/j.dib.2020.106112,Data in Brief,2020,"Dataset on the assessment of water quality of ground water in Kalingarayan Canal, Erode district, Tamil Nadu, India",water quality,,FALSE,TRUE,drinking water; water quality; water sanitation,R Divahar,,,,,
10.1016/j.dib.2020.106235,Data in Brief,2020,"Data for the evaluation of groundwater quality using water quality index and regression analysis in parts of Nalgonda district, Telangana, Southern India",water quality,,FALSE,TRUE,drinking water; water quality; water sanitation,K. Saikrishna,,,,,
10.1016/j.dib.2020.106685,Data in Brief,2021,Treatment of rubber wastewater using zinc sulphate as coagulants-data collection on removal efficiency for physicochemical and heavy metal parameters,wastewater,,FALSE,TRUE,wastewater,Abbas F.M. Alkarkhi,,,,,
10.1016/j.dib.2021.106799,Data in Brief,2021,Data on the fabrication of hybrid calix [4]arene-modified natural bentonite clay for efficient selective removal of toxic metals from wastewater at room temperature,wastewater,,FALSE,TRUE,wastewater,Khouloud Jlassi,,,,,
10.1016/j.dib.2021.106800,Data in Brief,2021,"Bloom announcement: Late season cyanobacterial blooms co-dominated by Microcystis flos-aquae, Lyngbya birgei, and Aphanizomenon flos-aquae complex in Hamilton Harbour (Lake Ontario), an area of concern impacted by industrial effluent and residential wastewater.",wastewater,,FALSE,TRUE,wastewater,Arthur Zastepa,,,,,
10.1016/j.dib.2021.106866,Data in Brief,2021,Water quality data in a shallow and narrow Setiu Lagoon,water quality,,FALSE,TRUE,drinking water; water quality; water sanitation,Zuraini Zainol,,,,,
10.1016/j.dib.2021.106940,Data in Brief,2021,Descriptive data on trichloroethylene and Congo red dye adsorption from wastewater using bio nanosponge phosphorylated-carbon nanotube/nanoparticles polyurethane composite,wastewater,,FALSE,TRUE,drinking water; wastewater; water quality; water sanitation,Anny Leudjo Taka,,,,,
10.1016/j.dib.2021.106945,Data in Brief,2021,Anomalies in industrial wastewater quality data in Kuwait,wastewater,,FALSE,TRUE,wastewater; water quality,Adel Al-haddad,,,,,
10.1016/j.dib.2021.107272,Data in Brief,2021,Experimental dataset on the effect of electron acceptors in energy generation from brewery wastewater via a microbial fuel cell,wastewater,,FALSE,TRUE,wastewater,Tegen Dagnew Tessema,,,,,
10.1016/j.dib.2021.107422,Data in Brief,2021,"Data on Growth, survivability, water quality and hemato-biochemical indices of Nile Tilapia (Oreochromis niloticus) fry fed with selected marine microalgae",water quality,,FALSE,TRUE,drinking water; water quality; water sanitation,Kafia Islam Amira,,,,,
10.1016/j.dib.2021.107519,Data in Brief,2021,Descriptive data on simultaneous nitrification and denitrification of hypersaline wastewater by a robust bacterium Halomonas salifodinae,wastewater,,FALSE,TRUE,wastewater,Jie Hu,,,,,
10.1016/j.dib.2021.107546,Data in Brief,2021,"Microbial communities in polychlorinated biphenyl (PCB)-contaminated wastewater lagoon sediments: PCB congener, quantitative PCR, and 16S rRNA gene amplicon sequencing datasets",wastewater,,FALSE,TRUE,wastewater,Timothy E. Mattes,,,,,
10.1016/j.dib.2021.107726,Data in Brief,2022,"SIPIBEL observatory: Data on usual pollutants (solids, organic matter, nutrients, ions) and micropollutants (pharmaceuticals, surfactants, metals), biological and ecotoxicity indicators in hospital and urban wastewater, in treated effluent and sludge from wastewater treatment plant, and in surface and groundwater",wastewater,,FALSE,TRUE,faecal sludge; wastewater,Jean-Luc Bertrand-Krajewski,,,,,
10.1016/j.dib.2022.107830,Data in Brief,2022,Data on estimation of health hazards associated with pesticide residues in drinking water,drinking water,,FALSE,TRUE,drinking water; water quality; water sanitation,Ibrahim El-Nahhal,,,,,
10.1016/j.dib.2022.107970,Data in Brief,2022,"Data for assessment of sediment, soil, and water quality at Ashfield flats reserve, Western Australia",water quality,,FALSE,TRUE,drinking water; water quality; water sanitation,Andrew W. Rate,,,,,
10.1016/j.dib.2022.108212,Data in Brief,2022,Wastewater data from individual homes: Quantitative and qualitative measurements,wastewater,,FALSE,TRUE,wastewater,Vivien Dubois,,,,,
10.1016/j.dib.2022.108228,Data in Brief,2022,Data on occurrence of perfluoroalkyl substances in influents and effluents collected from different wastewater treatment plants in Latvia,wastewater,,FALSE,TRUE,wastewater,Dzintars Zacs,,,,,
10.1016/j.dib.2022.108400,Data in Brief,2022,An internet of things labelled dataset for aquaponics fish pond water quality monitoring system,water quality,,FALSE,TRUE,drinking water; water quality; water sanitation,C.N. Udanor,,,,,
10.1016/j.dib.2022.108486,Data in Brief,2022,Dataset on water quality monitoring from a wireless sensor network in a river in Kosovo,water quality,,FALSE,TRUE,drinking water; water quality; water sanitation,Figene Ahmedi,,,,,
10.1016/j.dib.2022.108505,Data in Brief,2022,"Data, and sample sources thereof, on water quality life cycle impact assessments pertaining to catchment scale acidification and eutrophication potentials and the benefits of on-farm mitigation strategies",water quality,,FALSE,TRUE,drinking water; water quality; water sanitation,Graham A. McAuliffe,,,,,
10.1016/j.dib.2022.108736,Data in Brief,2022,Plasmid sequence dataset of multidrug-resistant Enterobacterales isolated from hospital effluents and wastewater treatment plant,wastewater,,FALSE,TRUE,wastewater,Christopher Mutuku,,,,,
10.1016/j.dib.2022.108820,Data in Brief,2023,A comprehensive dataset on the effects of Nannochloropsis sp. inclusion diets on water quality and oxidative stress of guppy (Poecilia reticulata),water quality,,FALSE,TRUE,drinking water; water quality; water sanitation,Razia Sultana,,,,,
10.1016/j.dib.2023.109072,Data in Brief,2023,"Large-scale dataset on health literacy, sleep hygiene behaviors, and mental well-being in the general population of Qazvin, Iran",hygiene,,FALSE,TRUE,hygiene,Amir H. Pakpour,,,,,
10.1016/j.dib.2023.109248,Data in Brief,2023,A simple dataset of water quality on aquaponic fish ponds based on an internet of things measurement device,water quality,,FALSE,TRUE,drinking water; water quality; water sanitation,Boby Siswanto,,,,,
10.1016/j.dib.2023.109466,Data in Brief,2023,"Dataset of fluoride concentration and health risk assessment in drinking water in the Saveh City of Markazi Province, Iran",drinking water,,FALSE,TRUE,drinking water; water quality; water sanitation,Hamid Reza Tashauoei,,,,,
10.1016/j.dib.2023.109601,Data in Brief,2023,"A water quality dataset of levels of metal, nutrient and anions in sample water points from sixteen selected urban and rural districts of Uganda",water quality,,FALSE,TRUE,drinking water; water quality; water sanitation,Hasifah Kasujja Namatovu,,,,,
10.1016/j.dib.2023.110009,Data in Brief,2024,Aerial images and water quality dataset for fishpond's condition monitoring,water quality,,FALSE,TRUE,drinking water; water quality; water sanitation,Dany Eka Saputra,,,,,
10.1016/j.dib.2024.110336,Data in Brief,2024,A comprehensive dataset for the evaluation of a horizontal tubular flocculator implemented for drinking water treatment,drinking water,,FALSE,TRUE,drinking water; water quality; water sanitation,Fernando García-Avila,,,,,
10.1016/j.dib.2024.110344,Data in Brief,2024,Draft genome sequence data of multidrug-resistant Pseudomonas aeruginosa WO7 from a hospital wastewater treatment plant in Thailand,wastewater,,FALSE,TRUE,wastewater,Montri Yasawong,,,,,
10.1016/j.dib.2024.110635,Data in Brief,2024,Comparative sanitation data from high-frequency phone surveys across 3 countries,sanitation,,FALSE,TRUE,sanitation; water sanitation,Amy R. Lewis,,,,,
10.1016/j.dib.2024.110770,Data in Brief,2024,Surface water quality database for five watersheds in the Arequipa region of Southern Peru,water quality,,FALSE,TRUE,drinking water; water quality; water sanitation,Molly Noel Rymes,,,,,
10.1016/j.dib.2024.110807,Data in Brief,2024,"Analysis of the genome of Bacillus safensis strain WOB3 KX774195, a Linamarin-utilizing bacterium (LUB) isolated from Cassava wastewater (CWW), Lagos State, Nigeria",wastewater,,FALSE,TRUE,wastewater,Adewale K. Ogunyemi,,,,,
10.1016/j.dib.2024.111005,Data in Brief,2024,"Dataset on physical-chemical and marine water quality variables in San Andrés Island, Colombian Caribbean",water quality,,FALSE,TRUE,drinking water; water quality; water sanitation,Juan Sebastián González-Guirald,,,,,
10.1016/j.dib.2025.111469,Data in Brief,2025,Knowledge base dataset on nature-based solutions for wastewater treatment and stormwater management,wastewater,,FALSE,TRUE,wastewater,Josep Pueyo-Ros,,,,,
10.1016/j.dib.2025.111756,Data in Brief,2025,Wastewater-based surveillance data to determine the COVID-19 trends in communities with low population,wastewater,,FALSE,TRUE,drinking water; wastewater; water quality; water sanitation,Aiswarya Rani Pappu,,,,,
10.1016/j.dib.2025.111870,Data in Brief,2025,"Draft genome sequence of Bacillus safensis 2T-2, isolated from drinking water",drinking water,,FALSE,TRUE,drinking water; water quality; water sanitation,Cornelius C. Bezuidenhout,,,,,
10.1016/j.dib.2025.112290,Data in Brief,2025,"Dataset of high-frequency water quality and meteorological variables in Buffalo Pound Lake, Saskatchewan, Canada, 2014 – 2021",water quality,,FALSE,TRUE,drinking water; water quality; water sanitation,Helen Baulch,,,,,
10.1016/j.dib.2025.112300,Data in Brief,2026,Cosmetics and personal hygiene primary plastic packaging dataset: Characterization of post-consumer waste returned via take-back system in Denmark,hygiene,,FALSE,TRUE,hygiene,Gloria Moscatelli,,,,,
10.1016/j.dib.2025.112310,Data in Brief,2026,Cross-sectoral digital planning Drinking Water-Urban Heat-Housing Provision indicators dataset,drinking water,,FALSE,TRUE,drinking water; water quality; water sanitation,Iván Cardenas-Leon,,,,,
10.1016/j.dib.2025.112407,Data in Brief,2026,Dataset on microbial community structure in response to microalgal cultivation in dairy wastewater,wastewater,,FALSE,TRUE,wastewater,Khin Khin Phyu,,,,,
10.1016/j.dib.2026.112503,Data in Brief,2026,Pathogen nucleic acids data in wastewater solids from 147 treatment plants in the United States: 2024–2025,wastewater,,FALSE,TRUE,wastewater,Alexandria B. Boehm,,,,,
10.1016/j.dib.2026.112838,Data in Brief,2026,"High‐resolution bathymetry and water quality dataset from an impounded lake in Northeast Florida, USA",water quality,,FALSE,TRUE,drinking water; water quality; water sanitation,Daniele Pinton,,,,,
10.1016/j.dib.2026.112935,Data in Brief,2026,Dataset of illicit drug consumption during and post COVID-19 through wastewater in a city of Chile,wastewater,,FALSE,TRUE,wastewater,Andressa S. Reis,,,,,
10.1016/j.dib.2026.112969,Data in Brief,2026,"Wastewater-based and case-based surveillance data for monitoring COVID-19 in Germany, 2022–2024",wastewater,,FALSE,TRUE,wastewater,Peter Pütz,,,,,
10.1016/j.dib.2026.113036,Data in Brief,2026,A dataset on the multi-species and multi-endpoint bioanalytical assessment of environmental samples derived from Swedish wastewater treatment plants,wastewater,,FALSE,TRUE,wastewater,Sebastian Lungu-Mitea,,,,,
10.1016/j.dib.2026.113070,Data in Brief,2026,Water quality and flow dataset from a degraded peatland catchment: Storm events and treatment pond performance,water quality,,FALSE,TRUE,drinking water; water quality; water sanitation,Lipe R.D. Mendes,,,,,
10.12688/f1000research.5403.2,F1000Research,2014,"Breaking a Guinness World Record on Hand Sanitizing Relay, initiating a call for vital research in overcoming campaign fatigue for hand hygiene.",hygiene,,FALSE,TRUE,handwashing; hygiene,Seto WH,,,,,
10.12688/f1000research.9157.1,F1000Research,2016,Metagenomic analysis of an ecological wastewater treatment plant's microbial communities and their potential to metabolize pharmaceuticals.,wastewater,,FALSE,TRUE,drinking water; wash; wastewater; water quality,Balcom IN,,,,,
10.12688/f1000research.11255.2,F1000Research,2017,Wash-in and wash-out of sevoflurane in a test-lung model: A comparison between Aisys and FLOW-i.,wash,,FALSE,TRUE,wash,Jakobsson P,,,,,
10.12688/f1000research.13064.2,F1000Research,2017,"The impact of fresh gas flow on wash-in, wash-out time and gas consumption for sevoflurane and desflurane, comparing two anaesthesia machines, a test-lung study.",wash,,FALSE,TRUE,wash,Leijonhufvud F,,,,,
10.12688/f1000research.19544.2,F1000Research,2019,"Association between umbilical cord hygiene and neonatal sepsis among neonates presenting to a primary care facility in Nairobi County, Kenya: a case-control study.",hygiene,,FALSE,TRUE,handwashing; hygiene; wash; water quality,Moraa PK,,,,,
10.12688/f1000research.20099.2,F1000Research,2019,"Salivary nitric oxide, Simplified Oral Hygiene Index, and salivary flow rate in smokers and non-smokers: a cross-sectional study.",hygiene,,FALSE,TRUE,hygiene,Bachtiar EW,,,,,
10.12688/f1000research.122822.1,F1000Research,2022,"A scoping review protocol on food handlers' knowledge, attitude, and practices towards food hygiene and safety in low and middle-income countries.",hygiene,,FALSE,TRUE,drinking water; hygiene; water quality,Dabral P,,,,,
10.12688/f1000research.87848.2,F1000Research,2022,The relationship between parents' oral hygiene knowledge and children with Down Syndrome's oral hygiene via OHI-S.,hygiene,,FALSE,TRUE,hygiene,Sosiawan A,,,,,
10.12688/f1000research.156276.3,F1000Research,2024,Assessment of water quality in the piped water supply system by using Water Quality index method.,water quality,,FALSE,TRUE,drinking water; sanitation; wastewater; water quality; water sanitation,Samal KP,,,,,
10.12688/f1000research.162022.4,F1000Research,2025,"Integrated water quality assessment and health risk analysis of heavy metal and microbial contamination in the Ichu River, Peru.",water quality,,FALSE,TRUE,drinking water; sanitation; wastewater; water quality; water sanitation,Zarate-Cáceres CR,,,,,
10.12688/gatesopenres.12754.1,Gates Open Research,2017,Implementation and process analysis of pilot scale multi-phase anaerobic fermentation and digestion of faecal sludge in Ghana.,faecal sludge,,FALSE,TRUE,faecal sludge; hygiene; latrine; sanitation; wastewater; water quality; water sanitation,Shih J,,,,,
10.12688/gatesopenres.12931.2,Gates Open Research,2019,Non-biological methods for phosphorus and nitrogen removal from wastewater: A gap analysis of reinvented-toilet technologies with respect to ISO 30500.,wastewater,,FALSE,TRUE,drinking water; sanitation; wash; wastewater; water quality; water sanitation,Trotochaud L,,,,,
10.12688/gatesopenres.13138.2,Gates Open Research,2020,Decentralized solar-powered drinking water ozonation in Western Kenya: an evaluation of disinfection efficacy.,drinking water,,FALSE,TRUE,drinking water; handwashing; sanitation; wastewater; water quality; water sanitation,Hendrickson C,,,,,
10.12688/gatesopenres.13361.2,Gates Open Research,2021,Testing for sensory threshold in drinking water with added calcium: a first step towards developing a calcium fortified water.,drinking water,,FALSE,TRUE,drinking water; wastewater; water quality,Cormick G,,,,,
10.12688/gatesopenres.13727.2,Gates Open Research,2022,Physico-chemical properties of waste derived biochar from community scale faecal sludge treatment plants.,faecal sludge,,FALSE,TRUE,drinking water; faecal sludge; hygiene; latrine; sanitation; wash; wastewater; water sanitation,Nicholas HL,,,,,
10.12688/gatesopenres.15489.2,Gates Open Research,2024,Stakeholder Interviews to Inform Best Practice for Public Facing COVID-19 Wastewater Dashboards.,wastewater,,FALSE,TRUE,faecal sludge; hygiene; wastewater; water quality,Morales D,,,,,
10.1038/s41597-023-02069-3,Scientific Data,2023,Author Correction: GLORIA - A globally representative hyperspectral in situ dataset for optical sensing of water quality,water quality,,FALSE,TRUE,drinking water; water quality; water sanitation,Moritz K. Lehmann,,,,,
10.1038/s41597-024-03815-x,Scientific Data,2024,A Dataset of Distribution and Characterization of Underground Wastewater Treatment Plants in China,wastewater,,FALSE,TRUE,wastewater,Shuyan Zhou,,,,,
10.1038/s41597-024-03969-8,Scientific Data,2024,Human pathogen nucleic acids in wastewater solids from 191 wastewater treatment plants in the United States,wastewater,,FALSE,TRUE,wastewater,Alexandria B. Boehm,,,,,
10.1038/s41597-024-04257-1,Scientific Data,2024,Author Correction: Human pathogen nucleic acids in wastewater solids from 191 wastewater treatment plants in the United States,wastewater,,FALSE,TRUE,wastewater,Alexandria B. Boehm,,,,,
10.1038/s41597-025-04534-7,Scientific Data,2025,"Compilation of riverine water quality data from the Great Barrier Reef catchment area, northeastern Australia",water quality,,FALSE,TRUE,drinking water; water quality; water sanitation,Cassandra James,,,,,
10.1038/s41597-025-04682-w,Scientific Data,2025,Metatranscriptomes of activated sludge microbiomes from saline wastewater treatment plant,wastewater,,FALSE,TRUE,faecal sludge; wastewater,Asala Mahajna,,,,,
10.1038/s41597-025-04715-4,Scientific Data,2025,A Comprehensive Dataset of Surface Water Quality Spanning 1940-2023 for Empirical and ML Adopted Research,water quality,,FALSE,TRUE,drinking water; water quality; water sanitation,Md. Rajaul Karim,,,,,
10.1038/s41597-025-04915-y,Scientific Data,2025,High Resolution Water Quality Dataset of Chinese Lakes and Reservoirs from 2000 to 2023,water quality,,FALSE,TRUE,drinking water; water quality; water sanitation,Shilong Luan,,,,,
10.1038/s41597-025-05431-9,Scientific Data,2025,Correction: High Resolution Water Quality Dataset of Chinese Lakes and Reservoirs from 2000 to 2023,water quality,,FALSE,TRUE,drinking water; water quality; water sanitation,Shilong Luan,,,,,
10.1038/s41597-025-05609-1,Scientific Data,2025,A bio-optical database for the remote sensing of water quality in BRAZil coAstal and inland waters (BRAZA),water quality,,FALSE,TRUE,drinking water; water quality; water sanitation,Daniel Andrade Maciel,,,,,
10.1038/s41597-025-06475-7,Scientific Data,2025,"Deep metatranscriptomic sequencing data of wastewater from Los Angeles, USA, 2023–2024",wastewater,,FALSE,TRUE,wastewater,Simon L. Grimm,,,,,
10.3390/data2030024,Data,2017,Thermodynamic Data of Fusarium oxysporum Grown on Different Substrates in Gold Mine Wastewater,wastewater,wastewater,TRUE,FALSE,wastewater,Enoch Akinpelu,,,"<jats:p>The necessity for sustainable process development has led to an upsurge in bio-based processes, thereby placing a higher demand on the use of suitable microorganisms. Similarly, thermodynamics is a veritable tool that can predict the behavior of any material under well-defined conditions. Thermodynamic data of Fusarium oxysporum used in the bioremediation of gold mine wastewater, for a process supported with different carbon sources, was investigated. The data were obtained using a Discovery DSC® (TA Instruments, Inc. New Castle, DE, USA) equipped with modulated Differential Scanning Calorimeter (MDSCTM) software. The data revealed minimal differences in the physical properties of the F. oxysporum used, indicating that the utilisation of agro-waste for microbial proliferation in wastewater treatment is as feasible as when refined carbon sources are used. The data will be helpful for the development of environmentally benign process development strategies, especially for environmental engineering applications.</jats:p>",,
10.3390/data3040050,Data,2018,Application of Rough Set Theory to Water Quality Analysis: A Case Study,water quality,water quality,TRUE,FALSE,drinking water; water quality; water sanitation,Maryam Zavareh,"Department of Civil, Environmental and Infrastructure Engineering, George Mason University, Fairfax, VA 22030, USA",,"<jats:p>This work proposes an approach to analyze water quality data that is based on rough set theory. Six major water quality indicators (temperature, pH, dissolved oxygen, turbidity, specific conductivity, and nitrate concentration) were collected at the outlet of the watershed that contains the George Mason University campus in Fairfax, VA during three years (October 2015–December 2017). Rough set theory is applied to monthly averages of the collected data to estimate one indicator (decision attribute) based on the remainder indicators and to determine what indicators (conditional attributes) are essential (core) to predict the missing indicator. The redundant attributes are identified, the importance degree of each attribute is quantified, and the certainty and coverage of any detected rule(s) is evaluated. Possible decision making rules are also assessed and the certainty coverage factor is calculated. Results show that the core water quality indicators for the Mason watershed during the study period are turbidity and specific conductivity. Particularly, if pH is chosen as a decision attribute, the importance degree of turbidity is higher than the one of conductivity. If the decision attribute is turbidity, the only indispensable attribute is specific conductivity and if specific conductivity is the decision attribute, the indispensable attribute beside turbidity is temperature.</jats:p>",,
10.3390/data6080079,Data,2021,Temporal Changes in Delaware Waters Using Long-Term (1967–2019) Water Temperature Data,,water quality,TRUE,FALSE,drinking water; water quality; water sanitation,Bhanu Paudel,"Delaware Department of Natural Resources and Environmental Control, Division of Watershed Stewardship/Watershed Assessment and Management Section, 285 Beiser Blvd., Suite 102, Dover, DE 19904, USA",,"<jats:p>The present article provides long-term (1967–2019) water temperature data collected from Delaware water quality monitoring sites. In Delaware, there are approximately 140 water quality monitoring sites in Piedmont, Delaware Bay, Chesapeake Bay, and Inland Bay drainage basins. Long-term quarterly (i.e., four times a year: Q1—January–February–March; Q2—April–May–June; Q3—July–August–September; Q4—October–November–December) water temperature data were calculated from each water quality monitoring sites’ continuous monthly data. This study focuses on water quality monitoring sites with significant (p-value identifying linear regression model) increasing or decreasing trends of water temperature. Quarterly water temperature data, statistical analysis, and maps showing increasing and decreasing trend from water quality monitoring sites with significant trends are presented in this article.</jats:p>",,
10.3390/data8030048,Data,2023,Reconstructed River Water Temperature Dataset for Western Canada 1980–2018,,water quality,TRUE,FALSE,drinking water; water quality; water sanitation,Rajesh R. Shrestha,"Watershed Hydrology and Ecology Research Division, Environment and Climate Change Canada, University of Victoria, 2472 Arbutus Rd., Victoria, BC V8N 1V8, Canada",,"<jats:p>Continuous water temperature data are important for understanding historical variability and trends of river thermal regime, as well as impacts of warming climate on aquatic ecosystem health. We describe a reconstructed daily water temperature dataset that supplements sparse historical observations for 55 river stations across western Canada. We employed the air2stream model for reconstructing water temperature dataset over the period 1980–2018, with air temperature and discharge data used as model inputs. The model was calibrated and validated by comparing with observed water temperature records, and the results indicate a reasonable statistical performance. We also present historical trends over the ice-free summer months from June to September using the reconstructed dataset, which indicate- significantly increasing water temperature trends for most stations. Besides trend analysis, the dataset could be used for various applications, such as calculation of heat fluxes, calibration/validation of process-based water temperature models, establishment of baseline condition for future climate projections, and assessment of impacts on ecosystems health and water quality.</jats:p>",,
10.3390/data8060103,Data,2023,"Physico-Chemical Quality and Physiological Profiles of Microbial Communities in Freshwater Systems of Mega Manila, Philippines",,drinking water,TRUE,FALSE,water quality,Marie Christine M. Obusan,"Microbial Ecology of Terrestrial and Aquatic Systems Laboratory, Institute of Biology, College of Science, University of the Philippines Diliman, Quezon City 1101, Philippines",,"<jats:p>Studying the quality of freshwater systems and drinking water in highly urbanized megalopolises around the world remains a challenge. This article reports data on the quality of select freshwater systems in Mega Manila, Philippines. Water samples collected between 2020 and 2021 were analyzed for physico-chemical parameters and microbial community metabolic fingerprints, i.e., carbon substrate utilization patterns (CSUPs). The detection of arsenic, lead, cadmium, mercury, polyaromatic hydrocarbons (PAHs), and organochlorine pesticides (OCPs) was carried out using standard chromatography- and spectroscopy-based protocols. Physiological profiles were determined using the Biolog EcoPlate™ system. Eight samples were free of heavy metals, and none contained PAHs or OCPs. Fourteen samples had high microbial activity, as indicated by average well color development (AWCD) and community metabolic diversity (CMD) values. Community-level physiological profiling (CLPP) revealed that (1) samples clustered as groups according to shared CSUPs, and (2) microbial communities in non-drinking samples actively utilized all six substrate classes compared to drinking samples. The data reported here can provide a baseline or a comparator for prospective quality assessments of drinking water and freshwater sources in the region. Metabolic fingerprinting using CSUPs is a simple and cheap phenotypic analysis of microbial communities and their physiological activity in aquatic environments.</jats:p>",,
10.3390/data8090141,Data,2023,Thailand Raw Water Quality Dataset Analysis and Evaluation,water quality,water quality,TRUE,FALSE,drinking water; water quality; water sanitation,Jaturapith Krohkaew,"Department of Big Data Management and Analytics, Rajamangala University of Technology Thanyaburi, Pathum Thani 12110, Thailand",,"<jats:p>Sustainable water quality data are important for understanding historical variability and trends in river regimes, as well as the impact of industrial waste on the health of aquatic ecosystems. Sustainable water management practices heavily depend on reliable and comprehensive data, prompting the need for accurate monitoring and assessment of water quality parameters. This research describes a reconstructed daily water quality dataset that complements rare historical observations for six station points along the Chao Phraya River in Thailand. Internet of Things technology and a Eureka water probe sensor is used to collect and reconstruct the water quality dataset for the period from June 2022–February 2023, with Turbidity, Optical Dissolved Oxygen, Dissolved Oxygen Saturation, Spatial Conductivity, Acidity/Basicity, Total Dissolved Solids, Salinity, Temperature, Chlorophyll, and Depth as the recorded parameters from six different stations. The presented dataset comprises a total of 211,322 data points, which are separated into six CSV files. The dataset is then evaluated using the Long Short-Term Memory (LSTM) algorithm with a Mean Squared Error (MSE) of 0.0012256, and Root Mean Squared Error (RMSE) of 0.0350080. The proposed dataset provides valuable insights for researchers studying river ecosystems, supporting informed decision-making and sustainable water management practices.</jats:p>",,
10.3390/data8110162,Data,2023,The Development of a Water Resource Monitoring Ontology as a Research Tool for Sustainable Regional Development,,water quality,TRUE,FALSE,drinking water; water quality; water sanitation,Assel Ospan,"Department of Artificial Intelligence and Big Data, Faculty of Information Technology, Al-Farabi Kazakh National University, Almaty 050040, Kazakhstan",,"<jats:p>The development of knowledge graphs about water resources as a tool for studying the sustainable development of a region is currently an urgent task, because the growing deterioration of the state of water bodies affects the ecology, economy, and health of the population of the region. This study presents a new ontological approach to water resource monitoring in Kazakhstan, providing data integration from heterogeneous sources, semantic analysis, decision support, and querying and searching and presenting new knowledge in the field of water monitoring. The contribution of this work is the integration of table extraction and understanding, semantic web rule language, semantic sensor network, time ontology methods, and the inclusion of a module of socioeconomic indicators that reveal the impact of water quality on the quality of life of the population. Using machine learning methods, the study derived six ontological rules to establish new knowledge about water resource monitoring. The results of the queries demonstrate the effectiveness of the proposed method, demonstrating its potential to improve water monitoring practices, promote sustainable resource management, and support decision-making processes in Kazakhstan, and can also be integrated into the ontology of water resources at the scale of Central Asia.</jats:p>",,
10.3390/data10040051,Data,2025,Observational Monitoring Records Downstream Impacts of Beaver Dams on Water Quality and Quantity in Temperate Mixed-Land-Use Watersheds,water quality,,TRUE,FALSE,drinking water; water quality; water sanitation,Erin E. Novobilsky,"Undergraduate Research Program, Marist University, Poughkeepsie, NY 12601, USA",,"<jats:p>Beaver populations in the U.S. northeast are rising, increasing the number of beaver dams and ponds in suburban watersheds. These new beaver ponds may impact the way that harmful algal blooms occur by changing biogeochemical cycling and sediment characteristics. In this study, piezometers, installed upstream and downstream of multiple dam structures were used to evaluate changes in nitrate and orthophosphate concentrations in surface and hyporheic water. Data were also collected with seepage meters, discharge measurements, lab and field-based analytical tests, and sediment samples. These were collected from beaver dams and paired non-beaver dams upstream of unimpounded reaches to look at the potential for dormant sediment-based cyanobacteria to bloom and produce toxins under ideal light and nutrient levels. Results indicate a significant increase in orthophosphate from upstream to downstream of beaver dams. Results also demonstrate that toxin potential did not increase between cyanobacteria in beaver pond sediment and the paired unimpounded sample; however, under ideal light and nutrient levels, sediment from a beaver dam led to faster cyanobacterial growth. These findings highlight that while beaver dams and impoundments function as nutrient sinks within the tributary watersheds, there are potential risks from downstream transport of bloom-inducing sediment following a dam collapse.</jats:p>",,
10.3390/data10100155,Data,2025,"A Dataset of Environmental Toxins for Water Monitoring in Coastal Waters of Southern Centre, Vietnam: Case of Nha Trang Bay",,water quality,TRUE,FALSE,drinking water; water quality; water sanitation,Hoang Xuan Ben,"Institute of Oceanography, Vietnam Academy of Science and Technology, Nha Trang 650000, Vietnam",,"<jats:p>This study presents a comprehensive dataset developed to monitor coastal water quality in the south-central region of Vietnam, focusing on Nha Trang Bay. Environmental data were collected from four research cruises conducted between 2013 and 2024. Water samples were taken at two depths: surface samples at approximately 0.5–1.0 m below the water surface, and bottom samples 1.0 to 2.0 m above the seabed, depending on site-specific bathymetry. These samples were analyzed for key water quality parameters, including biological oxygen demand (BOD5), dissolved inorganic nitrogen (DIN), dissolved inorganic phosphorus (DIP), and Chlorophyll-a (Chl-a). The data establish a valuable baseline for assessing both spatial and temporal patterns of water quality, and for calculating eutrophication index to evaluate potential environmental degradation. Importantly, it also demonstrates practical applications for environmental management. The dataset can support assessments of how seasonal tourism peaks contribute to nutrient enrichment, how aquaculture expansion affects dissolved oxygen dynamics, and how water quality trends evolve under increasing anthropogenic pressure. These applications make it a useful resource for evaluating pollution control efforts and for guiding sustainable development in coastal areas. By promoting open access, the dataset not only supports scientific research but also strengthens evidence-based management strategies to protect ecosystem health and socio-economic resilience in Nha Trang Bay.</jats:p>",,
10.46471/gigabyte.167,GigaByte,2025,"Collection of entomological, demographic, water and sanitation, and climatic data of interest for arbovirus surveillance in Praia, Cabo Verde",water sanitation; sanitation,water sanitation; sanitation,TRUE,FALSE,drinking water; sanitation; water quality; water sanitation,Lara Ferrero Gómez,Universidade Jean Piaget de Cabo Verde,,"<jats:p>Vector-borne diseases, primarily those transmitted by mosquitoes, are a serious public health problem. Some, such as dengue, put half of the world’s population at risk. Combating these diseases requires multifaceted strategies, with vector surveillance and control playing key roles. Robust and predictive surveillance systems for vector-borne diseases, based on risk stratification, enable the implementation of appropriate interventions across time and space. Here, we present a collection of entomological, demographic, water and sanitation, and climatic data from Praia (Cabo Verde), a hotspot for mosquito-borne diseases. These data were collected from June to November 2022, at 40 sentinel points scattered across the urban area of Praia. They constitute a valuable source of information for developing predictive scenarios of arbovirus outbreak risk using statistical models applied to spatial and non-spatial indicators. These data demonstrate the utility of GBIF in transforming large volumes of occurrence data into valuable information for arbovirus surveillance and vector control.</jats:p>",,
10.1093/gigascience/gix101,GigaScience,2017,LAGOS-NE: a multi-scaled geospatial and temporal database of lake ecological context and water quality for thousands of US lakes,water quality,water quality,TRUE,FALSE,drinking water; water quality; water sanitation,Patricia A Soranno,"Department of Fisheries and Wildlife, Michigan State University, East Lansing, MI 48824, USA",,"<jats:title>Abstract</jats:title>
               <jats:p>Understanding the factors that affect water quality and the ecological services provided by freshwater ecosystems is an urgent global environmental issue. Predicting how water quality will respond to global changes not only requires water quality data, but also information about the ecological context of individual water bodies across broad spatial extents. Because lake water quality is usually sampled in limited geographic regions, often for limited time periods, assessing the environmental controls of water quality requires compilation of many data sets across broad regions and across time into an integrated database. LAGOS-NE accomplishes this goal for lakes in the northeastern-most 17 US states.</jats:p>
               <jats:p>LAGOS-NE contains data for 51 101 lakes and reservoirs larger than 4 ha in 17 lake-rich US states. The database includes 3 data modules for: lake location and physical characteristics for all lakes; ecological context (i.e., the land use, geologic, climatic, and hydrologic setting of lakes) for all lakes; and in situ measurements of lake water quality for a subset of the lakes from the past 3 decades for approximately 2600–12 000 lakes depending on the variable. The database contains approximately 150 000 measures of total phosphorus, 200 000 measures of chlorophyll, and 900 000 measures of Secchi depth. The water quality data were compiled from 87 lake water quality data sets from federal, state, tribal, and non-profit agencies, university researchers, and citizen scientists. This database is one of the largest and most comprehensive databases of its type because it includes both in situ measurements and ecological context data. Because ecological context can be used to study a variety of other questions about lakes, streams, and wetlands, this database can also be used as the foundation for other studies of freshwaters at broad spatial and ecological scales.</jats:p>",,
10.1093/gigascience/giaa125,GigaScience,2020,Localized effect of treated wastewater effluent on the resistome of an urban watershed,wastewater,wastewater; water quality,TRUE,FALSE,wastewater,Christopher N Thornton,"School of Biological Sciences, University of Utah , 257 South 1400 East, Rm. 201, 84112, Salt Lake City, UT,",,"<jats:title>Abstract</jats:title>
               <jats:sec>
                  <jats:title>Background</jats:title>
                  <jats:p>Wastewater treatment is an essential tool for maintaining water quality in urban environments. While the treatment of wastewater can remove most bacterial cells, some will inevitably survive treatment to be released into natural environments. Previous studies have investigated antibiotic resistance within wastewater treatment plants, but few studies have explored how a river’s complete set of antibiotic resistance genes (the “resistome"") is affected by the release of treated effluent into surface waters.</jats:p>
               </jats:sec>
               <jats:sec>
                  <jats:title>Results</jats:title>
                  <jats:p>Here we used high-throughput, deep metagenomic sequencing to investigate the effect of treated wastewater effluent on the resistome of an urban river and the downstream distribution of effluent-associated antibiotic resistance genes and mobile genetic elements. Treated effluent release was found to be associated with increased abundance and diversity of antibiotic resistance genes and mobile genetic elements. The impact of wastewater discharge on the river’s resistome diminished with increasing distance from effluent discharge points. The resistome at river locations that were not immediately downstream from any wastewater discharge points was dominated by a single integron carrying genes associated with resistance to sulfonamides and quaternary ammonium compounds.</jats:p>
               </jats:sec>
               <jats:sec>
                  <jats:title>Conclusions</jats:title>
                  <jats:p>Our study documents variations in the resistome of an urban watershed from headwaters to a major confluence in an urban center. Greater abundances and diversity of antibiotic resistance genes are associated with human fecal contamination in river surface water, but the fecal contamination effect seems to be localized, with little measurable effect in downstream waters. The diverse composition of antibiotic resistance genes throughout the watershed suggests the influence of multiple environmental and biological factors.</jats:p>
               </jats:sec>",,
10.1093/gigascience/giae051,GigaScience,2024,Impact of reference design on estimating SARS-CoV-2 lineage abundances from wastewater sequencing data,wastewater,wastewater,TRUE,FALSE,wastewater,Eva Aßmann,,,"<jats:title>Abstract</jats:title>
                  <jats:sec>
                    <jats:title>Background</jats:title>
                    <jats:p>Sequencing of severe acute respiratory syndrome coronavirus 2 (SARS-CoV-2) RNA from wastewater samples has emerged as a valuable tool for detecting the presence and relative abundances of SARS-CoV-2 variants in a community. By analyzing the viral genetic material present in wastewater, researchers and public health authorities can gain early insights into the spread of virus lineages and emerging mutations. Constructing reference datasets from known SARS-CoV-2 lineages and their mutation profiles has become state-of-the-art for assigning viral lineages and their relative abundances from wastewater sequencing data. However, selecting reference sequences or mutations directly affects the predictive power.</jats:p>
                  </jats:sec>
                  <jats:sec>
                    <jats:title>Results</jats:title>
                    <jats:p>Here, we show the impact of a mutation- and sequence-based reference reconstruction for SARS-CoV-2 abundance estimation. We benchmark 3 datasets: (i) synthetic “spike-in”’ mixtures; (ii) German wastewater samples from early 2021, mainly comprising Alpha; and (iii) samples obtained from wastewater at an international airport in Germany from the end of 2021, including first signals of Omicron. The 2 approaches differ in sublineage detection, with the marker mutation-based method, in particular, being challenged by the increasing number of mutations and lineages. However, the estimations of both approaches depend on selecting representative references and optimized parameter settings. By performing parameter escalation experiments, we demonstrate the effects of reference size and alternative allele frequency cutoffs for abundance estimation. We show how different parameter settings can lead to different results for our test datasets and illustrate the effects of virus lineage composition of wastewater samples and references.</jats:p>
                  </jats:sec>
                  <jats:sec>
                    <jats:title>Conclusions</jats:title>
                    <jats:p>Our study highlights current computational challenges, focusing on the general reference design, which directly impacts abundance allocations. We illustrate advantages and disadvantages that may be relevant for further developments in the wastewater community and in the context of defining robust quality metrics.</jats:p>
                  </jats:sec>",,
10.1038/sdata.2017.98,Scientific Data,2017,"Water quality measurements in San Francisco Bay by the U.S. Geological Survey, 1969–2015",water quality,,TRUE,FALSE,drinking water; water quality; water sanitation,Tara S. Schraga,,,"<jats:title>Abstract</jats:title><jats:p>The U.S. Geological Survey (USGS) maintains a place-based research program in San Francisco Bay (USA) that began in 1969 and continues, providing one of the longest records of water-quality measurements in a North American estuary. Constituents include salinity, temperature, light extinction coefficient, and concentrations of chlorophyll-<jats:italic>a</jats:italic>, dissolved oxygen, suspended particulate matter, nitrate, nitrite, ammonium, silicate, and phosphate. We describe the sampling program, analytical methods, structure of the data record, and how to access all measurements made from 1969 through 2015. We provide a summary of how these data have been used by USGS and other researchers to deepen understanding of how estuaries are structured and function differently from the river and ocean ecosystems they bridge.</jats:p>",,
10.1038/sdata.2018.108,Scientific Data,2018,Freshwater macroinvertebrate samples from a water quality monitoring network in the Iberian Peninsula,water quality,water quality,TRUE,FALSE,drinking water; water quality; water sanitation,Nora Escribano,,,"<jats:title>Abstract</jats:title><jats:p>This dataset gathers information about the macroinvertatebrate samples and environmental variables collected on rivers of the Ebro River Basin (NE Iberian Peninsula), the second largest catchment in the Iberian Peninsula. The collection is composed of 1,776 sampling events carried out between 2005 and 2015 at more than 400 sampling sites. This dataset is part of a monitoring network set up by the Ebro Hydrographic Confederation, the official body entrusted with the care of the basin, to fulfill the requirements of the European Water Framework Directive. Biological indices based on the freshwater macroinvertebrate communities were used to evaluate the ecological status of the water bodies within the basin. Samples were qualitatively screened for all occurring taxa. Then, all individuals from all taxa in a quantitative subsample of each sample were counted. Biological indices were calculated to estimate water quality at each sampling site. All samples are kept at the Museum of Zoology of the University of Navarra.</jats:p>",,
10.1038/s41597-019-0316-y,Scientific Data,2019,"CE-QUAL-W2 model of dam outflow elevation impact on temperature, dissolved oxygen and nutrients in a reservoir",,water quality,TRUE,FALSE,drinking water; water quality; water sanitation,Karl-Erich Lindenschmidt,,,"<jats:title>Abstract</jats:title><jats:p>Dams are typically designed to serve as flood protection, provide water for irrigation, human and animal consumption, and harness hydropower. Despite these benefits, dam operations can have adverse effects on in-reservoir and downstream water temperature regimes, biogeochemical cycling and aquatic ecosystems. We present a water quality dataset of water withdrawal scenarios generated after implementing the 2D hydrodynamic and water quality model, CE-QUAL-W2. The scenarios explore how six water extraction scenarios, starting at 5 m above the reservoir bottom at the dam and increasing upward at 10 m intervals to 55 m, influence water quality in Lake Diefenbaker reservoir, Saskatchewan, Canada. The model simulates daily water temperature, dissolved oxygen, total phosphorus, phosphate as phosphorus, labile phosphorus, total nitrogen, nitrate as nitrogen, labile nitrogen, and ammonium at 87 horizontal segments and at 60 water depths during the 2011–2013 period. This dataset intends to facilitate a broader investigation of in-reservoir nutrient dynamics under dam operations, and to extend the understanding of reservoir nutrient dynamics globally.</jats:p>",,
10.1038/s41597-020-00596-x,Scientific Data,2020,Mapping of 30-meter resolution tile-drained croplands using a geospatial modeling approach,,water quality,TRUE,FALSE,drinking water; water quality; water sanitation,Prasanth Valayamkunnath,,,"<jats:title>Abstract</jats:title><jats:p>Tile drainage is one of the dominant agricultural management practices in the United States and has greatly expanded since the late 1990s. It has proven effects on land surface water balance and quantity and quality of streamflow at the local scale. The effect of tile drainage on crop production, hydrology, and the environment on a regional scale is elusive due to lack of high-resolution, spatially-explicit tile drainage area information for the Contiguous United States (CONUS). We developed a 30-m resolution tile drainage map of the most-likely tile-drained area of the CONUS (AgTile-US) from county-level tile drainage census using a geospatial model that uses soil drainage information and topographic slope as inputs. Validation of AgTile-US with 16000 ground truth points indicated 86.03% accuracy at the CONUS-scale. Over the heavily tile-drained midwestern regions of the U.S., the accuracy ranges from 82.7% to 93.6%. These data can be used to study and model the hydrologic and water quality responses of tile drainage and to enhance streamflow forecasting in tile drainage dominant regions.</jats:p>",,
10.1038/s41597-020-00648-2,Scientific Data,2020,A database of chlorophyll and water chemistry in freshwater lakes,,water quality,TRUE,FALSE,drinking water; water quality; water sanitation,Alessandro Filazzola,,,"<jats:title>Abstract</jats:title><jats:p>Measures of chlorophyll represent the algal biomass in freshwater lakes that is often used by managers as a proxy for water quality and lake productivity. However, chlorophyll concentrations in lakes are dependent on many interacting factors, including nutrient inputs, mixing regime, lake depth, climate, and anthropogenic activities within the watershed. Therefore, integrating a broad scale dataset of lake physical, chemical, and biological characteristics can help elucidate the response of freshwater ecosystems to global change. We synthesized a database of measured chlorophyll a (chla) values, associated water chemistry variables, and lake morphometric characteristics for 11,959 freshwater lakes distributed across 72 countries. Data were collected based on a systematic review examining 3322 published manuscripts that measured lake chla, and we supplemented these data with online repositories such as The Knowledge Network for Biocomplexity, Dryad, and Pangaea. This publicly available database can be used to improve our understanding of how chlorophyll levels respond to global environmental change and provide baseline comparisons for environmental managers responsible for maintaining water quality in lakes.</jats:p>",,
10.1038/s41597-020-0384-z,Scientific Data,2020,"Hydraulic, wash-off and sediment transport experiments in a full-scale urban drainage physical model",wash,wash,TRUE,FALSE,wash,Juan Naves,,,"<jats:title>Abstract</jats:title><jats:p>This paper presents a dataset obtained from hydraulic and sediment transport experiments performed in a full-scale urban drainage physical model of 36 m<jats:sup>2</jats:sup>. The study seeks to accurately measure sediment mobilization through the different parts of the model (surface, gully pots and pipe system), also obtaining a precise characterization of water flow and using realistic rainfall simulator to ensure the transferability of the results. Three different rain intensities and five sediment granulometries were tested in 6 hydraulic and 23 wash-off and sediment transport experiments. The following experimental data were produced: surface elevations and 2D runoff velocities measured by visualization techniques; surface and in-pipe water depths; flow discharges, total suspended solids concentrations and particle size distribution at the entrance of the gully pots and at the pipe system outlet; and sediment mass balances. This data is optimal for developing and validating wash-off and sediment transport formulations in urban drainage models, towards better treatment and management techniques for minimizing the impact of urban surface pollutants on the environments of towns and cities.</jats:p>",,
10.1038/s41597-020-0496-5,Scientific Data,2020,A novel real-world ecotoxicological dataset of pelagic microbial community responses to wastewater,wastewater,wastewater; water quality,TRUE,FALSE,wastewater,J. E. Ruprecht,,,"<jats:title>Abstract</jats:title><jats:p>Real-world observational datasets that record and quantify pressure-stressor-response linkages between effluent discharges and natural aquatic systems are rare. With global wastewater volumes increasing at unprecedented rates, it is urgent that the present dataset is available to provide the necessary information about microbial community structure and functioning. Field studies were performed at two time-points in the Austral summer. Single-species and microbial community whole effluent toxicity (WET) testing was performed at a complete range of effluent concentrations and two salinities, with accompanying environmental data to provide new insights into nutrient and organic matter cycling, and to identify ecotoxicological tipping points. The two salinity regimes were chosen to investigate future scenarios based on a predicted salinity increase at the study site, typical of coastal regions with rising sea levels globally. Flow cytometry, amplicon sequencing of 16S and 18S rRNA genes and micro-fluidic quantitative polymerase-chain reactions (MFQPCR) were used to determine chlorophyll-a and total bacterial cell numbers and size, as well as taxonomic and functional diversity of pelagic microbial communities. This strong pilot dataset could be replicated in other regions globally and would be of high value to scientists and engineers to support the next advances in microbial ecotoxicology, environmental biomonitoring and estuarine water quality modelling.</jats:p>",,
10.1038/s41597-020-0562-z,Scientific Data,2020,A global dataset of surface water and groundwater salinity measurements from 1980–2019,,water quality,TRUE,FALSE,drinking water; water quality; water sanitation,Josefin Thorslund,,,"<jats:title>Abstract</jats:title><jats:p>Salinization of freshwater resources is a growing water quality challenge, which may negatively impact both sectoral water-use and food security, as well as biodiversity and ecosystem services. Although monitoring of salinity is relatively common compared to many other water quality parameters, no compilation and harmonisation of available datasets for both surface and groundwater components have been made yet at the global scale. Here, we present a new global salinity database, compiled from electrical conductivity (EC) monitoring data of both surface water (rivers, lakes/reservoirs) and groundwater locations over the period 1980–2019. The data were assembled from a range of sources, including local to global salinity databases, governmental organizations, river basin management commissions and water development boards. Our resulting database comprises more than 16.3 million measurements from 45,103 surface water locations and 208,550 groundwater locations around the world. This database could provide new opportunities for meta-analyses of salinity levels of water resources, as well as for addressing data and model-driven questions related to historic and future salinization patterns and impacts.</jats:p>",,
10.1038/s41597-021-00856-4,Scientific Data,2021,Water quality measurements in Buzzards Bay by the Buzzards Bay Coalition Baywatchers Program from 1992 to 2018,water quality,water quality,TRUE,FALSE,drinking water; water quality; water sanitation,Rachel W. Jakuba,,,"<jats:title>Abstract</jats:title><jats:p>The Buzzards Bay Coalition’s Baywatchers Monitoring Program (<jats:italic>Baywatchers</jats:italic>) collected summertime water quality information at more than 150 stations around Buzzards Bay, Massachusetts from 1992 to 2018. <jats:italic>Baywatchers</jats:italic> documents nutrient-related water quality and the effects of nitrogen pollution. The large majority of stations are located in sub-estuaries of the main Bay, although stations in central Buzzards Bay and Vineyard Sound were added beginning in 2007. Measurements include temperature, salinity, Secchi depth and concentrations of dissolved oxygen, ammonium, nitrate + nitrite, total dissolved nitrogen, particulate organic nitrogen, particulate organic carbon, ortho-phosphate, chlorophyll <jats:italic>a</jats:italic>, pheophytin <jats:italic>a</jats:italic>, and in lower salinity waters, total phosphorus and dissolved organic carbon. The <jats:italic>Baywatchers</jats:italic> dataset provides a long-term record of the water quality of Buzzards Bay and its sub-estuaries. The data have been used to identify impaired waters, evaluate discharge permits, support the development of nitrogen total maximum daily loads, develop strategies for reducing nitrogen inputs, and increase public awareness and generate support for management actions to control nutrient pollution and improve water quality.</jats:p>",,
10.1038/s41597-021-01002-w,Scientific Data,2021,Inter-laboratory mass spectrometry dataset based on passive sampling of drinking water for non-target analysis,drinking water,drinking water,TRUE,FALSE,drinking water; water quality; water sanitation,Bastian Schulze,,,"<jats:title>Abstract</jats:title><jats:p>Non-target analysis (NTA) employing high-resolution mass spectrometry is a commonly applied approach for the detection of novel chemicals of emerging concern in complex environmental samples. NTA typically results in large and information-rich datasets that require computer aided (ideally automated) strategies for their processing and interpretation. Such strategies do however raise the challenge of reproducibility between and within different processing workflows. An effective strategy to mitigate such problems is the implementation of inter-laboratory studies (ILS) with the aim to evaluate different workflows and agree on harmonized/standardized quality control procedures. Here we present the data generated during such an ILS. This study was organized through the Norman Network and included 21 participants from 11 countries. A set of samples based on the passive sampling of drinking water pre and post treatment was shipped to all the participating laboratories for analysis, using one pre-defined method and one locally (i.e. in-house) developed method. The data generated represents a valuable resource (i.e. benchmark) for future developments of algorithms and workflows for NTA experiments.</jats:p>",,
10.1038/s41597-022-01358-7,Scientific Data,2022,Paired field and water measurements from drainage management practices in row-crop agriculture,,water quality,TRUE,FALSE,drinking water; water quality; water sanitation,L. J. Abendroth,,,"<jats:title>Abstract</jats:title><jats:p>This paper describes a multi-site and multi-decadal dataset of artificially drained agricultural fields in seven Midwest states and North Carolina, USA. Thirty-nine research sites provided data on three conservation practices for cropland with subsurface tile drainage: saturated buffers, controlled drainage, and drainage water recycling. These practices utilize vegetation and/or infrastructure to minimize off-site nutrient losses and retain water in the landscape. A total of 219 variables are reported, including 90 field measurement variables and 129 management operations and metadata. Key measurements include subsurface drain flow (206 site-years), nitrate-N load (154 site-years) and other water quality metrics, as well as agronomic, soil, climate, farm management and metadata records. Data are published at the USDA National Agricultural Library Ag Data Commons repository and are also available through an interactive website at Iowa State University. These multi-disciplinary data have large reuse potential by the scientific community as well as for design of drainage systems and implementation in the US and globally.</jats:p>",,
10.1038/s41597-022-01439-7,Scientific Data,2022,Greenhouse gas emissions from municipal wastewater treatment facilities in China from 2006 to 2019,wastewater,wastewater,TRUE,FALSE,drinking water; wastewater; water quality; water sanitation,Dan Wang,,,"<jats:title>Abstract</jats:title><jats:p>Wastewater treatment plants (WWTPs) alleviate water pollution but also induce resource consumption and environmental impacts especially greenhouse gas (GHG) emissions. Mitigating GHG emissions of WWTPs can contribute to achieving carbon neutrality in China. But there is still a lack of a high-resolution and time-series GHG emission inventories of WWTPs in China. In this study, we construct a firm-level emission inventory of WWTPs for CH<jats:sub>4</jats:sub>, N<jats:sub>2</jats:sub>O and CO<jats:sub>2</jats:sub> emissions from different wastewater treatment processes, energy consumption and effluent discharge for the time-period from 2006 to 2019. We aim to develop a transparent, verifiable and comparable WWTP GHG emission inventory to support GHG mitigation of WWTPs in China.</jats:p>",,
10.1038/s41597-022-01686-8,Scientific Data,2022,Bacteria communities and water quality parameters in riverine water and sediments near wastewater discharges,wastewater; water quality,wastewater; water quality,TRUE,FALSE,drinking water; wastewater; water quality; water sanitation,Carolina Oliveira de Santana,,,"<jats:title>Abstract</jats:title><jats:p>Wastewater treatment plant (WWTP) discharges alter water quality and microbial communities by introducing human-associated bacteria in the environment and by altering microbial communities. To fully understand this impact, it is crucial to study whether WWTP discharges affect water and sediments microbial communities in comparable ways and whether such effects depend on specific environmental variables. Here, we present a dataset investigating the impact of a WWTP on water quality and bacterial communities by comparing samples collected directly from the WWTP outflow to surface waters and sediments at two sites above and two sites below it over a period of five months. When possible, we measured five physicochemical variables (e.g., temperature, turbidity, conductivity, dissolved oxygen, and salinity), four bioindicators (e.g., <jats:italic>Escherichia coli</jats:italic>, total coliforms, <jats:italic>Enterococcus</jats:italic> sp., and endotoxins), and two molecular indicators (e.g., <jats:italic>intI1</jats:italic>’s relative abundance, and <jats:italic>16S rRNA</jats:italic> gene profiling). Preliminary results suggest that bioindicators correlate with environmental variables and that bacterial communities present in the water tables, sediments, and treated water differ greatly in composition and structure.</jats:p>",,
10.1038/s41597-022-01749-w,Scientific Data,2022,"Freshwater microbial metagenomes sampled across different water body characteristics, space and time in Israel",,wastewater; water quality,TRUE,FALSE,drinking water; water quality; water sanitation,Ashraf Al-Ashhab,,,"<jats:title>Abstract</jats:title><jats:p>Freshwater bodies are critical components of terrestrial ecosystems. The microbial communities of freshwater ecosystems are intimately linked water quality. These microbes interact with, utilize and recycle inorganic elements and organic matter. Here, we present three metagenomic sequence datasets (total of 182.9 Gbp) from different freshwater environments in Israel. The first dataset is from diverse freshwater bodies intended for different usages – a nature reserve, irrigation and aquaculture facilities, a tertiary wastewater treatment plant and a desert rainfall reservoir. The second represents a two-year time-series, collected during 2013–2014 at roughly monthly intervals, from a water reservoir connected to an aquaculture facility. The third is from several time-points during the winter and spring of 2015 in Lake Kinneret, including a bloom of the cyanobacterium Microcystis sp. These datasets are accompanied by physical, chemical, and biological measurements at each sampling point. We expect that these metagenomes will facilitate a wide range of comparative studies that seek to illuminate new aspects of freshwater microbial ecosystems and inform future water quality management approaches.</jats:p>",,
10.1038/s41597-022-01788-3,Scientific Data,2022,SARS-CoV-2 RNA levels in Scotland’s wastewater,wastewater,wastewater,TRUE,FALSE,wastewater,Livia C. T. Scorza,,,"<jats:title>Abstract</jats:title>
                  <jats:p>Nationwide, wastewater-based monitoring was newly established in Scotland to track the levels of SARS-CoV-2 viral RNA shed into the sewage network, during the COVID-19 pandemic. We present a curated, reference dataset produced by this national programme, from May 2020 to February 2022. Viral levels were analysed by RT-qPCR assays of the N1 gene, on RNA extracted from wastewater sampled at 162 locations. Locations were sampled up to four times per week, typically once or twice per week, and in response to local needs. We report sampling site locations with geographical coordinates, the total population in the catchment for each site, and the information necessary for data normalisation, such as the incoming wastewater flow values and ammonia concentration, when these were available. The methodology for viral quantification and data analysis is briefly described, with links to detailed protocols online. These wastewater data are contributing to estimates of disease prevalence and the viral reproduction number (R) in Scotland and in the UK.</jats:p>",,
10.1038/s41597-023-01973-y,Scientific Data,2023,GLORIA - A globally representative hyperspectral in situ dataset for optical sensing of water quality,water quality,water quality,TRUE,FALSE,drinking water; water quality; water sanitation,Moritz K. Lehmann,,,"<jats:title>Abstract</jats:title><jats:p>The development of algorithms for remote sensing of water quality (RSWQ) requires a large amount of <jats:italic>in situ</jats:italic> data to account for the bio-geo-optical diversity of inland and coastal waters. The GLObal Reflectance community dataset for Imaging and optical sensing of Aquatic environments (GLORIA) includes 7,572 curated hyperspectral remote sensing reflectance measurements at 1 nm intervals within the 350 to 900 nm wavelength range. In addition, at least one co-located water quality measurement of chlorophyll <jats:italic>a</jats:italic>, total suspended solids, absorption by dissolved substances, and Secchi depth, is provided. The data were contributed by researchers affiliated with 59 institutions worldwide and come from 450 different water bodies, making GLORIA the <jats:italic>de-facto</jats:italic> state of knowledge of <jats:italic>in situ</jats:italic> coastal and inland aquatic optical diversity. Each measurement is documented with comprehensive methodological details, allowing users to evaluate fitness-for-purpose, and providing a reference for practitioners planning similar measurements. We provide open and free access to this dataset with the goal of enabling scientific and technological advancement towards operational regional and global RSWQ monitoring.</jats:p>",,
10.1038/s41597-023-02277-x,Scientific Data,2023,Identifying and sharing per-and polyfluoroalkyl substances hot-spot areas and exposures in drinking water,drinking water,drinking water,TRUE,FALSE,drinking water; water quality; water sanitation,Sweta Ojha,,,"<jats:title>Abstract</jats:title>
                  <jats:p>Exposure to per- and polyfluoroalkyl substances (PFAS) in drinking water is widely recognized as a public health concern. Decision-makers who are responsible for managing PFAS drinking water risks lack the tools to acquire the information they need. In response to this need, we provide a detailed description of a Kentucky dataset that allows decision-makers to visualize potential hot-spot areas and evaluate drinking water systems that may be susceptible to PFAS contamination. The dataset includes information extracted from publicly available sources to create five different maps in ArcGIS Online and highlights potential sources of PFAS contamination in the environment in relation to drinking water systems. As datasets of PFAS drinking water sampling continue to grow as part of evolving regulatory requirements, we used this Kentucky dataset as an example to promote the reuse of this dataset and others like it. We incorporated the FAIR (Findable, Accessible, Interoperable, and Reusable) principles by creating a Figshare item that includes all data and associated metadata with these five ArcGIS maps.</jats:p>",,
10.1038/s41597-023-02297-7,Scientific Data,2023,Human viral nucleic acids concentrations in wastewater solids from Central and Coastal California USA,wastewater,wastewater,TRUE,FALSE,wastewater,Alexandria B. Boehm,,,"<jats:title>Abstract</jats:title><jats:p>We measured concentrations of SARS-CoV-2, influenza A and B virus, respiratory syncytial virus (RSV), mpox virus, human metapneumovirus, norovirus GII, and pepper mild mottle virus nucleic acids in wastewater solids at twelve wastewater treatment plants in Central California, USA. Measurements were made daily for up to two years, depending on the wastewater treatment plant. Measurements were made using digital droplet (reverse-transcription–) polymerase chain reaction (RT-PCR) following best practices for making environmental molecular biology measurements. These data can be used to better understand disease occurrence in communities contributing to the wastewater.</jats:p>",,
10.1038/s41597-023-02732-9,Scientific Data,2023,Canada Source Watershed Polygons (Can-SWaP): A dataset for the protection of Canada’s municipal water supply,,drinking water,TRUE,FALSE,drinking water; water quality; water sanitation,François-Nicolas Robinne,,,"<jats:title>Abstract</jats:title><jats:p>Over 80% of municipal (i.e., excluding industrial and agricultural) water use in Canada comes from streams, lakes, and reservoirs. These freshwater bodies and their catchments require adequate protection to secure drinking water supply for Canadians. Canada, like most countries, lacks a consolidated national dataset of municipal catchments, arguably due to gaps in data availability. Against this backdrop, we present the Canada Source Watershed Polygons dataset, or Can-SWaP. Can-SWaP was created using point locations of more than 3,300 municipal water licences defining rights to surface water withdrawal. Where possible, the resulting 1,574 catchments were assessed for accuracy in spatial coverage against provincial and local datasets. Each watershed in Can-SWaP has an estimated water volume used for municipal water purposes derived from licencing data, and several variables from RiverATLAS for investigating the integrity of surface drinking water sources in Canada. Furthermore, basing our method on the HydroSHEDS suite of global products offers a robust framework for the production of other national datasets following an established international standard.</jats:p>",,
10.1038/s41597-023-02886-6,Scientific Data,2024,Electricity and natural gas tariffs at United States wastewater treatment plants,wastewater,wastewater,TRUE,FALSE,wastewater,Fletcher T. Chapin,,,"<jats:title>Abstract</jats:title><jats:p>Wastewater treatment plants (WWTPs) are large electricity and natural gas consumers with untapped potential to recover carbon-neutral biogas and provide energy services for the grid. Techno-economic analysis of emerging energy recovery and management technologies is critical to understanding their commercial viability, but quantifying their energy cost savings potential is stymied by a lack of well curated, nationally representative electricity and natural gas tariff data. We present a dataset of electricity tariffs for the 100 largest WWTPs in the Clean Watershed Needs Survey (CWNS) and natural gas tariffs for the 54 of 100 WWTPs with on-site cogeneration. We manually collected tariffs from each utility’s website and implemented data checks to ensure their validity. The dataset includes facility metadata, electricity tariffs, and natural gas tariffs (where cogeneration is present). Tariffs are current as of November 2021. We provide code for technical validation along with a sample simulation.</jats:p>",,
10.1038/s41597-024-03298-w,Scientific Data,2024,"A point-of-use drinking water quality dataset from fieldwork in Detroit, Michigan",drinking water; water quality,drinking water; water quality,TRUE,FALSE,drinking water; water quality; water sanitation,Alyssa Schubert,,,"<jats:title>Abstract</jats:title><jats:p>Drinking water quality sensor technology has rapidly advanced, facilitating the collection of rich datasets and real-time analytics. However, sensors have not yet been widely applied to monitor drinking water quality in premise plumbing. Richer quality of data in premise plumbing offers an improved understanding of the quality of drinking water present at the point-of-use. In this paper, online drinking water quality sensor nodes were temporarily installed in twenty-four homes in Detroit, Michigan. The water quality sensor nodes took measurements of five drinking water quality parameters every five minutes for four weeks. Additionally, free chlorine and lead were sampled periodically within each home. Together, these data make up a dataset that captures drinking water quality over time in a legacy city with an oversized drinking water system. This dataset offers more frequent measurements amongst more sample homes than are typically available in premise plumbing or at the tap. The data can be used to investigate temporal trends in drinking water quality, including diurnal patterns and anomaly detection. Additionally, this dataset could be utilized to evaluate water quality in comparison with other cities.</jats:p>",,
10.1038/s41597-024-03453-3,Scientific Data,2024,Chlorophyll a in lakes and streams of the United States (2005–2022),,water quality,TRUE,FALSE,drinking water; water quality; water sanitation,Sarah A. Spaulding,,,"<jats:title>Abstract</jats:title><jats:p>The concentration of chlorophyll <jats:italic>a</jats:italic> in phytoplankton and periphyton represents the amount of algal biomass. We compiled an 18-year record (2005–2022) of pigment data from water bodies across the United States (US) to support efforts to develop process-based, machine learning, and remote sensing models for prediction of harmful algal blooms (HABs). To our knowledge, this dataset of nearly 84,000 sites and over 1,374,000 pigment measurements is the largest compilation of harmonized discrete, laboratory-extracted chlorophyll data for the US. These data were compiled from the Water Quality Portal (WQP) and previously unpublished U.S. Geological Survey’s National Water Quality Laboratory (NWQL) data. Data were harmonized for reporting units, pigment type, duplicate values, collection depth, site name, negative values, and some extreme values. Across the country, data show great variation by state in sampling frequency, distribution, and methods. Uses for such data include the calibration of models, calibration of field sensors, examination of relationship to nutrients and other drivers, evaluation of temporal trends, and other applications addressing local to national scale concerns.</jats:p>",,
10.1038/s41597-024-03601-9,Scientific Data,2024,Non-redundant metagenome-assembled genomes of activated sludge reactors at different disturbances and scales,,wastewater,TRUE,FALSE,faecal sludge,Soheil A. Neshat,,,"<jats:title>Abstract</jats:title><jats:p>Metagenome-assembled genomes (MAGs) are microbial genomes reconstructed from metagenomic data and can be assigned to known taxa or lead to uncovering novel ones. MAGs can provide insights into how microbes interact with the environment. Here, we performed genome-resolved metagenomics on sequencing data from four studies using sequencing batch reactors at microcosm (~25 mL) and mesocosm (~4 L) scales inoculated with sludge from full-scale wastewater treatment plants. These studies investigated how microbial communities in such plants respond to two environmental disturbances: the presence of toxic 3-chloroaniline and changes in organic loading rate. We report 839 non-redundant MAGs with at least 50% completeness and 10% contamination (MIMAG medium-quality criteria). From these, 399 are of putative high-quality, while sixty-seven meet the MIMAG high-quality criteria. MAGs in this catalogue represent the microbial communities in sixty-eight laboratory-scale reactors used for the disturbance experiments, and in the full-scale wastewater treatment plant which provided the source sludge. This dataset can aid meta-studies aimed at understanding the responses of microbial communities to disturbances, particularly as ecosystems confront rapid environmental changes.</jats:p>",,
10.1038/s41597-025-04537-4,Scientific Data,2025,The Water Health Open Knowledge Graph,,water sanitation; sanitation,TRUE,FALSE,drinking water; water quality; water sanitation,Anna Sofia Lippolis,,,"<jats:title>Abstract</jats:title>
          <jats:p>Global sustainability challenges have recently led to an increasing interest in the management of water and health resources. Thus, the availability of effective, meaningful and open data is crucial to address those issues in the broader context of the Sustainable Development Goals of clean water and sanitation as targeted by the United Nations. In this paper, we present the Water Health Open Knowledge Graph (WHOW-KG) along with its design methodology and analysis on impact. Developed in the context of the EU-funded WHOW (Water Health Open Knowledge) project, the WHOW-KG is a semantic knowledge graph that models data on water consumption, pollution, extreme weather events, infectious disease rates and drug distribution. Indeed, it aims at supporting a wide range of applications: from knowledge discovery to decision-making, making it a valuable resource for researchers, policymakers, and practitioners in the water and health domains. The WHOW-KG consists of a network of five ontologies and related linked open data, modelled according to those ontologies. As a fully distributed system, it is sustainable over time, can handle large datasets, and allows data providers full control, establishing it as a vital European asset in the fields of water consumption and pollution.</jats:p>",,
10.1038/s41597-025-05100-x,Scientific Data,2025,"Wastewater dataset on the SARS-CoV-2 sublineages circulating in Central Arkansas, USA, post-COVID-19 pandemic",wastewater,wastewater,TRUE,FALSE,wastewater,Volodymyr P. Tryndyak,,,"<jats:title>Abstract</jats:title>
          <jats:p>The ability of coronaviruses to adapt to new hosts and cause widespread disease outbreaks poses a significant threat to global public health systems and economies. The severity of the COVID-19 pandemic has emphasized the importance of studying coronaviruses and monitoring them in communities. We investigated SARS-CoV-2 and its genomic changes in wastewater influent sampled from two metropolitan areas in Arkansas, USA, between April 2020 and March 2024. The data presented here are a follow up report to our previous publication on the findings from the period of April 2020 to January 2022 and show the SARS-CoV-2 variants circulating between February 2022 and March 2024. The levels of viral RNA were measured by reverse-transcription quantitative polymerase chain reaction and targeted three SARS-CoV-2 genes (encoding ORF1ab polyprotein, ORF1ab; surface glycoprotein, S-protein; and nucleocapsid phosphoprotein, N-protein). The identity and genetic diversity of the virus were investigated using amplicon-based RNA sequencing. These data provide important information on SARS-CoV-2 evolution and help to understand the occurrence of COVID-19 outbreaks in the community.</jats:p>",,
10.1038/s41597-025-05459-x,Scientific Data,2025,Dataset on wastewater quality monitoring with adsorption and reflectance spectrometry in the UV-vis range,wastewater,wastewater,TRUE,FALSE,wastewater; water quality,Pierre Lechevallier,,,"<jats:title>Abstract</jats:title>
          <jats:p>A major challenge in wastewater and sewer system monitoring is the development of advanced sensing technologies to improve standard pollutant measurement and allow real-time online detection of emerging contaminants. This study presents a dataset from a 25-week measurement campaign comparing a novel hyperspectral imaging system to state-of-the-art ultraviolet-visible (UV-vis) sensors. The dataset includes 5801 hyperspectral images of raw wastewater, measurements of temperature, ammonium, flow, turbidity, pH, and UV-vis absorbance spectra, as well as 533 grab samples analyzed for conventional pollutants. We also gathered 86 samples after four rain events and analyzed them for twenty organic chemicals, providing insights into the impact of wet weather on pollutant levels. The data collection and processing methodologies are detailed, along with visualizations and analysis. Despite difficulties in the maintenance of some sensors, in particular the ion-selective electrode for ammonium measurement, the dataset’s high temporal resolution, the time span of 25 weeks, and the extensive range of analyzed pollutants make it a valuable resource for advancing the field of urban water management.</jats:p>",,
10.1038/s41597-025-05600-w,Scientific Data,2025,LAGOS-US LANDSAT: Remotely sensed water quality estimates for U.S. lakes over 4 ha from 1984 to 2020,water quality,water quality,TRUE,FALSE,drinking water; water quality; water sanitation,Patrick J. Hanly,,,"<jats:title>Abstract</jats:title>
                  <jats:p>
                    Broad-scale, long-term water quality (WQ) studies are critical for understanding increasing pressures on inland waters but remain rare due to cost. The LAGOS-US LANDSAT dataset provides 37-year remote sensing-derived WQ estimates for thousands of U.S. lakes ≥ 4 ha (1984–2020). WQ estimates use machine-learning models with Landsat imagery and ground-truthed Water Quality Portal data (LAGOS-US LIMNO). The dataset includes: (a) 45.9 million whole-lake water reflectance (six bands and 15 band ratios); (b) 740,627 matchups from 13,756 lakes with
                    <jats:italic>in situ</jats:italic>
                    data for six WQ variables: chlorophyll, Secchi depth, true color, dissolved organic carbon, total suspended solids, or turbidity; and (c) predictions for each WQ variable across lake-time combinations with quality imagery. Two random forest models were fit for each variable: Holdout-data (75/25 spatially representative train-test split) and Full-data (trained on all data). Variance explained for the Full-data predictions ranged from 20.7% for TSS to 63.7% for Secchi depth. Imagery underwent cloud and pixel quality control, and workflow components were validated guiding future research.
                  </jats:p>",,
10.1038/s41597-025-05625-1,Scientific Data,2025,"Swiss data quality: augmenting CAMELS-CH with isotopes, water quality, agricultural and atmospheric data",water quality,water quality,TRUE,FALSE,drinking water; water quality; water sanitation,Thiago V. M. do Nascimento,,,"<jats:title>Abstract</jats:title>
          <jats:p>Despite the growth of large-sample hydrology (LSH) datasets, water quality data remain scarce. Here, we introduce CAMELS-CH-Chem, an extension of CAMELS-CH (Catchment Attributes and Meteorology for Large-sample Studies in Switzerland), incorporating up to 40 water quality parameters for 115 Swiss catchments from 1981 to 2020. The dataset includes hourly and daily time series of measurements of water temperature, dissolved oxygen, pH, and electrical conductivity; as well as (bi)monthly measurements of dissolved organic carbon (DOC), total organic carbon (TOC), alkalinity (<jats:inline-formula>
              <jats:alternatives>
                <jats:tex-math>$${{\bf{HCO}}}_{{\bf{4}}}^{{{-}}}$$</jats:tex-math>
                <mml:math xmlns:mml=""http://www.w3.org/1998/Math/MathML"">
                  <mml:msubsup>
                    <mml:mrow>
                      <mml:mi>HCO</mml:mi>
                    </mml:mrow>
                    <mml:mrow>
                      <mml:mn>4</mml:mn>
                    </mml:mrow>
                    <mml:mrow>
                      <mml:mi>−</mml:mi>
                    </mml:mrow>
                  </mml:msubsup>
                </mml:math>
              </jats:alternatives>
            </jats:inline-formula>), ammonium (<jats:inline-formula>
              <jats:alternatives>
                <jats:tex-math>$${{\bf{NH}}}_{{\bf{4}}}^{+}$$</jats:tex-math>
                <mml:math xmlns:mml=""http://www.w3.org/1998/Math/MathML"">
                  <mml:msubsup>
                    <mml:mrow>
                      <mml:mi>NH</mml:mi>
                    </mml:mrow>
                    <mml:mrow>
                      <mml:mn>4</mml:mn>
                    </mml:mrow>
                    <mml:mrow>
                      <mml:mo>+</mml:mo>
                    </mml:mrow>
                  </mml:msubsup>
                </mml:math>
              </jats:alternatives>
            </jats:inline-formula>), <jats:inline-formula>
              <jats:alternatives>
                <jats:tex-math>$${{\bf{NO}}}_{{\bf{3}}}^{{{-}}}$$</jats:tex-math>
                <mml:math xmlns:mml=""http://www.w3.org/1998/Math/MathML"">
                  <mml:msubsup>
                    <mml:mrow>
                      <mml:mi>NO</mml:mi>
                    </mml:mrow>
                    <mml:mrow>
                      <mml:mn>3</mml:mn>
                    </mml:mrow>
                    <mml:mrow>
                      <mml:mi>−</mml:mi>
                    </mml:mrow>
                  </mml:msubsup>
                </mml:math>
              </jats:alternatives>
            </jats:inline-formula>, <jats:inline-formula>
              <jats:alternatives>
                <jats:tex-math>$${{\bf{NO}}}_{{\bf{2}}}^{{{-}}}$$</jats:tex-math>
                <mml:math xmlns:mml=""http://www.w3.org/1998/Math/MathML"">
                  <mml:msubsup>
                    <mml:mrow>
                      <mml:mi>NO</mml:mi>
                    </mml:mrow>
                    <mml:mrow>
                      <mml:mn>2</mml:mn>
                    </mml:mrow>
                    <mml:mrow>
                      <mml:mi>−</mml:mi>
                    </mml:mrow>
                  </mml:msubsup>
                </mml:math>
              </jats:alternatives>
            </jats:inline-formula>, total nitrogen, dissolved reactive phosphorus, total filtered phosphorus, total phosphorus, Ca²⁺, Mg²⁺, Na⁺, K⁺, Cl⁻, <jats:inline-formula>
              <jats:alternatives>
                <jats:tex-math>$${{\bf{SO}}}_{{\bf{4}}}^{{\bf{2}}{{-}}}$$</jats:tex-math>
                <mml:math xmlns:mml=""http://www.w3.org/1998/Math/MathML"">
                  <mml:msubsup>
                    <mml:mrow>
                      <mml:mi>SO</mml:mi>
                    </mml:mrow>
                    <mml:mrow>
                      <mml:mn>4</mml:mn>
                    </mml:mrow>
                    <mml:mrow>
                      <mml:mn>2</mml:mn>
                      <mml:mi>−</mml:mi>
                    </mml:mrow>
                  </mml:msubsup>
                </mml:math>
              </jats:alternatives>
            </jats:inline-formula>, H<jats:sub>4</jats:sub>SiO<jats:sub>4</jats:sub>, <jats:inline-formula>
              <jats:alternatives>
                <jats:tex-math>$${{\bf{SO}}}_{{\bf{4}}}^{{\bf{2}}{{-}}}$$</jats:tex-math>
                <mml:math xmlns:mml=""http://www.w3.org/1998/Math/MathML"">
                  <mml:msubsup>
                    <mml:mrow>
                      <mml:mi>SO</mml:mi>
                    </mml:mrow>
                    <mml:mrow>
                      <mml:mn>4</mml:mn>
                    </mml:mrow>
                    <mml:mrow>
                      <mml:mn>2</mml:mn>
                      <mml:mi>−</mml:mi>
                    </mml:mrow>
                  </mml:msubsup>
                </mml:math>
              </jats:alternatives>
            </jats:inline-formula>, total hardness, and stream water isotopes. In addition, we provide catchment aggregated (bi)monthly time series of precipitation water isotopes, along with annual resolution data on land cover including specific agricultural information (crop types and livestock density), and atmospheric nitrogen deposition. This comprehensive dataset enables broader integration of water quality into LSH research and will support new insights specifically in the field of hydrological and biogeochemical modelling.</jats:p>",,
10.1038/s41597-025-06059-5,Scientific Data,2025,A three-decade lake dataset on the Mongolian plateau tracking water area and quality dynamics (1990–2020),,water quality,TRUE,FALSE,drinking water; water quality; water sanitation,Jinkai Guo,,,"<jats:title>Abstract</jats:title>
                  <jats:p>Lakes on the Mongolian Plateau (MP) are vital freshwater and ecological resources, yet comprehensive long-term records of their area and water quality dynamics have been lacking. To fill this gap, we developed the Mongolian Plateau Lake Dataset (MPLD)—the first open-access, spatially explicit dataset providing annual records (1990–2020) of lake extent and three water quality indicators (Secchi Disk Depth, Total Suspended Matter, and Forel–Ule Index) for 1,161 lakes ( &gt; 1 km², including artificial reservoirs). Built from over 56,000 Landsat scenes processed via Google Earth Engine, the dataset reveals a pattern of initial lake shrinkage followed by partial recovery, with total lake area reaching 19,592.78 km² by 2020. By that year, 71.83% of lakes were classified as eutrophic (FUI ≥ 10).The data show strong spatiotemporal heterogeneity: western and northern lakes expanded and cleared, while eastern and central Inner Mongolia saw contraction and water quality decline. The MPLD provides critical support for water resource management across the MP and serves as a valuable reference for global studies on climate change and dryland dynamics.</jats:p>",,
10.1038/s41597-025-06468-6,Scientific Data,2025,Puerto Rico Coral Reef Monitoring Program Water Quality Data from 2023–2025,water quality,water quality,TRUE,FALSE,drinking water; water quality; water sanitation,Travis A. Courtney,,,"<jats:title>Abstract</jats:title>
                  <jats:p>
                    Coral reefs are declining due to a combination of global and local anthropogenic stressors. While water quality is an important driver of coral reef condition, the lack of systematic water quality monitoring efforts has prevented a more thorough analysis of the role of water quality parameters in modulating coral reef declines. Here we present 8,032 measurements representing seawater temperature, salinity, dissolved oxygen, pH
                    <jats:sub>NBS</jats:sub>
                    , Secchi depth, CO
                    <jats:sub>2</jats:sub>
                    chemistry (dissolved inorganic carbon and total alkalinity), biological oxygen demand (BOD), total suspended solids, settleable solids, turbidity, chlorophyll-a, ortho-phosphate, nitrite + nitrate (NOx), total Kjeldahl nitrogen (TKN), and
                    <jats:italic>Enterococcus</jats:italic>
                    spp. from 42 Puerto Rico coral reef sites from 2023 to 2025. These data provide a critical baseline for coral reef water quality that can be used to develop and assess water quality thresholds, explore spatiotemporal variability in seawater chemistry, ground truth remote sensing observations, and downscale earth system models to improve global monitoring efforts and projections for coral reefs under ongoing anthropogenic impacts.
                  </jats:p>",,
10.1038/s41597-026-06698-2,Scientific Data,2026,A Real-World Dataset for detecting Handwashing in daily Life using Wrist Motion Data from Wearables,handwashing,hygiene; wash; handwashing,TRUE,FALSE,handwashing,Robin Burchard,,,"<jats:title>Abstract</jats:title>
                  <jats:p>Handwashing detection is a relevant research topic with applications in healthcare and professional environments. While usually related to hygiene improvement, handwashing detection could also be used to support individuals with obsessive-compulsive disorder (OCD). For these individuals, compulsive, long, and frequent handwashing has a negative impact. An automated system could spot compulsive handwashing in real-time and augment the therapy process. No activity recognition datasets containing in-the-wild-recorded compulsive handwashing are available. With this work, we present the OCDetect Dataset, the first dataset with unscripted, compulsive handwashing. It contains recordings from inertial measurement units (IMUs) of 22 participants over 28 days, with 3000 recorded hand washes. For each hand wash, we supply its user-annotated kind (compulsive / routine). We provide an overview of related datasets and describe the recording, cleaning, labeling, and final features of our dataset. We reach a maximum F1 score of 0.77 (avg.: 0.33, chance level: 0.03) when spotting handwashing from all background activities on unseen participants. Our dataset and code for the reproduction of our results are publicly available.</jats:p>",,
10.1038/s41597-026-07352-7,Scientific Data,2026,Caravan-Qual: A global scale integration of stream water quality observations into a large-sample hydrology dataset,water quality,water quality,TRUE,FALSE,drinking water; water quality; water sanitation,Edward R. Jones,,,"<jats:title>Abstract</jats:title>
                  <jats:p>
                    Protecting and improving surface water quality is contingent upon understanding the trends and spatial patterns in physical, biological, and chemical conditions and their underlying drivers. This requires observational data, spanning a diverse range of water quality constituents, coupled with contextual environmental data. Here we present the first global-scale integration of stream water quality into large-sample hydrology (named
                    <jats:italic>Caravan-Qual</jats:italic>
                    ), combining ~96 million observations of 100 constituents with streamflow measurements, meteorological forcing and catchment attributes covering the period 1980–2025. We envisage that the dataset can facilitate a diverse range of empirical analyses (e.g. spatio-temporal analysis across diverse regions, quantification of pollutant loadings and exports, concentration-discharge analysis), in addition to supporting development and evaluation of process-based and data-driven models for water quality prediction and management.
                  </jats:p>",,
