doi,title,journal,published_year,auto_relevant,include,reason
10.3390/data1030020,Standardization and Quality Control in Data Collection and Assessment of Threatened Plant Species,Data,2016,FALSE,,
10.3390/data2020014,"CHASE-PL—Future Hydrology Data Set: Projections of Water Balance and Streamflow for the Vistula and Odra Basins, Poland",Data,2017,FALSE,,
10.3390/data2030024,Thermodynamic Data of Fusarium oxysporum Grown on Different Substrates in Gold Mine Wastewater,Data,2017,TRUE,,
10.3390/data2040035,"Earth Observation for Citizen Science Validation, or Citizen Science for Earth Observation Validation? The Role of Quality Assurance of Volunteered Observations",Data,2017,FALSE,,
10.3390/data3020021,Taguchi Orthogonal Array Dataset for the Effect of Water Chemistry on Aggregation of ZnO Nanoparticles,Data,2018,FALSE,,
10.3390/data3030027,Data Quality: A Negotiator between Paper-Based and Digital Records in Pakistan’s TB Control Program,Data,2018,FALSE,,
10.3390/data3040045,Improving the Quality of Survey Data Documentation: A Total Survey Error Perspective,Data,2018,FALSE,,
10.3390/data3040050,Application of Rough Set Theory to Water Quality Analysis: A Case Study,Data,2018,TRUE,,
10.3390/data4040146,Experimental Data of a Floating Cylinder in a Wave Tank: Comparison Solid and Water Ballast,Data,2019,FALSE,,
10.3390/data5010027,Data on Orientation to Happiness in Higher Education Institutions from Mexico and El Salvador,Data,2020,FALSE,,
10.3390/data5020030,Influence of Information Quality via Implemented German RCD Standard in Research Information Systems,Data,2020,FALSE,,
10.3390/data5020035,Data Quality as a Critical Success Factor for User Acceptance of Research Information Systems,Data,2020,FALSE,,
10.3390/data5030075,"High-Resolution Surface Water Classifications of the Xingu River, Brazil, Pre and Post Operationalization of the Belo Monte Hydropower Complex",Data,2020,FALSE,,
10.3390/data5040090,Towards a Contextual Approach to Data Quality,Data,2020,FALSE,,
10.3390/data6020015,Repository Approaches to Improving the Quality of Shared Data and Code,Data,2021,FALSE,,
10.3390/data6030026,FIKWater: A Water Consumption Dataset from Three Restaurant Kitchens in Portugal,Data,2021,FALSE,,
10.3390/data6060060,Information Quality Assessment for Data Fusion Systems,Data,2021,FALSE,,
10.3390/data6080079,Temporal Changes in Delaware Waters Using Long-Term (1967–2019) Water Temperature Data,Data,2021,TRUE,,
10.3390/data6090100,Dataset of Flow-Induced Vibrations on a Pipe Conveying Cold Water,Data,2021,FALSE,,
10.3390/data7010001,Datasets for the Determination of Evaporative Flux from Distilled Water and Saturated Brine Using Bench-Scale Atmospheric Simulators,Data,2021,FALSE,,
10.3390/data7010006,Multi-Temporal Surface Water Classification for Four Major Rivers from the Peruvian Amazon,Data,2022,FALSE,,
10.3390/data7060073,"Quality Control Impacts on Total Precipitation Gauge Records for Montane Valley and Ridge Sites in SW Alberta, Canada",Data,2022,FALSE,,
10.3390/data8010008,Aggregation of Multimodal ICE-MS Data into Joint Classifier Increases Quality of Brain Cancer Tissue Classification,Data,2022,FALSE,,
10.3390/data8010021,Shapley Value as a Quality Control for Mass Spectra of Human Glioblastoma Tissues,Data,2023,FALSE,,
10.3390/data8020038,Datasets of Groundwater Level and Surface Water Budget in a Central Mediterranean Site (21 June 2017–1 October 2022),Data,2023,FALSE,,
10.3390/data8030048,Reconstructed River Water Temperature Dataset for Western Canada 1980–2018,Data,2023,TRUE,,
10.3390/data8030055,"Dataset AqADAPT: Physicochemical Parameters, Vibrio Abundance, and Species Determination in Water Columns of Two Adriatic Sea Aquaculture Sites",Data,2023,FALSE,,
10.3390/data8040070,Clinical Trial Data on the Mechanical Removal of 14-Day-Old Dental Plaque Using Accelerated Micro-Droplets of Air and Water (Airfloss),Data,2023,FALSE,,
10.3390/data8060102,A Self-Attention-Based Imputation Technique for Enhancing Tabular Data Quality,Data,2023,FALSE,,
10.3390/data8060103,"Physico-Chemical Quality and Physiological Profiles of Microbial Communities in Freshwater Systems of Mega Manila, Philippines",Data,2023,TRUE,,
10.3390/data8060106,Curated Dataset for Red Blood Cell Tracking from Video Sequences of Flow in Microfluidic Devices,Data,2023,FALSE,,
10.3390/data8070117,Assessment of Maize Silage Quality under Different Pre-Ensiling Conditions,Data,2023,FALSE,,
10.3390/data8080124,Measuring the Effect of Fraud on Data-Quality Dimensions,Data,2023,FALSE,,
10.3390/data8090140,Employing Source Code Quality Analytics for Enriching Code Snippets Data,Data,2023,FALSE,,
10.3390/data8090141,Thailand Raw Water Quality Dataset Analysis and Evaluation,Data,2023,TRUE,,
10.3390/data8110162,The Development of a Water Resource Monitoring Ontology as a Research Tool for Sustainable Regional Development,Data,2023,TRUE,,
10.3390/data8120182,An Automated Big Data Quality Anomaly Correction Framework Using Predictive Analysis,Data,2023,FALSE,,
10.3390/data9020035,"COVID-19 Lockdown Effects on Sleep, Immune Fitness, Mood, Quality of Life, and Academic Functioning: Survey Data from Turkish University Students",Data,2024,FALSE,,
10.3390/data9040051,Longitudinal Patterns of Online Activity and Social Feedback Are Associated with Current and Perceived Changes in Quality of Life in Adult Facebook Users,Data,2024,FALSE,,
10.3390/data9110136,Two Datasets over South Tyrol and Tyrol Areas to Understand and Characterize Water Resource Dynamics in Mountain Regions,Data,2024,FALSE,,
10.3390/data9120142,Nearest-Better Network-Assisted Fitness Landscape Analysis of Contaminant Source Identification in Water Distribution Network,Data,2024,FALSE,,
10.3390/data9120151,A Framework for Current and New Data Quality Dimensions: An Overview,Data,2024,FALSE,,
10.3390/data10030033,Data Quality Tools to Enhance a Network Anomaly Detection Benchmark,Data,2025,FALSE,,
10.3390/data10040051,Observational Monitoring Records Downstream Impacts of Beaver Dams on Water Quality and Quantity in Temperate Mixed-Land-Use Watersheds,Data,2025,TRUE,,
10.3390/data10060084,Macao-ebird: A Curated Dataset for Artificial-Intelligence-Powered Bird Surveillance and Conservation in Macao,Data,2025,FALSE,,
10.3390/data10080130,An Extended Dataset of Educational Quality Across Countries (1970–2023),Data,2025,FALSE,,
10.3390/data10090136,A FAIR Perspective on Data Quality Frameworks,Data,2025,FALSE,,
10.3390/data10090143,Comprehensive Evaluation of Water Resource Carrying Capacity in Hebei Province Based on a Combined Weighting–TOPSIS Model,Data,2025,FALSE,,
10.3390/data10100155,"A Dataset of Environmental Toxins for Water Monitoring in Coastal Waters of Southern Centre, Vietnam: Case of Nha Trang Bay",Data,2025,TRUE,,
10.3390/data10120200,"Georeferenced Sediment and Surface Water Element Concentrations in the Coastal Liepāja Lake (Latvia), 2024",Data,2025,FALSE,,
10.3390/data10120201,"Data Quality in the Age of AI: A Review of Governance, Ethics, and the FAIR Principles",Data,2025,FALSE,,
10.3390/data10120211,A Real-World Underwater Video Dataset with Labeled Frames and Water-Quality Metadata for Aquaculture Monitoring,Data,2025,FALSE,,
10.3390/data11010019,Towards Data-Driven Decisions in Agriculture—A Proposed Data Quality Framework for Grains Trials Research,Data,2026,FALSE,,
10.3390/data11020032,Psoriatic Arthritis (PsA) Clinical Lipidomics Dataset with Hidden Laboratory Workflow Artifacts: A Benchmark Dataset for Data Processing Quality Control in Lipidomics,Data,2026,FALSE,,
10.3390/data11020040,Georeferenced Snow Depth and Snow Water Equivalent Dataset (2025) from East Kazakhstan Region,Data,2026,FALSE,,
10.3390/data11040072,Enhancing Data Quality with a Novel Neural Parameter Diffusion Approach,Data,2026,FALSE,,
10.3390/data11060150,High-Resolution GDP Downscaling for Water–Energy–Food Nexus Modelling in Data-Scarce African Regions,Data,2026,FALSE,,
10.3390/data11070173,A Differential Approach to the Generation and Quality Assessment of Synthetic Data for Environmental Monitoring,Data,2026,FALSE,,
10.3390/data11070175,RGB Image Dataset of White Maize Kernels with Visible Quality Defects for Computer Vision-Based Assessment of Mycotoxin Contamination Risk and Grain Quality,Data,2026,FALSE,,
10.1016/j.dib.2014.08.008,Data for chicken semen proteome and label free quantitative analyses displaying sperm quality biomarkers,Data in Brief,2014,FALSE,,
10.1016/j.dib.2015.09.011,Data on individual PCR efficiency values as quality control for circulating miRNAs,Data in Brief,2015,FALSE,,
10.1016/j.dib.2015.10.016,Data in support of the proteomic analysis of plasma membrane and tonoplast from the leaves of mangrove plant Avicennia officinalis,Data in Brief,2015,FALSE,,
10.1016/j.dib.2015.12.020,Dataset of producing and curing concrete using domestic treated wastewater,Data in Brief,2016,TRUE,,
10.1016/j.dib.2015.12.023,A complex water network contributes to high-affinity binding in an antibody–antigen interface,Data in Brief,2016,FALSE,,
10.1016/j.dib.2016.01.062,Data and performances evaluation of the SPIDIA-DNA Pan-European External Quality Assessment: 2nd SPIDIA-DNA laboratory report,Data in Brief,2016,FALSE,,
10.1016/j.dib.2016.01.066,Experimental data for synthesis of bi-metalized chitosan particle for attenuating of an azo dye from wastewater,Data in Brief,2016,TRUE,,
10.1016/j.dib.2016.03.010,Survey data on household spatial quality and experiences of stress,Data in Brief,2016,FALSE,,
10.1016/j.dib.2016.03.011,Small angle neutron scattering data of polymer electrolyte membranes partially swollen in water,Data in Brief,2016,FALSE,,
10.1016/j.dib.2016.04.013,Corrosion and microstructural analysis data for AISI 316L and AISI 347H stainless steels after exposure to a supercritical water environment,Data in Brief,2016,FALSE,,
10.1016/j.dib.2016.04.030,Data on litter quality of host grass plants with and without fungal endophytes,Data in Brief,2016,FALSE,,
10.1016/j.dib.2016.04.048,"Digital data of quality control strains under general deposit at Microbial Culture Collection (MCC), NCCS, Pune, India: A bioinformatics approach",Data in Brief,2016,FALSE,,
10.1016/j.dib.2016.04.065,"Dataset on the mean, standard deviation, broad-sense heritability and stability of wheat quality bred in three different ways and grown under organic and low-input conventional systems",Data in Brief,2016,FALSE,,
10.1016/j.dib.2016.05.011,Assessing the perceived quality of brachial artery Flow Mediated Dilation studies for inclusion in meta-analyses and systematic reviews: Description of data employed in the development of a scoring ;tool based on currently accepted guidelines,Data in Brief,2016,FALSE,,
10.1016/j.dib.2016.05.068,"Data on the relationship between bromide content and the formation potential of THMs, HAAs, and HANs upon chlorination and monochloramination of Karoon River water, Iran",Data in Brief,2016,FALSE,,
10.1016/j.dib.2016.06.048,Data on daily fluoride intake based on drinking water consumption prepared by household desalinators working by reverse osmosis process,Data in Brief,2016,TRUE,,
10.1016/j.dib.2016.07.009,Data on the descriptive overview and the quality assessment details of 12 qualitative research papers,Data in Brief,2016,FALSE,,
10.1016/j.dib.2016.08.038,Data on the physical characterization of oil in water emulsions,Data in Brief,2016,FALSE,,
10.1016/j.dib.2016.09.017,"Data on metals (Zn, Al, Sr, and Co) and metalloid (As) concentration levels of ballast water in commercial ships entering Bushehr port, along the Persian Gulf",Data in Brief,2016,FALSE,,
10.1016/j.dib.2016.09.020,Dataset of near infrared spectroscopy measurements to predict rheological parameters of sludge,Data in Brief,2016,FALSE,,
10.1016/j.dib.2016.09.050,"Data on fluoride concentration level in villages of Asara (Alborz, Iran) and daily fluoride intake based on drinking water consumption",Data in Brief,2016,TRUE,,
10.1016/j.dib.2016.10.030,"Data on the uptake and metabolism of the vertebrate steroid estradiol-17β from water by the common mussel, Mytilus spp.",Data in Brief,2016,FALSE,,
10.1016/j.dib.2016.11.059,Data on the positive synergic action of dimethylacetamide and trehalose on quality of cryopreserved chicken sperm,Data in Brief,2016,FALSE,,
10.1016/j.dib.2016.11.054,"Data on metal levels in the inlet and outlet wastewater treatment plant of hospitals in Bushehr province, Iran",Data in Brief,2017,TRUE,,
10.1016/j.dib.2016.11.078,Data on the densification during sintering of binder jet printed samples made from water- and gas-atomized alloy 625 powders,Data in Brief,2017,FALSE,,
10.1016/j.dib.2016.11.088,Change in thermal transitions and water uptakes of poly( l -lactic acid) blends upon hydrolytic degradation,Data in Brief,2017,FALSE,,
10.1016/j.dib.2017.02.033,Data representing two separate LC-MS methods for detection and quantification of water-soluble and fat-soluble vitamins in tears and blood serum,Data in Brief,2017,FALSE,,
10.1016/j.dib.2017.03.006,"Electrocoagulation process to Chemical and Biological Oxygen Demand treatment from carwash grey water in Ahvaz megacity, Iran",Data in Brief,2017,FALSE,,
10.1016/j.dib.2017.03.022,"Effects of an 8-month exercise intervention on physical capacity, NT-proBNP, physical activity levels and quality of life data in patients with pulmonary arterial hypertension by NYHA class",Data in Brief,2017,FALSE,,
10.1016/j.dib.2017.04.017,Dataset of water activity measurements of alcohol:water solutions using a Tunable Diode Laser,Data in Brief,2017,FALSE,,
10.1016/j.dib.2017.04.022,Data on water consumption in streptozotocin-induced diabetic mice by a novel peach gum-derived polysaccharide,Data in Brief,2017,FALSE,,
10.1016/j.dib.2017.04.031,"Zinc, nickel, and cobalt ions removal from aqueous solution and plating plant wastewater by modified Aspergillus flavus biomass: A dataset",Data in Brief,2017,TRUE,,
10.1016/j.dib.2017.05.045,Fluoride concentration level in rural area in Poldasht city and daily fluoride intake based on drinking water consumption with temperature,Data in Brief,2017,TRUE,,
10.1016/j.dib.2017.05.046,Dataset on the superabsorbent hydrogel synthesis with SiO2 nanoparticle and role in water restoration capability of agriculture soil,Data in Brief,2017,FALSE,,
10.1016/j.dib.2017.06.029,Advanced treatment of saline municipal wastewater by Ruppia maritima: A data set,Data in Brief,2017,TRUE,,
10.1016/j.dib.2017.06.037,"Geospatial analysis of dissolved nutrients dataset in the surface water of Karayar reservoir, Southern India",Data in Brief,2017,FALSE,,
10.1016/j.dib.2017.07.010,Synthesis of adsorbent from Tamarix hispida and modified by lanthanum metal for fluoride ions removal from wastewater: Adsorbent characteristics and real wastewater treatment data,Data in Brief,2017,TRUE,,
10.1016/j.dib.2017.07.012,Quality control and biophysical characterisation data of VanS A,Data in Brief,2017,FALSE,,
10.1016/j.dib.2017.07.015,"Data of added-value lipid production, Arachidonic acid, among other lipids by Mortierella elongata, using low cost simulated wastewater",Data in Brief,2017,TRUE,,
10.1016/j.dib.2017.08.028,Dataset on the associations between sleep quality/duration and cognitive performance in cognitively healthy older adults,Data in Brief,2017,FALSE,,
10.1016/j.dib.2017.08.054,Calculating fluoride concentrations data using ambient temperatures in drinking water distribution networks in select provinces of Iran,Data in Brief,2017,TRUE,,
10.1016/j.dib.2017.09.067,"Two-dimensional NMR data of a water-soluble β-(1→3, 1→6)-glucan from Aureobasidium pullulans and schizophyllan from Schizophyllum commune",Data in Brief,2017,FALSE,,
10.1016/j.dib.2017.10.040,Dataset on the cost estimation for spent filter backwash water (SFBW) treatment,Data in Brief,2017,FALSE,,
10.1016/j.dib.2017.10.048,Data on metagenomic profiles of activated sludge from a full-scale wastewater treatment plant,Data in Brief,2017,TRUE,,
10.1016/j.dib.2017.10.052,"Data on water quality index for the groundwater in rural area Neyshabur County, Razavi province, Iran",Data in Brief,2017,TRUE,,
10.1016/j.dib.2017.10.059,Data on iron oxide core oil-in-water nanoemulsions for atherosclerosis imaging,Data in Brief,2017,FALSE,,
10.1016/j.dib.2017.10.062,"Dataset on the spent filter backwash water treatment by sedimentation, coagulation and ultra filtration",Data in Brief,2017,FALSE,,
10.1016/j.dib.2017.10.073,Data on evolutionary relationships of Aeromonas hydrophila and Serratia proteamaculans that attach to water tanks,Data in Brief,2018,FALSE,,
10.1016/j.dib.2017.11.003,"Assessment of groundwater quality and evaluation of scaling and corrosiveness potential of drinking water samples in villages of Chabahr city, Sistan and Baluchistan province in Iran",Data in Brief,2018,TRUE,,
10.1016/j.dib.2017.11.039,Grafting C8-C16 alkyl groups altered the self-assembly and curcumin –loading properties of sodium caseinate in water,Data in Brief,2018,FALSE,,
10.1016/j.dib.2017.11.042,"Data on pollutants content in the influent and effluent from wastewater treatment plant of Rasht in Guilan Province, Iran",Data in Brief,2018,TRUE,,
10.1016/j.dib.2017.11.078,"Heavy metals analysis and quality assessment in drinking water – Khorramabad city, Iran",Data in Brief,2018,TRUE,,
10.1016/j.dib.2017.11.087,"Drinking water pollution with respective of fluoride in the semi-arid region of Basara, Nirmal district, Telangana State, India",Data in Brief,2018,TRUE,,
10.1016/j.dib.2017.11.090,The effect of education on the nursing care quality of patients who are under mechanical ventilation in ICU ward,Data in Brief,2018,FALSE,,
10.1016/j.dib.2017.11.092,Data demonstrating the challenges of determining the kinetic parameters of P-gp mediated transport of low-water soluble substrates,Data in Brief,2018,FALSE,,
10.1016/j.dib.2017.11.099,"Data on corrosion and scaling potential of drinking water resources using stability indices in Jolfa, East Azerbaijan, Iran",Data in Brief,2018,TRUE,,
10.1016/j.dib.2017.12.005,Data on the key performance indicators for quality of service of GSM networks in Nigeria,Data in Brief,2018,FALSE,,
10.1016/j.dib.2017.12.010,Data processing to support explication about effect of mineral constituents on temperature-dependent structural characterization of carbon fractions in sewage sludge-derived biochar,Data in Brief,2018,FALSE,,
10.1016/j.dib.2017.12.034,"Data on wastewater treatment plant by using wetland method, Babol, Iran",Data in Brief,2018,TRUE,,
10.1016/j.dib.2017.12.038,"Data on microbial and physiochemical characteristics of inlet and outlet water from household water treatment devices in Rasht, Iran",Data in Brief,2018,FALSE,,
10.1016/j.dib.2017.12.053,Draft genome sequence of Brevibacterium epidermidis EZ-K02 isolated from nitrocellulose-contaminated wastewater environments,Data in Brief,2018,TRUE,,
10.1016/j.dib.2017.12.057,Data on corrosive water in the sources and distribution network of drinking water in north of Iran,Data in Brief,2018,TRUE,,
10.1016/j.dib.2017.12.061,"Data on assessment of groundwater quality for drinking and irrigation in rural area Sarpol-e Zahab city, Kermanshah province, Iran",Data in Brief,2018,FALSE,,
10.1016/j.dib.2018.01.032,Data on trend changes of drinking groundwater resources quality: A case study in Abhar,Data in Brief,2018,FALSE,,
10.1016/j.dib.2018.01.059,"Hydrogeochemical data on groundwater quality with special emphasis on fluoride enrichment in Munneru river basin (MRB), Telangana State, South India",Data in Brief,2018,FALSE,,
10.1016/j.dib.2018.01.072,Water quality assessment for groundwater around a municipal waste dumpsite,Data in Brief,2018,TRUE,,
10.1016/j.dib.2018.02.003,Data on microbiological quality assessment of rural drinking water supplies in Poldasht county,Data in Brief,2018,TRUE,,
10.1016/j.dib.2018.02.016,"Data on fluoride contents in groundwater of Bushehr province, Iran",Data in Brief,2018,FALSE,,
10.1016/j.dib.2018.02.039,Degradation of organophosphate esters in sewage sludge: Effects of aerobic/anaerobic treatments and bacterial community compositions,Data in Brief,2018,FALSE,,
10.1016/j.dib.2018.02.066,"Dataset of surface water vapour density in southeast, Nigeria",Data in Brief,2018,FALSE,,
10.1016/j.dib.2018.02.069,"The concentration data of fluoride and health risk assessment in drinking water in the Ardakan city of Yazd province, Iran",Data in Brief,2018,TRUE,,
10.1016/j.dib.2018.02.074,Data for inactivation of free-living nematode Rhabditida from water environment using ultraviolet radiation,Data in Brief,2018,FALSE,,
10.1016/j.dib.2018.02.075,Neuro-fuzzy inference system Prediction of stability indices and Sodium absorption ratio in Lordegan rural drinking water resources in west Iran,Data in Brief,2018,TRUE,,
10.1016/j.dib.2018.03.007,"Evaluation of water quality and stability in the drinking water distribution network in the Azogues city, Ecuador",Data in Brief,2018,TRUE,,
10.1016/j.dib.2018.03.024,Water supply and runoff capture reliability curves for hypothetical rainwater harvesting systems for locations across the U.S. for historical and projected climate conditions,Data in Brief,2018,FALSE,,
10.1016/j.dib.2018.03.050,Data on effect of a reducer of water and retarder of setting time admixtures of cement pastes and mortar in hardened stat,Data in Brief,2018,FALSE,,
10.1016/j.dib.2018.03.059,"Data on assessment of groundwater quality with application of ArcGIS in Zanjan, Iran",Data in Brief,2018,FALSE,,
10.1016/j.dib.2018.03.111,Data on acetic acid–methanol–methyl acetate–water mixture analysised by dual packed column Gas Chromatography,Data in Brief,2018,FALSE,,
10.1016/j.dib.2018.03.113,Evaluation and comparison the performance of titanium and zirconium(IV) tetrachloride in textile wastewater treatment,Data in Brief,2018,TRUE,,
10.1016/j.dib.2018.03.117,Data for comparison of chlorine dioxide and chlorine disinfection power in a real dairy wastewater effluent,Data in Brief,2018,TRUE,,
10.1016/j.dib.2018.03.128,"Data on thermal conductivity, water vapour permeability and water absorption of a cementitious mortar containing end-of-waste plastic aggregates",Data in Brief,2018,FALSE,,
10.1016/j.dib.2018.04.004,"Data on microbiological quality assessment of rural drinking water supplies in Tiran County, Isfahan province, Iran",Data in Brief,2018,TRUE,,
10.1016/j.dib.2018.04.020,Data on treatment of sewage wastewater by electrocoagulation using punched aluminum electrode and characterization of generated sludge,Data in Brief,2018,TRUE,,
10.1016/j.dib.2018.04.026,"Data on performance of air stripping tower- PAC integrated system for removing of odor, taste, dye and organic materials from drinking water-A case study in Saqqez, Iran",Data in Brief,2018,TRUE,,
10.1016/j.dib.2018.04.033,Data on the Lignosus rhinocerotis water soluble sclerotial extract affecting intracellular calcium level in rat dorsal root ganglion cells,Data in Brief,2018,FALSE,,
10.1016/j.dib.2018.04.041,"Human health risk assessment data of trace elements concentration in tap water—Abeokuta South, Nigeria",Data in Brief,2018,FALSE,,
10.1016/j.dib.2018.04.045,"Data on fluoride concentration and health risk assessment of drinking water in Khorasan Razavi province, Iran",Data in Brief,2018,TRUE,,
10.1016/j.dib.2018.04.053,"Data for distribution of various species of fecal coliforms in urban, rural and private drinking water sources in ten years period – A case study: Kermanshah, Iran",Data in Brief,2018,TRUE,,
10.1016/j.dib.2018.04.085,Data on chemical composition of soil and water in the semiarid wetland of Las Tablas de Damiel National Park (Spain) during a drought period,Data in Brief,2018,FALSE,,
10.1016/j.dib.2018.04.108,"Dataset for effect comparison of irrigation by wastewater and ground water on amount of heavy metals in soil and vegetables: Accumulation, transfer factor and health risk assessment",Data in Brief,2018,TRUE,,
10.1016/j.dib.2018.04.113,Data on the risk perceptions of beach water safety in coastal Georgia,Data in Brief,2018,FALSE,,
10.1016/j.dib.2018.04.120,"Assessment of groundwater quality by water quality indices for irrigation and drinking in South West Delhi, India",Data in Brief,2018,TRUE,,
10.1016/j.dib.2018.04.129,PCR data and comparative performance of Bacteroidales microbial source tracking genetic markers,Data in Brief,2018,FALSE,,
10.1016/j.dib.2018.04.131,The data on health locus of control and its relationship with quality of life in HIV-positive patients,Data in Brief,2018,FALSE,,
10.1016/j.dib.2018.05.021,"Data for interventional role of training in changing the knowledge and attitudes of urban mothers towards food hygiene (A case study of Ravansar Township, Kermanshah, Iran)",Data in Brief,2018,TRUE,,
10.1016/j.dib.2018.05.033,Waste packaging polymeric foam for oil-water separation: An environmental remediation,Data in Brief,2018,FALSE,,
10.1016/j.dib.2018.05.049,Data on the volumes of water stored in the reservoirs supplying the Metropolitan Area of Sao Paulo (2003–2015),Data in Brief,2018,FALSE,,
10.1016/j.dib.2018.05.060,Adsorption of organic pollutants from real refinery wastewater on prepared cross-linked starch by epichlorohydrin,Data in Brief,2018,TRUE,,
10.1016/j.dib.2018.05.061,"Groundwater quality assessment for irrigation purposes based on irrigation water quality index and its zoning with GIS in the villages of Chabahar, Sistan and Baluchistan, Iran",Data in Brief,2018,TRUE,,
10.1016/j.dib.2018.05.063,"Zoning of air quality index (PM10 and PM2.5) by Arc-GIS for Khorramabad city, Iran",Data in Brief,2018,FALSE,,
10.1016/j.dib.2018.05.068,Links between data on chemical and biological quality parameters in wastewater-impacted river sediment and water samples,Data in Brief,2018,TRUE,,
10.1016/j.dib.2018.05.082,Data set on interactive service quality in higher education marketing,Data in Brief,2018,FALSE,,
10.1016/j.dib.2018.05.086,"Data on assessment of physical, chemical and biological characteristics of effluent from wastewater treatment in Torbat Heydarieh, Iran",Data in Brief,2018,TRUE,,
10.1016/j.dib.2018.05.096,"Groundwater quality assessment for drinking and agriculture purposes in Abhar city, Iran",Data in Brief,2018,FALSE,,
10.1016/j.dib.2018.05.112,Data on fluoride concentration in drinking water resources in Iran: A case study of Fars province; Larestan region,Data in Brief,2018,TRUE,,
10.1016/j.dib.2018.05.144,"Data on characterization of crude bio-oils, gaseous products, and process water produced from hydrothermal liquefaction of eight different algae",Data in Brief,2018,FALSE,,
10.1016/j.dib.2018.06.014,Data on shale-water based drilling fluid interaction for drilling operation,Data in Brief,2018,FALSE,,
10.1016/j.dib.2018.06.017,"Data on quality indices of groundwater resource for agricultural use in the Jolfa, East Azerbaijan, Iran",Data in Brief,2018,FALSE,,
10.1016/j.dib.2018.06.037,The data on the removal of turbidity and biological agents in spent filter backwash by bed ceramic in water treatment process,Data in Brief,2018,FALSE,,
10.1016/j.dib.2018.06.051,"Computation of human health risk in surface water in Ado-Odo Ota, Ogun State, Nigeria",Data in Brief,2018,FALSE,,
10.1016/j.dib.2018.06.053,"Dataset on the assessment of water quality and water quality index of Ubogo and Egini rivers, Udu LGA, Delta State Nigeria",Data in Brief,2018,TRUE,,
10.1016/j.dib.2018.06.058,"Data on physicochemical quality of drinking water in the rural area in Divandarreh county, Kurdistan, Iran",Data in Brief,2018,TRUE,,
10.1016/j.dib.2018.06.062,"Data on groundwater quality, scaling potential and corrosiveness of water samples in Torbat-e-Heydariyeh rural drinking water resources, Khorasan-e-Razavi province, Iran",Data in Brief,2018,TRUE,,
10.1016/j.dib.2018.06.076,Data on effluent toxicity and physicochemical parameters of municipal wastewater treatment plant using Daphnia Magna,Data in Brief,2018,TRUE,,
10.1016/j.dib.2018.06.094,Efficiency of sequencing batch reactor for removal of organic matter in the effluent of petroleum wastewater,Data in Brief,2018,TRUE,,
10.1016/j.dib.2018.06.110,Determination of nitrate concentration and its risk assessment in bottled water in Iran,Data in Brief,2018,FALSE,,
10.1016/j.dib.2018.06.116,Datasets on factors influencing the urban environmental quality of intra-urban motor parks across density areas of Lagos metropolis,Data in Brief,2018,FALSE,,
10.1016/j.dib.2018.07.009,"Integrating local knowledge and remote sensing for eco-type classification map in the Barotse Floodplain, Zambia",Data in Brief,2018,FALSE,,
10.1016/j.dib.2018.07.026,"Data on Legionella prevalence and water quality in showers of retirement homes and group homes in the Province of Rome, Lazio Region, Italy",Data in Brief,2018,TRUE,,
10.1016/j.dib.2018.07.030,"The power and interest indicators of the stakeholders of a Water User Association around Bengawan Solo River, Indonesia",Data in Brief,2018,FALSE,,
10.1016/j.dib.2018.07.032,"Dataset of the density, water absorption and compressive strength of lateritic earth moist concrete",Data in Brief,2018,FALSE,,
10.1016/j.dib.2018.07.035,"Data on microbial assessment and physicochemical characteristics of sachet water samples obtained from three factories in Ota, Ogun state, Nigeria",Data in Brief,2018,FALSE,,
10.1016/j.dib.2018.07.051,"Evaluation of indoor air quality and its symptoms in office building – A case study of Mashhad, Iran",Data in Brief,2018,FALSE,,
10.1016/j.dib.2018.08.003,"Data on saponins, xylan and cellulose yield obtained from quinoa stalks after pressurized hot water extraction",Data in Brief,2018,FALSE,,
10.1016/j.dib.2018.08.022,"Data on drinking water quality using water quality index (WQI) and assessment of groundwater quality for irrigation purposes in Qorveh&amp;Dehgolan, Kurdistan, Iran",Data in Brief,2018,TRUE,,
10.1016/j.dib.2018.08.031,"Data on investigating the nitrate concentration levels and quality of bottled water in Torbat-e Heydarieh, Khorasan razavi province, Iran",Data in Brief,2018,FALSE,,
10.1016/j.dib.2018.08.049,"Microbiological dataset of rural drinking water supplies in Zahedan, Iran",Data in Brief,2018,TRUE,,
10.1016/j.dib.2018.08.064,Data on optimization of production parameters on Persea Americana (Avocado) plant oil biodiesel yield and quality,Data in Brief,2018,FALSE,,
10.1016/j.dib.2018.08.087,"Data on ion composition and X-ray diffraction patterns of biosolids from wastewater treatment plants in Lufkin and Nacogdoches, Texas, USA",Data in Brief,2018,TRUE,,
10.1016/j.dib.2018.08.096,Qualitative analysis of acid washed black cumin seeds for decolorization of water through removal of highly intense dye methylene blue,Data in Brief,2018,FALSE,,
10.1016/j.dib.2018.08.105,Water vapor sorption and glass transition temperatures of phase-separated amorphous blends of hydrophobically-modified starch and sucrose,Data in Brief,2018,FALSE,,
10.1016/j.dib.2018.08.120,Prolonged DNA hydrolysis in water: A study on DNA stability,Data in Brief,2018,FALSE,,
10.1016/j.dib.2018.08.139,"Data on health risk assessment of fluoride in drinking water in the Khash city of Sistan and Baluchistan province, Iran",Data in Brief,2018,TRUE,,
10.1016/j.dib.2018.08.166,A dataset of temperature and salinity in the South Brazil Bight: Identifying water mass interfaces,Data in Brief,2018,FALSE,,
10.1016/j.dib.2018.08.167,The data of Escherichia coli strains genes in different types of wastewater,Data in Brief,2018,TRUE,,
10.1016/j.dib.2018.08.175,Data on trend changes of drinking groundwater resources quality in Sabzevar city (A case study),Data in Brief,2018,FALSE,,
10.1016/j.dib.2018.08.180,"Data on aluminum concentration in drinking water distribution network of rural water supply in Sistan and Baluchistan province, Iran",Data in Brief,2018,TRUE,,
10.1016/j.dib.2018.08.184,"Data on health risk assessment of fluoride in water distribution network of Iranshahr, Iran",Data in Brief,2018,FALSE,,
10.1016/j.dib.2018.08.201,Data to clarify the landfill role in the case of groundwater quality degradation (Southern Italy),Data in Brief,2018,FALSE,,
10.1016/j.dib.2018.09.011,Water expenses by households living in Flanders: Data availability in the Belgian EU-SILC,Data in Brief,2018,FALSE,,
10.1016/j.dib.2018.09.025,Data on links between structural and functional prokaryotic diversity in long-term sewage sludge amended soil,Data in Brief,2018,FALSE,,
10.1016/j.dib.2018.09.031,"Data on fluoride contamination in potable water in alluvial plains of district Panipat, Haryana, India",Data in Brief,2018,FALSE,,
10.1016/j.dib.2018.09.035,"Dataset on non-carcinogenic risk via nitrate and nitrite in the groundwater of Divandarreh County, Kurdistan province, Iran: A potential concern for drinking",Data in Brief,2018,FALSE,,
10.1016/j.dib.2018.09.067,Liquid-Liquid extraction of phenolic compounds in systems based on acetonitrile + water + polyvinylpyrrolidone at 298.15 K,Data in Brief,2018,FALSE,,
10.1016/j.dib.2018.09.076,Dataset of leisure time among students at Kermanshah University of Medical Sciences and its relationship with health-related quality of life (HRQOL),Data in Brief,2018,FALSE,,
10.1016/j.dib.2018.09.078,"Dataset on assessment of physical and chemical quality of groundwater in rural drinking water, west Azerbaijan Province in Iran",Data in Brief,2018,TRUE,,
10.1016/j.dib.2018.09.100,Data analyses on temperature-dependent behaviour of water based drilling fluid rheological models,Data in Brief,2018,FALSE,,
10.1016/j.dib.2018.09.117,A dataset of LC-MS QTOF analysis of potato and mustard crop residue smoke water,Data in Brief,2018,FALSE,,
10.1016/j.dib.2018.09.125,Data of thematic analysis of farmer׳s use behavior of recycled industrial wastewater,Data in Brief,2018,TRUE,,
10.1016/j.dib.2018.10.002,"Data on the rootability of Parkia biglobosa using pure honey, Coconut Water and Moringa Leaf Extract as an alternative hormones",Data in Brief,2018,FALSE,,
10.1016/j.dib.2018.10.045,Data describing the eco-physiological responses of twenty-four sunflower genotypes to water deficit,Data in Brief,2018,FALSE,,
10.1016/j.dib.2018.10.055,Data on experimental investigation of Methyl Ester Sulphonate and nanopolystyrene for rheology improvement and filtration loss control of water-based drilling fluid,Data in Brief,2018,FALSE,,
10.1016/j.dib.2018.10.058,Data supporting the life cycle impact assessment and cost evaluation of technical alternatives for providing water and heating services to a suburban development in Gällivare Sweden,Data in Brief,2018,FALSE,,
10.1016/j.dib.2018.10.089,Dataset on quality and physiological changes of raspberry fruit during their development and under auxin in-vitro assay,Data in Brief,2018,FALSE,,
10.1016/j.dib.2018.10.135,Dataset on analysis of quality of health and social insurance subscription in different socio-economic class of workers in selected areas in southwest Nigeria,Data in Brief,2018,FALSE,,
10.1016/j.dib.2018.10.140,"USDA-ARS Colorado maize growth and development, yield and water-use under strategic timing of irrigation, 2012–2013",Data in Brief,2018,FALSE,,
10.1016/j.dib.2018.10.143,Data on bioassay of toxicity reduction of treated textile wastewater by using nanophotocatalytic process by Daphnia magna,Data in Brief,2018,TRUE,,
10.1016/j.dib.2018.10.161,"Data on microbiological quality of raw cow milk in East Azerbaijan province, Iran",Data in Brief,2018,FALSE,,
10.1016/j.dib.2018.10.167,Data on the characterization of Raney nickel powder and Raney-nickel-coated electrodes prepared by atmospheric plasma spraying for alkaline water electrolysis,Data in Brief,2018,FALSE,,
10.1016/j.dib.2018.11.007,"Data on health risk assessment to the nitrate in drinking water of rural areas in the Khash city, Iran",Data in Brief,2018,TRUE,,
10.1016/j.dib.2018.11.027,Procedural and quality assessment data on catheter ablation for fascicular ventricular tachycardia,Data in Brief,2018,FALSE,,
10.1016/j.dib.2018.11.043,"Data on chemical compositions and fermentation quality of silages made from low-market-value vegetables supplemented with potato protein concentrate, a byproduct of starch production",Data in Brief,2018,FALSE,,
10.1016/j.dib.2018.11.091,Electronic nose dataset for beef quality monitoring in uncontrolled ambient conditions,Data in Brief,2018,FALSE,,
10.1016/j.dib.2018.11.114,Datasets generated by shotgun sequencing of metagenomic libraries of the guajataca water reservoir,Data in Brief,2018,FALSE,,
10.1016/j.dib.2018.12.025,Experimental data of the laboratory investigation for the design of a new filter cartridge for water treatment,Data in Brief,2019,FALSE,,
10.1016/j.dib.2018.12.037,Data on floating treatment wetland aided nutrient removal from agricultural runoff using two wetland species,Data in Brief,2019,FALSE,,
10.1016/j.dib.2018.12.044,Dataset on the use of the Soil Management Assessment Framework (SMAF) in evaluating the impact of conservation agriculture strategies on soil quality,Data in Brief,2019,FALSE,,
10.1016/j.dib.2018.12.054,Dataset on statistical reduction of highly water-soluble Cr (VI) into Cr (III) using RSM,Data in Brief,2019,FALSE,,
10.1016/j.dib.2019.01.010,"Dataset on the assessment of water quality of surface water in Kalingarayan Canal for heavy metal pollution, Tamil Nadu",Data in Brief,2019,TRUE,,
10.1016/j.dib.2019.01.018,Bioenergy production data from anaerobic digestion of thermally hydrolyzed organic fraction of municipal solid waste,Data in Brief,2019,FALSE,,
10.1016/j.dib.2019.01.027,Received signal strength data of ZigBee technology for on-street environment at 2.4 GHz band and the interruption of vehicle to link quality,Data in Brief,2019,FALSE,,
10.1016/j.dib.2019.01.036,"The data on the quality of services, satisfaction, psychological commitment and oral advertising in clinical centers in Kermanshah",Data in Brief,2019,FALSE,,
10.1016/j.dib.2019.103700,Databases for evaluating interferences between affective content and image quality,Data in Brief,2019,FALSE,,
10.1016/j.dib.2019.103736,Data on the trend of corrosivity and scale formation potential of Shiraz groundwater drinking water resources during 2001–2007,Data in Brief,2019,TRUE,,
10.1016/j.dib.2019.103739,Data on microbial community composition of sludge from high altitude wastewater treatment plants determined by 16S rRNA gene sequencing,Data in Brief,2019,TRUE,,
10.1016/j.dib.2019.103747,Surface characterization data for tethered polyacrylic acid layers synthesized on polysulfone surfaces,Data in Brief,2019,FALSE,,
10.1016/j.dib.2019.103761,Processed data on the night-time use of screen-based media devices and adolescents' sleep quality and health-related quality of life,Data in Brief,2019,FALSE,,
10.1016/j.dib.2019.103786,"Data on projections of surface water withdrawal, consumption, and availability in the conterminous United States through the 21st century",Data in Brief,2019,FALSE,,
10.1016/j.dib.2019.103810,Data on potential of CO2 capture and enhanced water recovery projects in modern coal chemical industries in China,Data in Brief,2019,FALSE,,
10.1016/j.dib.2019.103816,Viscosity measurement dataset for a water-based drilling mud–carbon nanotube suspension at high-pressure and high-temperature,Data in Brief,2019,FALSE,,
10.1016/j.dib.2019.103846,"Data on water quality index development for groundwater quality assessment from Obulavaripalli Mandal, YSR district, A.P India",Data in Brief,2019,TRUE,,
10.1016/j.dib.2019.103849,Dataset on the change of postharvest quality of Physalis peruviana L. as an effect of ethylene inhibitor,Data in Brief,2019,FALSE,,
10.1016/j.dib.2019.103852,Double slope solar still distillate output data set for conventional still and still with or without reflectors and PCM using high TDS water samples,Data in Brief,2019,FALSE,,
10.1016/j.dib.2019.103856,"Data on cities that are benchmarked with the sustainable development of energy, water and environment systems index and related cross-sectoral scenario",Data in Brief,2019,FALSE,,
10.1016/j.dib.2019.103913,"A comprehensive dataset on anaerobic digestion of cattle manure, source separated organics, and municipal sludge using different inoculum sources",Data in Brief,2019,FALSE,,
10.1016/j.dib.2019.103919,"Groundwater quality and vertical electrical sounding data of the Valliyar River Basin, South West Coast of Tamil Nadu, India",Data in Brief,2019,FALSE,,
10.1016/j.dib.2019.103930,Dataset on perception of public college students on underage drinking in Nigeria,Data in Brief,2019,FALSE,,
10.1016/j.dib.2019.103958,Data supporting the optimization of liquid chromatography tandem mass spectrometry conditions to analyze EPA-priority hormones and bisphenol A in water samples,Data in Brief,2019,FALSE,,
10.1016/j.dib.2019.103969,Data on Indoor Air Quality (IAQ) in kindergartens with different surrounding activities,Data in Brief,2019,FALSE,,
10.1016/j.dib.2019.103998,Data on species and concentration of the main gaseous products during sludge combustion to support the feasibility of using sludge as a flue gas denitration agent for the cement industry,Data in Brief,2019,FALSE,,
10.1016/j.dib.2019.104031,Data on the yield and quality of organically hybrids of tropical tomato fruits at two stages of fruit maturation,Data in Brief,2019,FALSE,,
10.1016/j.dib.2019.104055,The soybean root membrane lipids and forage quality data in response to field cultivation on agricultural podzols in boreal climates,Data in Brief,2019,FALSE,,
10.1016/j.dib.2019.104135,"Metagenomic profiling dataset of bacterial communities of a drinking water supply system (DWSS) in the arid Namaqualand region, South Africa: Source (lower Orange River) to point-of-use (O'Kiep)",Data in Brief,2019,TRUE,,
10.1016/j.dib.2019.104164,Data on appraisal of groundwater quality in north-eastern Haryana,Data in Brief,2019,FALSE,,
10.1016/j.dib.2019.104178,Water quality data from estuarine variable hydrologic flow regimes during frequent drought,Data in Brief,2019,TRUE,,
10.1016/j.dib.2019.104208,"Linear, planar and spherical tensor-valued diffusion MRI data by free waveform encoding in healthy brain, water, oil and liquid crystals",Data in Brief,2019,FALSE,,
10.1016/j.dib.2019.104260,“Swimming against the current”: Behavioral data of Betta splendens during an escape and avoidance task with water flows as the aversive stimulus,Data in Brief,2019,FALSE,,
10.1016/j.dib.2019.104307,Data on the quality and methods of studies reporting healthcare costs of post-prostate biopsy sepsis,Data in Brief,2019,FALSE,,
10.1016/j.dib.2019.104308,Dataset of the aqueous solution and petrochemical wastewater treatment containing ammonia using low cost and efficient bio-adsorbents,Data in Brief,2019,TRUE,,
10.1016/j.dib.2019.104336,Data on UPLC/MS method validation for the biodegradation of pharmaceuticals and intermediates by a fungal consortium and on T47DK-Bluc reporter gene assay to assess the reduction of their estrogenic activity,Data in Brief,2019,FALSE,,
10.1016/j.dib.2019.104384,RNA-seq data for olive flounder (Paralichthys olivaceus) according to water temperature,Data in Brief,2019,FALSE,,
10.1016/j.dib.2019.104385,Dataset of the preparation and characterization of an artificial sludge for ecotoxicological purposes,Data in Brief,2019,FALSE,,
10.1016/j.dib.2019.104400,Data from wearable wireless instrumentation device taken during simulated CPR with and without intentional error toward a quality feedback device,Data in Brief,2019,FALSE,,
10.1016/j.dib.2019.104424,Water capacity and size data of reverse micelles formed by novel cationic surfactants,Data in Brief,2019,FALSE,,
10.1016/j.dib.2019.104433,Experimental dataset of nanoporous GaN photoelectrode supported on patterned sapphire substrates for photoelectrochemical water splitting,Data in Brief,2019,FALSE,,
10.1016/j.dib.2019.104438,"Data on population density, growth, survival, water quality, larval stage index and ingestion rate of selected microalgae of portunids crabs at different feeding regimes",Data in Brief,2019,TRUE,,
10.1016/j.dib.2019.104451,Experimental data from flesh quality assessment and shelf life monitoring of high pressure processed European sea bass (Dicentrarchus labrax) fillets,Data in Brief,2019,FALSE,,
10.1016/j.dib.2019.104462,"Dataset on water quality characteristics of a hill stream in Bhaderwah, Jammu and Kashmir",Data in Brief,2019,TRUE,,
10.1016/j.dib.2019.104536,Survey data on the quality of life of consumers fitted with osseointegrated fixation and bone-anchored limb prostheses provided by government organization,Data in Brief,2019,FALSE,,
10.1016/j.dib.2019.104540,The brief data of the relation of living as commuters and quality of life,Data in Brief,2019,FALSE,,
10.1016/j.dib.2019.104541,Survey data of sewage sludge treatment and disposal routes originated from activated sludge water treatment in France,Data in Brief,2019,FALSE,,
10.1016/j.dib.2019.104556,Public good experiment data of a water game framed to Rajasthan/India,Data in Brief,2019,FALSE,,
10.1016/j.dib.2019.104569,"Data on removal kinetics of pharmaceutical compounds, artificial sweeteners, and perfluoroalkyl substances from water using a passive treatment system containing zero-valent iron and biochar",Data in Brief,2019,FALSE,,
10.1016/j.dib.2019.104584,"Data on the impact of scan quality on the diagnostic performance of CCTA, SPECT, and PET for diagnosing myocardial ischemia defined by fractional flow reserve on a per vessel level",Data in Brief,2019,FALSE,,
10.1016/j.dib.2019.104614,Data for persulfate activation by UV light to degrade theophylline in a water effluent,Data in Brief,2019,FALSE,,
10.1016/j.dib.2019.104621,Dataset used for assessing animal and poultry production water footprint in selected countries of the MENA region,Data in Brief,2019,FALSE,,
10.1016/j.dib.2019.104622,"Dataset of the volatile compounds detected in unmarinated and marinated grilled ruminant meats with novel unfiltered beer-based marinades to improve their nutritional quality, safety, and sensory perception",Data in Brief,2019,FALSE,,
10.1016/j.dib.2019.104627,"Data on assessment of corrosion-scaling potential and chemical parameters of groundwater quality for industrial and agricultural sectors in the Piranshahr Watershed in the West Azerbaijan province, Iran",Data in Brief,2019,FALSE,,
10.1016/j.dib.2019.104661,Dataset on potential environmental impacts of water deprivation and land use for food consumption in France and Tunisia,Data in Brief,2019,FALSE,,
10.1016/j.dib.2019.104722,Metagenomic data of the microbial community of lab-scale nitritation-anammox sequencing-batch bioreactor performing nitrogen removal from synthetic wastewater,Data in Brief,2019,TRUE,,
10.1016/j.dib.2019.104740,Dataset of the net primary production on the Qinghai-Tibetan Plateau using a soil water content improved Biome-BGC model,Data in Brief,2019,FALSE,,
10.1016/j.dib.2019.104779,Data for assessment of soil water extractable and percolation water dissolved organic carbon in watersheds,Data in Brief,2019,FALSE,,
10.1016/j.dib.2019.104789,Near infrared spectroscopic data for rapid and simultaneous prediction of quality attributes in intact mango fruits,Data in Brief,2019,FALSE,,
10.1016/j.dib.2019.104801,Dataset on improved nutritional quality and safety of grilled marinated and unmarinated ruminant meat using novel unfiltered beer-based marinades,Data in Brief,2019,FALSE,,
10.1016/j.dib.2019.104813,Dataset for a wireless sensor network based drinking-water quality monitoring and notification system,Data in Brief,2019,TRUE,,
10.1016/j.dib.2019.104826,Envisat MERIS and Sentinel-3 OLCI satellite lake biophysical water quality flag dataset for the contiguous United States,Data in Brief,2020,TRUE,,
10.1016/j.dib.2019.104848,Utilizations of electro-coagulated sludge from wastewater treatment plant data as an adsorbent for direct red 28 dye removal,Data in Brief,2020,TRUE,,
10.1016/j.dib.2019.104851,Dataset: Feminine hygiene product lifecycle inventory and impact assessment,Data in Brief,2020,TRUE,,
10.1016/j.dib.2019.104869,"Data on the inner filter effect, suspended solids and nitrate interferences in fluorescence measurements of wastewater organic matter",Data in Brief,2020,TRUE,,
10.1016/j.dib.2019.104872,"Data on application of water quality index method for appraisal of water quality in around cement industrial corridor, Yerraguntla Mandal, Y.S.R District, A.P South India",Data in Brief,2020,TRUE,,
10.1016/j.dib.2019.104886,"A database for evaluating the InMAP, APEEP, and EASIUR reduced complexity air-quality modeling tools",Data in Brief,2020,FALSE,,
10.1016/j.dib.2019.104926,Data set on performance evaluation of discharged wastewater quality from Guna water treatment plant for potable water purpose,Data in Brief,2020,TRUE,,
10.1016/j.dib.2019.104945,Full-set measurements dataset for a water-based drilling fluid utilizing biodegradable environmentally friendly drilling fluid additives generated from waste,Data in Brief,2020,FALSE,,
10.1016/j.dib.2019.104981,Data to model the effects of perceived telecommunication service quality and value on the degree of user satisfaction and e-WOM among telecommunications users in North Cyprus,Data in Brief,2020,FALSE,,
10.1016/j.dib.2019.104993,"Solid-state relaxation NMR dataset for a water-soluble β-(1→3, 1→6)-glucan from Aureobasidium pullulans and schizophyllan from Schizophyllum commune",Data in Brief,2020,FALSE,,
10.1016/j.dib.2019.105016,"Rainwater harvesting system installations required to offset new water demand created by growing populations in Broward and Palm Beach Counties: A dataset for decision making based on numbers of installations, costs, and water and energy savings",Data in Brief,2020,FALSE,,
10.1016/j.dib.2019.105019,Data on airborne bacteria and fungi emission from a conventional hospital wastewater treatment plant,Data in Brief,2020,TRUE,,
10.1016/j.dib.2019.105053,Data describing the experimental design and quality control of RNA-Seq of human adipose-derived stem cells undergoing early adipogenesis and osteogenesis,Data in Brief,2020,FALSE,,
10.1016/j.dib.2019.105057,Data on the degradation of pharmaceuticals and their metabolites by a fungal consortium in a non-sterile stirred fluidized bioreactor,Data in Brief,2020,FALSE,,
10.1016/j.dib.2019.105076,The oxygen-oxygen distance of water in crystallographic data sets,Data in Brief,2020,FALSE,,
10.1016/j.dib.2019.105099,"Data on the effects of filters, storage conditions, and chlorination in fluorescence and absorbance wastewater measurements",Data in Brief,2020,TRUE,,
10.1016/j.dib.2020.105158,Dataset on application of electrochemical and photochemical processes for sulfacetamide antibiotic elimination in water,Data in Brief,2020,FALSE,,
10.1016/j.dib.2020.105171,A geospatial dataset providing first-order indicators of wildfire risks to water supply in Canada and Alaska,Data in Brief,2020,FALSE,,
10.1016/j.dib.2020.105184,Clinical data and Pediatric Quality of Life Inventory (PedsQL™) scores for children with duodenal atresia,Data in Brief,2020,FALSE,,
10.1016/j.dib.2020.105232,"Experimental data on glucose and energy levels of orange mud crab, Scylla olivacea at different water velocities",Data in Brief,2020,FALSE,,
10.1016/j.dib.2020.105235,"The first dataset of de novo transcriptome assembly of Heterotrigona itama (Apidae, Meliponinae) queen larva",Data in Brief,2020,FALSE,,
10.1016/j.dib.2020.105236,"A dataset of 112 ligands for the preconcentration of mercury, uranium, lanthanum and other pollutants and heavy metals in water",Data in Brief,2020,FALSE,,
10.1016/j.dib.2020.105255,"Dataset on the suitability of groundwater for drinking and irrigation purposes in the Sarabanga River region, Tamil Nadu, India",Data in Brief,2020,FALSE,,
10.1016/j.dib.2020.105268,"Data on water, sanitation, and hygiene in six select metro cities of India",Data in Brief,2020,TRUE,,
10.1016/j.dib.2020.105289,"Survey data on perceptions of water scarcity and potable reuse from water utility customers in Albuquerque, New Mexico",Data in Brief,2020,FALSE,,
10.1016/j.dib.2020.105292,Experimental and computational data set on adsorption of Cr (VI) from water using an activated carbon,Data in Brief,2020,FALSE,,
10.1016/j.dib.2020.105312,Raman spectroscopic data from Formic Acid Decomposition in subcritical and supercritical water,Data in Brief,2020,FALSE,,
10.1016/j.dib.2020.105346,Dataset of the efficiency of the ultraviolet light activation of persulfate ion for the degradation of cobalt cyanocomplexes in synthetic mining wastewater,Data in Brief,2020,TRUE,,
10.1016/j.dib.2020.105349,Tree xylem water isotope analysis by Isotope Ratio Mass Spectrometry and laser spectrometry: A dataset to explore tree response to drought,Data in Brief,2020,FALSE,,
10.1016/j.dib.2020.105350,Data on eosin Y solutions for laser-induced fluorescence in water flows,Data in Brief,2020,FALSE,,
10.1016/j.dib.2020.105361,Data on treatment of nafcillin and ampicillin antibiotics in water by sonochemistry,Data in Brief,2020,FALSE,,
10.1016/j.dib.2020.105371,Datasets of surface water microbial populations from two anthropogenically impacted sites on the Bhagirathi-Hooghly River,Data in Brief,2020,FALSE,,
10.1016/j.dib.2020.105384,"Dataset on impact strength, flammability test and water absorption test for innovative polymer-quarry dust composite",Data in Brief,2020,FALSE,,
10.1016/j.dib.2020.105406,Datasets associated with investigating the potential for beneficial reuse of produced water from oil and gas extraction outside of the energy sector,Data in Brief,2020,FALSE,,
10.1016/j.dib.2020.105421,Dataset on chemotherapy-induced nausea and vomiting (CINV) and quality of life (QOL) during multiple chemotherapy cycles among a Chinese breast cancer patient population who were randomized to antiemetic regimens with or without olanzapine,Data in Brief,2020,FALSE,,
10.1016/j.dib.2020.105434,Dataset on the in-stream and off-stream economic value of water,Data in Brief,2020,FALSE,,
10.1016/j.dib.2020.105436,Multivariate sensor signals collected by aquatic drones involved in water monitoring: A complete dataset,Data in Brief,2020,FALSE,,
10.1016/j.dib.2020.105446,Draft genome sequence data of a T7like phage 3A_8767 isolated from wastewater of a butcher house near Palar river,Data in Brief,2020,TRUE,,
10.1016/j.dib.2020.105454,Dataset on sensitivity of water-energy nexus to Dez Dam power plant operation,Data in Brief,2020,FALSE,,
10.1016/j.dib.2020.105457,Clinical database of the CYP-guides trial: An open data resource on psychiatric hospitalization for severe depression,Data in Brief,2020,FALSE,,
10.1016/j.dib.2020.105461,Data needed for assessing water footprint of steel production,Data in Brief,2020,FALSE,,
10.1016/j.dib.2020.105466,"Dataset on phenotypic characterization, on protein and genome analysis of three fluorescent Pseudomonas strains from mid-mountain water",Data in Brief,2020,FALSE,,
10.1016/j.dib.2020.105483,"Dataset of molecular dynamics simulation trajectories of amino-acid solutions with various force fields, water models and modified force field parameters",Data in Brief,2020,FALSE,,
10.1016/j.dib.2020.105493,"Data on the concentration of heavy metals and metalloids in lotic water of the Mantaro river watershed and human risk assessment, Peru",Data in Brief,2020,FALSE,,
10.1016/j.dib.2020.105522,Dataset on the relationship between psychosocial resources of volunteers and their quality of life,Data in Brief,2020,FALSE,,
10.1016/j.dib.2020.105561,Data on root system architecture of water efficient maize as affected by different nitrogen fertilizer rates and plant density,Data in Brief,2020,FALSE,,
10.1016/j.dib.2020.105564,"Data on expectations, perceived quality, satisfaction with hospital care and financial ability of patients who suffer from acute and chronic respiratory diseases, in Central Greece",Data in Brief,2020,FALSE,,
10.1016/j.dib.2020.105571,Enhanced near infrared spectral data to improve prediction accuracy in determining quality parameters of intact mango,Data in Brief,2020,FALSE,,
10.1016/j.dib.2020.105582,Data on influence of different nitrogen fertilizer rates and plant density on grain yield and yield components of Water Efficient Maize (WEMA) variety,Data in Brief,2020,FALSE,,
10.1016/j.dib.2020.105584,Treatment of municipal wastewater by vertical subsurface flow constructed wetland: Data collection on removal efficiency using Phragmites Australis and Cyperus Papyrus,Data in Brief,2020,TRUE,,
10.1016/j.dib.2020.105600,Dataset related to the characteristics of the champion that influence the implementation of quality improvement programs in health facilities,Data in Brief,2020,FALSE,,
10.1016/j.dib.2020.105607,"Water stable isotope data set in temperate, lowland catchment, two years of monthly observations, River Salaca, Latvia",Data in Brief,2020,FALSE,,
10.1016/j.dib.2020.105609,Laboratory data on long-term sealing behaviors of two water-swelling materials for shield tunnel gasket,Data in Brief,2020,FALSE,,
10.1016/j.dib.2020.105626,Data for a new spinel catalyst to activate peroxymonosulfate for highly efficient degrading organic contaminants in water based on non-radical process,Data in Brief,2020,FALSE,,
10.1016/j.dib.2020.105633,"Rainfall, groundwater, and surface water isotope data from extreme tropical cyclones (2016-2019) within the Caribbean Sea and Atlantic Ocean basins",Data in Brief,2020,FALSE,,
10.1016/j.dib.2020.105660,Data on the assessment of Groundwater Quality in Gomti-Ganga alluvial plain of Northern India,Data in Brief,2020,FALSE,,
10.1016/j.dib.2020.105663,"Assessment of new low input vine systems: Dataset on environmental, soil, biodiversity, growth, yield, disease incidence, juice and wine quality, cost and social data.",Data in Brief,2020,FALSE,,
10.1016/j.dib.2020.105708,Magnetic resonance sounding dataset of a hard-rock headwater catchment for assessing the vertical distribution of water contents in the subsurface,Data in Brief,2020,FALSE,,
10.1016/j.dib.2020.105797,"Datasets on chemical composition and anaerobic digestion of organic fraction of municipal solid waste (OFMSW), digested sewage sludge (inoculum) and ashes from incineration or gasification",Data in Brief,2020,FALSE,,
10.1016/j.dib.2020.105812,Temperature data during steam pressure filtration in combination with a water insoluble pore liquid,Data in Brief,2020,FALSE,,
10.1016/j.dib.2020.105822,Dataset on physicochemical and microbial properties of raw water in four drinking water treatment plants based in South Africa,Data in Brief,2020,TRUE,,
10.1016/j.dib.2020.105841,Experimental dataset on the effect of soaking time and coagulant type on the overall quality of cheese extracted from Ethiopian belessa-95 (Glycine max) soya bean,Data in Brief,2020,FALSE,,
10.1016/j.dib.2020.105877,"Hydrochemical data on groundwater quality for drinking and irrigation use around Dangila town, Northwest Ethiopia",Data in Brief,2020,FALSE,,
10.1016/j.dib.2020.105906,Data of microwave assisted extraction and conventional hot water extraction of Dendrobium Sonia ‘Earsakul’ orchid flower,Data in Brief,2020,FALSE,,
10.1016/j.dib.2020.105911,"Data set on trace metals in surface sediment and water from a sub-tropical estuarine system, Bay of Bengal, Bangladesh",Data in Brief,2020,FALSE,,
10.1016/j.dib.2020.105947,Use of low frequency ultrasound for water treatment: Data on azithromycin removal,Data in Brief,2020,FALSE,,
10.1016/j.dib.2020.105950,Dataset on water–glycerol flow in a horizontal pipeline with and without leaks,Data in Brief,2020,FALSE,,
10.1016/j.dib.2020.105965,"Dataset concerning effects of stevia (Stevia rebaudiana bertoni), amlodipine, losartan, and valsartan on water consumption, blood glucose and heart tissue in gentamycin-induced nephrotoxicity in the rat model",Data in Brief,2020,FALSE,,
10.1016/j.dib.2020.105982,"Copper concentration data for water, sediments, and vegetation of urban stormwater ponds treated with copper sulfate algaecide",Data in Brief,2020,FALSE,,
10.1016/j.dib.2020.106021,Experimental data of water swelling characteristics of polymer materials for tunnel sealing gasket,Data in Brief,2020,FALSE,,
10.1016/j.dib.2020.106058,"Dataset on hydrogeochemical characteristics of groundwater and surface water in Kattumannarkoil Taluk, India",Data in Brief,2020,FALSE,,
10.1016/j.dib.2020.106062,Dataset of pharmaceuticals in the Danube and related drinking water wells in the Budapest region,Data in Brief,2020,TRUE,,
10.1016/j.dib.2020.106086,Dataset on thermodynamics performance analysis and optimization of a reheat – regenerative steam turbine power plant with feed water heaters,Data in Brief,2020,FALSE,,
10.1016/j.dib.2020.106112,"Dataset on the assessment of water quality of ground water in Kalingarayan Canal, Erode district, Tamil Nadu, India",Data in Brief,2020,TRUE,,
10.1016/j.dib.2020.106127,Comprehensive dataset for corporate governance in Oman: Data for a three-level quality assessment of corporate governance,Data in Brief,2020,FALSE,,
10.1016/j.dib.2020.106132,Supplemental datasets for the examination of the revival of large consulting practices at the big 4 and audit quality,Data in Brief,2020,FALSE,,
10.1016/j.dib.2020.106155,"Data on the microplastics contamination in water and sediments along the Haraz River estuary, Iran",Data in Brief,2020,FALSE,,
10.1016/j.dib.2020.106168,Geolocation data of irrigation network in water user association's operation area under community-based and provider-based network governance,Data in Brief,2020,FALSE,,
10.1016/j.dib.2020.106169,"Survey data regarding perceived air quality in Australia, Brazil, China, Ghana, India, Iran, Italy, Norway, South Africa, United States before and during Covid-19 restrictions",Data in Brief,2020,FALSE,,
10.1016/j.dib.2020.106182,"Quantitative dataset of shallow water reef in Pulau Bidong, Southern of South China sea during pre and post of tropical storm (Pabuk - January 2019)",Data in Brief,2020,FALSE,,
10.1016/j.dib.2020.106183,"Dataset on the effects of spacing and fruit truss limitation on the growth, yield and quality of open-field tomato plants",Data in Brief,2020,FALSE,,
10.1016/j.dib.2020.106235,"Data for the evaluation of groundwater quality using water quality index and regression analysis in parts of Nalgonda district, Telangana, Southern India",Data in Brief,2020,TRUE,,
10.1016/j.dib.2020.106239,Health-related quality of life and behavior-related lifestyle changes due to the COVID-19 home confinement: Dataset from a Moroccan sample,Data in Brief,2020,FALSE,,
10.1016/j.dib.2020.106311,Survey dataset on citizens’ perspective regarding government's use of social media for provision of quality information and citizens online political participation in Pakistan,Data in Brief,2020,FALSE,,
10.1016/j.dib.2020.106338,Collection and extraction of water level information from a digital river camera image dataset,Data in Brief,2020,FALSE,,
10.1016/j.dib.2020.106354,"Proton transfer free energy and enthalpy data from water to ammonia, water to acetonitrile and ammonia to acetonitrile",Data in Brief,2020,FALSE,,
10.1016/j.dib.2020.106415,"Survey of the vaia storm deposits in the tegnas catchment (Dolomites, Italy): Field data and evidence of sediment-water flow types",Data in Brief,2020,FALSE,,
10.1016/j.dib.2020.106429,Pressurized water reactor spent nuclear fuel data library produced with the Serpent2 code,Data in Brief,2020,FALSE,,
10.1016/j.dib.2020.106462,Groundwater quality with special reference to fluoride concentration in the granitic and basaltic contact zone of southern India,Data in Brief,2020,FALSE,,
10.1016/j.dib.2020.106504,Data acquired by a single object sensor for the detection and quality evaluation of table tennis forehand strokes,Data in Brief,2020,FALSE,,
10.1016/j.dib.2020.106591,Metabolomic and quality data for early and late passages of an antibody-producing industrial CHO cell line,Data in Brief,2020,FALSE,,
10.1016/j.dib.2020.106600,Dataset on the combination effects of 1-methylcyclopropene and salicylic acid on postharvest quality of cut roses ‘Peach Avalanche’ and ‘Sexy Red’,Data in Brief,2020,FALSE,,
10.1016/j.dib.2020.106624,Knee osteotomy: Quality tools and readability data of information on the internet,Data in Brief,2021,FALSE,,
10.1016/j.dib.2020.106685,Treatment of rubber wastewater using zinc sulphate as coagulants-data collection on removal efficiency for physicochemical and heavy metal parameters,Data in Brief,2021,TRUE,,
10.1016/j.dib.2020.106689,Experimental data on the adsorption of water by branches and leaves as affected by different the morphological characteristics of plants,Data in Brief,2021,FALSE,,
10.1016/j.dib.2020.106695,Dataset on effect of sand grain size and water salinity on oil recovery,Data in Brief,2021,FALSE,,
10.1016/j.dib.2020.106709,"Metagenomics dataset used to characterize microbiome in water and sediments of the lake Solenoe (Novosibirsk region, Russia)",Data in Brief,2021,FALSE,,
10.1016/j.dib.2021.106723,"Dataset of 18O and 2H in streamflow across Canada: A national resource for tracing water sources, water balance and predictive modelling",Data in Brief,2021,FALSE,,
10.1016/j.dib.2021.106736,Experimental data on water vapour adsorption on silica gel in fully packed and Z-annulus packed beds,Data in Brief,2021,FALSE,,
10.1016/j.dib.2021.106747,"Assessment of a portable UV–Vis spectrophotometer's performance in remote areas: Stream water DOC, Fe content and spectral data",Data in Brief,2021,FALSE,,
10.1016/j.dib.2021.106760,Carbon dot/cellulose nanofiber composite: Dataset for its water treatment performance,Data in Brief,2021,FALSE,,
10.1016/j.dib.2021.106766,"An extensive data set on energy, economy, environmental pollution and institutional quality in the petroleum-reliant developing and transition economies",Data in Brief,2021,FALSE,,
10.1016/j.dib.2021.106799,Data on the fabrication of hybrid calix [4]arene-modified natural bentonite clay for efficient selective removal of toxic metals from wastewater at room temperature,Data in Brief,2021,TRUE,,
10.1016/j.dib.2021.106800,"Bloom announcement: Late season cyanobacterial blooms co-dominated by Microcystis flos-aquae, Lyngbya birgei, and Aphanizomenon flos-aquae complex in Hamilton Harbour (Lake Ontario), an area of concern impacted by industrial effluent and residential wastewater.",Data in Brief,2021,TRUE,,
10.1016/j.dib.2021.106866,Water quality data in a shallow and narrow Setiu Lagoon,Data in Brief,2021,TRUE,,
10.1016/j.dib.2021.106878,"Data from quality life questionnaries: QLQ-C30 and QLQ-BR23 in a cohort of Women with breast cancer in Cali, Colombia - 2020",Data in Brief,2021,FALSE,,
10.1016/j.dib.2021.106899,"A dataset of Agronomic Biofortification and Seeding rate - by - Location effects on Grain Mineral concentration, End-use quality and Agro-phenological traits of Durum wheat Genotypes",Data in Brief,2021,FALSE,,
10.1016/j.dib.2021.106940,Descriptive data on trichloroethylene and Congo red dye adsorption from wastewater using bio nanosponge phosphorylated-carbon nanotube/nanoparticles polyurethane composite,Data in Brief,2021,TRUE,,
10.1016/j.dib.2021.106945,Anomalies in industrial wastewater quality data in Kuwait,Data in Brief,2021,TRUE,,
10.1016/j.dib.2021.106977,Data to identify key drivers of animal growth and carcass quality for temperate lowland sheep production systems,Data in Brief,2021,FALSE,,
10.1016/j.dib.2021.106992,"Data on the sensory evaluation of the dry red and white wines quality obtained by traditional technologies from European and hybrid grape varieties in the Krasnodar Territory, Russia",Data in Brief,2021,FALSE,,
10.1016/j.dib.2021.107058,Dataset of adulteration with water in coconut milk using FTIR spectroscopy,Data in Brief,2021,FALSE,,
10.1016/j.dib.2021.107082,"Experimental dataset on water levels, sediment depths and wave front celerity values in the study of multiphase shock wave for different initial up- and down-stream conditions",Data in Brief,2021,FALSE,,
10.1016/j.dib.2021.107083,Effect of sealer coating on hardness and water sorption data of soft denture lining materials,Data in Brief,2021,FALSE,,
10.1016/j.dib.2021.107084,Building Mexican isoscapes: Oxygen and hydrogen isotope data of meteoric water sampled across Mexico,Data in Brief,2021,FALSE,,
10.1016/j.dib.2021.107099,"Metagenomics data of microbial communities in bacterial mats and bottom sediments in water bodies within the Kurai Mercury Province (Gorny Altai, Russia)",Data in Brief,2021,FALSE,,
10.1016/j.dib.2021.107120,Human tear proteome dataset in response to daily wear of water gradient contact lens using SWATH-MS approach,Data in Brief,2021,FALSE,,
10.1016/j.dib.2021.107123,Color biogenesis data of tomatoes treated with hot-water and high temperature ethylene treatments,Data in Brief,2021,FALSE,,
10.1016/j.dib.2021.107134,Appointment wait time data for primary &amp; specialty care in veterans health administration facilities vs. community medical centers,Data in Brief,2021,FALSE,,
10.1016/j.dib.2021.107172,High-quality draft genome sequence data of six Lactiplantibacillus plantarum subsp. argentoratensis strains isolated from various Greek wheat sourdoughs,Data in Brief,2021,FALSE,,
10.1016/j.dib.2021.107216,Data on isotopic niche differentiation in benthic consumers from shallow-water hydrothermal vents and nearby non-vent rocky reefs in northeastern Taiwan,Data in Brief,2021,FALSE,,
10.1016/j.dib.2021.107221,16S rDNA sequencing and metadata of Dutch dental unit water,Data in Brief,2021,FALSE,,
10.1016/j.dib.2021.107227,Dataset of biomass and chemical quality of crop residues from European areas,Data in Brief,2021,FALSE,,
10.1016/j.dib.2021.107228,"Measurement data on domestic hot water consumption and related energy use in hotels, nursing homes and apartment buildings in Norway",Data in Brief,2021,FALSE,,
10.1016/j.dib.2021.107240,"Whole genome sequence data of Bacillus australimaris strain B28A, isolated from Marine Water in India",Data in Brief,2021,FALSE,,
10.1016/j.dib.2021.107268,"Quality of life, health, and government perception during COVID-19 times: Data from Colombia",Data in Brief,2021,FALSE,,
10.1016/j.dib.2021.107272,Experimental dataset on the effect of electron acceptors in energy generation from brewery wastewater via a microbial fuel cell,Data in Brief,2021,TRUE,,
10.1016/j.dib.2021.107309,Geometrical and electrophysiological data of the moving membrane method for the osmotic water permeability of a lipid bilayer,Data in Brief,2021,FALSE,,
10.1016/j.dib.2021.107323,Low-temperature thermal hydrolysis of sludge prior to anaerobic digestion: Principal component analysis (PCA) of experimental data,Data in Brief,2021,FALSE,,
10.1016/j.dib.2021.107357,"Experimental data on water soluble polymers thermal and hydrolytic stability, reactivity ratios of monomers and Frr calculation for thermally stable preformed particle gels therefrom",Data in Brief,2021,FALSE,,
10.1016/j.dib.2021.107364,Draft genome sequence data of methanotrophic Methylovulum psychrotolerans strain S1L and Methylomonas paludis strain S2AM isolated from hypoxic water column layers of boreal lakes,Data in Brief,2021,FALSE,,
10.1016/j.dib.2021.107399,Historical and projected datasets of the United States electricity-water-climate nexus,Data in Brief,2021,FALSE,,
10.1016/j.dib.2021.107422,"Data on Growth, survivability, water quality and hemato-biochemical indices of Nile Tilapia (Oreochromis niloticus) fry fed with selected marine microalgae",Data in Brief,2021,TRUE,,
10.1016/j.dib.2021.107458,Enhanced visible/near-infrared spectroscopic data for prediction of quality attributes in Cucurbitaceae commodities,Data in Brief,2021,FALSE,,
10.1016/j.dib.2021.107503,Impulse excitation technique data set collected on different materials for data analysis methods and quality control procedures development,Data in Brief,2021,FALSE,,
10.1016/j.dib.2021.107512,Data on predictive resilience of interdependent water and transportation infrastructures: A sociotechnical approach,Data in Brief,2021,FALSE,,
10.1016/j.dib.2021.107519,Descriptive data on simultaneous nitrification and denitrification of hypersaline wastewater by a robust bacterium Halomonas salifodinae,Data in Brief,2021,TRUE,,
10.1016/j.dib.2021.107532,Dataset for the interfacial tension and phase properties of the ternary system water – 2-butoxyethanol – toluene,Data in Brief,2021,FALSE,,
10.1016/j.dib.2021.107546,"Microbial communities in polychlorinated biphenyl (PCB)-contaminated wastewater lagoon sediments: PCB congener, quantitative PCR, and 16S rRNA gene amplicon sequencing datasets",Data in Brief,2021,TRUE,,
10.1016/j.dib.2021.107580,Dataset on pore water composition and grain size properties of bottom sediments and subsea permafrost from the Buor-Khaya Bay (Laptev Sea),Data in Brief,2021,FALSE,,
10.1016/j.dib.2021.107599,Pediatric Quality of Life InventoryTM version 4.0 short form generic core scale across pediatric populations review data,Data in Brief,2021,FALSE,,
10.1016/j.dib.2021.107681,Experimental data on power quality assessment at point of common coupling of a steel mill to an electric power grid,Data in Brief,2021,FALSE,,
10.1016/j.dib.2021.107686,FruitNet: Indian fruits image dataset with quality for machine learning applications,Data in Brief,2022,FALSE,,
10.1016/j.dib.2021.107726,"SIPIBEL observatory: Data on usual pollutants (solids, organic matter, nutrients, ions) and micropollutants (pharmaceuticals, surfactants, metals), biological and ecotoxicity indicators in hospital and urban wastewater, in treated effluent and sludge from wastewater treatment plant, and in surface and groundwater",Data in Brief,2022,TRUE,,
10.1016/j.dib.2021.107752,Dataset of Stagnant Water and Wet Surface Label Images for Detection,Data in Brief,2022,FALSE,,
10.1016/j.dib.2021.107754,Dataset of above and below ground traits assessed in Durum wheat cultivars grown under Mediterranean environments differing in water and temperature conditions,Data in Brief,2022,FALSE,,
10.1016/j.dib.2022.107800,First high-quality genome assembly data of sago palm (Metroxylon sagu Rottboll),Data in Brief,2022,FALSE,,
10.1016/j.dib.2022.107830,Data on estimation of health hazards associated with pesticide residues in drinking water,Data in Brief,2022,TRUE,,
10.1016/j.dib.2022.107845,"3-D data of thermal regime, water content, and slab dehydration in Alaska",Data in Brief,2022,FALSE,,
10.1016/j.dib.2022.107861,"Allium test genotoxicity data on water from river valley of Irtysh, West Siberia",Data in Brief,2022,FALSE,,
10.1016/j.dib.2022.107934,"Dataset of physical features from natural water-bodies in a Mediterranean high-mountain context (Sierra Nevada, SE Spain)",Data in Brief,2022,FALSE,,
10.1016/j.dib.2022.107956,"Neuroimaging of chronotype, sleep quality and daytime sleepiness: Structural T1-weighted magnetic resonance brain imaging data from 136 young adults",Data in Brief,2022,FALSE,,
10.1016/j.dib.2022.107970,"Data for assessment of sediment, soil, and water quality at Ashfield flats reserve, Western Australia",Data in Brief,2022,TRUE,,
10.1016/j.dib.2022.107982,Christchurch shallow groundwater quality survey dataset,Data in Brief,2022,FALSE,,
10.1016/j.dib.2022.108005,A novel dataset of predictors of mortality for older Veterans living with type II diabetes,Data in Brief,2022,FALSE,,
10.1016/j.dib.2022.108008,"Low cost air quality sensors “PurpleAir” calibration and inter-calibration dataset in the context of Beirut, Lebanon",Data in Brief,2022,FALSE,,
10.1016/j.dib.2022.108028,"The shape of fluvial bedload gravels: A large, high-quality dataset of active-channel deposits",Data in Brief,2022,FALSE,,
10.1016/j.dib.2022.108079,Data on the chemical composition of Lake Onego water in 2019-2021,Data in Brief,2022,FALSE,,
10.1016/j.dib.2022.108096,"Dataset of physico-chemical water parameters, phytoplankton, flora and fauna in mangrove ecosystem at Sungai Kertih, Terengganu, Malaysia",Data in Brief,2022,FALSE,,
10.1016/j.dib.2022.108123,Gait quality scoring data of Franches-Montagnes stallions at walk and trot on a treadmill by experts of the breed and their reliability,Data in Brief,2022,FALSE,,
10.1016/j.dib.2022.108146,Datasets comprising the quality validations of simulated protein-ligand complexes and SYBYL docking scores of bioactive natural compounds as inhibitors of Mycobacterium tuberculosis protein-targets,Data in Brief,2022,FALSE,,
10.1016/j.dib.2022.108192,Data on spatial and temporal modelling of soil water storage in the Guinea savannah zone of Northern Ghana,Data in Brief,2022,FALSE,,
10.1016/j.dib.2022.108212,Wastewater data from individual homes: Quantitative and qualitative measurements,Data in Brief,2022,TRUE,,
10.1016/j.dib.2022.108222,Data describing the eco-physiological responses of Elaeagnus angustifolia grown under contrasting regime of water and fertilizer in coal-mined spoils,Data in Brief,2022,FALSE,,
10.1016/j.dib.2022.108228,Data on occurrence of perfluoroalkyl substances in influents and effluents collected from different wastewater treatment plants in Latvia,Data in Brief,2022,TRUE,,
10.1016/j.dib.2022.108288,Data on pain coping strategies and their association with quality of life in people with Parkinson’s disease: A cross-sectional study,Data in Brief,2022,FALSE,,
10.1016/j.dib.2022.108296,"Data on accumulative allocation of water rights in the Atacama Desert (Antofagasta Region, northern Chile), 1905–2018",Data in Brief,2022,FALSE,,
10.1016/j.dib.2022.108367,"Large datasets of water vapor sorption, mass diffusion immersed in water, hygroscopic expansion and mechanical properties of flax fibre/shape memory epoxy hygromorph composites",Data in Brief,2022,FALSE,,
10.1016/j.dib.2022.108400,An internet of things labelled dataset for aquaponics fish pond water quality monitoring system,Data in Brief,2022,TRUE,,
10.1016/j.dib.2022.108402,Recycled water acceptance: Data from two Spanish regions with opposite levels of scarcity,Data in Brief,2022,FALSE,,
10.1016/j.dib.2022.108406,"Photographic data on the influence of the composition, preparation method, time and fuel system on the size of water droplets in a fuel-water emulsion",Data in Brief,2022,FALSE,,
10.1016/j.dib.2022.108423,Characterisation data for open-air processed common water reed (Phragmites australis) ash and papyrus (Cyperus papyrus) ash,Data in Brief,2022,FALSE,,
10.1016/j.dib.2022.108425,"Sub-hourly water temperature data collected across the Nechako Watershed, 2019-2021",Data in Brief,2022,FALSE,,
10.1016/j.dib.2022.108430,Light brightness data near sea turtle nests as measured from the horizon and zenith using a Sky Quality Meter,Data in Brief,2022,FALSE,,
10.1016/j.dib.2022.108437,"Shoreline contour, water level elevation and volumetric dataset (1984-2020) for the Gallocanta Lake (NE Spain)",Data in Brief,2022,FALSE,,
10.1016/j.dib.2022.108443,"Datasets associated with the characterization of produced water and Pecos River water in the Permian Basin, the United States",Data in Brief,2022,FALSE,,
10.1016/j.dib.2022.108456,"Dataset on the interaction effects of tillage, crop rotations and residue management on overall soil quality",Data in Brief,2022,FALSE,,
10.1016/j.dib.2022.108458,Chemical and biochemical quality of organic and/ or mineral fertilization resources - A dataset from the Highlands of Madagascar,Data in Brief,2022,FALSE,,
10.1016/j.dib.2022.108467,"Dataset for the combined effect of cetane improver and water emulsion on energy, environmental and economic values of a diesel engine fueled with lemon peel oil",Data in Brief,2022,FALSE,,
10.1016/j.dib.2022.108469,"Datasets for the assessment of changes in the incidence, extents, and spatial patterns of inundations in the Cambodian Mekong Delta, based on a water level – flood link calculated from in-situ water levels, and Sentinel-derived inundation maps",Data in Brief,2022,FALSE,,
10.1016/j.dib.2022.108486,Dataset on water quality monitoring from a wireless sensor network in a river in Kosovo,Data in Brief,2022,TRUE,,
10.1016/j.dib.2022.108505,"Data, and sample sources thereof, on water quality life cycle impact assessments pertaining to catchment scale acidification and eutrophication potentials and the benefits of on-farm mitigation strategies",Data in Brief,2022,TRUE,,
10.1016/j.dib.2022.108512,Seeing the air in detail: Hyperlocal air quality dataset collected from spatially distributed AirQo network,Data in Brief,2022,FALSE,,
10.1016/j.dib.2022.108515,Survey data of a traditional communal water irrigation system in Northern Thailand,Data in Brief,2022,FALSE,,
10.1016/j.dib.2022.108580,"Load, pressure, rubble pile geometry and video data from model-scale tests on shallow water ice-structure interaction",Data in Brief,2022,FALSE,,
10.1016/j.dib.2022.108614,"Metagenomic next-generation sequencing of the microbiome dataset from the surface water sample collected from Serepok River in Yok Don National Park, Vietnam",Data in Brief,2022,FALSE,,
10.1016/j.dib.2022.108657,VegNet: Dataset of vegetable quality images for machine learning applications,Data in Brief,2022,FALSE,,
10.1016/j.dib.2022.108676,Health-related quality of life (EuroQol 5D-5L) in patients with autoimmunity in the context of immunotherapy: A large dataset comprising cancer patients after cessation of checkpoint inhibitor therapy and patients with autoimmune diseases,Data in Brief,2022,FALSE,,
10.1016/j.dib.2022.108685,"Draft genome sequence data of Clostridium perfringens FA isolated from the faecal material of the critically endangered African wild dog, Lycaon pictus",Data in Brief,2022,FALSE,,
10.1016/j.dib.2022.108715,Chemical data of contaminants in water and sediments from the Doce River four years after the mining dam collapse disaster,Data in Brief,2022,FALSE,,
10.1016/j.dib.2022.108736,Plasmid sequence dataset of multidrug-resistant Enterobacterales isolated from hospital effluents and wastewater treatment plant,Data in Brief,2022,TRUE,,
10.1016/j.dib.2022.108758,"Teacher performance, attitude and classroom practices dataset collected to evaluate the Rwandan Quality Basic Education project",Data in Brief,2022,FALSE,,
10.1016/j.dib.2020.106418,"Physico-chemical and rheological properties datasets related to batch mesophilic anaerobic digestion of waste activated sludge, primary sludge, and mixture of sludge with organic and inorganic matter",Data in Brief,2023,FALSE,,
10.1016/j.dib.2022.108774,"Outdoor air quality data for spatiotemporal analysis and air quality modelling in Ho Chi Minh City, Vietnam: A part of HealthyAir Project",Data in Brief,2023,FALSE,,
10.1016/j.dib.2022.108782,Climate change adaptation innovation in the water sector in Africa: Dataset,Data in Brief,2023,FALSE,,
10.1016/j.dib.2022.108820,A comprehensive dataset on the effects of Nannochloropsis sp. inclusion diets on water quality and oxidative stress of guppy (Poecilia reticulata),Data in Brief,2023,TRUE,,
10.1016/j.dib.2022.108841,Datasets supporting the adoption of multifunctional cover crops related to soil water and nitrogen in water-limited environments,Data in Brief,2023,FALSE,,
10.1016/j.dib.2023.108916,Flow cytometry data on the effect of dimethylacetamide and N-methylacetamide used at different concentrations on the quality of cryopreserved chicken semen,Data in Brief,2023,FALSE,,
10.1016/j.dib.2023.108957,"Reconstructing secondary data based on air quality, meteorological and traffic data considering spatiotemporal components",Data in Brief,2023,FALSE,,
10.1016/j.dib.2023.109001,Assessing the outcomes of manual physical therapy and conventional treatment for chronic pediatric constipation: A dataset analysis of quality of life,Data in Brief,2023,FALSE,,
10.1016/j.dib.2023.109022,2002–2017 anthropogenic emissions data for air quality modeling over the United States,Data in Brief,2023,FALSE,,
10.1016/j.dib.2023.109072,"Large-scale dataset on health literacy, sleep hygiene behaviors, and mental well-being in the general population of Qazvin, Iran",Data in Brief,2023,TRUE,,
10.1016/j.dib.2023.109147,"Datasets of high-resolution water level and discharge from the Saigon-Dong Nai estuary system impacted by a developing megacity, Ho Chi Minh City - Vietnam",Data in Brief,2023,FALSE,,
10.1016/j.dib.2023.109148,Benchmarking dataset for leak detection and localization in water distribution systems,Data in Brief,2023,FALSE,,
10.1016/j.dib.2023.109206,"An annotated water-filled, and dry potholes dataset for deep learning applications",Data in Brief,2023,FALSE,,
10.1016/j.dib.2023.109223,A dataset of cold-water coral distribution records,Data in Brief,2023,FALSE,,
10.1016/j.dib.2023.109239,"Dataset on the spatial distribution of groundwater quality for pH, Electrical Conductivity (EC), Total Hardness (TH), Ca2+, Mg2+, HCO3−, F−, and NO3− in Dodoma, Singida, and Tabora regions located in central Tanzania",Data in Brief,2023,FALSE,,
10.1016/j.dib.2023.109248,A simple dataset of water quality on aquaponic fish ponds based on an internet of things measurement device,Data in Brief,2023,TRUE,,
10.1016/j.dib.2023.109280,"Dataset of surveyed PFAS in water, sediment, and soil of Fountain Creek Watershed, Colorado, USA",Data in Brief,2023,FALSE,,
10.1016/j.dib.2023.109305,Survey dataset on student perceptions and experiences of quality assurance in Vietnamese universities,Data in Brief,2023,FALSE,,
10.1016/j.dib.2023.109308,"Database on eukaryotic symbionts of native and invasive gammarids (Crustacea, Amphipoda) in the Baltic region of Poland with information on water parameters for sampling sites",Data in Brief,2023,FALSE,,
10.1016/j.dib.2023.109323,"Particulate matter 10 µm (PM10), 2.5 µm (PM2.5) datasets gathered by direct measurement, low-cost sensor and by public air quality stations in Fontibón, Bogotá D.C., Colombia",Data in Brief,2023,FALSE,,
10.1016/j.dib.2023.109349,The development and validation of a nationwide dataset of water distribution zones in Aotearoa New Zealand: A cross-sectional geospatial study,Data in Brief,2023,FALSE,,
10.1016/j.dib.2023.109361,Data on plasma cortisol levels in nibbler fish Girella punctata reared under high-density conditions in either surface seawater or deep ocean water,Data in Brief,2023,FALSE,,
10.1016/j.dib.2023.109397,"A raw data on the physico-chemical water parameters and sedimentation rates of two different aquatic macrophytes in Tasik Berombak, Malaysia",Data in Brief,2023,FALSE,,
10.1016/j.dib.2023.109398,Air quality low-cost sensors and monitoring stations NO2 raw dataset in Rouen (France),Data in Brief,2023,FALSE,,
10.1016/j.dib.2023.109448,"Underwater imaging dataset in a very shallow water environment of Pramuka Island, Seribu Island District, Indonesia",Data in Brief,2023,FALSE,,
10.1016/j.dib.2023.109465,Data quantifying interseeded cover crops effects on soil water and corn productivity in corn-soybean-wheat no-till cropping systems,Data in Brief,2023,FALSE,,
10.1016/j.dib.2023.109466,"Dataset of fluoride concentration and health risk assessment in drinking water in the Saveh City of Markazi Province, Iran",Data in Brief,2023,TRUE,,
10.1016/j.dib.2023.109543,Dataset on effects of nitrogen fertilizer and soil moisture levels on the performance of Water Efficient Maize (WEMA) on Ferric Luvisol and Rhodic Ferralsol soils,Data in Brief,2023,FALSE,,
10.1016/j.dib.2023.109556,Dataset of quality assurance measurements of rhythmic movements,Data in Brief,2023,FALSE,,
10.1016/j.dib.2023.109560,"Plant agronomy, leaf ecophysiology, yield and quality data of interspecific grafted Coffea arabica across an elevation gradient",Data in Brief,2023,FALSE,,
10.1016/j.dib.2023.109579,Climatic records and within field data on yield and harvest quality over a whole vineyard estate,Data in Brief,2023,FALSE,,
10.1016/j.dib.2023.109601,"A water quality dataset of levels of metal, nutrient and anions in sample water points from sixteen selected urban and rural districts of Uganda",Data in Brief,2023,TRUE,,
10.1016/j.dib.2023.109645,"Dataset for PCBs and OCPs in intertidal sediment and surface-mixed layer water from Lagos lagoon, southwest coast of Nigeria",Data in Brief,2023,FALSE,,
10.1016/j.dib.2023.109668,Structural and electronic characteristic dataset of the water on basal surface the cis- and trans-vacant variety of a montmorillonite,Data in Brief,2023,FALSE,,
10.1016/j.dib.2023.109707,"Data on the effects of brewery sludge and blended NPS fertilizer rates on yield and yield components of maize (Zea Mays L.) in North Mecha District, Northwestern Ethiopia",Data in Brief,2023,FALSE,,
10.1016/j.dib.2023.109761,Real-time dataset of pond water for fish farming using IoT devices,Data in Brief,2023,FALSE,,
10.1016/j.dib.2023.109806,Integrated social-ecological data for regional natural resource management,Data in Brief,2024,FALSE,,
10.1016/j.dib.2023.109821,Air quality dataset from an indoor airport travelers transit area,Data in Brief,2024,FALSE,,
10.1016/j.dib.2023.109830,Reconstruction of the complete mitogenomes of predator and prey from a faecal metagenomic dataset,Data in Brief,2024,FALSE,,
10.1016/j.dib.2023.109833,A dataset of the quality of soybean harvested by mechanization for deep-learning-based monitoring and analysis,Data in Brief,2024,FALSE,,
10.1016/j.dib.2023.109849,High-throughput amplicon sequencing datasets of microbial community in soils irrigated by quicklime and fly ash-treated acid mine drainage water,Data in Brief,2024,FALSE,,
10.1016/j.dib.2023.109872,WaterHyacinth: A comprehensive image dataset of various Water hyacinth species from different regions of Bangladesh,Data in Brief,2024,FALSE,,
10.1016/j.dib.2023.109877,"Personal airborne particulate matter exposure and intake dose, indoor air quality, biometric, and activity dataset from the city of Ljubljana, Slovenia",Data in Brief,2024,FALSE,,
10.1016/j.dib.2023.109936,A comprehensive dragon fruit image dataset for detecting the maturity and quality grading of dragon fruit,Data in Brief,2024,FALSE,,
10.1016/j.dib.2023.109964,Dataset of smart heat and water meter data with accompanying building characteristics,Data in Brief,2024,FALSE,,
10.1016/j.dib.2023.109974,"Whole genome resequencing data and grain quality traits of the rice cultivar Mahsuri and its blast disease resistant mutant line, Mahsuri Mutant",Data in Brief,2024,FALSE,,
10.1016/j.dib.2023.109991,Dataset of temporal trends of surface water area across India's rivers and basins,Data in Brief,2024,FALSE,,
10.1016/j.dib.2023.110009,Aerial images and water quality dataset for fishpond's condition monitoring,Data in Brief,2024,TRUE,,
10.1016/j.dib.2024.110028,Survey dataset on socioeconomic status and artificial reef fishing activity on Terengganu coastal water,Data in Brief,2024,FALSE,,
10.1016/j.dib.2024.110029,Organizational commitment and its impact on employee performance in the water supply industry: Dataset from Vietnamese state-owned enterprises,Data in Brief,2024,FALSE,,
10.1016/j.dib.2024.110045,Dataset of indoor air parameter measurements relating to indoor air quality and thermal comfort in South African primary school classrooms of various building infrastructure types,Data in Brief,2024,FALSE,,
10.1016/j.dib.2024.110082,Dataset for the characterisation of thermal stratification in horizontally configured electric water heaters,Data in Brief,2024,FALSE,,
10.1016/j.dib.2024.110106,Polysaccharide-water interactions: NMR and DVS data,Data in Brief,2024,FALSE,,
10.1016/j.dib.2024.110201,"Data of slurry quality, soil chemistry and crop yield and composition from a field experiment established 2011 comparing digested and undigested slurry",Data in Brief,2024,FALSE,,
10.1016/j.dib.2024.110225,An agro-physiological dataset on industrial tomatoes from nine years of field experiments conducted with alternative water-saving strategies in Mediterranean environments,Data in Brief,2024,FALSE,,
10.1016/j.dib.2024.110322,"Geotechnical data compilation for evaporitic rocks in Abu Dhabi, UAE: A resource for engineers",Data in Brief,2024,FALSE,,
10.1016/j.dib.2024.110336,A comprehensive dataset for the evaluation of a horizontal tubular flocculator implemented for drinking water treatment,Data in Brief,2024,TRUE,,
10.1016/j.dib.2024.110343,Unveiling insights: A dataset analysis of Islamic quality management systems in educational institutions toward SDG-aligned education,Data in Brief,2024,FALSE,,
10.1016/j.dib.2024.110344,Draft genome sequence data of multidrug-resistant Pseudomonas aeruginosa WO7 from a hospital wastewater treatment plant in Thailand,Data in Brief,2024,TRUE,,
10.1016/j.dib.2024.110347,Evaluation of the scaling and corrosive potential of the cooling water supply system of a nuclear power plant based on the physicochemical control dataset,Data in Brief,2024,FALSE,,
10.1016/j.dib.2024.110352,A dataset for analyzing the climate change response of grain quality of 48 Japanese rice cultivars with contrasting levels of heat tolerance,Data in Brief,2024,FALSE,,
10.1016/j.dib.2024.110360,The exploratory dataset of isotopic composition of different water sources across Kazakhstan,Data in Brief,2024,FALSE,,
10.1016/j.dib.2024.110375,Dataset on the optimization of a photovoltaic solar water pumping system in terms of pumping performance in remote areas of Phayao province using response surface methodology,Data in Brief,2024,FALSE,,
10.1016/j.dib.2024.110390,Performance and emissions data of an internal combustion engine operating with different ethanol/water mixtures and compression ratios,Data in Brief,2024,FALSE,,
10.1016/j.dib.2024.110408,Quality wines in Italy and France: A dataset of protected designation of origin specifications,Data in Brief,2024,FALSE,,
10.1016/j.dib.2024.110447,"Draft genome sequence and morphological data of Planifilum fimeticola PLACP1, a thermophilic chloramphenicol-resistant bacterium isolated from thermophilic sludge",Data in Brief,2024,FALSE,,
10.1016/j.dib.2024.110458,Video dataset containing video quality assessment scores obtained from standardized objective and subjective testing,Data in Brief,2024,FALSE,,
10.1016/j.dib.2024.110462,Tea leaf age quality: Age-stratified tea leaf quality classification dataset,Data in Brief,2024,FALSE,,
10.1016/j.dib.2024.110469,"A heritage dataset of soil and water salinity in Bardenas, Spain",Data in Brief,2024,FALSE,,
10.1016/j.dib.2024.110484,Dataset of the liquid water distribution in a biomimetic PEM fuel cell,Data in Brief,2024,FALSE,,
10.1016/j.dib.2024.110514,"A dataset of text prompts, videos and video quality metrics from generative text-to-video AI models",Data in Brief,2024,FALSE,,
10.1016/j.dib.2024.110544,Data from three camera trapping pilots in the Amsterdam Water Supply Dunes of the Netherlands,Data in Brief,2024,FALSE,,
10.1016/j.dib.2024.110578,A real-time dataset of air quality index monitoring using IoT and machine learning in the perspective of Bangladesh,Data in Brief,2024,FALSE,,
10.1016/j.dib.2024.110593,"Preliminary dataset of emerging contaminants in surface water, bottom water, porewater, and sediment: Urban and aquaculture impacts in Coliumo bay and Caucahue Channel in the central and southern coast of Chile",Data in Brief,2024,FALSE,,
10.1016/j.dib.2024.110613,The quality dimensions and acceptance of the newly launched e-procurement system (SIPLah) in Indonesian schools: Insights from a comprehensive dataset,Data in Brief,2024,FALSE,,
10.1016/j.dib.2024.110627,Dataset on sperm quality parameters and NMR-detected changes in metabolic profile of fresh and frozen turkey spermatozoa related to two different reproductive period ages,Data in Brief,2024,FALSE,,
10.1016/j.dib.2024.110635,Comparative sanitation data from high-frequency phone surveys across 3 countries,Data in Brief,2024,TRUE,,
10.1016/j.dib.2024.110655,"Metagenomic data from gutter water in the city of Pointe-Noire, Republic of Congo",Data in Brief,2024,FALSE,,
10.1016/j.dib.2024.110656,Field dataset of the depth to water from diverse wetland types in relation to habitat and soil,Data in Brief,2024,FALSE,,
10.1016/j.dib.2024.110683,Dataset of taxonomic identification from surface water in the coastal area of Peninsular Malaysia,Data in Brief,2024,FALSE,,
10.1016/j.dib.2024.110733,Dataset explaining the comparative seasonal crop load and harvest quality of guava upon pruning strategies,Data in Brief,2024,FALSE,,
10.1016/j.dib.2024.110767,Datasets on bulk density and coarse fragment content from the French soil quality monitoring network,Data in Brief,2024,FALSE,,
10.1016/j.dib.2024.110768,Deployment of low-cost air quality sensors in Rouen: A dataset of one year of hourly concentrations of gas pollutants,Data in Brief,2024,FALSE,,
10.1016/j.dib.2024.110770,Surface water quality database for five watersheds in the Arequipa region of Southern Peru,Data in Brief,2024,TRUE,,
10.1016/j.dib.2024.110805,A multivariate dataset on water–energy–food nexus: Multi-actor governance for social justice,Data in Brief,2024,FALSE,,
10.1016/j.dib.2024.110807,"Analysis of the genome of Bacillus safensis strain WOB3 KX774195, a Linamarin-utilizing bacterium (LUB) isolated from Cassava wastewater (CWW), Lagos State, Nigeria",Data in Brief,2024,TRUE,,
10.1016/j.dib.2024.110829,Dataset of 313 metagenome-assemble genomes from streamer hot spring water,Data in Brief,2024,FALSE,,
10.1016/j.dib.2024.110868,A survey dataset of ethical culture and financial reporting quality in Malaysian small and medium enterprises,Data in Brief,2024,FALSE,,
10.1016/j.dib.2024.110873,Exploring the natural pothole dataset generated by the abrasion and cavitation effects of river water on rocks,Data in Brief,2024,FALSE,,
10.1016/j.dib.2024.110891,"Magnetic resonance imaging, water relation, gene expression and biochemical data for analysis of the effects of water stress on potato plant functioning and tuber development and quality",Data in Brief,2024,FALSE,,
10.1016/j.dib.2024.110958,Water sorption isotherms and mid-infrared spectra of dried parchment coffee beans (Coffee arabica L.) processed by wet and semi-dry postharvest methods. A dataset for estimating water sorption and thermodynamic properties.,Data in Brief,2024,FALSE,,
10.1016/j.dib.2024.111005,"Dataset on physical-chemical and marine water quality variables in San Andrés Island, Colombian Caribbean",Data in Brief,2024,TRUE,,
10.1016/j.dib.2024.111025,Banana and Guava dataset for machine learning and deep learning-based quality classification,Data in Brief,2024,FALSE,,
10.1016/j.dib.2024.111063,Data set for estimating combining abilities for yield and quality attributes in summer tomato using line by tester analysis in Bangladesh,Data in Brief,2024,FALSE,,
10.1016/j.dib.2024.111124,"RISMEAU dataset: Pharmaceuticals and biocides concentrations in urban and agricultural sludge, amended soil and leachate and their environmental impacts",Data in Brief,2024,FALSE,,
10.1016/j.dib.2024.111139,"Mechanical, water contact angle and fiber thickness data for Insulin-like growth gactor-1 (IGF-1) incorporated in electrospun random DegraPolⓇ fibers and IGF-1 impact on tenocyte aspect ratio and gene expression data",Data in Brief,2024,FALSE,,
10.1016/j.dib.2024.111150,Dataset of Centella Asiatica leaves for quality assessment and machine learning applications,Data in Brief,2024,FALSE,,
10.1016/j.dib.2024.111197,"Dataset on the quality of life and neurocognitive effects of prophylactic cranial irradiation, with and without hippocampal avoidance, in small-cell lung cancer patients",Data in Brief,2025,FALSE,,
10.1016/j.dib.2024.111224,Lentil plant disease and quality assessment: A detailed dataset of high-resolution images for deep learning research,Data in Brief,2025,FALSE,,
10.1016/j.dib.2024.111257,Experimental dataset of a model-scale ship in calm water and waves,Data in Brief,2025,FALSE,,
10.1016/j.dib.2024.111267,Dataset of polarimetric images of mechanically generated water surface waves coupled with surface elevation records by wave gauges linear array,Data in Brief,2025,FALSE,,
10.1016/j.dib.2025.111295,"A dataset of three vine water status indicators, weather records and soil available water capacity components collected from a rain-fed Mediterranean vineyard",Data in Brief,2025,FALSE,,
10.1016/j.dib.2025.111305,Monitoring data of the Høje Taastrup water pit thermal energy storage,Data in Brief,2025,FALSE,,
10.1016/j.dib.2025.111351,A dataset of annotated African plum images from Cameroon for AI-based quality assessment,Data in Brief,2025,FALSE,,
10.1016/j.dib.2025.111358,Image dataset of environmental non-tuberculous mycobacteria isolated from heater cooler units water by the new NTM Elite agar,Data in Brief,2025,FALSE,,
10.1016/j.dib.2025.111442,DigitalExposome: A dataset for wellbeing classification using environmental air quality and human physiological data,Data in Brief,2025,FALSE,,
10.1016/j.dib.2025.111448,Experimental dataset of the ions in mine water on mechanical strength and microstructure of Portland cement,Data in Brief,2025,FALSE,,
10.1016/j.dib.2025.111463,Wind damage dataset for buildings from 2016 tropical cyclone Winston in Fiji,Data in Brief,2025,FALSE,,
10.1016/j.dib.2025.111468,"Release kinetics, static and dynamic water contact angles and FTIR data for tissue inhibitor of matrix metalloprotease-1 (TIMP-1) incorporated in electrospun random DegraPol® fibers and TIMP-1 impact on tenocytes and adipose-derived stem cells proliferation and gene expression data",Data in Brief,2025,FALSE,,
10.1016/j.dib.2025.111469,Knowledge base dataset on nature-based solutions for wastewater treatment and stormwater management,Data in Brief,2025,TRUE,,
10.1016/j.dib.2025.111484,A benchmark dataset for objective quality assessment of view synthesis for neural radiance field (NeRF),Data in Brief,2025,FALSE,,
10.1016/j.dib.2025.111504,"High-resolution bathymetric survey dataset of Yesik Lake, Kazakhstan: New insights into the morphology of the mountain water body",Data in Brief,2025,FALSE,,
10.1016/j.dib.2025.111545,Data on transgenerational memory effects of photosynthetic efficiency of twelve wheat varieties under elevated carbon dioxide concentration and reduced soil water availability,Data in Brief,2025,FALSE,,
10.1016/j.dib.2025.111609,Large dataset on Fourier transform near infrared (FT-NIR) spectroscopy of green and roasted specialty coffee: Preprocessed infrared spectra and sensory scores for machine learning-based quality monitoring,Data in Brief,2025,FALSE,,
10.1016/j.dib.2025.111651,Near-Infrared Spectroscopy and Wet Chemistry Dataset for Forage Nutritional Quality Assessment in Urochloa humidicola,Data in Brief,2025,FALSE,,
10.1016/j.dib.2025.111659,Ripen banana dataset: A comprehensive resource for carbide detection and ripening stage analysis to enhance food quality and agricultural efficiency,Data in Brief,2025,FALSE,,
10.1016/j.dib.2025.111679,A comprehensive image dataset for carambola leaf and fruit disease classification and quality assessment,Data in Brief,2025,FALSE,,
10.1016/j.dib.2025.111697,Dataset on droplet spreading and rebound behavior of water and viscous water-glycerol mixtures on superhydrophobic surfaces with laser-made channels,Data in Brief,2025,FALSE,,
10.1016/j.dib.2025.111710,"Updating “Sub-hourly water temperature data collected across the Nechako Watershed, 2019–2021” to 2024 and with supplemental sites",Data in Brief,2025,FALSE,,
10.1016/j.dib.2025.111720,Dataset and multivariate statistical tools for mathematical modeling of water desorption isotherms and infrared spectral properties of cupuassu (Theobroma grandiflorum L.) pulp,Data in Brief,2025,FALSE,,
10.1016/j.dib.2025.111756,Wastewater-based surveillance data to determine the COVID-19 trends in communities with low population,Data in Brief,2025,TRUE,,
10.1016/j.dib.2025.111803,Dataset of air cargo supply chain conditions and fruit quality evolution: Case study of mango shipment from Thailand to France,Data in Brief,2025,FALSE,,
10.1016/j.dib.2025.111825,StarNet: Indian star gooseberries dataset for quality and maturity assessment,Data in Brief,2025,FALSE,,
10.1016/j.dib.2025.111870,"Draft genome sequence of Bacillus safensis 2T-2, isolated from drinking water",Data in Brief,2025,TRUE,,
10.1016/j.dib.2025.111878,Enhancing telemedicine service quality through sentiment analysis of user review dataset in Indonesia,Data in Brief,2025,FALSE,,
10.1016/j.dib.2025.111901,Data on ethanol drinking and microbiome in alcohol preferring and non-preferring rats after a fecal microbiota transplant,Data in Brief,2025,FALSE,,
10.1016/j.dib.2025.111946,Proximal near-infrared hyperspectral imaging dataset for identifying epicuticular wax loss in Masena blueberries to evaluate post-harvest quality,Data in Brief,2025,FALSE,,
10.1016/j.dib.2025.111959,"Colorado sunflower water use, physiology and productivity dataset",Data in Brief,2025,FALSE,,
10.1016/j.dib.2025.111978,High-quality whole genome data of Cephonodes sanshaensis,Data in Brief,2025,FALSE,,
10.1016/j.dib.2025.111982,RGB image dataset for okra maturity classification to enhance agricultural quality and market readiness,Data in Brief,2025,FALSE,,
10.1016/j.dib.2025.111983,Comprehensive genomic insights into Mixta calida isolated from the faecal sample of a tuberculosis patient in India,Data in Brief,2025,FALSE,,
10.1016/j.dib.2025.112023,Data on enhancing the water electrolysis performance of silicon carbide nanoparticles in various electrolytes through oxygen doping,Data in Brief,2025,FALSE,,
10.1016/j.dib.2025.112071,FAIRness and data quality assessment of urban air quality monitoring datasets: Perspective on insights from F-UJI evaluation,Data in Brief,2025,FALSE,,
10.1016/j.dib.2025.112084,"A dataset for climate, land, energy and water systems modelling in Lao PDR",Data in Brief,2025,FALSE,,
10.1016/j.dib.2025.112100,A scientometric dataset on pharmaceuticals and illicit drugs (including cocaine) in the water resources of Latin America and the Caribbean (1990–2024),Data in Brief,2025,FALSE,,
10.1016/j.dib.2025.112188,Water contact angle data and FTIR data of stem cell/tenocyte co-culture-derived secretome releasing electrospun tube; and adhesion data of fully transected and sutured rabbit Achilles tendons three weeks post-operation under application of such a tube,Data in Brief,2025,FALSE,,
10.1016/j.dib.2025.112209,High-quality whole genome data of Hippotion velox,Data in Brief,2025,FALSE,,
10.1016/j.dib.2025.112238,"Air quality monitoring at Universidad Iberoamericana, Mexico City: Ozone and meteorological data during the rainy and ozone seasons (Mar–Nov 2024)",Data in Brief,2025,FALSE,,
10.1016/j.dib.2025.112290,"Dataset of high-frequency water quality and meteorological variables in Buffalo Pound Lake, Saskatchewan, Canada, 2014 – 2021",Data in Brief,2025,TRUE,,
10.1016/j.dib.2025.112300,Cosmetics and personal hygiene primary plastic packaging dataset: Characterization of post-consumer waste returned via take-back system in Denmark,Data in Brief,2026,TRUE,,
10.1016/j.dib.2025.112310,Cross-sectoral digital planning Drinking Water-Urban Heat-Housing Provision indicators dataset,Data in Brief,2026,TRUE,,
10.1016/j.dib.2025.112344,Integrating selected physicochemical properties with toxicity scoring data using DarT assay in assessing the quality of local water samples,Data in Brief,2026,FALSE,,
10.1016/j.dib.2025.112353,Dataset on patient education and digital information quality in knee cartilage restoration with matrix-induced autologous chondrocyte implantation (MACI),Data in Brief,2026,FALSE,,
10.1016/j.dib.2025.112356,RivAIrSet: A multitemporal high-resolution UAV imagery dataset for machine learning-based river water segmentation,Data in Brief,2026,FALSE,,
10.1016/j.dib.2025.112366,Experimental dataset on the application of aloe vera gel as a natural coagulant for water treatment,Data in Brief,2026,FALSE,,
10.1016/j.dib.2025.112394,Conceptions of geography teaching: Dataset enabling typology transfer and teaching quality reflection in other fields,Data in Brief,2026,FALSE,,
10.1016/j.dib.2025.112405,Dataset of numerical assessment on the combined effects of non-thermal plasma and water addition in hydrogen combustion,Data in Brief,2026,FALSE,,
10.1016/j.dib.2025.112407,Dataset on microbial community structure in response to microalgal cultivation in dairy wastewater,Data in Brief,2026,TRUE,,
10.1016/j.dib.2025.112411,"Detailed operational data for three Norwegian houses equipped with wood stoves: Sub-Hourly room-level measurements of indoor environmental quality, space-heating power, stove surface temperature, and household total electric power",Data in Brief,2026,FALSE,,
10.1016/j.dib.2026.112467,Dataset on the performance of a photovoltaic solar water pump in coffee plantations using response surface methodology (RSM),Data in Brief,2026,FALSE,,
10.1016/j.dib.2026.112485,Experimental dataset of the reverse water-gas shift reaction in a fixed-bed reactor setup under varying reactor conditions,Data in Brief,2026,FALSE,,
10.1016/j.dib.2026.112486,"COLLECTiEF dataset: A high-resolution indoor environmental dataset from European buildings across diverse climates supporting thermal, air-quality, and visual-comfort assessments",Data in Brief,2026,FALSE,,
10.1016/j.dib.2026.112503,Pathogen nucleic acids data in wastewater solids from 147 treatment plants in the United States: 2024–2025,Data in Brief,2026,TRUE,,
10.1016/j.dib.2026.112557,"Household-level data on food-water-energy nexus consumption in the urban areas of the Pune Metropolitan Region, India",Data in Brief,2026,FALSE,,
10.1016/j.dib.2026.112600,"Dataset on quality parameters of fertilized eggs stored for one week at 12 °C and 80% relative humidity, with or without 2% CO₂, and after a 24-hour acclimatization at 20 °C",Data in Brief,2026,FALSE,,
10.1016/j.dib.2026.112601,A multimodal imaging dataset for quality grading of Canadian wild rice kernels using RGB and VNIR hyperspectral data,Data in Brief,2026,FALSE,,
10.1016/j.dib.2026.112616,Data-driven modeling of water adsorption isotherms in cocoa beans: Dataset and Python-based Machine Learning tools for multivariate analysis and storage management,Data in Brief,2026,FALSE,,
10.1016/j.dib.2026.112628,A machine vision dataset for automated quality inspection and grading of sweetpotatoes,Data in Brief,2026,FALSE,,
10.1016/j.dib.2026.112685,"Mosquito environmental DNA metabarcoding dataset in water-holding containers in dengue fever-endemic areas of DKI Jakarta, Indonesia",Data in Brief,2026,FALSE,,
10.1016/j.dib.2026.112752,"Air quality dataset of particulate matter PM2.5 &amp; PM10 from the monitoring network in Asuncion metropolitan area, Paraguay",Data in Brief,2026,FALSE,,
10.1016/j.dib.2026.112791,"Shotgun metagenomic dataset of microbial communities in the water column of the Flores Sea, Indonesia",Data in Brief,2026,FALSE,,
10.1016/j.dib.2026.112797,A multimodal EMG and IMU dataset for assessing the quality of exercises designed for spatially constrained environments,Data in Brief,2026,FALSE,,
10.1016/j.dib.2026.112800,Dataset of prokaryotic and eukaryotic community structures from sediment and surface water eDNA of a sustainable mangrove fisheries (SMF) aquaculture pond,Data in Brief,2026,FALSE,,
10.1016/j.dib.2026.112802,"Data to support the modelling of integrated groundwater-surface water flow in permafrost regions, using the Carcajou Watershed, Northwest Territories, Canada",Data in Brief,2026,FALSE,,
10.1016/j.dib.2026.112826,SAR-MLD1-2025-MangoLeaf: A comprehensive high-quality mango leaf dataset for disease classification,Data in Brief,2026,FALSE,,
10.1016/j.dib.2026.112838,"High‐resolution bathymetry and water quality dataset from an impounded lake in Northeast Florida, USA",Data in Brief,2026,TRUE,,
10.1016/j.dib.2026.112935,Dataset of illicit drug consumption during and post COVID-19 through wastewater in a city of Chile,Data in Brief,2026,TRUE,,
10.1016/j.dib.2026.112951,Dataset on criteria for evaluating teaching quality in blended learning environments: Evidence from a Vietnamese university,Data in Brief,2026,FALSE,,
10.1016/j.dib.2026.112969,"Wastewater-based and case-based surveillance data for monitoring COVID-19 in Germany, 2022–2024",Data in Brief,2026,TRUE,,
10.1016/j.dib.2026.112985,High-quality draft genome sequence data of Levilactobacillus brevis 3LB isolated from fermented milk koumiss,Data in Brief,2026,FALSE,,
10.1016/j.dib.2026.113004,A curated image dataset for sapodilla fruit (Manilkara zapota) disease and fruit quality analysis,Data in Brief,2026,FALSE,,
10.1016/j.dib.2026.113036,A dataset on the multi-species and multi-endpoint bioanalytical assessment of environmental samples derived from Swedish wastewater treatment plants,Data in Brief,2026,TRUE,,
10.1016/j.dib.2026.113070,Water quality and flow dataset from a degraded peatland catchment: Storm events and treatment pond performance,Data in Brief,2026,TRUE,,
10.1016/j.dib.2026.113071,The PIRAGUA_atmos_analysis and PIRAGUA_hydro_analysis: water balance components data sets for the Pyrenees,Data in Brief,2026,FALSE,,
10.1016/j.dib.2026.113083,Dataset of genome sequencing and amoxicillin degradation data of Bacillus cereus BT-C2.4 isolated from aquaculture water,Data in Brief,2026,FALSE,,
10.12688/f1000research.1-10.v2,Murine Tim-1 is excluded from the immunological synapse.,F1000Research,2012,FALSE,,
10.12688/f1000research.1-16.v1,Is the pan-genome also a pan-selectome?,F1000Research,2012,FALSE,,
10.12688/f1000research.1-17.v1,Identifying spatial priorities for protecting ecosystem services.,F1000Research,2012,FALSE,,
10.12688/f1000research.1-20.v1,The efficacy of disinfectants on abattoirs' Candida albicans isolates in Niger Delta region.,F1000Research,2012,FALSE,,
10.12688/f1000research.1-32.v1,Ankylosis of the hips and knees due to sickle cell disease.,F1000Research,2012,FALSE,,
10.12688/f1000research.1-35.v1,Effect of storage levels of nitric oxide derivatives in blood components.,F1000Research,2012,FALSE,,
10.12688/f1000research.1-4.v1,Rapamycin-insensitive mTORC1 activity controls eIF4E:4E-BP1 binding.,F1000Research,2012,FALSE,,
10.12688/f1000research.1-40.v2,Local indigenous knowledge about some medicinal plants in and around Kakamega forest in western Kenya.,F1000Research,2012,FALSE,,
10.12688/f1000research.1-56.v1,Inhalational sevoflurane in severe bronchial obstruction unresponsive to multipharmacologic therapy: a case report.,F1000Research,2012,FALSE,,
10.12688/f1000research.1-58.v1,Identification of two telomere-proximal fission yeast DNA replication origins constrained by nearby cis-acting sequences to replicate in late S phase.,F1000Research,2012,FALSE,,
10.12688/f1000research.1-60.v1,"Constraints, synergies and avenues for scaling up breastfeeding, antibiotics for pneumonia and IMCI interventions in the Cusco region, Peru.",F1000Research,2012,FALSE,,
10.12688/f1000research.1-61.v1,Kyasanur forest disease virus: viremia and challenge studies in monkeys with evidence of cross-protection by Langat virus infection.,F1000Research,2012,FALSE,,
10.12688/f1000research.1-70.v1,Rapid doubling of Alzheimer's amyloid-β40 and 42 levels in brains of mice exposed to a nickel nanoparticle model of air pollution.,F1000Research,2012,FALSE,,
10.12688/f1000research.1-9.v1,Exploring the membrane topology of prohormone convertase 1 in AtT20 Cells: in situ analysis by immunofluorescence microscopy.,F1000Research,2012,FALSE,,
10.12688/f1000research.2-10.v1,III. Cellular ultrastructures in situ as key to understanding tumor energy metabolism: biological significance of the Warburg effect.,F1000Research,2013,FALSE,,
10.12688/f1000research.2-100.v1,Nanotechnology-supported THz medical imaging.,F1000Research,2013,FALSE,,
10.12688/f1000research.2-101.v1,"Energy efficiency as a unifying principle for human, environmental, and global health.",F1000Research,2013,FALSE,,
10.12688/f1000research.2-108.v2,Differences in antibiotic use and knowledge between adolescent and adult mothers in Ecuador.,F1000Research,2013,FALSE,,
10.12688/f1000research.2-111.v3,Association between digital dermatoglyphics and handedness among Sinhalese in Sri Lanka.,F1000Research,2013,FALSE,,
10.12688/f1000research.2-12.v1,Refractory hypotension during general anesthesia despite preoperative discontinuation of an angiotensin receptor blocker.,F1000Research,2013,FALSE,,
10.12688/f1000research.2-120.v2,Microbiopsy engineered for minimally invasive and suture-free sub-millimetre skin sampling.,F1000Research,2013,FALSE,,
10.12688/f1000research.2-122.v2,Eco-physiological adaptation of dominant tree species at two contrasting karst habitats in southwestern China.,F1000Research,2013,FALSE,,
10.12688/f1000research.2-124.v1,Rhinoscleroma presenting as a nasal-palatal mass with airway obstruction.,F1000Research,2013,FALSE,,
10.12688/f1000research.2-125.v2,"A novel variable delay Go/No-Go task to study attention, motivation and working memory in the head-fixed rodent.",F1000Research,2013,FALSE,,
10.12688/f1000research.2-134.v2,FAM129B is a novel regulator of Wnt/β-catenin signal transduction in melanoma cells.,F1000Research,2013,FALSE,,
10.12688/f1000research.2-138.v2,Identification and molecular characterization of a novel Chlamydomonas reinhardtii mutant defective in chlorophyll biosynthesis.,F1000Research,2013,FALSE,,
10.12688/f1000research.2-14.v1,Characteristics of exhaled particle production in healthy volunteers: possible implications for infectious disease transmission.,F1000Research,2013,FALSE,,
10.12688/f1000research.2-140.v1,Environmental enrichment does not impact on tumor growth in mice.,F1000Research,2013,FALSE,,
10.12688/f1000research.2-142.v2,"Identification and molecular characterization of the second Chlamydomonas gun4 mutant, gun4-II.",F1000Research,2013,FALSE,,
10.12688/f1000research.2-147.v2,"Curcumin reduces prostaglandin E2, matrix metalloproteinase-3 and proteoglycan release in the secretome of interleukin 1β-treated articular cartilage.",F1000Research,2013,FALSE,,
10.12688/f1000research.2-148.v1,Extracellular histone H1 is neurotoxic and drives a pro-inflammatory response in microglia.,F1000Research,2013,FALSE,,
10.12688/f1000research.2-151.v1,A histological and functional study on hippocampal formation of normal and diabetic rats.,F1000Research,2013,FALSE,,
10.12688/f1000research.2-154.v2,The first structure in a family of peptidase inhibitors reveals an unusual Ig-like fold.,F1000Research,2013,FALSE,,
10.12688/f1000research.2-155.v2,"Prevalence of antibiotic-resistant E. coli in retail chicken: comparing conventional, organic, kosher, and raised without antibiotics.",F1000Research,2013,FALSE,,
10.12688/f1000research.2-159.v1,Do children with mental disorders have higher prevalence of hypovitaminosis D?,F1000Research,2013,FALSE,,
10.12688/f1000research.2-164.v1,The nature and prevalence of chronic pain in homeless persons: an observational study.,F1000Research,2013,FALSE,,
10.12688/f1000research.2-167.v1,"Patient perspectives on the promptness and quality of care of road traffic incident victims in Peru: a cross-sectional, active surveillance study.",F1000Research,2013,FALSE,,
10.12688/f1000research.2-169.v1,Anti-rhesus D prophylaxis in pregnant women is based on sialylated IgG antibodies.,F1000Research,2013,FALSE,,
10.12688/f1000research.2-173.v2,Regulation of CYP3A genes by glucocorticoids in human lung cells.,F1000Research,2013,FALSE,,
10.12688/f1000research.2-177.v1,Fecal transplantation does not transfer either susceptibility or resistance to food borne listeriosis in C57BL/6 and BALB/c/By mice.,F1000Research,2013,FALSE,,
10.12688/f1000research.2-179.v2,Hyperthermic intraperitoneal chemoperfusion with high dose oxaliplatin: Influence of perfusion temperature on postoperative outcome and survival.,F1000Research,2013,FALSE,,
10.12688/f1000research.2-180.v2,Long term delivery of pulsed magnetic fields does not alter visual discrimination learning or dendritic spine density in the mouse CA1 pyramidal or dentate gyrus neurons.,F1000Research,2013,FALSE,,
10.12688/f1000research.2-181.v1,"A salp bloom (Tunicata, Thaliacea) along the Apulian coast and in the Otranto Channel between March-May 2013.",F1000Research,2013,FALSE,,
10.12688/f1000research.2-182.v2,Short- and long-term habituation of auditory event-related potentials in the rat.,F1000Research,2013,FALSE,,
10.12688/f1000research.2-185.v1,Polarized localization and borate-dependent degradation of the Arabidopsis borate transporter BOR1 in tobacco BY-2 cells.,F1000Research,2013,FALSE,,
10.12688/f1000research.2-194.v2,Amblyomma tapirellum  (Acari: Ixodidae) collected from tropical forest canopy.,F1000Research,2013,FALSE,,
10.12688/f1000research.2-195.v2,Kairomonal communication in mice is concentration-dependent with a proportional discrimination threshold.,F1000Research,2013,FALSE,,
10.12688/f1000research.2-196.v1,A rare aggravation of severe mucositis post chemotherapy in a child with acute lymphoblastic leukemia.,F1000Research,2013,FALSE,,
10.12688/f1000research.2-197.v1,"Novel targets of miR-30, a microRNA required for biliary development.",F1000Research,2013,FALSE,,
10.12688/f1000research.2-198.v3,Reprogramming diminishes retention of Mycobacterium leprae in Schwann cells and elevates bacterial transfer property to fibroblasts.,F1000Research,2013,FALSE,,
10.12688/f1000research.2-20.v2,A flexible user-interface for audiovisual presentation and interactive control in neurobehavioral experiments.,F1000Research,2013,FALSE,,
10.12688/f1000research.2-201.v2,Implementation of a worksite educational program focused on promoting healthy eating habits.,F1000Research,2013,FALSE,,
10.12688/f1000research.2-203.v2,Homologous electron transport components fail to increase fatty acid hydroxylation in transgenic Arabidopsis thaliana.,F1000Research,2013,FALSE,,
10.12688/f1000research.2-204.v1,Isoform-specific anti-MeCP2 antibodies confirm that expression of the e1 isoform strongly predominates in the brain.,F1000Research,2013,FALSE,,
10.12688/f1000research.2-205.v1,Seizure evoked regulation of LIM-HD genes and co-factors in the postnatal and adult hippocampus.,F1000Research,2013,FALSE,,
10.12688/f1000research.2-207.v1,A pilot study of basal ganglia and thalamus structure by high dimensional mapping in children with Tourette syndrome.,F1000Research,2013,FALSE,,
10.12688/f1000research.2-208.v2,A computational analysis of the long-term regulation of arterial pressure.,F1000Research,2013,FALSE,,
10.12688/f1000research.2-210.v3,"Density but not climate affects the population growth rate of guanacos ( Lama guanicoe) (Artiodactyla, Camelidae).",F1000Research,2013,FALSE,,
10.12688/f1000research.2-214.v1,Ultimate drivers of native biodiversity change in agricultural systems.,F1000Research,2013,FALSE,,
10.12688/f1000research.2-22.v1,Memory enhancement produced by post-training exposure to sucrose-conditioned cues.,F1000Research,2013,FALSE,,
10.12688/f1000research.2-221.v2,Resolving the paradox for protein aggregation diseases: NMR structure and dynamics of the membrane-embedded P56S-MSP causing ALS imply a common mechanism for aggregation-prone proteins to attack membranes.,F1000Research,2013,FALSE,,
10.12688/f1000research.2-223.v1,The expression profile of miR-23b is not altered in peripheral blood mononuclear cells of patients with idiopathic inflammatory myopathies.,F1000Research,2013,FALSE,,
10.12688/f1000research.2-227.v3,ANGDelMut - a web-based tool for predicting and analyzing functional loss mechanisms of amyotrophic lateral sclerosis-associated angiogenin mutations.,F1000Research,2013,FALSE,,
10.12688/f1000research.2-229.v1,Fra-1 regulation of Matrix Metallopeptidase-1 (MMP-1) in metastatic variants of MDA-MB-231 breast cancer cells.,F1000Research,2013,FALSE,,
10.12688/f1000research.2-233.v2,Study protocol for examining job strain as a risk factor for severe unipolar depression in an individual participant meta-analysis of 14 European cohorts.,F1000Research,2013,FALSE,,
10.12688/f1000research.2-235.v1,Food sovereignty: an alternative paradigm for poverty reduction and biodiversity conservation in Latin America.,F1000Research,2013,FALSE,,
10.12688/f1000research.2-238.v3,Functional characterization of Candida albicans Hos2 histone deacetylase.,F1000Research,2013,FALSE,,
10.12688/f1000research.2-24.v1,"Human iPSC-derived mesoangioblasts, like their tissue-derived counterparts, suppress T cell proliferation through IDO- and PGE-2-dependent pathways.",F1000Research,2013,FALSE,,
10.12688/f1000research.2-240.v2,Accumulation of oocytes and/or embryos by vitrification: a new strategy for managing poor responder patients undergoing pre implantation diagnosis.,F1000Research,2013,FALSE,,
10.12688/f1000research.2-244.v2,Mapping whole genome shotgun sequence and variant calling in mammalian species without their reference genomes.,F1000Research,2013,FALSE,,
10.12688/f1000research.2-25.v1,Association of spirochetal infection with Morgellons disease.,F1000Research,2013,FALSE,,
10.12688/f1000research.2-252.v2,Monitoring ferumoxide-labelled neural progenitor cells and lesion evolution by magnetic resonance imaging in a model of cell transplantation in cerebral ischaemia.,F1000Research,2013,FALSE,,
10.12688/f1000research.2-259.v2,Severe bilateral amyotrophic neuralgia associated with major dysphagia secondary to acute hepatitis E.,F1000Research,2013,FALSE,,
10.12688/f1000research.2-27.v1,Proteins and lipids of glycosomal membranes from Leishmania tarentolae and Trypanosoma brucei.,F1000Research,2013,FALSE,,
10.12688/f1000research.2-270.v1,A novel role for syndecan-3 in angiogenesis.,F1000Research,2013,FALSE,,
10.12688/f1000research.2-272.v2,The beauty of being (label)-free: sample preparation methods for SWATH-MS and next-generation targeted proteomics.,F1000Research,2013,FALSE,,
10.12688/f1000research.2-274.v2,"Cladonia lichens on extensive green roofs: evapotranspiration, substrate temperature, and albedo.",F1000Research,2013,FALSE,,
10.12688/f1000research.2-276.v1,Creating Minimum Harm Practice ( MiHaP): a concept for continuous improvement.,F1000Research,2013,FALSE,,
10.12688/f1000research.2-279.v1,Prmt7 is dispensable in tissue culture models for adipogenic differentiation.,F1000Research,2013,FALSE,,
10.12688/f1000research.2-280.v2,"Thermoregulation strategies in ants in comparison to other social insects, with a focus on red wood ants ( Formica rufa group).",F1000Research,2013,FALSE,,
10.12688/f1000research.2-281.v2,Rapid and inexpensive body fluid identification by RNA profiling-based multiplex High Resolution Melt (HRM) analysis.,F1000Research,2013,FALSE,,
10.12688/f1000research.2-282.v2,Quality parameters for a multimodal EEG/EMG/kinematic brain-computer interface (BCI) aiming to suppress neurological tremor in upper limbs.,F1000Research,2013,FALSE,,
10.12688/f1000research.2-287.v1,Neurocognitive endophenotypes in CGG KI and Fmr1 KO mouse models of Fragile X-Associated disorders: an analysis of the state of the field.,F1000Research,2013,FALSE,,
10.12688/f1000research.2-289.v2,Altered functional connectivity in posttraumatic stress disorder with versus without comorbid major depressive disorder: a resting state fMRI study.,F1000Research,2013,FALSE,,
10.12688/f1000research.2-32.v2,Mutation detection in cholestatic patients using microarray resequencing of ATP8B1 and ABCB11.,F1000Research,2013,FALSE,,
10.12688/f1000research.2-33.v1,A mutation in negative regulator of basal resistance WRKY17 of Arabidopsis increases susceptibility to Agrobacterium-mediated genetic transformation.,F1000Research,2013,FALSE,,
10.12688/f1000research.2-34.v2,Verbal and novel multisensory associative learning in adults.,F1000Research,2013,FALSE,,
10.12688/f1000research.2-35.v1,Longitudinal RNA sequencing of the deep transcriptome during neurogenesis of cortical glutamatergic neurons from murine ESCs.,F1000Research,2013,FALSE,,
10.12688/f1000research.2-37.v1,Selection and validation of reference genes for quantitative gene expression studies in Erythroxylum coca.,F1000Research,2013,FALSE,,
10.12688/f1000research.2-44.v2,Reactive oxygen production induced by near-infrared radiation in three strains of the Chl d-containing cyanobacterium Acaryochloris marina.,F1000Research,2013,FALSE,,
10.12688/f1000research.2-45.v1,UVB irradiation does not directly induce detectable changes of DNA methylation in human keratinocytes.,F1000Research,2013,FALSE,,
10.12688/f1000research.2-46.v1,The stretcher spontaneous neurodegenerative mutation models Charcot-Marie-Tooth disease type 4D.,F1000Research,2013,FALSE,,
10.12688/f1000research.2-47.v1,Can primary care nurse administered pelvic floor muscle training (PFMT) be implemented for the prevention and treatment of urinary incontinence? A study protocol.,F1000Research,2013,FALSE,,
10.12688/f1000research.2-50.v1,The Perinatal Adverse events and Special Trends in Cognitive Trajectory (PLASTICITY) - pre-protocol for a prospective longitudinal follow-up cohort study.,F1000Research,2013,FALSE,,
10.12688/f1000research.2-51.v2,Cortical long-range interactions embed statistical knowledge of natural sensory input: a voltage-sensitive dye imaging study.,F1000Research,2013,FALSE,,
10.12688/f1000research.2-52.v2,Use of botulinum toxin in musculoskeletal pain.,F1000Research,2013,FALSE,,
10.12688/f1000research.2-56.v1,Glycine-extended gastrin enhances somatostatin release from cultured rabbit fundic D-cells.,F1000Research,2013,FALSE,,
10.12688/f1000research.2-60.v2,Reversion of the Arabidopsis rpn12a-1 exon-trap mutation by an intragenic suppressor that weakens the chimeric 5' splice site.,F1000Research,2013,FALSE,,
10.12688/f1000research.2-65.v1,Reactive microglia after taste nerve injury: comparison to nerve injury models of chronic pain.,F1000Research,2013,FALSE,,
10.12688/f1000research.2-70.v2,Prostitution use has non sexual functions - case report of a depressed psychiatric out-patient.,F1000Research,2013,FALSE,,
10.12688/f1000research.2-72.v1,"A p53-like transcription factor similar to Ndt80 controls the response to nutrient stress in the filamentous fungus, Aspergillus nidulans.",F1000Research,2013,FALSE,,
10.12688/f1000research.2-74.v1,Dissecting the role of TRPV1 in detecting multiple trigeminal irritants in three behavioral assays for sensory irritation.,F1000Research,2013,FALSE,,
10.12688/f1000research.2-75.v3,"Casanovas are liars: behavioral syndromes, sperm competition risk, and the evolution of deceptive male mating behavior in live-bearing fishes.",F1000Research,2013,FALSE,,
10.12688/f1000research.2-77.v2,Continuous and intermittent exposure of neonatal rat calvarial cells to PTHrP (1-36) inhibits bone nodule mineralization in vitro by downregulating bone sialoprotein expression via the cAMP signaling pathway.,F1000Research,2013,FALSE,,
10.12688/f1000research.2-78.v1,"Anacardic acid, a histone acetyltransferase inhibitor, modulates LPS-induced IL-8 expression in a human alveolar epithelial cell line A549.",F1000Research,2013,FALSE,,
10.12688/f1000research.2-79.v2,Internet-delivered eye movement desensitization and reprocessing (iEMDR): an open trial.,F1000Research,2013,FALSE,,
10.12688/f1000research.2-8.v2,I. Embryonal vasculature formation recapitulated in transgenic mammary tumor spheroids implanted pseudo-orthotopicly into mouse dorsal skin fold: the organoblasts concept.,F1000Research,2013,FALSE,,
10.12688/f1000research.2-82.v2,Solid state fluorescence of proteins in high throughput mode and its applications.,F1000Research,2013,FALSE,,
10.12688/f1000research.2-83.v1,Nephron filtration rate and proximal tubular fluid reabsorption in the Akita mouse model of type I diabetes mellitus.,F1000Research,2013,FALSE,,
10.12688/f1000research.2-9.v2,II. Capsular vaso-mimicry formed by transgenic mammary tumor spheroids implanted ectopically into mouse dorsal skin fold: implications for cellular mechanisms of metastasis.,F1000Research,2013,FALSE,,
10.12688/f1000research.2-94.v1,"Why do proteins aggregate? ""Intrinsically insoluble proteins"" and ""dark mediators"" revealed by studies on ""insoluble proteins"" solubilized in pure water.",F1000Research,2013,FALSE,,
10.12688/f1000research.2-97.v1,"Ouabain inhibition of Na/K-ATPase across the retina prevents signed refractive compensation to lens-induced defocus, but not default ocular growth in young chicks.",F1000Research,2013,FALSE,,
10.12688/f1000research.2-98.v1,Over 30 million psychedelic users in the United States.,F1000Research,2013,FALSE,,
10.12688/f1000research.2026.1,"Comparison of phenothrin mousse, phenothrin lotion, and wet-combing for treatment of head louse infestation in the UK: a pragmatic randomised, controlled, assessor blind trial.",F1000Research,2014,FALSE,,
10.12688/f1000research.3-13.v1,"Dentin reactions to caries are misinterpreted by histological ""gold standards"".",F1000Research,2014,FALSE,,
10.12688/f1000research.3-28.v2,Astrocytes require insulin-like growth factor I to protect neurons against oxidative injury.,F1000Research,2014,FALSE,,
10.12688/f1000research.3-31.v1,Pancreatico-pericardial fistula as a complication of chronic pancreatitis.,F1000Research,2014,FALSE,,
10.12688/f1000research.3-35.v1,"Functional abdominal pain causing Scurvy, Pellagra, and Hypovitaminosis A.",F1000Research,2014,FALSE,,
10.12688/f1000research.3-42.v1,Nominal Group Technique consultation of a Pulmonary Rehabilitation Programme.,F1000Research,2014,FALSE,,
10.12688/f1000research.3-7.v2,Epiphyte response to drought and experimental warming in an Andean cloud forest.,F1000Research,2014,FALSE,,
10.12688/f1000research.3-9.v2,Effect of chromosome substitution on intrinsic exercise capacity in mice.,F1000Research,2014,FALSE,,
10.12688/f1000research.3567.1,First regional evaluation of nuclear genetic diversity and population structure in northeastern coyotes ( Canis latrans).,F1000Research,2014,FALSE,,
10.12688/f1000research.3714.1,New forms of checks and balances are needed to improve research integrity.,F1000Research,2014,FALSE,,
10.12688/f1000research.3718.2,Role of bacteriophages in STEC infections: new implications for the design of prophylactic and treatment approaches.,F1000Research,2014,FALSE,,
10.12688/f1000research.3720.1,Cytoplasmic nanojunctions between lysosomes and sarcoplasmic reticulum are required for specific calcium signaling.,F1000Research,2014,FALSE,,
10.12688/f1000research.3771.1,Spinal cord stimulation for complex regional pain syndrome type 1 with dystonia: a case report and discussion of the literature.,F1000Research,2014,FALSE,,
10.12688/f1000research.3784.1,Prevalence of primary outcome changes in clinical trials registered on ClinicalTrials.gov: a cross-sectional study.,F1000Research,2014,FALSE,,
10.12688/f1000research.3788.1,"Advancing the activity cliff concept, part II.",F1000Research,2014,FALSE,,
10.12688/f1000research.3818.2,Systems analysis of the prostate tumor suppressor NKX3.1 supports roles in DNA repair and luminal cell differentiation.,F1000Research,2014,FALSE,,
10.12688/f1000research.3825.1,Trace amines inhibit insect odorant receptor function through antagonism of the co-receptor subunit.,F1000Research,2014,FALSE,,
10.12688/f1000research.3886.3,Ten things to get right for marine conservation planning in the Coral Triangle.,F1000Research,2014,FALSE,,
10.12688/f1000research.3894.1,"Simple, biologically-constrained CA1 pyramidal cell models using an intact, whole hippocampus context.",F1000Research,2014,FALSE,,
10.12688/f1000research.3895.1,"Neurosharing: large-scale data sets (spike, LFP) recorded from the hippocampal-entorhinal system in behaving rats.",F1000Research,2014,FALSE,,
10.12688/f1000research.3928.2,edgeR: a versatile tool for the analysis of shRNA-seq and CRISPR-Cas9 genetic screens.,F1000Research,2014,FALSE,,
10.12688/f1000research.4092.1,Transient acid treatment cannot induce neonatal somatic cells to become pluripotent stem cells.,F1000Research,2014,FALSE,,
10.12688/f1000research.4178.3,Post-operative rehabilitation and nutrition in osteoarthritis.,F1000Research,2014,FALSE,,
10.12688/f1000research.4188.1,Yeast Augmented Network Analysis (YANA): a new systems approach to identify therapeutic targets for human genetic diseases.,F1000Research,2014,FALSE,,
10.12688/f1000research.4190.2,Audit of antenatal screening for syphilis and HIV in migrant and refugee women on the Thai-Myanmar border: a descriptive study.,F1000Research,2014,FALSE,,
10.12688/f1000research.4218.2,An evolutionarily significant unicellular strategy in response to starvation in Dictyostelium social amoebae.,F1000Research,2014,FALSE,,
10.12688/f1000research.4219.2,Secretomes of apoptotic mononuclear cells ameliorate neurological damage in rats with focal ischemia.,F1000Research,2014,FALSE,,
10.12688/f1000research.4260.2,The assessment of CD146-based cell sorting and telomere length analysis for establishing the identity of mesenchymal stem cells in human umbilical cord.,F1000Research,2014,FALSE,,
10.12688/f1000research.4412.2,Shark fisheries in the Southeast Pacific: A 61-year analysis from Peru.,F1000Research,2014,FALSE,,
10.12688/f1000research.4436.2,Novel somatic single nucleotide variants within the RNA binding protein hnRNP A1 in multiple sclerosis patients.,F1000Research,2014,FALSE,,
10.12688/f1000research.4439.2,Myelin-specific T helper 17 cells promote adult hippocampal neurogenesis through indirect mechanisms.,F1000Research,2014,FALSE,,
10.12688/f1000research.4448.1,Local membrane deformation and micro-injury lead to qualitatively different responses in osteoblasts.,F1000Research,2014,FALSE,,
10.12688/f1000research.4801.2,The ACCE method: an approach for obtaining quantitative or qualitative estimates of residual confounding that includes unmeasured confounding.,F1000Research,2014,FALSE,,
10.12688/f1000research.4805.2,"Characterization of M-laurdan, a versatile probe to explore order in lipid membranes.",F1000Research,2014,FALSE,,
10.12688/f1000research.4869.1,Immunoprecipitation and mass spectrometry identify non-cell autonomous Otx2 homeoprotein in the granular and supragranular layers of mouse visual cortex.,F1000Research,2014,FALSE,,
10.12688/f1000research.4909.1,Active transmembrane drug transport in microgravity: a validation study using an ABC transporter model.,F1000Research,2014,FALSE,,
10.12688/f1000research.4943.2,Electrical maturation of neurons derived from human embryonic stem cells.,F1000Research,2014,FALSE,,
10.12688/f1000research.4966.2,Commercial antibodies and their validation.,F1000Research,2014,FALSE,,
10.12688/f1000research.4980.2,Case Report: Paroxysmal nocturnal hemoglobinuria in a woman heterozygous for G6PD A-.,F1000Research,2014,FALSE,,
10.12688/f1000research.5142.2,"Stress, rejection, and hormones: Cortisol and progesterone reactivity to laboratory speech and rejection tasks in women and men.",F1000Research,2014,FALSE,,
10.12688/f1000research.5145.3,DOCLASP - Docking ligands to target proteins using spatial and electrostatic congruence extracted from a known holoenzyme and applying simple geometrical transformations.,F1000Research,2014,FALSE,,
10.12688/f1000research.5165.2,ABS-Scan: In silico alanine scanning mutagenesis for binding site residues in protein-ligand complex.,F1000Research,2014,FALSE,,
10.12688/f1000research.5251.2,Pandemic 2009 Influenza A (H1N1) virus infection in cancer and hematopoietic stem cell transplant recipients; a multicenter observational study.,F1000Research,2014,FALSE,,
10.12688/f1000research.5292.2,An object oriented implementation of the Yeadon human inertia model.,F1000Research,2014,FALSE,,
10.12688/f1000research.5349.2,Immunofluorescent visualization of mouse interneuron subtypes.,F1000Research,2014,FALSE,,
10.12688/f1000research.5372.1,[18F]-T807 tauopathy PET imaging in chronic traumatic encephalopathy.,F1000Research,2014,FALSE,,
10.12688/f1000research.5403.2,"Breaking a Guinness World Record on Hand Sanitizing Relay, initiating a call for vital research in overcoming campaign fatigue for hand hygiene.",F1000Research,2014,TRUE,,
10.12688/f1000research.5485.2,"Plasmodium falciparum infection rates for some Anopheles spp. from Guinea-Bissau, West Africa.",F1000Research,2014,FALSE,,
10.12688/f1000research.5512.2,Diversity of two-component systems: insights into the signal transduction mechanism by the  Staphylococcus aureus two-component system GraSR.,F1000Research,2014,FALSE,,
10.12688/f1000research.5514.2,Application of ARID1A to murine formalin-fixed paraffin embedded tissue using immunohistochemistry.,F1000Research,2014,FALSE,,
10.12688/f1000research.5530.2,Rice ( Oryza) hemoglobins.,F1000Research,2014,FALSE,,
10.12688/f1000research.5544.1,Late cardiac sodium current can be assessed using automated patch-clamp.,F1000Research,2014,FALSE,,
10.12688/f1000research.5595.2,Subdivisions of the adult zebrafish pallium based on molecular marker analysis.,F1000Research,2014,FALSE,,
10.12688/f1000research.5659.2,"Safety, efficacy and utility of methods of transferring adhesive and cohesive Escherichia coli cells to microplates to avoid aerosols.",F1000Research,2014,FALSE,,
10.12688/f1000research.5676.2,APOC3 may not be a predictor of risk of ischemic vascular disease in the Chinese population.,F1000Research,2014,FALSE,,
10.12688/f1000research.5685.1,The F1000Research: Ebola article collection.,F1000Research,2014,FALSE,,
10.12688/f1000research.5689.3,"Case Report: ""ADHD Trainer"": the mobile application that enhances cognitive skills in ADHD patients.",F1000Research,2014,FALSE,,
10.12688/f1000research.5756.1,Timing is everything: a collection on how clocks affect resilience in biological systems.,F1000Research,2014,FALSE,,
10.12688/f1000research.5778.3,Culture and identification of <i>Borrelia</i> spirochetes in human vaginal and seminal secretions.,F1000Research,2014,FALSE,,
10.12688/f1000research.5794.2,UV-independent induction of beta defensin 3 in neonatal human skin explants.,F1000Research,2014,FALSE,,
10.12688/f1000research.5836.2,Fourier transform infrared spectroscopy study of ligand photodissociation and migration in inducible nitric oxide synthase.,F1000Research,2014,FALSE,,
10.12688/f1000research.5873.1,Characterization of the truncated hemoglobin THB1 from protein extracts of Chlamydomonas reinhardtii.,F1000Research,2014,FALSE,,
10.12688/f1000research.5878.2,Shaping the Future of Research: a perspective from junior scientists.,F1000Research,2014,FALSE,,
10.12688/f1000research.5879.2,"Binding of a fluorescence reporter and a ligand to an odorant-binding protein of the yellow fever mosquito, Aedes aegypti.",F1000Research,2014,FALSE,,
10.12688/f1000research.5919.2,Effect of environmental and cultural conditions on medium pH and explant growth performance of Douglas-fir ( Pseudotsuga menziesii) shoot cultures.,F1000Research,2014,FALSE,,
10.12688/f1000research.5927.2,Student perception about working in rural United States/Canada after graduation: a study in an offshore Caribbean medical school.,F1000Research,2014,FALSE,,
10.12688/f1000research.5930.2,Rampant software errors may undermine scientific results.,F1000Research,2014,FALSE,,
10.12688/f1000research.5934.1,Does apical membrane GLUT2 have a role in intestinal glucose uptake?,F1000Research,2014,FALSE,,
10.12688/f1000research.5951.2,PRN: a preprint service for catalyzing R-fMRI and neuroscience related studies.,F1000Research,2014,FALSE,,
10.12688/f1000research.5977.3,Looking for effects of qualia on event-related brain potentials of close others in search for a cause of the similarity of qualia assumed across individuals.,F1000Research,2014,FALSE,,
10.12688/f1000research.4030.1,Following specific podocyte injury captopril protects against progressive long term renal damage.,F1000Research,2015,FALSE,,
10.12688/f1000research.5704.1,How do we improve peer review for manuscripts from culturally divergent origins?,F1000Research,2015,FALSE,,
10.12688/f1000research.5732.2,Nutrition transition in South Asia: the emergence of non-communicable chronic diseases.,F1000Research,2015,FALSE,,
10.12688/f1000research.5779.5,Quantification of polysaccharides fixed to Gram stained slides using lactophenol cotton blue and digital image processing.,F1000Research,2015,FALSE,,
10.12688/f1000research.5921.2,Ligand uptake in <i>Mycobacterium tuberculosis</i> truncated hemoglobins is controlled by both internal tunnels and active site water molecules.,F1000Research,2015,FALSE,,
10.12688/f1000research.5923.2,Development of an image-based screening system for inhibitors of the plastidial MEP pathway and of protein geranylgeranylation.,F1000Research,2015,FALSE,,
10.12688/f1000research.6007.1,Capsaicin from chili ( Capsicum spp.) inhibits vascular smooth muscle cell proliferation.,F1000Research,2015,FALSE,,
10.12688/f1000research.6031.1,Understanding carbon regulation in aquatic systems - Bacteriophages as a model.,F1000Research,2015,FALSE,,
10.12688/f1000research.6037.2,Long read nanopore sequencing for detection of <i>HLA</i> and <i>CYP2D6</i> variants and haplotypes.,F1000Research,2015,FALSE,,
10.12688/f1000research.6055.3,"A double blinded, placebo-controlled pilot study to examine reduction of CD34 <sup>+</sup>/CD117 <sup>+</sup>/CD133 <sup>+</sup> lymphoma progenitor cells and duration of remission induced by neoadjuvant valspodar in dogs with large B-cell lymphoma.",F1000Research,2015,FALSE,,
10.12688/f1000research.6085.2,Antiviral therapies against Ebola and other emerging viral diseases using existing medicines that block virus entry.,F1000Research,2015,FALSE,,
10.12688/f1000research.6122.2,Adherence to Artemisinin Combination Therapy for the treatment of uncomplicated malaria in the Democratic Republic of the Congo.,F1000Research,2015,FALSE,,
10.12688/f1000research.6129.1,Why do we bother? Exploring biologists' motivations to share the details of their teaching practice.,F1000Research,2015,FALSE,,
10.12688/f1000research.6136.2,Fused embryos and pre-metamorphic conjoined larvae in a broadcast spawning reef coral.,F1000Research,2015,FALSE,,
10.12688/f1000research.6150.2,Digital teaching tools and global learning communities.,F1000Research,2015,FALSE,,
10.12688/f1000research.6189.1,Recent scientific advances in leiomyoma (uterine fibroids) research facilitates better understanding and management.,F1000Research,2015,FALSE,,
10.12688/f1000research.6201.1,"Effect of rice variety and blending proportion on the proximate compositions, minerals and phytic acid contents of bread from rice-teff blend.",F1000Research,2015,FALSE,,
10.12688/f1000research.6207.1,Interactive lectures: Clickers or personal devices?,F1000Research,2015,FALSE,,
10.12688/f1000research.6213.2,Signaling mechanism by the Staphylococcus aureus two-component system LytSR: role of acetyl phosphate in bypassing the cell membrane electrical potential sensor LytS.,F1000Research,2015,FALSE,,
10.12688/f1000research.6255.1,Short-term effect of acute and repeated urinary bladder inflammation on thigmotactic behaviour in the laboratory rat.,F1000Research,2015,FALSE,,
10.12688/f1000research.6262.3,Behavioural evidence for self-medication in bumblebees?,F1000Research,2015,FALSE,,
10.12688/f1000research.6288.1,Sevoflurane.,F1000Research,2015,FALSE,,
10.12688/f1000research.6298.1,Blockade or deletion of transient receptor potential vanilloid 4 (TRPV4) is not protective in a murine model of sepsis.,F1000Research,2015,FALSE,,
10.12688/f1000research.6312.2,Funding source and primary outcome changes in clinical trials registered on ClinicalTrials.gov are associated with the reporting of a statistically significant primary outcome: a cross-sectional study.,F1000Research,2015,FALSE,,
10.12688/f1000research.6345.2,Assessing the bipotency of in vitro-derived neuromesodermal progenitors.,F1000Research,2015,FALSE,,
10.12688/f1000research.6368.2,"I drink for my liver, Doc: emerging evidence that coffee prevents cirrhosis.",F1000Research,2015,FALSE,,
10.12688/f1000research.6370.1,Why are enteric ganglia so small? Role of differential adhesion of enteric neurons and enteric neural crest cells.,F1000Research,2015,FALSE,,
10.12688/f1000research.6379.2,regionReport: Interactive reports for region-level and feature-level genomic analyses.,F1000Research,2015,FALSE,,
10.12688/f1000research.6398.1,Recent developments in osteogenesis imperfecta.,F1000Research,2015,FALSE,,
10.12688/f1000research.6402.2,The developmental transcriptome of contrasting Arctic charr ( <i>Salvelinus alpinus</i>) morphs.,F1000Research,2015,FALSE,,
10.12688/f1000research.6435.1,Seeing and believing: recent advances in imaging cell-cell interactions.,F1000Research,2015,FALSE,,
10.12688/f1000research.6444.1,Photoperiodic and circadian bifurcation theories of depression and mania.,F1000Research,2015,FALSE,,
10.12688/f1000research.6451.1,"A resistant-starch enriched yogurt: fermentability, sensory characteristics, and a pilot study in children.",F1000Research,2015,FALSE,,
10.12688/f1000research.6464.1,SwissPalm: Protein Palmitoylation database.,F1000Research,2015,FALSE,,
10.12688/f1000research.6467.2,Optimized purification strategies for the elimination of non-specific products in the isolation of GAD65-specific monoclonal autoantibodies.,F1000Research,2015,FALSE,,
10.12688/f1000research.6488.1,The five deadly sins of science publishing.,F1000Research,2015,FALSE,,
10.12688/f1000research.6516.2,Immunoblotting validation of research antibodies generated against HS1-associated protein X-1 in the human neutrophil model cell line PLB-985.,F1000Research,2015,FALSE,,
10.12688/f1000research.6535.1,Unexpected lack of specificity of a rabbit polyclonal TAP-L (ABCB9) antibody.,F1000Research,2015,FALSE,,
10.12688/f1000research.6574.2,Matching Behavior as a Tradeoff Between Reward Maximization and Demands on Neural Computation.,F1000Research,2015,FALSE,,
10.12688/f1000research.6617.2,YeATS - a tool suite for analyzing RNA-seq derived transcriptome identifies a highly transcribed putative extensin in heartwood/sapwood transition zone in black walnut.,F1000Research,2015,FALSE,,
10.12688/f1000research.6633.1,Update on Neuromodulation for Treatment-Resistant Depression.,F1000Research,2015,FALSE,,
10.12688/f1000research.6635.1,Advances in the understanding of delayed cerebral ischaemia after aneurysmal subarachnoid haemorrhage.,F1000Research,2015,FALSE,,
10.12688/f1000research.6649.1,Pain and sickness behavior associated with corneal lesions in dairy calves.,F1000Research,2015,FALSE,,
10.12688/f1000research.6683.2,An unexpected effect of TNF-α on F508del-CFTR maturation and function.,F1000Research,2015,FALSE,,
10.12688/f1000research.6684.1,Chemoprevention of cancer: current evidence and future prospects.,F1000Research,2015,FALSE,,
10.12688/f1000research.6716.1,Rapid assessment of iron in blood plasma and serum by spectrophotometry with cloud-point extraction.,F1000Research,2015,FALSE,,
10.12688/f1000research.6718.3,The Immune System and Responses to Cancer: Coordinated Evolution.,F1000Research,2015,FALSE,,
10.12688/f1000research.6739.2,"Competition over guarding in the Arabian babbler (Turdoides squamiceps), a cooperative breeder.",F1000Research,2015,FALSE,,
10.12688/f1000research.6756.1,Deep Sequencing of the T-cell Receptor Repertoire Demonstrates Polyclonal T-cell Infiltrates in Psoriasis.,F1000Research,2015,FALSE,,
10.12688/f1000research.6822.1,Emergence of spatial behavioral function and associated mossy fiber connectivity and c-Fos labeling patterns in the hippocampus of rats.,F1000Research,2015,FALSE,,
10.12688/f1000research.6826.1,Early lessons from schistosomiasis mass drug administration programs.,F1000Research,2015,FALSE,,
10.12688/f1000research.6827.3,Effect of sex in the MRMT-1 model of cancer-induced bone pain.,F1000Research,2015,FALSE,,
10.12688/f1000research.6831.1,Molecular Dynamics Simulations of the Temperature Induced Unfolding of Crambin Follow the Arrhenius Equation.,F1000Research,2015,FALSE,,
10.12688/f1000research.6835.2,Intracellular Dynamics of the Ubiquitin-Proteasome-System.,F1000Research,2015,FALSE,,
10.12688/f1000research.6845.1,Is suvorexant a better choice than alternative hypnotics?,F1000Research,2015,FALSE,,
10.12688/f1000research.6848.2,"Discovering, Indexing and Interlinking Information Resources.",F1000Research,2015,FALSE,,
10.12688/f1000research.6877.1,Highlights of the first ISCB Student Council Symposium in Africa 2015.,F1000Research,2015,FALSE,,
10.12688/f1000research.6885.1,Viscoelastic Properties of Hyaluronan in Physiological Conditions.,F1000Research,2015,FALSE,,
10.12688/f1000research.6890.2,Fascial Manipulation® for chronic aspecific low back pain: a single blinded randomized controlled trial.,F1000Research,2015,FALSE,,
10.12688/f1000research.6923.1,Dermatoglyphic meta-analysis indicates early epigenetic outcomes & possible implications on genomic zygosity in type-2 diabetes.,F1000Research,2015,FALSE,,
10.12688/f1000research.6949.1,Current controversies in infective endocarditis.,F1000Research,2015,FALSE,,
10.12688/f1000research.6961.1,Advances in upper gastrointestinal endoscopy.,F1000Research,2015,FALSE,,
10.12688/f1000research.6972.1,Advances in understanding and managing atopic dermatitis.,F1000Research,2015,FALSE,,
10.12688/f1000research.7013.1,Recent advances in treatment of severe primary immunodeficiencies.,F1000Research,2015,FALSE,,
10.12688/f1000research.7022.1,Recent advances in treatment of heart failure.,F1000Research,2015,FALSE,,
10.12688/f1000research.7040.1,A home-based comprehensive care model in patients with Multiple Sclerosis: A study pre-protocol.,F1000Research,2015,FALSE,,
10.12688/f1000research.7048.1,Recent Advances in Preventing Adverse Reactions to Transfusion.,F1000Research,2015,FALSE,,
10.12688/f1000research.7070.2,"A citation-based, author- and age-normalized, logarithmic index for evaluation of individual researchers independently of publication counts.",F1000Research,2015,FALSE,,
10.12688/f1000research.7131.1,Overactive bladder.,F1000Research,2015,FALSE,,
10.12688/f1000research.7135.1,Predictors of psychiatric rehospitalization among elderly patients.,F1000Research,2015,FALSE,,
10.12688/f1000research.7142.2,A three-dimensional model of the human blood-brain barrier to analyse the transport of nanoparticles and astrocyte/endothelial interactions.,F1000Research,2015,FALSE,,
10.12688/f1000research.7181.1,Management and Prevention of Anaphylaxis.,F1000Research,2015,FALSE,,
10.12688/f1000research.7191.1,<i>Caveat emptor</i> NICE: biased use of cost-effectiveness is inefficient and inequitable.,F1000Research,2015,FALSE,,
10.12688/f1000research.7201.1,MinION Analysis and Reference Consortium: Phase 1 data release and analysis.,F1000Research,2015,FALSE,,
10.12688/f1000research.7202.2,A paradoxical relationship between Resveratrol and copper (II) with respect to degradation of DNA and RNA.,F1000Research,2015,FALSE,,
10.12688/f1000research.7217.3,Machine learning models identify molecules active against the Ebola virus <i>in vitro</i>.,F1000Research,2015,FALSE,,
10.12688/f1000research.7302.1,"Integrated analysis of oral tongue squamous cell carcinoma identifies key variants and pathways linked to risk habits, HPV, clinical parameters and tumor recurrence.",F1000Research,2015,FALSE,,
10.12688/f1000research.7312.2,An adaptable toolkit to assess commercial fishery costs and benefits related to marine protected area network design.,F1000Research,2015,FALSE,,
10.12688/f1000research.7315.1,A dynamic architecture of life.,F1000Research,2015,FALSE,,
10.12688/f1000research.7340.1,"World Health Organization estimates of the global and regional disease burden of four foodborne chemical toxins, 2010: a data synthesis.",F1000Research,2015,FALSE,,
10.12688/f1000research.7359.2,"Metabarcoding-based fungal diversity on coarse and fine particulate organic matter in a first-order stream in Nova Scotia, Canada.",F1000Research,2015,FALSE,,
10.12688/f1000research.7385.1,Optical characterization of epidermal cells and their relationship to DNA recovery from touch samples.,F1000Research,2015,FALSE,,
10.12688/f1000research.7413.1,A DNA extraction protocol for improved DNA yield from individual mosquitoes.,F1000Research,2015,FALSE,,
10.12688/f1000research.7507.2,Cannabis microbiome sequencing reveals several mycotoxic fungi native to dispensary grade Cannabis flowers.,F1000Research,2015,FALSE,,
10.12688/f1000research.7534.1,Deep sequencing revealed molecular signature of horizontal gene transfer of plant like transcripts in the mosquito Anopheles culicifacies: an evolutionary puzzle.,F1000Research,2015,FALSE,,
10.12688/f1000research.7571.1,Transcriptome sequencing revealed differences in the response of renal cancer cells to hypoxia and CoCl 2 treatment.,F1000Research,2015,FALSE,,
10.12688/f1000research.10016.1,Environmental volunteer well-being: Managers' perception and actual well-being of volunteers.,F1000Research,2016,FALSE,,
10.12688/f1000research.10040.1,YeATSAM analysis of the walnut and chickpea transcriptome reveals key genes undetected by current annotation tools.,F1000Research,2016,FALSE,,
10.12688/f1000research.10336.2,"Validation of commercially available sphingosine kinase 2 antibodies for use in immunoblotting, immunoprecipitation and immunofluorescence.",F1000Research,2016,FALSE,,
10.12688/f1000research.10509.1,Inducible targeting of CNS astrocytes in Aldh1l1-CreERT2 BAC transgenic mice.,F1000Research,2016,FALSE,,
10.12688/f1000research.6935.1,Renal Replacement Therapy.,F1000Research,2016,FALSE,,
10.12688/f1000research.6996.1,Advances in the endoscopic diagnosis and treatment of Barrett's neoplasia.,F1000Research,2016,FALSE,,
10.12688/f1000research.7018.1,Advances in understanding COPD.,F1000Research,2016,FALSE,,
10.12688/f1000research.7044.1,Recent Understandings of Pet Allergies.,F1000Research,2016,FALSE,,
10.12688/f1000research.7088.1,Improved Cardiovascular Disease Outcomes in Older Adults.,F1000Research,2016,FALSE,,
10.12688/f1000research.7169.1,Emerging Concepts in Transesophageal Echocardiography.,F1000Research,2016,FALSE,,
10.12688/f1000research.7179.1,Varicocele - a case for early intervention.,F1000Research,2016,FALSE,,
10.12688/f1000research.7196.2,VISIT-TS: A multimedia tool for population studies on tic disorders.,F1000Research,2016,FALSE,,
10.12688/f1000research.7246.1,Advances in Understanding and Managing Chronic Urticaria.,F1000Research,2016,FALSE,,
10.12688/f1000research.7344.1,The underactive bladder: detection and diagnosis.,F1000Research,2016,FALSE,,
10.12688/f1000research.7348.1,Renal protection in cardiovascular surgery.,F1000Research,2016,FALSE,,
10.12688/f1000research.7384.1,"Diagnosis, prognosis, and management of cryptogenic stroke.",F1000Research,2016,FALSE,,
10.12688/f1000research.7418.1,Plant-based biofuels.,F1000Research,2016,FALSE,,
10.12688/f1000research.7424.1,Recent Advances in Understanding and Managing Tourette Syndrome.,F1000Research,2016,FALSE,,
10.12688/f1000research.7432.1,Extremophiles and biotechnology: current uses and prospects.,F1000Research,2016,FALSE,,
10.12688/f1000research.7469.1,Management of children with prolonged diarrhea.,F1000Research,2016,FALSE,,
10.12688/f1000research.7493.1,Prevention of Device-Related Healthcare-Associated Infections.,F1000Research,2016,FALSE,,
10.12688/f1000research.7552.1,Household air pollution and its effects on health.,F1000Research,2016,FALSE,,
10.12688/f1000research.7567.1,Recent advances in colonoscopy.,F1000Research,2016,FALSE,,
10.12688/f1000research.7586.1,Recent advances in managing a spinal cord injury secondary to trauma.,F1000Research,2016,FALSE,,
10.12688/f1000research.7608.1,Implications of circadian rhythm and stress in addiction vulnerability.,F1000Research,2016,FALSE,,
10.12688/f1000research.7630.1,Probiotics in critically ill children.,F1000Research,2016,FALSE,,
10.12688/f1000research.7637.2,Antibody performance in ChIP-sequencing assays: From quality scores of public data sets to quantitative certification.,F1000Research,2016,FALSE,,
10.12688/f1000research.7645.1,Substance use during pregnancy.,F1000Research,2016,FALSE,,
10.12688/f1000research.7665.1,Current Landscape of Antiviral Drug Discovery.,F1000Research,2016,FALSE,,
10.12688/f1000research.7668.2,Referencing cross-reactivity of detection antibodies for protein array experiments.,F1000Research,2016,FALSE,,
10.12688/f1000research.7691.1,Validation of a commercially available anti-REDD1 antibody using RNA interference and REDD1-/- mouse embryonic fibroblasts.,F1000Research,2016,FALSE,,
10.12688/f1000research.7694.2,Normalizing sleep quality disturbed by psychiatric polypharmacy: a single patient open trial (SPOT).,F1000Research,2016,FALSE,,
10.12688/f1000research.7783.3,Are scientific abstracts written in poetic verse an effective representation of the underlying research?,F1000Research,2016,FALSE,,
10.12688/f1000research.7800.2,Does inactivation of USP14 enhance degradation of proteasomal substrates that are associated with neurodegenerative diseases?,F1000Research,2016,FALSE,,
10.12688/f1000research.7821.1,Finding Ponce de Leon's Pill: Challenges in Screening for Anti-Aging Molecules.,F1000Research,2016,FALSE,,
10.12688/f1000research.7822.2,GPR21 KO mice demonstrate no resistance to high fat diet induced obesity or improved glucose tolerance.,F1000Research,2016,FALSE,,
10.12688/f1000research.7842.2,Profiling and tandem mass spectrometry analysis of aminoacylated phospholipids in Bacillus subtilis .,F1000Research,2016,FALSE,,
10.12688/f1000research.7849.1,Understanding the nature of health: New perspectives for medicine and public health. Improved wellbeing at lower costs.,F1000Research,2016,FALSE,,
10.12688/f1000research.7868.2,Effect of LXR/RXR agonism on brain and CSF Aβ40 levels in rats.,F1000Research,2016,FALSE,,
10.12688/f1000research.7893.1,"Improving quality for maternal care - a case study from Kerala, India.",F1000Research,2016,FALSE,,
10.12688/f1000research.7895.1,"DNA barcoding of <i>Clarias gariepinus</i>, <i>Coptodon zillii</i> and <i>Sarotherodon melanotheron</i> from Southwestern Nigeria.",F1000Research,2016,FALSE,,
10.12688/f1000research.7924.1,Recent advances in understanding apicomplexan parasites.,F1000Research,2016,FALSE,,
10.12688/f1000research.7955.2,Associations between chlorophyll a and various microcystin health advisory concentrations.,F1000Research,2016,FALSE,,
10.12688/f1000research.7958.1,Central control of body temperature.,F1000Research,2016,FALSE,,
10.12688/f1000research.7992.1,Irritable bowel syndrome: new insights into symptom mechanisms and advances in treatment.,F1000Research,2016,FALSE,,
10.12688/f1000research.8001.1,Chromas from chromatin: sonification of the epigenome.,F1000Research,2016,FALSE,,
10.12688/f1000research.8012.1,Recent advances in understanding and managing cholestasis.,F1000Research,2016,FALSE,,
10.12688/f1000research.8036.1,Analysis of red autofluorescence (650-670nm) in epidermal cell populations and its potential for distinguishing contributors to 'touch' biological samples.,F1000Research,2016,FALSE,,
10.12688/f1000research.8107.3,"Surveillance, insecticide resistance and control of an invasive Aedes aegypti (Diptera: Culicidae) population in California.",F1000Research,2016,FALSE,,
10.12688/f1000research.8153.2,IL-6 stimulates a concentration-dependent increase in MCP-1 in immortalised human brain endothelial cells.,F1000Research,2016,FALSE,,
10.12688/f1000research.8154.2,Monoclonal antibodies against muscle actin isoforms: epitope identification and analysis of isoform expression by immunoblot and immunostaining in normal and regenerating skeletal muscle.,F1000Research,2016,FALSE,,
10.12688/f1000research.8156.1,Reduced neuronal size and mTOR pathway activity in the Mecp2 A140V Rett syndrome mouse model.,F1000Research,2016,FALSE,,
10.12688/f1000research.8249.1,Flagellar membrane fusion and protein exchange in trypanosomes; a new form of cell-cell communication?,F1000Research,2016,FALSE,,
10.12688/f1000research.8255.1,"Molecular studies of exercise, skeletal muscle, and ageing.",F1000Research,2016,FALSE,,
10.12688/f1000research.8287.3,Electronic medical records in humanitarian emergencies - the development of an Ebola clinical information and patient management system.,F1000Research,2016,FALSE,,
10.12688/f1000research.8299.1,A computer model simulating human glucose absorption and metabolism in health and metabolic disease states.,F1000Research,2016,FALSE,,
10.12688/f1000research.8338.2,Flow cytometry dataset for cells collected from touched surfaces.,F1000Research,2016,FALSE,,
10.12688/f1000research.8351.1,Comparing efficacy of a sweep net and a dip method for collection of mosquito larvae in large bodies of water in South Africa.,F1000Research,2016,FALSE,,
10.12688/f1000research.8361.1,Combining combing and secondary ion mass spectrometry to study DNA on chips using (13)C and (15)N labeling.,F1000Research,2016,FALSE,,
10.12688/f1000research.8369.1,Neurobiology of opioid dependence in creating addiction vulnerability.,F1000Research,2016,FALSE,,
10.12688/f1000research.8375.1,A curated transcriptome dataset collection to investigate the functional programming of human hematopoietic cells in early life.,F1000Research,2016,FALSE,,
10.12688/f1000research.8383.1,Recent advances in cardiac magnetic resonance.,F1000Research,2016,FALSE,,
10.12688/f1000research.8392.1,"Better Outcomes through Learning, Data, Engagement, and Research (BOLDER) - a system for improving evidence and clinical practice in low and middle income countries.",F1000Research,2016,FALSE,,
10.12688/f1000research.8399.1,Recent advances in imaging subcellular processes.,F1000Research,2016,FALSE,,
10.12688/f1000research.8422.1,Time for sharing data to become routine: the seven excuses for not doing so are all invalid.,F1000Research,2016,FALSE,,
10.12688/f1000research.8428.1,Provisional Tic Disorder: What to tell parents when their child first starts ticcing.,F1000Research,2016,FALSE,,
10.12688/f1000research.8457.1,High prevalence of diabetes mellitus and impaired glucose tolerance in liver cancer patients: A hospital based study of 4610 patients with benign tumors or specific cancers.,F1000Research,2016,FALSE,,
10.12688/f1000research.8461.3,"Preliminary results on the control of <i>Aedes spp.</i> in a remote Guatemalan community vulnerable to dengue, chikungunya and Zika virus: community participation and use of low-cost ecological ovillantas for mosquito control.",F1000Research,2016,FALSE,,
10.12688/f1000research.8463.2,An assay to measure poly(ADP ribose) glycohydrolase (PARG) activity in cells.,F1000Research,2016,FALSE,,
10.12688/f1000research.8468.1,Models of intestinal infection by Salmonella enterica: introduction of a new neonate mouse model.,F1000Research,2016,FALSE,,
10.12688/f1000research.8641.1,"Socioeconomic gradients in general and oral health of primary school children in Shiraz, Iran.",F1000Research,2016,FALSE,,
10.12688/f1000research.8657.2,Priority regions for research on dryland cereals and legumes.,F1000Research,2016,FALSE,,
10.12688/f1000research.8722.1,Stroke rehabilitation research needs to be different to make a difference.,F1000Research,2016,FALSE,,
10.12688/f1000research.8724.2,Identification of selective inhibitors of RET and comparison with current clinical candidates through development and validation of a robust screening cascade.,F1000Research,2016,FALSE,,
10.12688/f1000research.8729.3,"Hypnotic drug risks of mortality, infection, depression, and cancer: but lack of benefit.",F1000Research,2016,FALSE,,
10.12688/f1000research.8753.1,Early-childhood housing mobility and subsequent PTSD in adolescence: a Moving to Opportunity reanalysis.,F1000Research,2016,FALSE,,
10.12688/f1000research.8766.1,The rise and fall of infectious disease in a warmer world.,F1000Research,2016,FALSE,,
10.12688/f1000research.8779.2,Case Report: Application of whole exome sequencing for accurate diagnosis of rare syndromes of mineralocorticoid excess.,F1000Research,2016,FALSE,,
10.12688/f1000research.8787.1,Decrease in rate of multiple sclerosis-related hospitalizations in Portugal.,F1000Research,2016,FALSE,,
10.12688/f1000research.8841.2,Finger stick blood collection for gene expression profiling and storage of tempus blood RNA tubes.,F1000Research,2016,FALSE,,
10.12688/f1000research.8934.1,Effects of sub-lethal teratogen exposure during larval development on egg laying and egg quality in adult <i>Caenorhabditis elegans</i>.,F1000Research,2016,FALSE,,
10.12688/f1000research.8967.2,An end to end workflow for differential gene expression using Affymetrix microarrays.,F1000Research,2016,FALSE,,
10.12688/f1000research.8976.1,Recent advances in understanding vitiligo.,F1000Research,2016,FALSE,,
10.12688/f1000research.9005.3,"RNA-seq analysis is easy as 1-2-3 with limma, Glimma and edgeR.",F1000Research,2016,FALSE,,
10.12688/f1000research.9034.1,Neurosteroids are reduced in diabetic neuropathy and may be associated with the development of neuropathic pain.,F1000Research,2016,FALSE,,
10.12688/f1000research.9042.2,Applying a complex adaptive system's understanding of health to primary care.,F1000Research,2016,FALSE,,
10.12688/f1000research.9045.1,Autosomal dominant polycystic kidney disease: recent advances in clinical management.,F1000Research,2016,FALSE,,
10.12688/f1000research.9094.2,Selective inhibition of ASIC1a confers functional and morphological neuroprotection following traumatic spinal cord injury.,F1000Research,2016,FALSE,,
10.12688/f1000research.9096.1,Case Report: 84 year-old woman with alien hand syndrome.,F1000Research,2016,FALSE,,
10.12688/f1000research.9109.1,The frequency distribution of vitamin D Receptor <i>fok</i> I gene polymorphism among Ugandan pulmonary TB patients.,F1000Research,2016,FALSE,,
10.12688/f1000research.9114.1,A real-world intention-to-treat analysis of a decade's experience of treatment of hepatitis C with interferon-based therapies.,F1000Research,2016,FALSE,,
10.12688/f1000research.9151.2,Molecular docking and molecular dynamics simulation study of inositol phosphorylceramide synthase - inhibitor complex in leishmaniasis: Insight into the structure based drug design.,F1000Research,2016,FALSE,,
10.12688/f1000research.9157.1,Metagenomic analysis of an ecological wastewater treatment plant's microbial communities and their potential to metabolize pharmaceuticals.,F1000Research,2016,TRUE,,
10.12688/f1000research.9217.1,Recent progress and future challenges in algal biofuel production.,F1000Research,2016,FALSE,,
10.12688/f1000research.9224.1,Rapid and high throughput molecular identification of diverse mosquito species by high resolution melting analysis.,F1000Research,2016,FALSE,,
10.12688/f1000research.9226.1,"Synthesis, characterization and toxicity studies of pyridinecarboxaldehydes and L-tryptophan derived Schiff bases and corresponding copper (II) complexes.",F1000Research,2016,FALSE,,
10.12688/f1000research.9227.2,"NG-Tax, a highly accurate and validated pipeline for analysis of 16S rRNA amplicons from complex biomes.",F1000Research,2016,FALSE,,
10.12688/f1000research.9241.1,"Recent advances in <i>Entamoeba</i> biology: RNA interference, drug discovery, and gut microbiome.",F1000Research,2016,FALSE,,
10.12688/f1000research.9247.1,Ending the HIV/AIDS epidemic in low- and middle-income countries by 2030: is it possible?,F1000Research,2016,FALSE,,
10.12688/f1000research.9251.1,Ability of device to collect bacteria from cough aerosols generated by adults with cystic fibrosis.,F1000Research,2016,FALSE,,
10.12688/f1000research.9254.2,"Using diverse U.S. beef cattle genomes to identify missense mutations in <i>EPAS1,</i> a gene associated with pulmonary hypertension.",F1000Research,2016,FALSE,,
10.12688/f1000research.9278.1,Nutrition in critical illness: a current conundrum.,F1000Research,2016,FALSE,,
10.12688/f1000research.9283.1,"Epidemiology, virulence factors and management of the pneumococcus.",F1000Research,2016,FALSE,,
10.12688/f1000research.9363.1,"Group B &lt;i&gt;Streptococcus&lt;/i&gt; vaccine development: present status and future considerations, with emphasis on perspectives for low and middle income countries.",F1000Research,2016,FALSE,,
10.12688/f1000research.9370.1,Navigating the Zika panic.,F1000Research,2016,FALSE,,
10.12688/f1000research.9392.1,"Biting the hand that feeds: current opinion on the interpersonal causes, correlates, and consequences of borderline personality disorder.",F1000Research,2016,FALSE,,
10.12688/f1000research.9404.1,Protein-mRNA interactome capture: cartography of the mRNP landscape.,F1000Research,2016,FALSE,,
10.12688/f1000research.9470.1,Science for the sustainable use of ecosystem services.,F1000Research,2016,FALSE,,
10.12688/f1000research.9503.1,Genetic factors influencing risk to orofacial clefts: today's challenges and tomorrow's opportunities.,F1000Research,2016,FALSE,,
10.12688/f1000research.9515.1,Current status and future prospects for enabling chemistry technology in the drug discovery process.,F1000Research,2016,FALSE,,
10.12688/f1000research.9544.2,The refined biomimetic NeuroDigm GEL™ model of neuropathic pain in a mature rat.,F1000Research,2016,FALSE,,
10.12688/f1000research.9606.1,"&lt;i&gt;Saccharomyces cerevisiae&lt;/i&gt; single-copy plasmids for auxotrophy compensation, multiple marker selection, and for designing metabolically cooperating communities.",F1000Research,2016,FALSE,,
10.12688/f1000research.9625.2,Crafting minds and communities with Minecraft.,F1000Research,2016,FALSE,,
10.12688/f1000research.9637.1,Respiratory syncytial virus infection: an innate perspective.,F1000Research,2016,FALSE,,
10.12688/f1000research.9648.1,Zika antiviral chemotherapy: identification of drugs and promising starting points for drug discovery from an FDA-approved library.,F1000Research,2016,FALSE,,
10.12688/f1000research.9662.1,"Metagenomic analysis of medicinal <i>Cannabis</i> samples; pathogenic bacteria, toxigenic fungi, and beneficial microbes grow in culture-based yeast and mold tests.",F1000Research,2016,FALSE,,
10.12688/f1000research.9682.1,CELL5M: A geospatial database of agricultural indicators for Africa South of the Sahara.,F1000Research,2016,FALSE,,
10.12688/f1000research.9699.2,Making sense of the cause of Crohn's - a new look at an old disease.,F1000Research,2016,FALSE,,
10.12688/f1000research.9744.1,Recent advances in understanding photosynthesis.,F1000Research,2016,FALSE,,
10.12688/f1000research.9758.1,Should hydrogen therapy be included in a musculoskeletal medicine routine?,F1000Research,2016,FALSE,,
10.12688/f1000research.9890.1,Recent advances in understanding and managing Crohn's disease.,F1000Research,2016,FALSE,,
10.12688/f1000research.9918.1,Evaluation of recombinant monoclonal antibody SVmab1 binding to Na <sub>V</sub>1.7 target sequences and block of human Na <sub>V</sub>1.7 currents.,F1000Research,2016,FALSE,,
10.12688/f1000research.10101.1,An overview of the cutaneous porphyrias.,F1000Research,2017,FALSE,,
10.12688/f1000research.10102.1,Treatment of Hypogonadism: Current and Future Therapies.,F1000Research,2017,FALSE,,
10.12688/f1000research.10184.1,Advances in the treatment of opioid use disorders.,F1000Research,2017,FALSE,,
10.12688/f1000research.10272.1,A review of perioperative anesthesia and analgesia for infants: updates and trends to watch.,F1000Research,2017,FALSE,,
10.12688/f1000research.10313.1,Recent advances in plant-herbivore interactions.,F1000Research,2017,FALSE,,
10.12688/f1000research.10416.1,"Lyssaviruses and rabies: current conundrums, concerns, contradictions and controversies.",F1000Research,2017,FALSE,,
10.12688/f1000research.10443.1,ELIXIR pilot action: Marine metagenomics - towards a domain specific set of sustainable services.,F1000Research,2017,FALSE,,
10.12688/f1000research.10493.2,Supporting evidence-based analysis for modified risk tobacco products through a toxicology data-sharing infrastructure.,F1000Research,2017,FALSE,,
10.12688/f1000research.10497.1,<i>Prima facie</i> reasons to question enclosed intellectual property regimes and favor open-source regimes for germplasm.,F1000Research,2017,FALSE,,
10.12688/f1000research.10519.1,"A Phase 2A randomized, double-blind, placebo-controlled pilot trial of GM604 in patients with Amyotrophic Lateral Sclerosis (ALS Protocol GALS-001) and a single compassionate patient treatment (Protocol GALS-C).",F1000Research,2017,FALSE,,
10.12688/f1000research.10534.1,Treatment with penicillin G and hydrocortisone reduces ALS-associated symptoms: a case series of three patients.,F1000Research,2017,FALSE,,
10.12688/f1000research.10541.3,"A voltage-dependent fluorescent indicator for optogenetic applications, archaerhodopsin-3: Structure and optical properties from <i>in silico</i> modeling.",F1000Research,2017,FALSE,,
10.12688/f1000research.10545.1,Annotated mitochondrial genome with Nanopore R9 signal for &lt;i&gt;Nippostrongylus brasiliensis&lt;/i&gt;.,F1000Research,2017,FALSE,,
10.12688/f1000research.10554.2,Heat remains unaccounted for in thermal physiology and climate change research.,F1000Research,2017,FALSE,,
10.12688/f1000research.10560.1,Recent advances in understanding maternal perinatal mood disorders.,F1000Research,2017,FALSE,,
10.12688/f1000research.10568.2,Molecular signature of anastasis for reversal of apoptosis.,F1000Research,2017,FALSE,,
10.12688/f1000research.10582.2,An ELISA DYRK1A non-radioactive kinase assay suitable for the characterization of inhibitors.,F1000Research,2017,FALSE,,
10.12688/f1000research.10594.1,Studying human immunodeficiencies in humans: advances in fundamental concepts and therapeutic interventions.,F1000Research,2017,FALSE,,
10.12688/f1000research.10603.1,The cyanobacterial nitrogen fixation paradox in natural waters.,F1000Research,2017,FALSE,,
10.12688/f1000research.10619.1,<i>Pneumocystis jirovecii</i> detection in asymptomatic patients: what does its natural history tell us?,F1000Research,2017,FALSE,,
10.12688/f1000research.10652.1,Selective vulnerabilities and biomarkers in neurocognitive aging.,F1000Research,2017,FALSE,,
10.12688/f1000research.10691.1,Human papillomavirus vaccination: the population impact.,F1000Research,2017,FALSE,,
10.12688/f1000research.10693.1,Growth performance and feed utilization of keureling fish <i>Tor tambra</i> (Cyprinidae) fed formulated diet supplemented with enhanced probiotic.,F1000Research,2017,FALSE,,
10.12688/f1000research.10703.1,Dietary assessment methods in epidemiological research: current state of the art and future prospects.,F1000Research,2017,FALSE,,
10.12688/f1000research.10705.2,"Neuraxial opioids as analgesia in labour, caesarean section and hysterectomy: A questionnaire survey in Sweden.",F1000Research,2017,FALSE,,
10.12688/f1000research.10713.1,The potential role of microbiota for controlling the spread of extended-spectrum beta-lactamase-producing Enterobacteriaceae (ESBL-PE) in neonatal population.,F1000Research,2017,FALSE,,
10.12688/f1000research.10715.1,"Assessing the species composition of tropical eels (Anguillidae) in Aceh Waters, Indonesia, with DNA barcoding gene <i>cox1</i>.",F1000Research,2017,FALSE,,
10.12688/f1000research.10803.1,"Cell growth inhibition and apoptotic effects of a specific anti-RTFscFv antibody on prostate cancer, but not glioblastoma, cells.",F1000Research,2017,FALSE,,
10.12688/f1000research.10860.1,"Reframing the science and policy of nicotine, illegal drugs and alcohol - conclusions of the ALICE RAP Project.",F1000Research,2017,FALSE,,
10.12688/f1000research.10896.1,Recent advances in microbial fermentation for dairy and health.,F1000Research,2017,FALSE,,
10.12688/f1000research.10969.1,A short review on the potential of coffee husk gasification for sustainable energy in Uganda.,F1000Research,2017,FALSE,,
10.12688/f1000research.10976.1,Effect of citrus-based products on urine profile: A systematic review and meta-analysis.,F1000Research,2017,FALSE,,
10.12688/f1000research.10980.1,Epidemiology of adulthood drowning deaths in Bangladesh: Findings from a nationwide health and injury survey.,F1000Research,2017,FALSE,,
10.12688/f1000research.11007.1,Questions on unusual Mimivirus-like structures observed in human cells.,F1000Research,2017,FALSE,,
10.12688/f1000research.11023.3,"Oral aniracetam treatment in C57BL/6J mice without pre-existing cognitive dysfunction reveals no changes in learning, memory, anxiety or stereotypy.",F1000Research,2017,FALSE,,
10.12688/f1000research.11025.1,Case Report: Behçet's disease accompanied with vitiligo.,F1000Research,2017,FALSE,,
10.12688/f1000research.11034.1,Wnt target genes and where to find them.,F1000Research,2017,FALSE,,
10.12688/f1000research.11089.2,Lumboperitoneal shunt insertion without fluoroscopy guidance: Accuracy of placement in a series of 107 procedures.,F1000Research,2017,FALSE,,
10.12688/f1000research.11090.1,"Hermaphroditism in the white spot grouper <i>Epinephelus coeruleopunctatus</i> (Pisces: Serranidae) harvested from Padang City waters, Indonesia.",F1000Research,2017,FALSE,,
10.12688/f1000research.11091.1,Early fruiting in <i>Synsepalum dulcificum</i> (Schumach. & Thonn.) Daniell juveniles induced by water and inorganic nutrient management.,F1000Research,2017,FALSE,,
10.12688/f1000research.11101.1,Chronic postoperative pain: recent findings in understanding and management.,F1000Research,2017,FALSE,,
10.12688/f1000research.11122.1,"Where are aphasia theory and management ""headed""?",F1000Research,2017,FALSE,,
10.12688/f1000research.11130.1,Modern Neuraxial Anesthesia for Labor and Delivery.,F1000Research,2017,FALSE,,
10.12688/f1000research.11146.2,<i>De novo</i> whole-genome assembly of a wild type yeast isolate using nanopore sequencing.,F1000Research,2017,FALSE,,
10.12688/f1000research.11173.3,Scaling-up primary health care-based prevention and management of heavy drinking at the municipal level in middle-income countries in Latin America: Background and protocol for a three-country quasi-experimental study.,F1000Research,2017,FALSE,,
10.12688/f1000research.11179.2,Improving agricultural knowledge management: The <i>AgTrials</i> experience.,F1000Research,2017,FALSE,,
10.12688/f1000research.11202.1,Recent advances in the management of ventricular tachyarrhythmias.,F1000Research,2017,FALSE,,
10.12688/f1000research.11241.2,Case Report: Diagnosis of hypogeusia after oral exposure to commercial cleaning agent and considerations for clinical taste testing.,F1000Research,2017,FALSE,,
10.12688/f1000research.11255.2,Wash-in and wash-out of sevoflurane in a test-lung model: A comparison between Aisys and FLOW-i.,F1000Research,2017,TRUE,,
10.12688/f1000research.11281.1,The elephant shark methylome reveals conservation of epigenetic regulation across jawed vertebrates.,F1000Research,2017,FALSE,,
10.12688/f1000research.11288.2,Two center experience of capsule endoscopy in Iran: Report on 101 cases.,F1000Research,2017,FALSE,,
10.12688/f1000research.11296.1,Cell signaling promoting protein carbonylation does not cause sulfhydryl oxidation: Implications to the mechanism of redox signaling.,F1000Research,2017,FALSE,,
10.12688/f1000research.11303.1,Recent advances in managing and understanding enuresis.,F1000Research,2017,FALSE,,
10.12688/f1000research.11328.2,What do hypnotics cost hospitals and healthcare?,F1000Research,2017,FALSE,,
10.12688/f1000research.11337.1,Hidradenitis suppurativa: an update on connecting the tracts.,F1000Research,2017,FALSE,,
10.12688/f1000research.11352.2,New chimeric RNAs in acute myeloid leukemia.,F1000Research,2017,FALSE,,
10.12688/f1000research.11365.2,Validation of commercial ERK antibodies against the ERK orthologue of the scleractinian coral <i>Stylophora pistillata</i>.,F1000Research,2017,FALSE,,
10.12688/f1000research.11376.2,"Results supporting the concept of the oxidant-mediated protein amino acid conversion, a naturally occurring protein engineering process, in human cells.",F1000Research,2017,FALSE,,
10.12688/f1000research.11385.1,Recent advances in the prevention of preterm birth.,F1000Research,2017,FALSE,,
10.12688/f1000research.11399.4,"Assessment of injection safety in Ha Dong General Hospital, Hanoi, in 2012.",F1000Research,2017,FALSE,,
10.12688/f1000research.11404.1,Marine archaea and archaeal viruses under global change.,F1000Research,2017,FALSE,,
10.12688/f1000research.11418.2,"The internet trade of counterfeit spirits in Russia - an emerging problem undermining alcohol, public health and youth protection policies?",F1000Research,2017,FALSE,,
10.12688/f1000research.11491.1,The emerging landscape of <i>in vitro</i> and <i>in vivo</i> epigenetic allelic effects.,F1000Research,2017,FALSE,,
10.12688/f1000research.11501.2,Effect of PVP on the characteristic of modified membranes made from waste PET bottles for humic acid removal.,F1000Research,2017,FALSE,,
10.12688/f1000research.11522.2,Polyp bailout in  <i>Pocillopora damicornis</i> following thermal stress.,F1000Research,2017,FALSE,,
10.12688/f1000research.11532.1,Recent advances in the understanding and management of <i>Klebsiella pneumoniae</i>.,F1000Research,2017,FALSE,,
10.12688/f1000research.11535.1,Recent advances in understanding autoimmune thyroid disease: the tallest tree in the forest of polyautoimmunity.,F1000Research,2017,FALSE,,
10.12688/f1000research.11539.2,"Rheumatoid arthritis in an adult patient with mosaic distal 18q-, 18p- and ring chromosome 18.",F1000Research,2017,FALSE,,
10.12688/f1000research.11547.2,Investigation of chimeric reads using the MinION.,F1000Research,2017,FALSE,,
10.12688/f1000research.11550.3,Transcriptomic analysis of <i>Saccharomyces cerevisiae</i> x <i>Saccharomyces</i><i>kudriavzevii</i> hybrids during low temperature winemaking.,F1000Research,2017,FALSE,,
10.12688/f1000research.11577.2,Using spectral decomposition of the signals from laurdan-derived probes to evaluate the physical state of membranes in live cells.,F1000Research,2017,FALSE,,
10.12688/f1000research.11601.1,"Better understanding of childhood asthma, towards primary prevention - are we there yet? Consideration of pertinent literature.",F1000Research,2017,FALSE,,
10.12688/f1000research.11637.2,Service evaluation of the implementation of a digitally-enabled care pathway for the recognition and management of acute kidney injury.,F1000Research,2017,FALSE,,
10.12688/f1000research.11651.1,Accessibility to health services among migrant workers in the Northeast of Thailand.,F1000Research,2017,FALSE,,
10.12688/f1000research.11685.2,A simple method to measure CLOCK-BMAL1 DNA binding activity in tissue and cell extracts.,F1000Research,2017,FALSE,,
10.12688/f1000research.11687.1,Evolution of blood pressure management in acute intracerebral hemorrhage.,F1000Research,2017,FALSE,,
10.12688/f1000research.11698.2,Physiological and biological characterization of smokers with and without COPD.,F1000Research,2017,FALSE,,
10.12688/f1000research.11712.1,A bipedal mammalian model for spinal cord injury research: The tammar wallaby.,F1000Research,2017,FALSE,,
10.12688/f1000research.11752.3,Pathogenic helminths in the past: Much ado about nothing.,F1000Research,2017,FALSE,,
10.12688/f1000research.11770.1,Ticking time bombs: connections between circadian clocks and cancer.,F1000Research,2017,FALSE,,
10.12688/f1000research.11808.2,Proteolytic processing of the L-type Ca &lt;sup&gt;2+&lt;/sup&gt; channel alpha &lt;sub&gt;1&lt;/sub&gt;1.2 subunit in neurons.,F1000Research,2017,FALSE,,
10.12688/f1000research.11859.2,Draft genome sequencing of the sugarcane hybrid SP80-3280.,F1000Research,2017,FALSE,,
10.12688/f1000research.11863.1,We need a NICE for global development spending.,F1000Research,2017,FALSE,,
10.12688/f1000research.11878.1,Functional characterizations of rare <i>UBA1</i> variants in X-linked Spinal Muscular Atrophy.,F1000Research,2017,FALSE,,
10.12688/f1000research.11893.1,Treatment of femoral shaft fractures with monoaxial external fixation in polytrauma patients.,F1000Research,2017,FALSE,,
10.12688/f1000research.11902.1,Advancing psychosocial care in cancer patients.,F1000Research,2017,FALSE,,
10.12688/f1000research.11912.1,Rotavirus Vaccines: a story of success with challenges ahead.,F1000Research,2017,FALSE,,
10.12688/f1000research.11938.1,Recent advances in hepatic encephalopathy.,F1000Research,2017,FALSE,,
10.12688/f1000research.11964.2,Preprocessed Consortium for Neuropsychiatric Phenomics dataset.,F1000Research,2017,FALSE,,
10.12688/f1000research.11965.2,The choice between surgical scrubbing and sterile covering before or after induction of anaesthesia: A prospective study.,F1000Research,2017,FALSE,,
10.12688/f1000research.11979.1,"Nocturia: consequences, classification, and management.",F1000Research,2017,FALSE,,
10.12688/f1000research.12012.2,The long reads ahead: <i>de novo</i> genome assembly using the MinION.,F1000Research,2017,FALSE,,
10.12688/f1000research.12018.1,The effects of the Er:YAG laser on trabecular bone micro-architecture: Comparison with conventional dental drilling by micro-computed tomographic and histological techniques.,F1000Research,2017,FALSE,,
10.12688/f1000research.12036.1,CNS cell-type localization and LPS response of TLR signaling pathways.,F1000Research,2017,FALSE,,
10.12688/f1000research.12037.3,A multi-disciplinary perspective on emergent and future innovations in peer review.,F1000Research,2017,FALSE,,
10.12688/f1000research.12039.2,"Consumption of traditional alcoholic beverages in children from a rural village in Northern Peru, 2017.",F1000Research,2017,FALSE,,
10.12688/f1000research.12057.1,Update on GH therapy in adults.,F1000Research,2017,FALSE,,
10.12688/f1000research.12069.1,Child psychiatry: A scientometric analysis 1980-2016.,F1000Research,2017,FALSE,,
10.12688/f1000research.12072.1,How do you recognize and reconstitute a synaptic vesicle after fusion?,F1000Research,2017,FALSE,,
10.12688/f1000research.12090.2,Dermal fibroblasts from patients with Parkinson's disease have normal GCase activity and autophagy compared to patients with PD and GBA mutations.,F1000Research,2017,FALSE,,
10.12688/f1000research.12117.2,Renal impairment in stroke patients: A comparison between the haemorrhagic and ischemic variants.,F1000Research,2017,FALSE,,
10.12688/f1000research.12128.2,A comparison of spatial heterogeneity with local cluster detection methods for chronic respiratory diseases in Thailand.,F1000Research,2017,FALSE,,
10.12688/f1000research.12223.1,"recount workflow: Accessing over 70,000 human RNA-seq samples with Bioconductor.",F1000Research,2017,FALSE,,
10.12688/f1000research.12252.2,Endoplasmic reticulum-to-Golgi transitions upon herpes virus infection.,F1000Research,2017,FALSE,,
10.12688/f1000research.12301.2,<i>In silico</i> analysis of natural compounds targeting structural and nonstructural proteins of chikungunya virus.,F1000Research,2017,FALSE,,
10.12688/f1000research.12324.1,Use of electroanalgesia and laser therapies as alternatives to opioids for acute and chronic pain management.,F1000Research,2017,FALSE,,
10.12688/f1000research.12329.1,Recent advances in the understanding and management of bipolar disorder in adults.,F1000Research,2017,FALSE,,
10.12688/f1000research.12330.2,Tourette syndrome research highlights from 2016.,F1000Research,2017,FALSE,,
10.12688/f1000research.12358.1,Recent advances in the management of transient ischemic attacks.,F1000Research,2017,FALSE,,
10.12688/f1000research.12388.1,Medical support during an Ironman 70.3 triathlon race.,F1000Research,2017,FALSE,,
10.12688/f1000research.12414.2,"First <i>de novo</i> draft genome sequence of <i>Oryza coarctata</i>, the only halophytic species in the genus Oryza.",F1000Research,2017,FALSE,,
10.12688/f1000research.12417.2,Gender differences in the prevalence of nonalcoholic fatty liver disease in the Northeast of Thailand: A population-based cross-sectional study.,F1000Research,2017,FALSE,,
10.12688/f1000research.12418.2,Hepatic deletion of p110α and p85α results in insulin resistance despite sustained IRS1-associated phosphatidylinositol kinase activity.,F1000Research,2017,FALSE,,
10.12688/f1000research.12435.1,The stress concept in gastroenterology: from Selye to today.,F1000Research,2017,FALSE,,
10.12688/f1000research.12438.1,Growth performance and feed utilization of African catfish <i>Clarias gariepinus</i> fed a commercial diet and reared in the biofloc system enhanced with probiotic.,F1000Research,2017,FALSE,,
10.12688/f1000research.12448.3,"Evaluation of <i>Trichoderma</i> spp., <i>Pseudomonas</i><i>fluorescens</i> and <i>Bacillus subtilis</i> for biological control of Ralstonia wilt of tomato.",F1000Research,2017,FALSE,,
10.12688/f1000research.12474.1,Factors determining access to oral health services among children aged less than 12 years in Peru.,F1000Research,2017,FALSE,,
10.12688/f1000research.12490.3,Maize Phyllosphere Microbial Community Niche Development Across Stages of Host Leaf Growth.,F1000Research,2017,FALSE,,
10.12688/f1000research.12496.3,The peer review process for awarding funds to international science research consortia: a qualitative developmental evaluation.,F1000Research,2017,FALSE,,
10.12688/f1000research.12512.1,<i>lakemorpho</i>: Calculating lake morphometry metrics in R.,F1000Research,2017,FALSE,,
10.12688/f1000research.12537.3,Stage 1 Registered Report: Effect of deficient phagocytosis on neuronal survival and neurological outcome after temporary middle cerebral artery occlusion (tMCAo).,F1000Research,2017,FALSE,,
10.12688/f1000research.12539.1,The effect of cognitive-behavioral counseling on anxiety in the mothers of infants in the NICU:  A randomized controlled trial.,F1000Research,2017,FALSE,,
10.12688/f1000research.12546.3,A survey of quality of life indicators in the Romanian Roma population following the 'Decade of Roma Inclusion'.,F1000Research,2017,FALSE,,
10.12688/f1000research.12564.2,BeerDeCoded: the open beer metagenome project.,F1000Research,2017,FALSE,,
10.12688/f1000research.12639.2,Utility of massive open online courses (MOOCs) concerning outbreaks of emerging and reemerging diseases.,F1000Research,2017,FALSE,,
10.12688/f1000research.12673.2,A review of data sharing statements in observational studies published in the BMJ: A cross-sectional study.,F1000Research,2017,FALSE,,
10.12688/f1000research.12687.3,"Patient predictors of poor drug sensitive tuberculosis treatment outcomes in Kyiv Oblast, Ukraine.",F1000Research,2017,FALSE,,
10.12688/f1000research.12695.1,"Zika virus reservoirs: Implications for transmission, future outbreaks, drug and vaccine development.",F1000Research,2017,FALSE,,
10.12688/f1000research.12709.1,"Socioeconomic disparities in income, education and geographic location for hypertension among Thai adults: Results from the National Socioeconomic Survey.",F1000Research,2017,FALSE,,
10.12688/f1000research.12724.2,The sedentary (r)evolution: Have we lost our metabolic flexibility?,F1000Research,2017,FALSE,,
10.12688/f1000research.12734.1,Phenotype and genotype of  lactic acid bacteria (LAB) isolated from the tiger grouper <i>Epinephelus fuscoguttatus</i> alimentary tract.,F1000Research,2017,FALSE,,
10.12688/f1000research.12775.2,Evaluation of electrochemiluminescence immunoassays for immunosuppressive drugs on the Roche cobas e411 analyzer.,F1000Research,2017,FALSE,,
10.12688/f1000research.12802.3,Monocytes isolated by positive and negative magnetic sorting techniques show different molecular characteristics and immunophenotypic behaviour.,F1000Research,2017,FALSE,,
10.12688/f1000research.12867.2,"Draft genomes of two Australian strains of the plant pathogen, <i>Phytophthora cinnamomi</i>.",F1000Research,2017,FALSE,,
10.12688/f1000research.12885.1,Induced spawning of siban fish <i>Cyclocheilichthys apogon</i> using Ovaprim.,F1000Research,2017,FALSE,,
10.12688/f1000research.12911.1,Prospective observational research on the clinical profile and outcome analysis among a cohort of patients sustaining traumatic cervical spine and cord injury in a peripheral tertiary spine care centre in Nepal.,F1000Research,2017,FALSE,,
10.12688/f1000research.12934.1,Continuous outcome logistic regression for analyzing body mass index distributions.,F1000Research,2017,FALSE,,
10.12688/f1000research.12936.2,Unexpected results in Chernozem soil respiration while measuring the effect of a bio-fertilizer on soil microbial activity.,F1000Research,2017,FALSE,,
10.12688/f1000research.12952.1,The protective effectiveness of control interventions for malaria prevention: a systematic review of the literature.,F1000Research,2017,FALSE,,
10.12688/f1000research.12985.2,Identification of diverse defense mechanisms in rainbow trout red blood cells in response to halted replication of VHS virus.,F1000Research,2017,FALSE,,
10.12688/f1000research.12994.2,"Infectious pancreatic necrosis virus triggers antiviral immune response in rainbow trout red blood cells, despite not being infective.",F1000Research,2017,FALSE,,
10.12688/f1000research.12999.1,IL-15 enhances cross-reactive antibody recall responses to seasonal H3 influenza viruses <i>in vitro</i>.,F1000Research,2017,FALSE,,
10.12688/f1000research.13007.2,Association of adverse childhood experiences with functional identity and impulsivity among adults: a cross-sectional study.,F1000Research,2017,FALSE,,
10.12688/f1000research.13064.2,"The impact of fresh gas flow on wash-in, wash-out time and gas consumption for sevoflurane and desflurane, comparing two anaesthesia machines, a test-lung study.",F1000Research,2017,TRUE,,
10.12688/f1000research.13114.2,Collaboration between a human group and artificial intelligence can improve prediction of multiple sclerosis course: a proof-of-principle study.,F1000Research,2017,FALSE,,
10.12688/f1000research.13171.2,Effects of stress or infection on rat behavior show robust reversals due to environmental disturbance.,F1000Research,2017,FALSE,,
10.12688/f1000research.13180.1,Health Technology Assessment capacity development in low- and middle-income countries: Experiences from the international units of HITAP and NICE.,F1000Research,2017,FALSE,,
10.12688/f1000research.13196.2,Differential methylation analysis of reduced representation bisulfite sequencing experiments using edgeR.,F1000Research,2017,FALSE,,
10.12688/f1000research.9181.1,Case Report: Severe hypernatremia from psychogenic adipsia.,F1000Research,2017,FALSE,,
10.12688/f1000research.9609.1,Glutamate plasticity woven through the progression to alcohol use disorder: a multi-circuit perspective.,F1000Research,2017,FALSE,,
10.12688/f1000research.9623.1,"Pediatric liver failure: we came, we saw, but have we conquered?",F1000Research,2017,FALSE,,
10.12688/f1000research.9677.1,"Neuronal substrates for initiation, maintenance, and structural organization of sleep/wake states.",F1000Research,2017,FALSE,,
10.12688/f1000research.9685.1,Effect of antibiotics on bacterial populations: a multi-hierachical selection process.,F1000Research,2017,FALSE,,
10.12688/f1000research.9720.1,Genome-wide measurement of spatial expression in patterning mutants of <i>Drosophila melanogaster</i>.,F1000Research,2017,FALSE,,
10.12688/f1000research.9760.1,The mechanism of translation.,F1000Research,2017,FALSE,,
10.12688/f1000research.11068.1,Is it time to scrap Scadding and adopt computed tomography for initial evaluation of sarcoidosis?,F1000Research,2018,FALSE,,
10.12688/f1000research.11191.1,Psychosocial and pharmacological interventions for the treatment of cannabis use disorder.,F1000Research,2018,FALSE,,
10.12688/f1000research.11831.1,"Vancomycin-resistant enterococcus infection in the hematopoietic stem cell transplant recipient: an overview of epidemiology, management, and prevention.",F1000Research,2018,FALSE,,
10.12688/f1000research.12328.1,Antibiotic treatment of acute gastroenteritis in children.,F1000Research,2018,FALSE,,
10.12688/f1000research.12361.1,"Recent neuroimaging, neurophysiological, and neuropathological advances for the understanding of NPC.",F1000Research,2018,FALSE,,
10.12688/f1000research.12493.1,Intestinal failure: a review.,F1000Research,2018,FALSE,,
10.12688/f1000research.12517.1,"Maternal and fetal cytomegalovirus infection: diagnosis, management, and prevention.",F1000Research,2018,FALSE,,
10.12688/f1000research.12650.1,Antigen-specific Treg cells in immunological tolerance: implications for allergic diseases.,F1000Research,2018,FALSE,,
10.12688/f1000research.12852.1,"Chronic pancreatitis: review and update of etiology, risk factors, and management.",F1000Research,2018,FALSE,,
10.12688/f1000research.12893.2,An explanatory model for the concept of mental health in Iranian youth.,F1000Research,2018,FALSE,,
10.12688/f1000research.12922.2,Incorporating health workers' perspectives into a WHO guideline on personal protective equipment developed during an Ebola virus disease outbreak.,F1000Research,2018,FALSE,,
10.12688/f1000research.12975.1,Associations between atopic dermatitis and other disorders.,F1000Research,2018,FALSE,,
10.12688/f1000research.13008.1,How anthropogenic shifts in plant community composition alter soil food webs.,F1000Research,2018,FALSE,,
10.12688/f1000research.13110.1,Eating disorders in children: is avoidant-restrictive food intake disorder a feeding disorder or an eating disorder and what are the implications for treatment?,F1000Research,2018,FALSE,,
10.12688/f1000research.13160.2,Longitudinal comparison of the humoral immune response and viral load of Porcine Circovirus Type 2 in pigs with different vaccination schemes under field conditions.,F1000Research,2018,FALSE,,
10.12688/f1000research.13228.1,Enhancing energy literacy in children using zn/cu/potato batteries.,F1000Research,2018,FALSE,,
10.12688/f1000research.13242.1,Miltefosine inhibits Chikungunya virus replication in human primary dermal fibroblasts.,F1000Research,2018,FALSE,,
10.12688/f1000research.13271.1,Recent advances in managing vascular occlusions in the cardiac catheterization laboratory.,F1000Research,2018,FALSE,,
10.12688/f1000research.13284.1,Rival perspectives in health technology assessment and other economic evaluations for investing in global and national health. Who decides? Who pays?,F1000Research,2018,FALSE,,
10.12688/f1000research.13357.1,Recent advances in intravenous anesthesia and anesthetics.,F1000Research,2018,FALSE,,
10.12688/f1000research.13383.2,Alternative splice variants of rhomboid proteins: Comparative analysis of database entries for select model organisms and validation of functional potential.,F1000Research,2018,FALSE,,
10.12688/f1000research.13394.2,Positive Mental Health from the perspective of Iranian society: A qualitative study.,F1000Research,2018,FALSE,,
10.12688/f1000research.13396.2,Validation of a yeast malate dehydrogenase 2 (Mdh2) antibody tested for use in western blots.,F1000Research,2018,FALSE,,
10.12688/f1000research.13441.2,DNA sequence features in the establishing of H3K27ac.,F1000Research,2018,FALSE,,
10.12688/f1000research.13490.5,Does evidence support the high expectations placed in precision medicine? A bibliographic review.,F1000Research,2018,FALSE,,
10.12688/f1000research.13496.2,Evaluation of the potential defensive strategy against Influenza A in cell line models.,F1000Research,2018,FALSE,,
10.12688/f1000research.13581.2,A fruit fly model for studying paclitaxel-induced peripheral neuropathy and hyperalgesia.,F1000Research,2018,FALSE,,
10.12688/f1000research.13588.1,Progress and challenges in TB vaccine development.,F1000Research,2018,FALSE,,
10.12688/f1000research.13598.1,Ten steps to get started in Genome Assembly and Annotation.,F1000Research,2018,FALSE,,
10.12688/f1000research.13612.2,Crystal structures of a llama VHH antibody BCD090-M2 targeting human ErbB3 receptor.,F1000Research,2018,FALSE,,
10.12688/f1000research.13622.1,Cryopreservation of orchid seeds through rapid and step freezing methods.,F1000Research,2018,FALSE,,
10.12688/f1000research.13699.1,A pilot study comparing pattern of damage sustained among instruments from different surgical units in a tertiary care centre in Nepal - reappraising the role of instrument reprocessing in retaining their value.,F1000Research,2018,FALSE,,
10.12688/f1000research.13706.1,Has knowledge of the vaginal microbiome altered approaches to health and disease?,F1000Research,2018,FALSE,,
10.12688/f1000research.13723.2,Response heterogeneity: Challenges for personalised medicine and big data approaches in psychiatry and chronic pain.,F1000Research,2018,FALSE,,
10.12688/f1000research.13732.1,Comparative genomic analysis of crustacean hyperglycemic hormone (CHH) neuropeptide genes across diverse crustacean species.,F1000Research,2018,FALSE,,
10.12688/f1000research.13783.2,City-based action to reduce harmful alcohol use: review of reviews.,F1000Research,2018,FALSE,,
10.12688/f1000research.13796.2,Features of the waterpipe tobacco industry: A qualitative study of the third International Hookah Fair.,F1000Research,2018,FALSE,,
10.12688/f1000research.13797.2,Intraocular pressure elevation precedes a phagocytosis decline in a model of pigmentary glaucoma.,F1000Research,2018,FALSE,,
10.12688/f1000research.13830.2,Knowledge discovery for Deep Phenotyping serious mental illness from Electronic Mental Health records.,F1000Research,2018,FALSE,,
10.12688/f1000research.13838.1,The effect of a health literacy approach to counselling on the lifestyle of women with gestational diabetes: A clinical trial.,F1000Research,2018,FALSE,,
10.12688/f1000research.13841.1,A comparison of computationally predicted functional metagenomes and microarray analysis for microbial P cycle genes in a unique basalt-soil forest.,F1000Research,2018,FALSE,,
10.12688/f1000research.13849.2,"Breathe Easy EDA: A MATLAB toolbox for psychophysiology data management, cleaning, and analysis.",F1000Research,2018,FALSE,,
10.12688/f1000research.13852.1,Comparing organic versus conventional soil management on soil respiration.,F1000Research,2018,FALSE,,
10.12688/f1000research.13863.2,Unraveling endometriosis-associated ovarian carcinomas using integrative proteomics.,F1000Research,2018,FALSE,,
10.12688/f1000research.13864.2,Loss of Zbtb32 in NOD mice does not significantly alter T cell responses.,F1000Research,2018,FALSE,,
10.12688/f1000research.13887.3,Epidemiological evidence relating environmental smoke to COPD in lifelong non-smokers: a systematic review.,F1000Research,2018,FALSE,,
10.12688/f1000research.13895.1,Enhanced recovery after cesarean delivery.,F1000Research,2018,FALSE,,
10.12688/f1000research.13943.1,Managing portal hypertension in patients with liver cirrhosis.,F1000Research,2018,FALSE,,
10.12688/f1000research.13952.2,Bioethanol production using vegetable peels medium and the effective role of cellulolytic bacterial <i>(Bacillus subtilis)</i> pre-treatment.,F1000Research,2018,FALSE,,
10.12688/f1000research.13958.1,"Potential of bacteriocins produced by probiotic bacteria isolated from tiger shrimp and prawns as antibacterial to <i>Vibrio</i>,  <i>Pseudomonas</i>, and <i>Aeromonas</i> species on fish.",F1000Research,2018,FALSE,,
10.12688/f1000research.13964.2,Needle lost in the haystack: multiple reaction monitoring fails to detect <i>Treponema pallidum</i> candidate protein biomarkers in plasma and urine samples from individuals with syphilis.,F1000Research,2018,FALSE,,
10.12688/f1000research.13990.2,The acid tolerance response and pH adaptation of <i>Enterococcus faecalis</i> in extract of lime <i>Citrus aurantiifolia</i> from Aceh Indonesia.,F1000Research,2018,FALSE,,
10.12688/f1000research.14029.2,Adolescent THC exposure does not sensitize conditioned place preferences to subthreshold d-amphetamine in male and female rats.,F1000Research,2018,FALSE,,
10.12688/f1000research.14032.2,Haematology of N'Dama and West African Shorthorn cattle herds under natural <i>Trypanosoma vivax</i> challenge in Ghana.,F1000Research,2018,FALSE,,
10.12688/f1000research.14041.2,Identification of publicly available data sources to inform the conduct of Health Technology Assessment in India.,F1000Research,2018,FALSE,,
10.12688/f1000research.14068.1,Beginning at the ends: telomeres and human disease.,F1000Research,2018,FALSE,,
10.12688/f1000research.14085.1,Social determinants and BCG efficacy: a call for a socio-biological approach to TB prevention.,F1000Research,2018,FALSE,,
10.12688/f1000research.14088.1,World TB Day 2018: The Challenge of Drug Resistant Tuberculosis.,F1000Research,2018,FALSE,,
10.12688/f1000research.14090.1,Unintended consequences of the potential phase-out of gamma irradiation.,F1000Research,2018,FALSE,,
10.12688/f1000research.14117.1,"Defining ""FGF21 Resistance"" during obesity: Controversy, criteria and unresolved questions.",F1000Research,2018,FALSE,,
10.12688/f1000research.14134.2,Case Report: Dermoscopic features of oral lichen planus - the evolution of mucoscopy.,F1000Research,2018,FALSE,,
10.12688/f1000research.14142.1,Adolescent girls' attitudes toward female genital mutilation: a study in seven African countries.,F1000Research,2018,FALSE,,
10.12688/f1000research.14149.1,Current understanding and management of <i>Helicobacter pylori</i> infection: an updated appraisal.,F1000Research,2018,FALSE,,
10.12688/f1000research.14184.2,The convergent epidemiology of tuberculosis and human cytomegalovirus infection.,F1000Research,2018,FALSE,,
10.12688/f1000research.14210.1,Evaluating disparities in the U.S. technology transfer ecosystem to improve bench to business translation.,F1000Research,2018,FALSE,,
10.12688/f1000research.14222.2,A Key Role for the Genetic Counsellor in the Genomics Era.,F1000Research,2018,FALSE,,
10.12688/f1000research.14233.1,One Environmental Health: an emerging perspective in toxicology.,F1000Research,2018,FALSE,,
10.12688/f1000research.14239.2,High monocyte to lymphocyte ratio is associated with impaired protection after subcutaneous administration of BCG in a mouse model of tuberculosis.,F1000Research,2018,FALSE,,
10.12688/f1000research.14268.2,Preliminary investigation of deoxyoligonucleotide binding to ribonuclease A using mass spectrometry: An attempt to develop a lab experience for undergraduates.,F1000Research,2018,FALSE,,
10.12688/f1000research.14284.2,"Effectiveness of implementation of ""mental health nursing students' clinical competency model"" on academic performance of nursing students.",F1000Research,2018,FALSE,,
10.12688/f1000research.14299.1,Recent advances in understanding and managing diverticulitis.,F1000Research,2018,FALSE,,
10.12688/f1000research.14344.1,Ketamine and rapid-acting antidepressants: a new era in the battle against depression and suicide.,F1000Research,2018,FALSE,,
10.12688/f1000research.14356.1,Modelling risk using Bayes theorem of infection by antibiotic-resistant <i>Escherichia coli</i> in rural and urban populations of Ecuador.,F1000Research,2018,FALSE,,
10.12688/f1000research.14386.1,"VALIDATE: Exploiting the synergy between complex intracellular pathogens to expedite vaccine research and development for tuberculosis, leishmaniasis, melioidosis and leprosy.",F1000Research,2018,FALSE,,
10.12688/f1000research.14406.1,Peculiarities of the formation and subsequent removal of the circulating immune complexes from the bloodstream during the process of digestion.,F1000Research,2018,FALSE,,
10.12688/f1000research.14450.1,Recent advances in understanding and preventing peanut and tree nut hypersensitivity.,F1000Research,2018,FALSE,,
10.12688/f1000research.14451.3,Predicting lithium treatment response in bipolar patients using gender-specific gene expression biomarkers and machine learning.,F1000Research,2018,FALSE,,
10.12688/f1000research.14452.1,Normal Human Lactation: closing the gap.,F1000Research,2018,FALSE,,
10.12688/f1000research.14476.2,Factors influencing the higher incidence of tuberculosis among migrants and ethnic minorities in the UK.,F1000Research,2018,FALSE,,
10.12688/f1000research.14500.2,Preparation of organotypic brain slice cultures for the study of Alzheimer's disease.,F1000Research,2018,FALSE,,
10.12688/f1000research.14507.2,"A method for transplantation of human HSCs into zebrafish, to replace humanised murine transplantation models.",F1000Research,2018,FALSE,,
10.12688/f1000research.14509.2,The challenges of designing a benchmark strategy for bioinformatics pipelines in the identification of antimicrobial resistance determinants using next generation sequencing technologies.,F1000Research,2018,FALSE,,
10.12688/f1000research.14561.1,"<b>---</b>A web resource for nutrient use efficiency-related genes, quantitative trait loci and microRNAs in important cereals and model plants.",F1000Research,2018,FALSE,,
10.12688/f1000research.14563.2,Status of drowning in Nepal: A study of central police data.,F1000Research,2018,FALSE,,
10.12688/f1000research.14591.2,A study update newsletter or Post-it® note did not increase postal questionnaire response rates in a falls prevention trial: an embedded randomised factorial trial.,F1000Research,2018,FALSE,,
10.12688/f1000research.14593.2,The case for openness in engineering research.,F1000Research,2018,FALSE,,
10.12688/f1000research.14633.1,Systemic instruction of cell-mediated immunity by the intestinal microbiome.,F1000Research,2018,FALSE,,
10.12688/f1000research.14736.1,Antimicrobial peptide LL-37 and recombinant human mannose-binding lectin express distinct age- and pathogen-specific antimicrobial activity in human newborn cord blood <i>in vitro</i>.,F1000Research,2018,FALSE,,
10.12688/f1000research.14746.2,"Reproductive performance of asian catfish ( <i>Hemibagrus wyckii</i> Bleeker, 1858), a candidate species for aquaculture.",F1000Research,2018,FALSE,,
10.12688/f1000research.14821.1,What can National TB Control Programmes in low- and middle-income countries do to end tuberculosis by 2030?,F1000Research,2018,FALSE,,
10.12688/f1000research.14836.3,Diurnal variation in the proinflammatory activity of urban fine particulate matter (PM <sub>2.5</sub>) by <i>in vitro</i> assays.,F1000Research,2018,FALSE,,
10.12688/f1000research.14856.5,Areca nut extract demonstrated apoptosis-inducing mechanism by increased caspase-3 activities on oral squamous cell carcinoma.,F1000Research,2018,FALSE,,
10.12688/f1000research.14861.1,"Relationship between levels of the heavy metals lead, cadmium and mercury, and metallothionein in the gills and stomach of <i>Crassostrea iredalei</i> and <i>Crassostrea glomerata</i>.",F1000Research,2018,FALSE,,
10.12688/f1000research.14879.3,Preliminary study on the inhibitory effect of seaweed <i>Gracilaria verrucosa</i> extract on biofilm formation of <i>Candida albican</i>s cultured from the saliva of a smoker.,F1000Research,2018,FALSE,,
10.12688/f1000research.14900.6,Fibroblast growth factor-6 enhances <i>CDK2</i> and <i>MATK</i> expression in microvesicles derived from human stem cells extracted from exfoliated deciduous teeth.,F1000Research,2018,FALSE,,
10.12688/f1000research.14932.1,A closed system irrigation & drainage technique for surgical evacuation of chronic subdural haematomas.,F1000Research,2018,FALSE,,
10.12688/f1000research.14939.1,Case Report: Managing the postoperative exposure of a non-resorbable membrane surgically.,F1000Research,2018,FALSE,,
10.12688/f1000research.14951.2,Could differences in implicit attitudes to sexual concurrency play a role in generalized HIV epidemics?,F1000Research,2018,FALSE,,
10.12688/f1000research.14960.2,Challenges in the use of atomistic simulations to predict solubilities of drug-like molecules.,F1000Research,2018,FALSE,,
10.12688/f1000research.14966.1,iSEE: Interactive SummarizedExperiment Explorer.,F1000Research,2018,FALSE,,
10.12688/f1000research.14970.2,An opportunity for clinical pharmacology trained physicians to improve patient drug safety: A retrospective analysis of adverse drug reactions in teenagers.,F1000Research,2018,FALSE,,
10.12688/f1000research.15021.1,Recent advances in understanding the mechanisms of cerebellar granule cell development and function and their contribution to behavior.,F1000Research,2018,FALSE,,
10.12688/f1000research.15067.2,Phenotype profiling of white-nose syndrome pathogen <i>Pseudogymnoascus destructans</i> and closely-related <i>Pseudogymnoascus pannorum</i> reveals metabolic differences underlying fungal lifestyles.,F1000Research,2018,FALSE,,
10.12688/f1000research.15073.1,Recent advances in diffusion neuroimaging: applications in the developing preterm brain.,F1000Research,2018,FALSE,,
10.12688/f1000research.15075.2,Dietary patterns and their association with the components of metabolic syndrome: A cross-sectional study of adults from northeast Thailand.,F1000Research,2018,FALSE,,
10.12688/f1000research.15077.2,Morphology and performance of polyvinyl chloride membrane modified with Pluronic F127.,F1000Research,2018,FALSE,,
10.12688/f1000research.15078.1,A new paradigm for the scientific enterprise: nurturing the ecosystem.,F1000Research,2018,FALSE,,
10.12688/f1000research.15097.1,"Recent advances in understanding the roles of hypocretin/orexin in arousal, affect, and motivation.",F1000Research,2018,FALSE,,
10.12688/f1000research.15162.1,How to incorporate patient and public perspectives into the design and conduct of research.,F1000Research,2018,FALSE,,
10.12688/f1000research.15166.2,The inhibition of checkpoint activation by telomeres does not involve exclusion of dimethylation of histone H4 lysine 20 (H4K20me2).,F1000Research,2018,FALSE,,
10.12688/f1000research.15169.3,HIV treatment and monitoring patterns in routine practice: a multi-country retrospective chart review of patient care.,F1000Research,2018,FALSE,,
10.12688/f1000research.15170.3,Emerging Hand Foot Mouth Disease in Bangladeshi Children- First Report of Rapid Appraisal on Pocket Outbreak: Clinico-epidemiological Perspective Implicating Public Health Emergency.,F1000Research,2018,FALSE,,
10.12688/f1000research.15290.1,Exploring challenges of health system preparedness for communicable diseases in Arbaeen mass gathering: a qualitative study.,F1000Research,2018,FALSE,,
10.12688/f1000research.15344.3,Distribution of <i>Toxoplasma gondii</i> IgM and IgG antibody seropositivity among age groups and gestational periods in pregnant women.,F1000Research,2018,FALSE,,
10.12688/f1000research.15375.1,Case Report: Root resorption caused after pulp death of adjacent primary molar.,F1000Research,2018,FALSE,,
10.12688/f1000research.15409.1,A convenient protocol for establishing a human cell culture model of the outer retina.,F1000Research,2018,FALSE,,
10.12688/f1000research.15414.1,Managing invasive species.,F1000Research,2018,FALSE,,
10.12688/f1000research.15423.1,Osteogenic potential of gingival stromal progenitor cells cultured in platelet rich fibrin is predicted by core-binding factor subunit-α1/Sox9 expression ratio ( <i>in vitro</i>).,F1000Research,2018,FALSE,,
10.12688/f1000research.15434.2,Case Report: Hepatopulmonary syndrome as the first clinical manifestation of cirrhosis in a patient with underlying chronic lung disease.,F1000Research,2018,FALSE,,
10.12688/f1000research.15440.2,"Analysis of a large food chemical database: chemical space, diversity, and complexity.",F1000Research,2018,FALSE,,
10.12688/f1000research.15445.2,Comparison of the oxidative potential of primary (POA) and secondary (SOA) organic aerosols derived from α-pinene and gasoline engine exhaust precursors.,F1000Research,2018,FALSE,,
10.12688/f1000research.15447.2,Nucleocytoplasmic distribution of S6K1 depends on the density and motility of MCF-7 cells <i>in vitro</i>.,F1000Research,2018,FALSE,,
10.12688/f1000research.15480.1,Updates in Urologic Robot Assisted Surgery.,F1000Research,2018,FALSE,,
10.12688/f1000research.15484.1,Characterization of Panton-Valentine leukocidin-positive <i>Staphylococcus aureus</i> from skin and soft tissue infections and wounds in Nigeria: a cross-sectional study.,F1000Research,2018,FALSE,,
10.12688/f1000research.15489.2,Protocol: New approaches to managing the social deficits of Turner Syndrome using the PEERS program.,F1000Research,2018,FALSE,,
10.12688/f1000research.15492.2,Usual care for mental health problems in children with epilepsy: A cohort study.,F1000Research,2018,FALSE,,
10.12688/f1000research.15511.2,Using zebrafish to study the function of nephronophthisis and related ciliopathy genes.,F1000Research,2018,FALSE,,
10.12688/f1000research.15512.3,Factors influencing malignant mesothelioma survival: a retrospective review of the National Mesothelioma Virtual Bank cohort.,F1000Research,2018,FALSE,,
10.12688/f1000research.15517.1,Time to really share real-world data?,F1000Research,2018,FALSE,,
10.12688/f1000research.15522.2,Smaller clinical trials for decision making; a case study to show p-values are costly.,F1000Research,2018,FALSE,,
10.12688/f1000research.15579.1,Formation of 53BP1 foci and ATM activation under oxidative stress is facilitated by RNA:DNA hybrids and loss of ATM-53BP1 expression promotes photoreceptor cell survival in mice.,F1000Research,2018,FALSE,,
10.12688/f1000research.15596.1,Helminth parasites and immune regulation.,F1000Research,2018,FALSE,,
10.12688/f1000research.15642.1,"Extraction, purification, and activity of protease from the leaves of <i>Moringa oleifera</i>.",F1000Research,2018,FALSE,,
10.12688/f1000research.15707.2,Comparative study of commercially available and homemade anti-VAMP7 antibodies using CRISPR/Cas9-depleted HeLa cells and VAMP7 knockout mice.,F1000Research,2018,FALSE,,
10.12688/f1000research.15805.3,"Visceral leishmaniasis (Kala-azar) in Qom Province, Iran: Report of two cases.",F1000Research,2018,FALSE,,
10.12688/f1000research.15834.1,Advances in the management of craniopharyngioma.,F1000Research,2018,FALSE,,
10.12688/f1000research.15841.2,The signs of adaptive mutations identified in the chloroplast genome of the algae endosymbiont of Baikal sponge.,F1000Research,2018,FALSE,,
10.12688/f1000research.15851.1,Recent advances in managing benign prostatic hyperplasia: The Rezūm System.,F1000Research,2018,FALSE,,
10.12688/f1000research.15859.3,Rice plants reduce methane emissions in high-emitting paddies.,F1000Research,2018,FALSE,,
10.12688/f1000research.15885.2,"Studies on Biological Test of Formulated Diets Supplementation of Vitamin E for the Broodstock of Females Blue Swimming Crab, <i>Portunus pelagicus</i> (Linnaeus, 1758).",F1000Research,2018,FALSE,,
10.12688/f1000research.15895.2,NovoGraph: Human genome graph construction from multiple long-read <i>de novo</i> assemblies.,F1000Research,2018,FALSE,,
10.12688/f1000research.15900.1,Recent advances in understanding and managing chronic constipation.,F1000Research,2018,FALSE,,
10.12688/f1000research.15932.3,E-cadherin expression pattern during zebrafish embryonic epidermis development.,F1000Research,2018,FALSE,,
10.12688/f1000research.15954.1,"Effect of various organic acid supplementation diets on <i>Clarias gariepinus</i> BURCHELL, 1822: Evaluation of growth, survival and feed utilization.",F1000Research,2018,FALSE,,
10.12688/f1000research.15973.1,Recent advances in understanding and managing myasthenia gravis.,F1000Research,2018,FALSE,,
10.12688/f1000research.15985.1,Healing capacity of bone marrow mesenchymal stem cells versus platelet-rich fibrin in tibial bone defects of albino rats: an <i>in vivo</i> study.,F1000Research,2018,FALSE,,
10.12688/f1000research.15998.1,Antimicrobial activity of <i>Terminalia catappa</i> brown leaf extracts against <i>Staphylococcus aureus</i> ATCC 25923 and <i>Pseudomonas aeruginosa</i> ATCC 27853.,F1000Research,2018,FALSE,,
10.12688/f1000research.16032.3,epiflows: an R package for risk assessment of travel-related spread of disease.,F1000Research,2018,FALSE,,
10.12688/f1000research.16042.1,Case Report: Clinical manifestation and dental management of Papillon-Lefèvre syndrome.,F1000Research,2018,FALSE,,
10.12688/f1000research.16050.1,Biomimetic remineralization of acid etched enamel using agarose hydrogel model.,F1000Research,2018,FALSE,,
10.12688/f1000research.16080.1,Pyrolytic formation and photoactivity of reactive oxygen species in a SiO <sub>2</sub>/carbon nanocomposite from kraft lignin.,F1000Research,2018,FALSE,,
10.12688/f1000research.16096.1,Recent advances in imaging and understanding interstitial cystitis.,F1000Research,2018,FALSE,,
10.12688/f1000research.16142.3,Pulpotomy versus pulpectomy in the treatment of vital pulp exposure in primary incisors. A systematic review and meta-analysis.,F1000Research,2018,FALSE,,
10.12688/f1000research.16203.1,Beyond transcription factors: roles of mRNA decay in regulating gene expression in plants.,F1000Research,2018,FALSE,,
10.12688/f1000research.16224.3,"Molecular identification and phylogenetic analysis of GABA-producing lactic acid bacteria isolated from indigenous dadih of West Sumatera, Indonesia.",F1000Research,2018,FALSE,,
10.12688/f1000research.16255.2,Functional proteomic profiling reveals KLK13 and TMPRSS11D as active proteases in the lower female reproductive tract.,F1000Research,2018,FALSE,,
10.12688/f1000research.16275.2,"Relationship between <i>Candida albicans</i> and <i>Streptococcus mutans</i> in early childhood caries, evaluated by quantitative PCR.",F1000Research,2018,FALSE,,
10.12688/f1000research.16326.2,Case Report: Exertional rhabdomyolysis in a spin class participant with sickle cell trait.,F1000Research,2018,FALSE,,
10.12688/f1000research.16433.1,"Risk factors for diphtheria outbreak in children aged 1-10 years in East Kalimantan Province, Indonesia.",F1000Research,2018,FALSE,,
10.12688/f1000research.16464.2,"Assessing service and treatment needs of young people who use illicit and non-medical prescription drugs living in Northern Ontario, Canada.",F1000Research,2018,FALSE,,
10.12688/f1000research.16468.1,What's new in dry eye disease diagnosis? Current advances and challenges.,F1000Research,2018,FALSE,,
10.12688/f1000research.16473.2,"Using zebrafish larval models to study brain injury, locomotor and neuroinflammatory outcomes following intracerebral haemorrhage.",F1000Research,2018,FALSE,,
10.12688/f1000research.16516.1,Orchestrating a community-developed computational workshop and accompanying training materials.,F1000Research,2018,FALSE,,
10.12688/f1000research.16521.2,Research and development of new tuberculosis vaccines: a review.,F1000Research,2018,FALSE,,
10.12688/f1000research.16537.1,Recent advances in understanding and managing rosacea.,F1000Research,2018,FALSE,,
10.12688/f1000research.16568.3,Financing Agriculture in Nigeria through Agricultural Extension Services of Agricultural Development Programmes (ADPs).,F1000Research,2018,FALSE,,
10.12688/f1000research.16574.1,The many roads to psychosis: recent advances in understanding risk and mechanisms.,F1000Research,2018,FALSE,,
10.12688/f1000research.16617.2,Different drying temperatures modulate chemical and antioxidant properties of mandai cempedak ( <i>Artocarpus integer</i>).,F1000Research,2018,FALSE,,
10.12688/f1000research.16643.2,Phytochemical and antioxidant activity evaluation of the bark of Tampoi ( <i>Baccaurea macrocarpa</i>).,F1000Research,2018,FALSE,,
10.12688/f1000research.16659.2,Embryonic zebrafish xenograft assay of human cancer metastasis.,F1000Research,2018,FALSE,,
10.12688/f1000research.16678.1,Inflammatory cell expression of Toll-like receptor-2 (TLR2) within refractory periapical granuloma.,F1000Research,2018,FALSE,,
10.12688/f1000research.16743.2,Real-time 3D Photoacoustic Visualization System with a Wide Field of View for Imaging Human Limbs.,F1000Research,2018,FALSE,,
10.12688/f1000research.16771.2,Key Concepts for assessing claims about treatment effects and making well-informed treatment choices.,F1000Research,2018,FALSE,,
10.12688/f1000research.16794.1,Postoperative pain and antibacterial effect of 980 nm diode laser versus conventional endodontic treatment in necrotic teeth with chronic periapical lesions: A randomized control trial.,F1000Research,2018,FALSE,,
10.12688/f1000research.16804.4,Do you cov me? Effect of coverage reduction on metagenome shotgun sequencing studies.,F1000Research,2018,FALSE,,
10.12688/f1000research.16817.2,Microbiota profiling with long amplicons using Nanopore sequencing: full-length 16S rRNA gene and the 16S-ITS-23S of the  <i>rrn</i> operon.,F1000Research,2018,FALSE,,
10.12688/f1000research.16875.1,"Influence of different stocking density on the growth, feed efficiency, and survival of Majalaya common carp ( <i>Cyprinus carpio</i> Linnaeus 1758).",F1000Research,2018,FALSE,,
10.12688/f1000research.16902.2,Borneo herbal plant extracts as a natural medication for prophylaxis and treatment of <i>Aeromonas hydrophila</i> and <i>Pseudomonas fluorescens</i> infection in tilapia ( <i>Oreochromis niloticus</i>).,F1000Research,2018,FALSE,,
10.12688/f1000research.16927.2,"Do age and mating status affect olfactory response of the parasitoid, <i>Microplitis croceipes</i> (Hymenoptera: Braconidae) to host-related plant odors?",F1000Research,2018,FALSE,,
10.12688/f1000research.16929.3,Protein-mediated gelation and nano-scale assembly of unfunctionalized hyaluronic acid and chondroitin sulfate.,F1000Research,2018,FALSE,,
10.12688/f1000research.17006.1,"Behavioural and emotional issues among primary school pupils with congenital colour vision deficiency in the Federal Territory of Kuala Lumpur, Malaysia: A case-control study.",F1000Research,2018,FALSE,,
10.12688/f1000research.17049.2,Feasibility of incorporating mindfulness based mental health promotion to the pregnancy care program in Sri Lanka: a pilot study.,F1000Research,2018,FALSE,,
10.12688/f1000research.17059.2,Proximate and antioxidant activities of bio-preserved <i>ogi</i> flour with garlic and ginger.,F1000Research,2018,FALSE,,
10.12688/f1000research.17081.2,N-terminal pro-brain natriuretic peptide: a potential follow-up biomarker of mandibular advancement device efficacy on cardiac function in obstructive sleep apnea.,F1000Research,2018,FALSE,,
10.12688/f1000research.17082.2,Correction of gene model annotations improves isoform abundance estimates: the example of ketohexokinase ( <i>Khk</i>).,F1000Research,2018,FALSE,,
10.12688/f1000research.17134.3,Chicken feather hydrolysate as alternative peptone source for microbial cultivation.,F1000Research,2018,FALSE,,
10.12688/f1000research.17187.1,A bovine CD18 signal peptide variant with increased binding activity to <i>Mannheimia hemolytica</i> leukotoxin.,F1000Research,2018,FALSE,,
10.12688/f1000research.17511.3,"Assembling cheap, high-performance microphones for recording terrestrial wildlife: the Sonitor system.",F1000Research,2018,FALSE,,
10.12688/f1000research.17581.2,Research on <i>Babesia</i>: A bibliometric assessment of a neglected tick-borne parasite.,F1000Research,2018,FALSE,,
10.12688/f1000research.13999.1,One-ecosystem analysis for environmental conservation and sustainable livelihood.,F1000Research,2019,FALSE,,
10.12688/f1000research.15016.2,Analysis of <i>CDKN1C</i> in fetal growth restriction and pregnancy loss.,F1000Research,2019,FALSE,,
10.12688/f1000research.15869.1,Identifying stroke therapeutics from preclinical models: A protocol for a novel application of network meta-analysis.,F1000Research,2019,FALSE,,
10.12688/f1000research.15974.1,Targeting mu opioid receptors to modulate gastrointestinal function: what have we learnt so far from the studies in functional bowel disorders?,F1000Research,2019,FALSE,,
10.12688/f1000research.16109.1,Cryo-EM insight into the structure of MTOR complex 1 and its interactions with Rheb and substrates.,F1000Research,2019,FALSE,,
10.12688/f1000research.16120.1,Contemporary diagnosis of lower urinary tract dysfunction.,F1000Research,2019,FALSE,,
10.12688/f1000research.16234.1,Recent innovations in membrane-protein structural biology.,F1000Research,2019,FALSE,,
10.12688/f1000research.16357.1,Recent advances in spontaneous intracerebral hemorrhage.,F1000Research,2019,FALSE,,
10.12688/f1000research.16494.1,Precision in pediatric epilepsy.,F1000Research,2019,FALSE,,
10.12688/f1000research.16495.1,Emerging small-molecule treatments for multiple sclerosis: focus on B cells.,F1000Research,2019,FALSE,,
10.12688/f1000research.16497.1,The effects of testosterone replacement therapy on the prostate: a clinical perspective.,F1000Research,2019,FALSE,,
10.12688/f1000research.16576.1,Recent advances in the understanding and management of erectile dysfunction.,F1000Research,2019,FALSE,,
10.12688/f1000research.16654.1,Vasopressin-aquaporin-2 pathway: recent advances in understanding water balance disorders.,F1000Research,2019,FALSE,,
10.12688/f1000research.16734.3,Draft genome assembly and transcriptome sequencing of the golden algae <i>Hydrurus foetidus</i> (Chrysophyceae).,F1000Research,2019,FALSE,,
10.12688/f1000research.16802.1,An in vitro model for studying CNS white matter: functional properties and experimental approaches.,F1000Research,2019,FALSE,,
10.12688/f1000research.16815.1,"Triglycerides, independent of Ferriman Gallwey Score, is a main determinant of free testosterone index in PCOS.",F1000Research,2019,FALSE,,
10.12688/f1000research.16825.2,Case Report: Ocular toxoplasmosis in a WHIM syndrome immunodeficiency patient.,F1000Research,2019,FALSE,,
10.12688/f1000research.16895.1,Stress as a potential moderator of ovarian hormone influences on binge eating in women.,F1000Research,2019,FALSE,,
10.12688/f1000research.16903.1,Recent advances in proximity-based labeling methods for interactome mapping.,F1000Research,2019,FALSE,,
10.12688/f1000research.17012.2,"Economic valuation from direct use of mangrove forest restoration in Balikpapan Bay, East Kalimantan, Indonesia.",F1000Research,2019,FALSE,,
10.12688/f1000research.17037.3,Effectiveness of a mobile health intervention on infant and young child feeding among children ≤ 24 months of age in rural Islamabad over six months duration.,F1000Research,2019,FALSE,,
10.12688/f1000research.17047.1,"The prevalence of dental caries among Egyptian children and adolescences and its association with age, socioeconomic status, dietary habits and other risk factors. A cross-sectional study.",F1000Research,2019,FALSE,,
10.12688/f1000research.17056.1,Recent advances in understanding RAG deficiencies.,F1000Research,2019,FALSE,,
10.12688/f1000research.17103.1,"Microplastics in the surface sediments from the eastern waters of Java Sea, Indonesia.",F1000Research,2019,FALSE,,
10.12688/f1000research.17147.1,Genotyping analysis of the <i>Pax9</i> Gene in patients with maxillary canine impaction.,F1000Research,2019,FALSE,,
10.12688/f1000research.17157.2,A physiological examination of perceived incorporation during trance.,F1000Research,2019,FALSE,,
10.12688/f1000research.17176.1,Physical therapy modalities for treating fibromyalgia.,F1000Research,2019,FALSE,,
10.12688/f1000research.17181.2,Perceptions and use of technology in older people with ophthalmic conditions.,F1000Research,2019,FALSE,,
10.12688/f1000research.17295.1,Bronchiectasis insanity: Doing the same thing over and over again and expecting different results?,F1000Research,2019,FALSE,,
10.12688/f1000research.17314.1,Analysis of transgenic zebrafish expressing the Lenz-Majewski syndrome gene &lt;i&gt;PTDSS1&lt;/i&gt; in skeletal cell lineages.,F1000Research,2019,FALSE,,
10.12688/f1000research.17319.3,Biometric and genetic differences in kelabau ( <i>Osteochilus</i> spp.) as revealed using cytochrome c oxidase subunit 1.,F1000Research,2019,FALSE,,
10.12688/f1000research.17352.2,A simple formula for enumerating comparisons in trials and network meta-analysis.,F1000Research,2019,FALSE,,
10.12688/f1000research.17381.2,Metallothionein expression on oysters ( <i>Crassostrea cuculata and Crassostrea glomerata</i>) from the southern coastal region of East Java.,F1000Research,2019,FALSE,,
10.12688/f1000research.17430.2,Anti-infective potential of hydroalcoholic extract of <i>Punica</i>  <i>granatum</i> peel against gram-negative bacterial pathogens.,F1000Research,2019,FALSE,,
10.12688/f1000research.17447.1,Broad-spectrum capture of clinical pathogens using engineered Fc-mannose-binding lectin enhanced by antibiotic treatment.,F1000Research,2019,FALSE,,
10.12688/f1000research.17453.2,"Case Report: A rare cause of vaginal bleeding at Keren Zonal Referral Hospital, Eritrea.",F1000Research,2019,FALSE,,
10.12688/f1000research.17513.2,Factors associated with poor physical performance in older adults of 11 Peruvian high Andean communities.,F1000Research,2019,FALSE,,
10.12688/f1000research.17533.2,The effect of red-fleshed pitaya ( <i>Hylocereus polyrhizus</i>) on heat shock protein 70 and cortisol expression in strenuous exercise induced rats.,F1000Research,2019,FALSE,,
10.12688/f1000research.17535.1,Medicines in pregnancy.,F1000Research,2019,FALSE,,
10.12688/f1000research.17559.2,"Climate change, migration and health systems resilience: Need for interdisciplinary research.",F1000Research,2019,FALSE,,
10.12688/f1000research.17582.3,Cost-effectiveness of glaucoma screening in cataract camps versus opportunistic and passive screening in urban India: A study protocol.,F1000Research,2019,FALSE,,
10.12688/f1000research.17584.2,Apoptosis induction on human breast cancer T47D cell line by extracts of <i>Ancorina</i> sp.,F1000Research,2019,FALSE,,
10.12688/f1000research.17635.2,Tobacco smoking and nicotine delivery alternatives: patterns of product use and perceptions in 13 countries.,F1000Research,2019,FALSE,,
10.12688/f1000research.17673.1,Recent advances in managing HIV-associated cryptococcal meningitis.,F1000Research,2019,FALSE,,
10.12688/f1000research.17706.3,Health and saliva microbiomes of a semi-urbanized indigenous tribe in Peninsular Malaysia.,F1000Research,2019,FALSE,,
10.12688/f1000research.17707.1,Efficacy of a silver colloidal gel against selected oral bacteria <i>in vitro</i>.,F1000Research,2019,FALSE,,
10.12688/f1000research.17778.1,Emerging medical therapies for congenital adrenal hyperplasia.,F1000Research,2019,FALSE,,
10.12688/f1000research.17789.1,Recent advances in understanding anorexia nervosa.,F1000Research,2019,FALSE,,
10.12688/f1000research.17802.1,Nuclear envelope impairment is facilitated by the herpes simplex virus 1 Us3 kinase.,F1000Research,2019,FALSE,,
10.12688/f1000research.17828.1,Health care seeking for maternal and newborn illnesses in low- and middle-income countries: a systematic review of observational and qualitative studies.,F1000Research,2019,FALSE,,
10.12688/f1000research.17870.2,A study protocol for a randomised crossover study evaluating the effect of diets differing in carbohydrate quality on ileal content and appetite regulation in healthy humans.,F1000Research,2019,FALSE,,
10.12688/f1000research.17892.1,"The potential impact of age, gender, body mass index, socioeconomic status and dietary habits on the prevalence of dental caries among Egyptian adults: a cross-sectional study.",F1000Research,2019,FALSE,,
10.12688/f1000research.17893.2,Application of genus Cassia in the treatment of Constipation: A systematic review.,F1000Research,2019,FALSE,,
10.12688/f1000research.17903.2,Stress and associated risk factors among the elderly: a cross-sectional study from rural area of Thailand.,F1000Research,2019,FALSE,,
10.12688/f1000research.17952.2,"Updating the evidence on the effectiveness of the alcohol reduction app, Drink Less: using Bayes factors to analyse trial datasets supplemented with extended recruitment.",F1000Research,2019,FALSE,,
10.12688/f1000research.17964.1,Does the mouse tail vein injection method provide a good model of lung cancer?,F1000Research,2019,FALSE,,
10.12688/f1000research.17972.2,How 'smart' is smart dentistry?,F1000Research,2019,FALSE,,
10.12688/f1000research.18002.1,Epidemic curves made easy using the R package &lt;i&gt;incidence&lt;/i&gt;.,F1000Research,2019,FALSE,,
10.12688/f1000research.18039.1,Recent advances in vasoactive intestinal peptide physiology and pathophysiology: focus on the gastrointestinal system.,F1000Research,2019,FALSE,,
10.12688/f1000research.18093.1,Combating Cholera.,F1000Research,2019,FALSE,,
10.12688/f1000research.18129.2,Case Report: Acute pyelonephritis and hearing loss in scrub typhus.,F1000Research,2019,FALSE,,
10.12688/f1000research.18130.1,Shared Genetics of Psychiatric Disorders.,F1000Research,2019,FALSE,,
10.12688/f1000research.18158.1,A period without PER: understanding 24-hour rhythms without classic transcription and translation feedback loops.,F1000Research,2019,FALSE,,
10.12688/f1000research.18186.1,A new look at IgE beyond allergies.,F1000Research,2019,FALSE,,
10.12688/f1000research.18205.2,Burden of health behaviours and socioeconomic position on health care expenditure in Ontario.,F1000Research,2019,FALSE,,
10.12688/f1000research.18209.1,Establishment and phenotyping of neurosphere cultures from primary neuroblastoma samples.,F1000Research,2019,FALSE,,
10.12688/f1000research.18239.1,Material properties and osteoporosis.,F1000Research,2019,FALSE,,
10.12688/f1000research.18262.2,Diversity and Molecular Characterization of Mosquitoes (Diptera: Culicidae) in Selected Ecological Regions in Kenya.,F1000Research,2019,FALSE,,
10.12688/f1000research.18325.1,First draft genome assembly and identification of SNPs from hilsa shad ( <i>Tenualosa ilisha</i>) of the Bay of Bengal.,F1000Research,2019,FALSE,,
10.12688/f1000research.18398.2,The association between health literacy and pesticide use behaviors among sweet corn farmers in the Pak Chong district of Thailand: a cross-sectional study.,F1000Research,2019,FALSE,,
10.12688/f1000research.18423.1,Improved control of non-communicable diseases (NCDs) requires an additional advanced concept for public health - a perspective from a middle-income country.,F1000Research,2019,FALSE,,
10.12688/f1000research.18446.1,The effect of a one-time 15-minute guided meditation (Isha Kriya) on stress and mood disturbances among operating room professionals: a prospective interventional pilot study.,F1000Research,2019,FALSE,,
10.12688/f1000research.18476.1,"Mutations in <i>Caenorhabditis elegans</i> actin, which are equivalent to human cardiomyopathy mutations, cause abnormal actin aggregation in nematode striated muscle.",F1000Research,2019,FALSE,,
10.12688/f1000research.18491.1,Polygenic risk scores in psychiatry: Will they be useful for clinicians?,F1000Research,2019,FALSE,,
10.12688/f1000research.18497.2,Boosting diabetes and pre-diabetes detection in rural Ghana.,F1000Research,2019,FALSE,,
10.12688/f1000research.18503.1,Recent advances in colonoscopy.,F1000Research,2019,FALSE,,
10.12688/f1000research.18506.5,Identification and phylogenetic analysis of oral <i>Veillonella</i> species isolated from the saliva of Japanese children.,F1000Research,2019,FALSE,,
10.12688/f1000research.18552.2,Paediatric morbidity and mortality in Sierra Leone. Have things changed after the 2014/2015 Ebola outbreak?,F1000Research,2019,FALSE,,
10.12688/f1000research.18561.1,Recent developments in psychosocial interventions for borderline personality disorder.,F1000Research,2019,FALSE,,
10.12688/f1000research.18563.2,"Non-communicable diseases in the Western Area District, Sierra Leone, following the Ebola outbreak.",F1000Research,2019,FALSE,,
10.12688/f1000research.18566.2,Staffing in public health facilities after the Ebola outbreak in rural Sierra Leone: How much has changed?,F1000Research,2019,FALSE,,
10.12688/f1000research.18573.2,Young people in HIV care in Ukraine: a national survey on characteristics and service provision.,F1000Research,2019,FALSE,,
10.12688/f1000research.18581.1,Novel strategies for the treatment of myelofibrosis driven by recent advances in understanding the role of the microenvironment in its etiology.,F1000Research,2019,FALSE,,
10.12688/f1000research.18646.1,Recent advances in therapies for onychomycosis and its management.,F1000Research,2019,FALSE,,
10.12688/f1000research.18669.1,Control of actin dynamics during cell motility.,F1000Research,2019,FALSE,,
10.12688/f1000research.18696.2,A co-culture model of the bovine alveolus.,F1000Research,2019,FALSE,,
10.12688/f1000research.18740.2,The performance of bovine serum albumin filtration by using polyethersulfone-Tetronic 304 blend Ultrafiltration Membrane.,F1000Research,2019,FALSE,,
10.12688/f1000research.18757.1,Understanding the contribution of UK public health research to clinical guidelines: a bibliometric analysis.,F1000Research,2019,FALSE,,
10.12688/f1000research.18758.1,"Brexanolone, a neurosteroid antidepressant, vindicates the GABAergic deficit hypothesis of depression and may foster resilience.",F1000Research,2019,FALSE,,
10.12688/f1000research.18787.2,Modifiable factors associated with weight regain after bariatric surgery: a scoping review.,F1000Research,2019,FALSE,,
10.12688/f1000research.18815.1,"A pilot study on assessing the gap between nurses' task performances and knowledge pertaining the same with reference to "" I COUGH"" initiative- a call for promoting patient 'care bundle' assignments in low-income nations.",F1000Research,2019,FALSE,,
10.12688/f1000research.18838.1,The impact of physical activity to the child's quality of life: a bibliometric study.,F1000Research,2019,FALSE,,
10.12688/f1000research.18861.2,Construction and optimization of a 'NG Morbidostat' - An automated continuous-culture device for studying the pathways towards antibiotic resistance in <i>Neisseria gonorrhoeae</i>.,F1000Research,2019,FALSE,,
10.12688/f1000research.18883.1,Translational models of adaptive and excessive fighting: an emerging role for neural circuits in pathological aggression.,F1000Research,2019,FALSE,,
10.12688/f1000research.18888.1,Triple-negative breast cancer: recent treatment advances.,F1000Research,2019,FALSE,,
10.12688/f1000research.18959.2,Recent advances in understanding of attention deficit hyperactivity disorder (ADHD): how genetics are shaping our conceptualization of this disorder.,F1000Research,2019,FALSE,,
10.12688/f1000research.18978.1,Management of infected diabetic wound: a scoping review of guidelines.,F1000Research,2019,FALSE,,
10.12688/f1000research.18992.1,Gut microbiome-Mediterranean diet interactions in improving host health.,F1000Research,2019,FALSE,,
10.12688/f1000research.19037.1,Recent advances in tissue imaging for cancer research.,F1000Research,2019,FALSE,,
10.12688/f1000research.19056.4,Orofacial manifestations of mucocutaneous leishmaniasis: a case series from Brazil.,F1000Research,2019,FALSE,,
10.12688/f1000research.19139.1,Mitochondrial dysregulation and muscle disuse atrophy.,F1000Research,2019,FALSE,,
10.12688/f1000research.19140.1,"Iron Hack - A symposium/hackathon focused on porphyrias, Friedreich's ataxia, and other rare iron-related diseases.",F1000Research,2019,FALSE,,
10.12688/f1000research.19194.1,The herpes simplex virus 1 Us3 kinase is involved in assembly of membranes needed for viral envelopment and in distribution of glycoprotein K.,F1000Research,2019,FALSE,,
10.12688/f1000research.19213.2,"Protocol for the electroencephalography guidance of anesthesia to alleviate geriatric syndromes (ENGAGES-Canada) study: A pragmatic, randomized clinical trial.",F1000Research,2019,FALSE,,
10.12688/f1000research.19217.2,"Prevalence of malaria and quantification of cytokine levels during infection in East Nile locality, Khartoum State: a cross-sectional study.",F1000Research,2019,FALSE,,
10.12688/f1000research.19304.2,Identification of nitrite treated tuna fish meat via the determination of nitrous oxide by head space-gas chromatography/mass spectrometry.,F1000Research,2019,FALSE,,
10.12688/f1000research.19308.2,Interleukin-1 receptor antagonist treatment in acute ischaemic stroke does not alter systemic markers of anti-microbial defence.,F1000Research,2019,FALSE,,
10.12688/f1000research.19317.1,"Interactions between the hippocampus, prefrontal cortex, and amygdala support complex learning and memory.",F1000Research,2019,FALSE,,
10.12688/f1000research.19355.1,Recent advances in understanding and managing phantom limb pain.,F1000Research,2019,FALSE,,
10.12688/f1000research.19384.1,"Prevalence and risk factors for low back pain among university teaching staff in Nairobi, Kenya: a cross-sectional study.",F1000Research,2019,FALSE,,
10.12688/f1000research.19393.1,Case Report: Purple urine bag syndrome in woman with neurogenic bladder.,F1000Research,2019,FALSE,,
10.12688/f1000research.19414.1,Better and fulfilling healthcare at lower costs: The need to manage health systems as complex adaptive systems.,F1000Research,2019,FALSE,,
10.12688/f1000research.19455.2,Fracture resistance and 3D finite element analysis of machined ceramic crowns bonded to endodontically treated molars with two planes versus flat occlusal preparation designs: an <i>in vitro</i> study.,F1000Research,2019,FALSE,,
10.12688/f1000research.19471.1,"Dermatoglyphical impressions are different between children and adolescents with normal weight, overweight and obesity: a cross-sectional study.",F1000Research,2019,FALSE,,
10.12688/f1000research.19481.1,Metabolic phenotyping of the human microbiome.,F1000Research,2019,FALSE,,
10.12688/f1000research.19506.2,The effects of interventions preventing self-harm and suicide in children and adolescents: an overview of systematic reviews.,F1000Research,2019,FALSE,,
10.12688/f1000research.19509.1,Emerging therapies against infections with <i>Pseudomonas aeruginosa</i>.,F1000Research,2019,FALSE,,
10.12688/f1000research.19542.1,Tourette syndrome research highlights from 2018.,F1000Research,2019,FALSE,,
10.12688/f1000research.19544.2,"Association between umbilical cord hygiene and neonatal sepsis among neonates presenting to a primary care facility in Nairobi County, Kenya: a case-control study.",F1000Research,2019,TRUE,,
10.12688/f1000research.19547.1,"Risks and seasonal pattern for mortality among hospitalized infants in a conflict-affected area of Pakistan, 2013-2016. A retrospective chart review.",F1000Research,2019,FALSE,,
10.12688/f1000research.19587.5,One-year test-retest reliability of ten vision tests in Canadian athletes.,F1000Research,2019,FALSE,,
10.12688/f1000research.19598.5,Lipidomics reveal the protective effects of a vegetable-derived isothiocyanate against retinal degeneration.,F1000Research,2019,FALSE,,
10.12688/f1000research.19605.2,CAPE for measuring callous-unemotional traits in disadvantaged families: a cross-sectional validation study.,F1000Research,2019,FALSE,,
10.12688/f1000research.19626.1,Learning from cases: Analysis of two cases of craniopharyngioma from the 19 &lt;sup&gt;th&lt;/sup&gt; to the 21 &lt;sup&gt;st&lt;/sup&gt; centuries.,F1000Research,2019,FALSE,,
10.12688/f1000research.19643.2,Development of an IgY-based lateral flow immunoassay for detection of fumonisin B in maize.,F1000Research,2019,FALSE,,
10.12688/f1000research.19679.2,"Diversity and distribution of fish fauna of upstream and downstream areas at Koto Panjang Reservoir, Riau Province, Indonesia.",F1000Research,2019,FALSE,,
10.12688/f1000research.19684.1,Gustatory dysfunction in relation to circumvallate papilla's taste buds structure upon unilateral maxillary molar extraction in Wistar rats: an <i>in vivo</i> study.,F1000Research,2019,FALSE,,
10.12688/f1000research.19695.1,Peripheral nerve magnetic resonance imaging.,F1000Research,2019,FALSE,,
10.12688/f1000research.19699.3,The effect of triple antibiotic paste as an intracanal medicament with an anti-inflammatory agent on post-operative pain of asymptomatic uniradicular necrotic teeth: a double blind randomized clinical trial.,F1000Research,2019,FALSE,,
10.12688/f1000research.19704.3,Efficacy of mitomycin-C on anterior urethral stricture after internal urethrotomy: A systematic review and meta-analysis.,F1000Research,2019,FALSE,,
10.12688/f1000research.19721.1,Cardiac magnetic resonance imaging: the future is bright.,F1000Research,2019,FALSE,,
10.12688/f1000research.19739.1,Case Report: Buccal administration of hydrogen-producing blend after a mild traumatic brain injury in a professional athlete.,F1000Research,2019,FALSE,,
10.12688/f1000research.19754.4,Moral injury and the four pillars of bioethics.,F1000Research,2019,FALSE,,
10.12688/f1000research.19787.2,Anti-pathogenic potential of a classical <i>ayurvedic</i>  <i>Triphala</i> formulation.,F1000Research,2019,FALSE,,
10.12688/f1000research.19803.2,Validation of a commercial antibody to detect endogenous human nicastrin by immunoblot.,F1000Research,2019,FALSE,,
10.12688/f1000research.19804.3,The validation of a commercial enzyme-linked immunosorbent assay and the effect of freeze-thaw cycles of serum on the stability of cortisol and testosterone concentrations in Aceh cattle.,F1000Research,2019,FALSE,,
10.12688/f1000research.19858.2,"The impact of city-wide deployment of &lt;i&gt;Wolbachia&lt;/i&gt;-carrying mosquitoes on arboviral disease incidence in Medellín and Bello, Colombia: study protocol for an interrupted time-series analysis and a test-negative design study.",F1000Research,2019,FALSE,,
10.12688/f1000research.19859.2,"The impact of large-scale deployment of <i>Wolbachia</i> mosquitoes on dengue and other <i>Aedes</i>-borne diseases in Rio de Janeiro and Niterói, Brazil: study protocol for a controlled interrupted time series analysis using routine disease surveillance data.",F1000Research,2019,FALSE,,
10.12688/f1000research.19894.2,Variable expression and silencing of CRISPR-Cas9 targeted transgenes identifies the &lt;i&gt;AAVS1&lt;/i&gt; locus as not an entirely safe harbour.,F1000Research,2019,FALSE,,
10.12688/f1000research.19909.1,Recent advances in managing and understanding pyoderma gangrenosum.,F1000Research,2019,FALSE,,
10.12688/f1000research.19931.7,Are adverse effects of cannabidiol (CBD) products caused by tetrahydrocannabinol (THC) contamination?,F1000Research,2019,FALSE,,
10.12688/f1000research.19933.1,Study protocol for a randomised controlled trial of haloperidol plus promethazine plus chlorpromazine versus haloperidol plus promethazine for rapid tranquilisation for agitated psychiatric patients in the emergency setting (TREC-Lebanon).,F1000Research,2019,FALSE,,
10.12688/f1000research.19936.1,Postoperative pain of patients with necrotic teeth with apical periodontitis following single visit endodontic treatment versus multiple visit endodontic treatment using triple antibiotic paste: a randomized clinical trial.,F1000Research,2019,FALSE,,
10.12688/f1000research.19951.1,Evaluation of <i>EPAS1</i> variants for association with bovine congestive heart failure.,F1000Research,2019,FALSE,,
10.12688/f1000research.19966.2,Case Report: Don't chew the fufu: a case report of suspected drug body stuffing.,F1000Research,2019,FALSE,,
10.12688/f1000research.20044.1,Prefrontal cortex and cognitive control: new insights from human electrophysiology.,F1000Research,2019,FALSE,,
10.12688/f1000research.20053.1,Fear not: recent advances in understanding the neural basis of fear memories and implications for treatment development.,F1000Research,2019,FALSE,,
10.12688/f1000research.20059.2,Peak expiratory flow rate and chronic respiratory symptoms among restaurant workers: a cross-sectional study from Thailand.,F1000Research,2019,FALSE,,
10.12688/f1000research.20061.1,Chemokine regulation of inflammation during respiratory syncytial virus infection.,F1000Research,2019,FALSE,,
10.12688/f1000research.20062.2,"Cardiovascular, carcinogenic and reproductive effects of nicotine exposure: A narrative review of the scientific literature.",F1000Research,2019,FALSE,,
10.12688/f1000research.20078.1,Determinants of drug entry into the developing brain.,F1000Research,2019,FALSE,,
10.12688/f1000research.20083.1,Performance characteristics of a modified HIV-1 drug resistance genotyping method for use in resource-limited settings.,F1000Research,2019,FALSE,,
10.12688/f1000research.20096.1,Recent advances in nontuberculous mycobacterial lung infections.,F1000Research,2019,FALSE,,
10.12688/f1000research.20099.2,"Salivary nitric oxide, Simplified Oral Hygiene Index, and salivary flow rate in smokers and non-smokers: a cross-sectional study.",F1000Research,2019,TRUE,,
10.12688/f1000research.20118.2,Case Report: Single visit photo-activated disinfection in regenerative endodontics.,F1000Research,2019,FALSE,,
10.12688/f1000research.20135.2,Isolation and initial propagation of guinea pig adenovirus (GPAdV) in <i>Cavia porcellus</i> cell lines.,F1000Research,2019,FALSE,,
10.12688/f1000research.20144.3,Willingness-to-pay for a hypothetical Ebola vaccine in Indonesia: A cross-sectional study in Aceh.,F1000Research,2019,FALSE,,
10.12688/f1000research.20149.1,Costs and consequences of the Family Nurse Partnership (FNP) programme in England: evidence from the Building Blocks trial.,F1000Research,2019,FALSE,,
10.12688/f1000research.20229.2,Statistical models for the deterioration of kidney function in a primary care population: A retrospective database analysis.,F1000Research,2019,FALSE,,
10.12688/f1000research.20268.1,Management and cost of snakebite injuries at a teaching and referral hospital in Western Kenya.,F1000Research,2019,FALSE,,
10.12688/f1000research.20310.2,The occurrence of periodontal diseases and its correlation with different risk factors among a convenient sample of adult Egyptian population: a cross-sectional study.,F1000Research,2019,FALSE,,
10.12688/f1000research.20346.1,"Advances in clinical staging, early intervention, and the prevention of psychosis.",F1000Research,2019,FALSE,,
10.12688/f1000research.20352.2,Pathfinder: open source software for analyzing spatial navigation search strategies.,F1000Research,2019,FALSE,,
10.12688/f1000research.20399.2,The development of mouthwashes without anti-gonococcal activity for controlled clinical trials: an in vitro study.,F1000Research,2019,FALSE,,
10.12688/f1000research.20420.2,Case Report: Borderline tumor and primary peritoneal carcinoma - a rare synchronism.,F1000Research,2019,FALSE,,
10.12688/f1000research.20445.1,Discovery of novel plasma biomarker ratios to discriminate traumatic brain injury.,F1000Research,2019,FALSE,,
10.12688/f1000research.20489.1,Precision medicine technology hype or reality? The example of computer-guided dosing.,F1000Research,2019,FALSE,,
10.12688/f1000research.20529.1,Neurogenic bowel dysfunction.,F1000Research,2019,FALSE,,
10.12688/f1000research.20534.2,"<i>In silico</i> analysis of a major allergen from <i>Rattus norvegicus</i>, Rat n 1, and cross-reactivity with domestic pets.",F1000Research,2019,FALSE,,
10.12688/f1000research.20572.1,Mycobacterial virulence: impact on immunogenicity and vaccine research.,F1000Research,2019,FALSE,,
10.12688/f1000research.20573.1,"Knowledge of pastoralists on livestock diseases and exposure assessment to brucellosis within rural and peri-urban areas in Kajiado, Kenya.",F1000Research,2019,FALSE,,
10.12688/f1000research.20597.2,Recommendations and Alerting for Delirium Alleviation in Real-Time (RADAR): Protocol for a pilot randomized controlled trial.,F1000Research,2019,FALSE,,
10.12688/f1000research.20610.3,"Frequencies of gastrointestinal parasites among students of primary school in Al Kalakla Locality, Khartoum State, Sudan: a cross-sectional study.",F1000Research,2019,FALSE,,
10.12688/f1000research.20642.1,Multifaceted circuit functions of adult-born neurons.,F1000Research,2019,FALSE,,
10.12688/f1000research.20662.1,Efficacy of <i>Curcuma longa</i> in treatment of postprandial distress syndrome: An open-label randomized-controlled trial.,F1000Research,2019,FALSE,,
10.12688/f1000research.20677.4,Relation between delivery mode and maternal mental status one month after delivery at a perinatal center in Japan: A cross-sectional study.,F1000Research,2019,FALSE,,
10.12688/f1000research.20700.2,<i>Cajuputs candy</i> impairs <i>Candida albicans</i> and <i>Streptococcus mutans</i> mixed biofilm formation <i>in vitro</i>.,F1000Research,2019,FALSE,,
10.12688/f1000research.20704.2,Relationship between postpartum depression and lactation status at a Japanese perinatal center: A cross-sectional study.,F1000Research,2019,FALSE,,
10.12688/f1000research.20712.2,A case series analysing patients with dental anxiety: a patient-centered model based on psychological profiling.,F1000Research,2019,FALSE,,
10.12688/f1000research.20727.2,CCL2 and IL18 expressions may associate with the anti-proliferative effect of noncontact electro capacitive cancer therapy <i>in vivo</i>.,F1000Research,2019,FALSE,,
10.12688/f1000research.20981.3,Peptide arrays incubated with three collections of human sera from patients infected with mosquito-borne viruses.,F1000Research,2019,FALSE,,
10.12688/f1000research.21045.2,Do north-eastern German pharmacies recommend a necessary medical consultation for acute diarrhoea? Magnitude and determinants using a simulated patient approach.,F1000Research,2019,FALSE,,
10.12688/f1000research.21076.3,Social and cultural factors perpetuating early marriage in rural Gambia: an exploratory mixed methods study.,F1000Research,2019,FALSE,,
10.12688/f1000research.21079.3,Relationship and career challenges faced by people infected with HIV in Malaysia.,F1000Research,2019,FALSE,,
10.12688/f1000research.21099.1,Recent advances in taste transduction and signaling.,F1000Research,2019,FALSE,,
10.12688/f1000research.21140.1,Putative autoantibodies in the cerebrospinal fluid of Alzheimer's disease patients.,F1000Research,2019,FALSE,,
10.12688/f1000research.21145.3,Australian state influenza notifications and school holiday closures in 2019.,F1000Research,2019,FALSE,,
10.12688/f1000research.21178.2,Optimization of glutaminase-free L-asparaginase production using mangrove endophytic <i>Lysinibacillus fusiformis</i> B27.,F1000Research,2019,FALSE,,
10.12688/f1000research.21208.2,Quantitative approach to numbers and sizes: Generation of primary neurospheres from the dorsal lateral ganglionic eminence of late embryonic mice.,F1000Research,2019,FALSE,,
10.12688/f1000research.21294.1,Adapting the 3D-printed Openflexure microscope enables computational super-resolution imaging.,F1000Research,2019,FALSE,,
10.12688/f1000research.21348.2,Case Report: Occupational therapy in a patient with an overgrowth syndrome that restricts movement.,F1000Research,2019,FALSE,,
10.12688/f1000research.21372.1,A systematic review and meta-analysis of safety and efficacy of safinamide for motor fluctuations in patients with Parkinson's disease.,F1000Research,2019,FALSE,,
10.12688/f1000research.21375.2,"Perception of effective access to health services in Territorial Spaces for Training and Reincorporation, one year after the peace accords in Colombia: a cross-sectional study.",F1000Research,2019,FALSE,,
10.12688/f1000research.21377.3,E-cigarette use and onset of first cigarette smoking among adolescents: An empirical test of the 'common liability' theory.,F1000Research,2019,FALSE,,
10.12688/f1000research.21397.2,"The relationship between Helicobacter pylori infection and intestinal parasites in individuals from Khartoum state, Sudan: a case-control study.",F1000Research,2019,FALSE,,
10.12688/f1000research.21540.2,Functional group and diversity analysis of BIOFACQUIM: A Mexican natural product database.,F1000Research,2019,FALSE,,
10.12688/f1000research.21740.2,The Adolescent Knee Pain (AK-Pain) prognostic tool: protocol for a prospective cohort study.,F1000Research,2019,FALSE,,
10.12688/f1000research.21782.4,Benchmarking of long-read assemblers for prokaryote whole genome sequencing.,F1000Research,2019,FALSE,,
10.12688/f1000research.18713.1,Oral lichen planus: a novel staging and algorithmic approach and all that is essential to know.,F1000Research,2020,FALSE,,
10.12688/f1000research.19260.1,Current routines for antibiotic prophylaxis prior to transrectal prostate biopsy: a national survey to all urology clinics in Sweden.,F1000Research,2020,FALSE,,
10.12688/f1000research.19740.1,"Understanding transport processes in lichen, <i>Azolla</i>-cyanobacteria, ectomycorrhiza, endomycorrhiza, and rhizobia-legume symbiotic interactions.",F1000Research,2020,FALSE,,
10.12688/f1000research.19954.1,"Childhood inflammatory and metabolic disease following exposure to antibiotics in pregnancy, antenatally, intrapartum and neonatally.",F1000Research,2020,FALSE,,
10.12688/f1000research.20082.1,Recent developments in the intervention of specific phobia among adults: a rapid review.,F1000Research,2020,FALSE,,
10.12688/f1000research.20394.1,Recent advances in alcoholic hepatitis.,F1000Research,2020,FALSE,,
10.12688/f1000research.20510.1,All disease begins in the (leaky) gut: role of zonulin-mediated gut permeability in the pathogenesis of some chronic inflammatory diseases.,F1000Research,2020,FALSE,,
10.12688/f1000research.20750.1,Recent advances in understanding and managing chronic pelvic pain in women with special consideration to endometriosis.,F1000Research,2020,FALSE,,
10.12688/f1000research.20776.2,Heart rate variability biofeedback intero-nociceptive emotion exposure therapy for adverse childhood experiences.,F1000Research,2020,FALSE,,
10.12688/f1000research.20805.1,Ulcerative colitis: Recent advances in the understanding of disease pathogenesis.,F1000Research,2020,FALSE,,
10.12688/f1000research.20829.1,Food as circadian time cue for appetitive behavior.,F1000Research,2020,FALSE,,
10.12688/f1000research.20835.1,The influence of host genetics on the microbiome.,F1000Research,2020,FALSE,,
10.12688/f1000research.20997.2,Where have all the parasites gone? Unusual <i>Plasmodium falciparum</i> monoparasitaemia in a cross-sectional malariometric survey in northern Nigeria.,F1000Research,2020,FALSE,,
10.12688/f1000research.21066.1,The challenges and mental health issues of academic trainees.,F1000Research,2020,FALSE,,
10.12688/f1000research.21299.2,"Multidrug-resistant <i>Campylobacter jejuni, Campylobacter coli and Campylobacter lari</i> isolated from asymptomatic school-going children in Kibera slum, Kenya.",F1000Research,2020,FALSE,,
10.12688/f1000research.21383.1,"New insights into the pathogenesis of leprosy: contribution of subversion of host cell metabolism to bacterial persistence, disease progression, and transmission.",F1000Research,2020,FALSE,,
10.12688/f1000research.21466.1,Dietary considerations in the evaluation and management of nocturia.,F1000Research,2020,FALSE,,
10.12688/f1000research.21569.1,Recent advances in the understanding and management of primary hyperparathyroidism.,F1000Research,2020,FALSE,,
10.12688/f1000research.21581.1,The role of lower urinary tract symptoms in fall risk assessment tools in hospitals: a review.,F1000Research,2020,FALSE,,
10.12688/f1000research.21588.1,Recent advances in understanding resistance exercise training-induced skeletal muscle hypertrophy in humans.,F1000Research,2020,FALSE,,
10.12688/f1000research.21702.2,"High vaccination coverage, inadequate knowledge and high vector density: Findings from a community-based cross-sectional study on Japanese Encephalitis in Yangon, Myanmar.",F1000Research,2020,FALSE,,
10.12688/f1000research.21702.3,"High vaccination coverage and inadequate knowledge: Findings from a community-based cross-sectional study on Japanese Encephalitis in Yangon, Myanmar.",F1000Research,2020,FALSE,,
10.12688/f1000research.21827.1,Microbial transformation of widely used pharmaceutical and personal care product compounds.,F1000Research,2020,FALSE,,
10.12688/f1000research.21832.1,Management strategies for the treatment and prevention of postoperative/postdischarge nausea and vomiting: an updated review.,F1000Research,2020,FALSE,,
10.12688/f1000research.21858.1,Comparison of the Informed Health Choices Key Concepts Framework to other frameworks relevant to teaching and learning how to think critically about health claims and choices: a systematic review.,F1000Research,2020,FALSE,,
10.12688/f1000research.21884.4,"The National Heart, Lung, and Blood Institute data: analyzing published articles that used BioLINCC open access data.",F1000Research,2020,FALSE,,
10.12688/f1000research.21895.1,Upholding confidentiality in the preparation and distribution of medication in prisons: implementing recommendations of the European Committee for the Prevention of Torture and Inhuman or Degrading Treatment or Punishment.,F1000Research,2020,FALSE,,
10.12688/f1000research.21946.1,Under construction: ventral and lateral frontal lobe contributions to value-based decision-making and learning.,F1000Research,2020,FALSE,,
10.12688/f1000research.21962.2,Respiratory concerns of gabapentin and pregabalin: What does it mean to the pharmacovigilance systems in developing countries?,F1000Research,2020,FALSE,,
10.12688/f1000research.21989.1,Novel innovations in cell and gene therapies for spinal cord injury.,F1000Research,2020,FALSE,,
10.12688/f1000research.22039.3,Intrinsic negative feedback as a limiting factor for the evolution of higher forms of intelligence.,F1000Research,2020,FALSE,,
10.12688/f1000research.22109.2,Case Report: Acute kidney failure leading to permanent haemodialysis due to hyperoxaluria following one-anastomosis gastric bypass-related rapid weight loss.,F1000Research,2020,FALSE,,
10.12688/f1000research.22182.1,A systematic review of non-randomised evaluations of strategies to improve participant recruitment to randomised controlled trials.,F1000Research,2020,FALSE,,
10.12688/f1000research.22183.1,Recent advances in understanding and managing hepatic encephalopathy in chronic liver disease.,F1000Research,2020,FALSE,,
10.12688/f1000research.22201.3,"Growth, production and feed conversion performance of the gurami sago (Osphronemus goramy Lacepède, 1801) strain in different aquaculture systems.",F1000Research,2020,FALSE,,
10.12688/f1000research.22296.1,"Recent advances in understanding object recognition in the human brain: deep neural networks, temporal dynamics, and context.",F1000Research,2020,FALSE,,
10.12688/f1000research.22299.2,Lithium and coronaviral infections. A scoping review.,F1000Research,2020,FALSE,,
10.12688/f1000research.22311.2,The benefit of cinnamon ( <i>Cinnamomum burmannii</i>) in lowering total cholesterol levels after consumption of high-fat containing foods in white mice ( <i>Mus musculus</i>) models.,F1000Research,2020,FALSE,,
10.12688/f1000research.22338.2,The deep(er) roots of Eukaryotes and Akaryotes.,F1000Research,2020,FALSE,,
10.12688/f1000research.22361.1,An evaluation of a personalised text message reminder compared to a standard text message on postal questionnaire response rates: an embedded randomised controlled trial.,F1000Research,2020,FALSE,,
10.12688/f1000research.22380.3,Phytochemical screening and antioxidant profiling of Sumatran wild mangoes ( <i>Mangifera</i> spp.): a potential source for medicine antidegenerative effects.,F1000Research,2020,FALSE,,
10.12688/f1000research.22390.2,Visualizing highly cited scientific output of Indian physiotherapists: A bibliometric study.,F1000Research,2020,FALSE,,
10.12688/f1000research.22400.2,Ribosome profiling of HEK293T cells overexpressing codon optimized coagulation factor IX.,F1000Research,2020,FALSE,,
10.12688/f1000research.22409.1,Combinations of propolis and Ca(OH)2 in dental pulp capping treatment for the stimulation of reparative dentin formation in a rat model.,F1000Research,2020,FALSE,,
10.12688/f1000research.22411.1,Differences in total iron content at various altitudes of Amazonian Andes soil in Ecuador.,F1000Research,2020,FALSE,,
10.12688/f1000research.22440.1,Recent advances in understanding and managing chordomas: an update.,F1000Research,2020,FALSE,,
10.12688/f1000research.22499.3,The role of salivary contents and modern technologies in the remineralization of dental enamel: a narrative review.,F1000Research,2020,FALSE,,
10.12688/f1000research.22536.2,Correlation between salivary estrogen levels and oral epithelial cytokeratin 5 expression.,F1000Research,2020,FALSE,,
10.12688/f1000research.22562.2,"Length-weight relationships and condition factors of mullets  <i>Liza macrolepis</i> and  <i>Moolgarda engeli</i> (Pisces: Mugilidae) harvested from Lambada Lhok waters in Aceh Besar, Indonesia.",F1000Research,2020,FALSE,,
10.12688/f1000research.22594.3,Improved reperfusion following alternative surgical approach for experimental stroke in mice.,F1000Research,2020,FALSE,,
10.12688/f1000research.22600.2,Causality assessment of adverse events following immunization: the problem of multifactorial pathology.,F1000Research,2020,FALSE,,
10.12688/f1000research.22612.2,Controlled administration of cannabis to mitigate cannabis-attributable harm among recreational users: a quasi-experimental study in Germany.,F1000Research,2020,FALSE,,
10.12688/f1000research.22639.1,Accuracy of short tandem repeats genotyping tools in whole exome sequencing data.,F1000Research,2020,FALSE,,
10.12688/f1000research.22649.1,Vibration detection: its function and recent advances in medical applications.,F1000Research,2020,FALSE,,
10.12688/f1000research.22660.1,Serotypic distribution and antimicrobial resistance of <i>Streptococcus pneumoniae</i> in Chinese children under 5 years after the introduction of the 13-valent conjugate pneumococcal vaccine: protocol for a scoping review.,F1000Research,2020,FALSE,,
10.12688/f1000research.22662.1,New antipsychotic drugs for the treatment of agitation and psychosis in Alzheimer's disease: focus on brexpiprazole and pimavanserin.,F1000Research,2020,FALSE,,
10.12688/f1000research.22683.1,Updates in rare and not-so-rare complications of acromegaly: focus on respiratory function and quality of life in acromegaly.,F1000Research,2020,FALSE,,
10.12688/f1000research.22689.2,Host deficiency in ephrin-A1 inhibits breast cancer metastasis.,F1000Research,2020,FALSE,,
10.12688/f1000research.22767.2,"Burden of disease due to hip, knee, and unspecified osteoarthritis in the Peruvian social health insurance system (EsSalud), 2016.",F1000Research,2020,FALSE,,
10.12688/f1000research.22880.2,Post-stroke fatigue: a scoping review.,F1000Research,2020,FALSE,,
10.12688/f1000research.22922.1,Differences in the ratio of soil microbial biomass carbon (MBC) and soil organic carbon (SOC) at various altitudes of Hyperalic Alisol in the Amazon region of Ecuador.,F1000Research,2020,FALSE,,
10.12688/f1000research.22941.1,"Oral squamous cell carcinoma: metastasis, potentially associated malignant disorders, etiology and recent advancements in diagnosis.",F1000Research,2020,FALSE,,
10.12688/f1000research.22966.1,Phytochemical composition analysis and evaluation of <i>in vitro</i> medicinal properties and cytotoxicity of five wild weeds: A comparative study.,F1000Research,2020,FALSE,,
10.12688/f1000research.22977.3,"Effect of different biofloc starters on ammonia, nitrate, and nitrite concentrations in the cultured tilapia <i>Oreochromis niloticus</i> system.",F1000Research,2020,FALSE,,
10.12688/f1000research.23120.1,Gender-based violence: Experiences from two tertiary care settings in Sri Lanka.,F1000Research,2020,FALSE,,
10.12688/f1000research.23154.2,A miRNA screen procedure identifies &lt;i&gt;garz&lt;/i&gt; as an essential factor in adult glia functions and validates &lt;i&gt;Drosophila&lt;/i&gt; as a beneficial 3Rs model to study glial functions and GBF1 biology.,F1000Research,2020,FALSE,,
10.12688/f1000research.23237.2,Case Report: Isolated Lingual Dystonia.,F1000Research,2020,FALSE,,
10.12688/f1000research.23246.5,The association of socio-demographic and environmental factors on childhood diarrhea in Cambodia.,F1000Research,2020,FALSE,,
10.12688/f1000research.23250.2,"Evaluation of antimicrobial, antioxidant and cytotoxic properties of bioactive compounds produced from endophytic fungi of Himalayan yew ( <i>Taxus wallichiana</i>) in Nepal.",F1000Research,2020,FALSE,,
10.12688/f1000research.23252.1,Workplace violence against security personnel at a university hospital in Egypt: a cross-sectional study.,F1000Research,2020,FALSE,,
10.12688/f1000research.23275.2,Gilles de la Tourette Syndrome: advice in the times of COVID-19.,F1000Research,2020,FALSE,,
10.12688/f1000research.23289.2,A non-fluorescent HaloTag blocker for improved measurement and visualization of protein synthesis in living cells.,F1000Research,2020,FALSE,,
10.12688/f1000research.23299.2,Turning up the heat on COVID-19: heat as a therapeutic intervention.,F1000Research,2020,FALSE,,
10.12688/f1000research.23383.1,The Benefits and Risks of Iron interventionS in Children (BRISC) trial: Statistical analysis plan.,F1000Research,2020,FALSE,,
10.12688/f1000research.23417.2,"Anti-retroviral therapy after ""Treat All"" in Harare, Zimbabwe: What are the changes in uptake, time to initiation and retention?",F1000Research,2020,FALSE,,
10.12688/f1000research.23471.2,Metformin improves FOXP3 mRNA expression through suppression of interferon gamma levels in pristane-induced murine models of lupus.,F1000Research,2020,FALSE,,
10.12688/f1000research.23524.3,Revisiting early-stage COVID-19 strategy options.,F1000Research,2020,FALSE,,
10.12688/f1000research.23580.2,Apolipoprotein E expression pattern in human induced pluripotent stem cells during <i>in vitro</i> neural induction.,F1000Research,2020,FALSE,,
10.12688/f1000research.23593.2,Evaluating adults' health-related values and preferences about unprocessed red meat and processed meat consumption: protocol for a cross-sectional mixed-methods study.,F1000Research,2020,FALSE,,
10.12688/f1000research.23598.2,Differential dynamics of early stages of platelet adhesion and spreading on collagen IV- and fibrinogen-coated surfaces.,F1000Research,2020,FALSE,,
10.12688/f1000research.23631.1,School closure in response to epidemic outbreaks: Systems-based logic model of downstream impacts.,F1000Research,2020,FALSE,,
10.12688/f1000research.23640.3,Access to treatment in prison: an inventory of medication preparation and distribution approaches.,F1000Research,2020,FALSE,,
10.12688/f1000research.23698.2,"Factors influencing the utilization of dental services in East Java, Indonesia.",F1000Research,2020,FALSE,,
10.12688/f1000research.23699.1,Notified dengue deaths in Myanmar (2017-18): profile and diagnosis delays.,F1000Research,2020,FALSE,,
10.12688/f1000research.23712.4,Eggshell membrane for DNA sexing of the endangered Maleo ( <i>Macrocephalon maleo</i>).,F1000Research,2020,FALSE,,
10.12688/f1000research.23713.2,A dataset for the perceived vulnerability to disease scale in Japan before the spread of COVID-19.,F1000Research,2020,FALSE,,
10.12688/f1000research.23737.1,Pilot study for the evaluation and adaptation of a Four Item-Acne-Scar Risk Assessment Tool (4-ASRAT): a resource to estimate the risk of acne-induced scars.,F1000Research,2020,FALSE,,
10.12688/f1000research.23740.2,"Morphological and genetic evaluation of the thumbprint emperor, <i>Lethrinus harak</i> (Forsskål, 1775) in the Pacific and Indian Oceans.",F1000Research,2020,FALSE,,
10.12688/f1000research.23764.2,Physical activity promotion in the age of climate change.,F1000Research,2020,FALSE,,
10.12688/f1000research.23775.2,Case Report: Non-microscopic surgical management of incomplete penile amputation.,F1000Research,2020,FALSE,,
10.12688/f1000research.23788.2,"Gut and intestinal biometrics of the giant trevally, <i>Caranx ignobilis,</i> fed an experimental diet with difference sources of activated charcoal.",F1000Research,2020,FALSE,,
10.12688/f1000research.23801.3,The effect of two clinical criteria in the assessment of caries lesions around restorations in children (CARDEC-03): study protocol for a diagnostic randomized clinical trial.,F1000Research,2020,FALSE,,
10.12688/f1000research.23843.1,A snapshot of the ongoing clinical research on COVID-19.,F1000Research,2020,FALSE,,
10.12688/f1000research.23847.2,Citations and metrics of journals discontinued from Scopus for publication concerns: the GhoS(t)copus Project.,F1000Research,2020,FALSE,,
10.12688/f1000research.23851.2,Influence of Workplace management initiatives on talent engagement in the Nigerian pharmaceutical industry.,F1000Research,2020,FALSE,,
10.12688/f1000research.23857.1,Trends and factors associated with long-acting reversible contraception in Kenya.,F1000Research,2020,FALSE,,
10.12688/f1000research.23998.1,Case Report: Can we differentiate mesothelioma from inflammatory pericardial constriction preoperatively?,F1000Research,2020,FALSE,,
10.12688/f1000research.24012.1,Measuring development assistance for health systems strengthening and health security: an analysis using the Creditor Reporting System database.,F1000Research,2020,FALSE,,
10.12688/f1000research.24031.2,"Bottled water brands are contaminated with multidrug resistant bacteria in Nairobi, Kenya.",F1000Research,2020,FALSE,,
10.12688/f1000research.24114.8,"Pesticide exposure and lung cancer risk: A case-control study in Nakhon Sawan, Thailand.",F1000Research,2020,FALSE,,
10.12688/f1000research.24119.2,Effects of paracetamol (acetaminophen) on gene expression and permeability properties of the rat placenta and fetal brain.,F1000Research,2020,FALSE,,
10.12688/f1000research.24143.1,<i>In silico</i> screening of known small molecules to bind ACE2 specific RBD on Spike glycoprotein of SARS-CoV-2 for repurposing against COVID-19.,F1000Research,2020,FALSE,,
10.12688/f1000research.24144.1,Measuring the outcome and impact of research capacity strengthening initiatives: A review of indicators used or described in the published and grey literature.,F1000Research,2020,FALSE,,
10.12688/f1000research.24218.1,Coronavirus disease 2019 drug discovery through molecular docking.,F1000Research,2020,FALSE,,
10.12688/f1000research.24230.2,Workplace exposure to carbon dioxide during routine laparoscopy - is it safe?,F1000Research,2020,FALSE,,
10.12688/f1000research.24279.2,Mid-level health providers for primary healthcare: a rapid evidence synthesis.,F1000Research,2020,FALSE,,
10.12688/f1000research.24321.3,"Mental health, sleep quality and quality of life in individuals with and without multiple health conditions during home quarantine in India due to the COVID-19 pandemic: a cross-sectional study.",F1000Research,2020,FALSE,,
10.12688/f1000research.24352.1,A conceptual framework for reopening our society during the Covid-19 pandemic.,F1000Research,2020,FALSE,,
10.12688/f1000research.24457.1,Epidemiology of mental health problems in COVID-19: a review.,F1000Research,2020,FALSE,,
10.12688/f1000research.24497.2,Future scenarios for the SARS-CoV-2 epidemic in Switzerland: an age-structured model.,F1000Research,2020,FALSE,,
10.12688/f1000research.24516.2,Breastfeeding assessment tools for at-risk and malnourished infants aged under 6 months old: a systematic review.,F1000Research,2020,FALSE,,
10.12688/f1000research.24640.1,Recent advances in urodynamics in women.,F1000Research,2020,FALSE,,
10.12688/f1000research.24651.2,<i>In vitro</i> efficacy of a copper iodine complex PPE disinfectant for SARS-CoV-2 inactivation.,F1000Research,2020,FALSE,,
10.12688/f1000research.24654.2,Investigating a novel multiplex proteomics technology for detection of changes in serum protein concentrations that may correlate to tumor burden.,F1000Research,2020,FALSE,,
10.12688/f1000research.24680.1,Isolation and characterization of a novel bacterial strain from a Tris-Acetate-Phosphate agar medium plate of the green micro-alga <i>Chlamydomonas reinhardtii</i> that can utilize common environmental pollutants as a carbon source.,F1000Research,2020,FALSE,,
10.12688/f1000research.24707.3,"Prevalence and factors associated with anemia among children under five years of age in Rombo district, Kilimanjaro region, Northern Tanzania.",F1000Research,2020,FALSE,,
10.12688/f1000research.24721.1,"Effect of sodium hypochlorite solution and gel with/without passive ultrasonic irrigation on <i>Enterococcus faecalis</i>, <i>Escherichia coli</i> and their endotoxins.",F1000Research,2020,FALSE,,
10.12688/f1000research.24794.2,Cyclic stroke mortality variations follow sunspot patterns.,F1000Research,2020,FALSE,,
10.12688/f1000research.24818.3,"β-lactamases <i>(bla <sub>TEM</sub>, bla <sub>SHV</sub>, bla <sub>CTXM-1</sub>, bla <sub>VEB</sub>, bla <sub>OXA-1</sub></i> ) and class C β-lactamases gene frequency in <i>Pseudomonas aeruginosa</i> isolated from various clinical specimens in Khartoum State, Sudan: a cross sectional study.",F1000Research,2020,FALSE,,
10.12688/f1000research.24854.2,"Detection of antifungal drug-resistant and <i>ERG11</i> gene mutations among clinical isolates of <i>Candida</i> species isolated from Khartoum, Sudan.",F1000Research,2020,FALSE,,
10.12688/f1000research.24866.1,Lifestyle and reproductive health: the aetiology of ovarian cancer in Pakistan.,F1000Research,2020,FALSE,,
10.12688/f1000research.24868.3,Stage 1 Registered Report: Anomalous perception in a Ganzfeld condition - A meta-analysis of more than 40 years investigation.,F1000Research,2020,FALSE,,
10.12688/f1000research.24872.1,Rational use of SARS-CoV-2 polymerase chain reaction tests within institutions caring for the vulnerable.,F1000Research,2020,FALSE,,
10.12688/f1000research.24927.1,Cardiorespiratory physiological perturbations after acute smoke-induced lung injury and during extracorporeal membrane oxygenation support in sheep.,F1000Research,2020,FALSE,,
10.12688/f1000research.25009.2,Immunohistochemical analysis of stem cells from human exfoliated deciduous teeth seeded in carbonate apatite scaffold for the alveolar bone defect in Wistar rats ( <i>Rattus novergicus</i>).,F1000Research,2020,FALSE,,
10.12688/f1000research.25011.2,Determinants of retention strategies and sustainable performance of academic staff of government-owned universities in Nigeria.,F1000Research,2020,FALSE,,
10.12688/f1000research.25019.2,H3S28P Antibody Staining of Okinawan  <i>Oikopleura dioica</i> Suggests the Presence of Three Chromosomes.,F1000Research,2020,FALSE,,
10.12688/f1000research.25073.1,"Relationship between neighbourhood cohesion and disability: findings from SWADES population-based survey, Kerala, India.",F1000Research,2020,FALSE,,
10.12688/f1000research.25097.1,Advances in methods for atomic resolution macromolecular structure determination.,F1000Research,2020,FALSE,,
10.12688/f1000research.25142.2,Anti- <i>c-myc</i> cholesterol based lipoplexes as onco-nanotherapeutic agents <i>in vitro</i>.,F1000Research,2020,FALSE,,
10.12688/f1000research.25148.2,"First draft genome assembly of the desert locust, <i>Schistocerca gregaria</i>.",F1000Research,2020,FALSE,,
10.12688/f1000research.25181.2,An assessment of the extent to which the contents of PROSPERO records meet the systematic review protocol reporting items in PRISMA-P.,F1000Research,2020,FALSE,,
10.12688/f1000research.25197.1,"Assessment of the phytochemical, antioxidant and antibacterial activities of <i>Heteromorpha arborescens</i> (Spreng.) Cham & Schltdl. leaf extracts.",F1000Research,2020,FALSE,,
10.12688/f1000research.25227.2,Estimating the impact of pneumococcal conjugate vaccines on childhood pneumonia in sub-Saharan Africa: A systematic review.,F1000Research,2020,FALSE,,
10.12688/f1000research.25247.2,Alleviative effects of Fara-darmani Consciousness Field on <i>Triticum aestivum</i> L. under salinity stress.,F1000Research,2020,FALSE,,
10.12688/f1000research.25247.4,Alleviative effects of Faradarmani Consciousness Field on &lt;i&gt;Triticum aestivum&lt;/i&gt; L. under salinity stress.,F1000Research,2020,FALSE,,
10.12688/f1000research.25260.2,Soluble nitrogen forms in sand soil of Pallag: a quantitative report.,F1000Research,2020,FALSE,,
10.12688/f1000research.25284.1,Isolation and characterization of a novel <i>Sphingobium yanoikuyae</i> strain variant that uses biohazardous saturated hydrocarbons and aromatic compounds as sole carbon sources.,F1000Research,2020,FALSE,,
10.12688/f1000research.25306.2,An assessment of the autism neuroimaging literature for the prospects of re-executability.,F1000Research,2020,FALSE,,
10.12688/f1000research.25354.1,"Comment on Lachenmeier <i>et al</i> (2020) ""Are side effects of cannabidiol (CBD) products caused by tetrahydrocannabinol (THC) contamination?"": disputation on various points in the publication.",F1000Research,2020,FALSE,,
10.12688/f1000research.25372.2,Optimising retention success: a research team's experience of following-up participants recruited to a pilot trial through community pharmacies in England.,F1000Research,2020,FALSE,,
10.12688/f1000research.25447.2,DEVILS: a tool for the visualization of large datasets with a high dynamic range.,F1000Research,2020,FALSE,,
10.12688/f1000research.25522.2,The impact of the COVID-19 pandemic on self-harm and suicidal behaviour: update of living systematic review.,F1000Research,2020,FALSE,,
10.12688/f1000research.25540.1,Population structure of <i>Salmonella enterica</i> serotype Mbandaka reveals similar virulence potential irrespective of source and phylogenomic stratification.,F1000Research,2020,FALSE,,
10.12688/f1000research.25552.1,Case Report: Ramipril and microscopic colitis; a necessary tool of cardiologists can rarely be devastating for patients.,F1000Research,2020,FALSE,,
10.12688/f1000research.25553.1,Green tea influence on iron overload in thalassemia intermedia patients: a randomized controlled trial.,F1000Research,2020,FALSE,,
10.12688/f1000research.25557.1,Coping strategies of students for anxiety during the COVID-19 pandemic in China: a cross-sectional study.,F1000Research,2020,FALSE,,
10.12688/f1000research.25593.1,"SARS-CoV-2 meta-interactome suggests disease-specific, autoimmune pathophysiologies and therapeutic targets.",F1000Research,2020,FALSE,,
10.12688/f1000research.25673.2,"A cross-sectional observational study investigating the association between sedges (swamp grasses, Cyperaceae) and the prevalence of immature malaria vectors in aquatic habitats along the shore of Lake Victoria, western Kenya.",F1000Research,2020,FALSE,,
10.12688/f1000research.25707.2,Alcohol consumption patterns among men who have sex with men in major cities of Myanmar: A cross-sectional study.,F1000Research,2020,FALSE,,
10.12688/f1000research.25750.1,RNA-Seq analysis of genes affected by Cyclophilin A/DIAGEOTROPICA (DGT) in tomato root development.,F1000Research,2020,FALSE,,
10.12688/f1000research.25753.1,The effects of touch-screen technology usage on hand skills among preschool children: a case-control study.,F1000Research,2020,FALSE,,
10.12688/f1000research.25769.3,The effect of non-pharmacologic strategies on prevention or management of intensive care unit delirium: a systematic review.,F1000Research,2020,FALSE,,
10.12688/f1000research.25798.2,Characterization of buccal cell DNA after exposure to azo compounds: a cross-sectional study.,F1000Research,2020,FALSE,,
10.12688/f1000research.25803.2,Using triallelic SNPs for determining parentage in North American yak ( &lt;i&gt;Bos grunniens&lt;/i&gt;) and estimating cattle ( &lt;i&gt;B. taurus&lt;/i&gt;) introgression.,F1000Research,2020,FALSE,,
10.12688/f1000research.25832.4,"Translation, validity and reliability of the Danish version of the Adolescent Insomnia Questionnaire.",F1000Research,2020,FALSE,,
10.12688/f1000research.25853.2,Impact of sin taxes on consumption volumes of sweetened beverages and soft drinks in Saudi Arabia.,F1000Research,2020,FALSE,,
10.12688/f1000research.25891.1,Nurse practitioners and physician assistants working in ambulance care: A systematic review.,F1000Research,2020,FALSE,,
10.12688/f1000research.25907.1,The enforcement of statewide mask wearing mandates to prevent COVID-19 in the US: an overview.,F1000Research,2020,FALSE,,
10.12688/f1000research.25926.1,The ameliorative effect of atorvastatin on serum testosterone and testicular oxidant/antioxidant system of HFD-fed male albino rats.,F1000Research,2020,FALSE,,
10.12688/f1000research.26045.2,Evidence for adverse effects of cannabidiol (CBD) products and their non-conformity on the European food market - response to the European Industrial Hemp Association.,F1000Research,2020,FALSE,,
10.12688/f1000research.26249.2,"The causal model of health literacy and health behavior for obesity prevention among primary school students in Bangkok, Thailand.",F1000Research,2020,FALSE,,
10.12688/f1000research.26254.2,Multi-parametric characterization of drug effects on cells.,F1000Research,2020,FALSE,,
10.12688/f1000research.26278.1,"Nutritional value of the Middle Eastern diet: analysis of total sugar, salt, and iron in Lebanese traditional dishes.",F1000Research,2020,FALSE,,
10.12688/f1000research.26281.3,Road traffic injuries in Nepal during COVID-19 lockdown.,F1000Research,2020,FALSE,,
10.12688/f1000research.26347.2,TicTimer Web: software for measuring tic suppression remotely.,F1000Research,2020,FALSE,,
10.12688/f1000research.26368.3,"A multidimensional quality model: an opportunity for patients, their kin, healthcare providers and professionals to coproduce health.",F1000Research,2020,FALSE,,
10.12688/f1000research.26369.3,"ecoSound-web: an open-source, online platform for ecoacoustics.",F1000Research,2020,FALSE,,
10.12688/f1000research.26371.3,Perceived stress and generalized anxiety in the Indian population due to lockdown during the COVID-19 pandemic: a cross-sectional study.,F1000Research,2020,FALSE,,
10.12688/f1000research.26398.1,"The evaluation of feeding, mortality and oviposition of poultry red mite ( &lt;i&gt;Dermanyssus gallinae&lt;/i&gt;) on aging hens using a high welfare on-hen feeding device.",F1000Research,2020,FALSE,,
10.12688/f1000research.26464.2,First report on molecular identification of &lt;i&gt;Fusarium&lt;/i&gt; species causing fruit rot of mandarin ( &lt;i&gt;Citrus reticulata&lt;/i&gt;) in Bangladesh.,F1000Research,2020,FALSE,,
10.12688/f1000research.26523.2,Adverse events following measles-mumps-rubella-varicella vaccine: an independent perspective on Italian pharmacovigilance data.,F1000Research,2020,FALSE,,
10.12688/f1000research.26594.1,"Improving open and rigorous science: ten key future research opportunities related to rigor, reproducibility, and transparency in scientific research.",F1000Research,2020,FALSE,,
10.12688/f1000research.26599.2,"Effectiveness of 36 hospital learning centers in Thailand: continuation of child patient education, parent attitudes toward child's illness and service satisfaction.",F1000Research,2020,FALSE,,
10.12688/f1000research.26632.1,"Glibenclamide, ATP and metformin increases the expression of human bile salt export pump ABCB11.",F1000Research,2020,FALSE,,
10.12688/f1000research.26659.1,Cloning of human <i>ABCB11 g</i>ene in <i>E</i>. <i>coli</i> required the removal of an intragenic Pribnow-Schaller Box before it's Insertion into genomic safe harbor AAVS1 site using CRISPR-Cas9.,F1000Research,2020,FALSE,,
10.12688/f1000research.26707.2,The worldwide clinical trial research response to the COVID-19 pandemic - the first 100 days.,F1000Research,2020,FALSE,,
10.12688/f1000research.26756.2,Characterization of sulfated polysaccharide activity against virulent <i>Plasmodium falciparum</i> PHISTb/RLP1 protein.,F1000Research,2020,FALSE,,
10.12688/f1000research.26794.1,Protocol for a proof-of-concept observational study evaluating the potential utility and acceptability of a telemedicine solution for the post-anesthesia care unit.,F1000Research,2020,FALSE,,
10.12688/f1000research.26855.2,<i>In vitro</i> evaluation of the anti-diabetic potential of <i>Helichrysum petiolare</i> Hilliard & B.L. Burtt using HepG2 (C3A) and L6 cell lines.,F1000Research,2020,FALSE,,
10.12688/f1000research.26873.3,XENOBREAST Trial: A prospective study of xenografts establishment from surgical specimens of patients with triple negative or luminal b breast cancer.,F1000Research,2020,FALSE,,
10.12688/f1000research.26888.3,A new analysis approach for single nephron GFR in intravital microscopy of mice.,F1000Research,2020,FALSE,,
10.12688/f1000research.26975.1,The discounted value of human lives lost due to COVID-19 in France.,F1000Research,2020,FALSE,,
10.12688/f1000research.27019.1,Automated cell tracking using StarDist and TrackMate.,F1000Research,2020,FALSE,,
10.12688/f1000research.27036.2,"Supplementation of rice husk activated charcoal in feed and its effects on growth and histology of the stomach and intestines from giant trevally, <i>Caranx ignobilis</i>.",F1000Research,2020,FALSE,,
10.12688/f1000research.27057.1,Effect of herbicides on soil respiration: a case study conducted at Debrecen-Látókép Plant Cultivation Experimental Station.,F1000Research,2020,FALSE,,
10.12688/f1000research.27098.2,Evaluation of possible biological control of <i>Fusarium</i>  <i>concentricum</i> sp. using plant extracts and antagonistic species of microbes <i>in vitro</i>.,F1000Research,2020,FALSE,,
10.12688/f1000research.27123.2,"Aerobic, resistance, and mind-body exercise are equivalent to mitigate symptoms of depression in older adults: A systematic review and network meta-analysis of randomised controlled trials.",F1000Research,2020,FALSE,,
10.12688/f1000research.27129.2,Assessment of risk perception and risk communication regarding COVID-19 among healthcare providers: An explanatory sequential mixed-method study in Bangladesh.,F1000Research,2020,FALSE,,
10.12688/f1000research.27150.2,Development of a framework for the implementation of synchronous e-mental health: a protocol for a realist synthesis of systematic reviews.,F1000Research,2020,FALSE,,
10.12688/f1000research.27157.1,Climate change is a major stressor causing poor pregnancy outcomes and child development.,F1000Research,2020,FALSE,,
10.12688/f1000research.27186.1,The role of exogenous epidermal growth factor on Ki-67 proliferation marker expression in the submandibular salivary gland of albino rats receiving doxorubicin.,F1000Research,2020,FALSE,,
10.12688/f1000research.27189.3,Psychological burden of the COVID-19 pandemic and its associated factors among frontline doctors of Bangladesh: a cross-sectional study.,F1000Research,2020,FALSE,,
10.12688/f1000research.27284.2,What are the long-term symptoms and complications of COVID-19: a protocol for a living systematic review.,F1000Research,2020,FALSE,,
10.12688/f1000research.27345.3,Standardizing a unique renewable energy supply chain: the SURESC Model.,F1000Research,2020,FALSE,,
10.12688/f1000research.27372.2,Image analysis method for heterogeneity and porosity characterization of biomimetic hydrogels.,F1000Research,2020,FALSE,,
10.12688/f1000research.27393.3,Towards establishing extracellular vesicle-associated RNAs as biomarkers for HER2+ breast cancer.,F1000Research,2020,FALSE,,
10.12688/f1000research.27432.3,Psychological distress and quality of life following provision of vascular imaging results of the coronary and carotid arteries to asymptomatic adults: a scoping review protocol.,F1000Research,2020,FALSE,,
10.12688/f1000research.27434.3,Risk factors and experiences of prepartum depression in urban- low-income settlement Nairobi Kenya: a mixed-method study.,F1000Research,2020,FALSE,,
10.12688/f1000research.27495.2,A dataset for the analysis of antibody response to glycan alpha-Gal in individuals with immune-mediated disorders.,F1000Research,2020,FALSE,,
10.12688/f1000research.27497.1,From research to rapid response: mass COVID-19 testing by volunteers at the Centre for Genomic Regulation.,F1000Research,2020,FALSE,,
10.12688/f1000research.27500.2,The need for standardisation in life science research - an approach to excellence and trust.,F1000Research,2020,FALSE,,
10.12688/f1000research.27502.2,"Inter-site and interpersonal diversity of salivary and tongue microbiomes, and the effect of oral care tablets.",F1000Research,2020,FALSE,,
10.12688/f1000research.27504.2,Isolation and primary culture of <i>Galleria mellonella</i> hemocytes for infection studies.,F1000Research,2020,FALSE,,
10.12688/f1000research.27544.2,Applications of GIS and geospatial analyses in COVID-19 research: A systematic review.,F1000Research,2020,FALSE,,
10.12688/f1000research.27657.2,"First report of <i>Serratia marcescens</i> associated with black rot of <i>Citrus sinensis</i> fruit <i>,</i> and evaluation of its biological control measures in Bangladesh.",F1000Research,2020,FALSE,,
10.12688/f1000research.27675.1,A simple adeno-associated virus-based approach for the generation of cardiac genetic models in rats.,F1000Research,2020,FALSE,,
10.12688/f1000research.27676.2,In silico prediction of structure and function for a large family of transmembrane proteins that includes human Tmem41b.,F1000Research,2020,FALSE,,
10.12688/f1000research.27894.2,A national survey of community rehabilitation service provision for people with long Covid in Scotland.,F1000Research,2020,FALSE,,
10.12688/f1000research.27999.2,Case Report: A rare presentation and diagnosis of gingival melanoacanthoma caused by teeth whitening strips: A Case Report.,F1000Research,2020,FALSE,,
10.12688/f1000research.26834.2,"Use of chicken feather meal fermented with <i>Bacillus subtilis</i> in diets to increase the digestive enzymes activity and nutrient digestibility of silver pompano <i>Trachinotus blochii</i> (Lacepede, 1801).",F1000Research,2021,FALSE,,
10.12688/f1000research.27349.1,"Characteristics, utilisation and influence of viewpoint articles from the Structured Operational Research and Training Initiative (SORT IT) - 2009-2020.",F1000Research,2021,FALSE,,
10.12688/f1000research.27422.3,The network structure of depressive symptomatology in Peruvian adults with arterial hypertension.,F1000Research,2021,FALSE,,
10.12688/f1000research.27461.1,Development of a Lebanese food exchange system based on frequently consumed Eastern Mediterranean traditional dishes and Arabic sweets.,F1000Research,2021,FALSE,,
10.12688/f1000research.27584.1,"Magnitude of parasitic infections and associated factors among pregnant women at health facilities in Hawassa, Southern Ethiopia.",F1000Research,2021,FALSE,,
10.12688/f1000research.27773.2,"Development of a computer-assisted instructional package for life skills to prevent risky sexual behaviors in early adolescents, Bangkok, Thailand.",F1000Research,2021,FALSE,,
10.12688/f1000research.27809.1,"IMPORTANCE trial: a provisional study-design of a single-center, phase II, double-blinded, placebo-controlled, randomized, 4-week study to compare the efficacy and safety of intranasal esketamine in chronic opioid refractory pain.",F1000Research,2021,FALSE,,
10.12688/f1000research.27835.2,A comparative study of red brick powder and lime as soft soil stabilizer.,F1000Research,2021,FALSE,,
10.12688/f1000research.27952.2,Cytotoxic T cells response with decreased CD4/CD8 ratio during mammary tumors inhibition in rats induced by non-contact electric fields.,F1000Research,2021,FALSE,,
10.12688/f1000research.28002.2,"Population characterization and parasitological assessment of the giant African snail ( <i>Achatina fulica</i>) in urban areas of Cartagena, Colombia.",F1000Research,2021,FALSE,,
10.12688/f1000research.28028.2,Quality improvement of saliva by chewing tapioca pearls in bubble tea drinks: a randomized experimental trial: (Study on salivary C-reactive protein (CRP) and calcium (Ca) levels).,F1000Research,2021,FALSE,,
10.12688/f1000research.28073.2,&lt;i&gt;o2geosocial&lt;/i&gt;: Reconstructing who-infected-whom from routinely collected surveillance data.,F1000Research,2021,FALSE,,
10.12688/f1000research.28074.3,Worldviews of science teachers in educational-technological context as a key factor in digitalization of teaching practices.,F1000Research,2021,FALSE,,
10.12688/f1000research.28105.4,Seroprevalence and characterisation of herpes simplex virus from human immunodeficiency virus in samples collected from two provinces in South Africa: a retrospective study.,F1000Research,2021,FALSE,,
10.12688/f1000research.28173.3,Faculty readiness for online teaching at Imam Abdulrahman Bin Faisal University during the COVID-19 crisis: a cross-sectional study.,F1000Research,2021,FALSE,,
10.12688/f1000research.28259.2,Growth and health status of <i>Pangasionodon hypophthalmus</i> reared under manipulated photoperiod conditions.,F1000Research,2021,FALSE,,
10.12688/f1000research.28260.2,Effectiveness of turmeric-enriched pellets to improve the immunity of <i>Clarias batrachus</i> toward motile <i>Aeromonas</i> septicemia disease.,F1000Research,2021,FALSE,,
10.12688/f1000research.28262.2,Effect of atorvastatin on subclinical atherosclerosis in virally-suppressed HIV-infected patients with CMV seropositivity: a randomized double-blind placebo-controlled trial.,F1000Research,2021,FALSE,,
10.12688/f1000research.28318.2,Local adaptation in populations of <i>Mycobacterium tuberculosis</i> endemic to the Indian Ocean Rim.,F1000Research,2021,FALSE,,
10.12688/f1000research.28324.3,The disconnect between researcher ambitions and reality in achieving impact in the Earth & Environmental Sciences - author survey.,F1000Research,2021,FALSE,,
10.12688/f1000research.28346.1,Association between metabolic syndrome components and the risk of developing nephrolithiasis: A systematic review and bayesian meta-analysis.,F1000Research,2021,FALSE,,
10.12688/f1000research.28375.4,"Acute effects of cigarette smoke on Endothelial Nitric Oxide synthase, vascular cell adhesion molecule 1 and aortic intima media thickness.",F1000Research,2021,FALSE,,
10.12688/f1000research.28450.1,Defining and validating regenerative farm systems using a composite of ranked agricultural practices.,F1000Research,2021,FALSE,,
10.12688/f1000research.28608.2,ASaiM-MT: a validated and optimized ASaiM workflow for metatranscriptomics analysis within Galaxy framework.,F1000Research,2021,FALSE,,
10.12688/f1000research.29991.4,"Molecular Detection of Sapovirus in Children Under Five Years with Acute Gastroenteritis in Mansoura, Egypt between January 2019 and February 2020.",F1000Research,2021,FALSE,,
10.12688/f1000research.31645.2,"The clinical impact of bacterial co-infection among moderate, severe and critically ill COVID-19 patients in the second referral hospital in Surabaya.",F1000Research,2021,FALSE,,
10.12688/f1000research.36705.2,Under-reported COVID-19 cases in South Asian countries.,F1000Research,2021,FALSE,,
10.12688/f1000research.38156.1,"Improved chromosome-level genome assembly and annotation of the seagrass, <i>Zostera marina</i> (eelgrass).",F1000Research,2021,FALSE,,
10.12688/f1000research.39214.2,A roadmap for the generation of benchmarking resources for antimicrobial resistance detection using next generation sequencing.,F1000Research,2021,FALSE,,
10.12688/f1000research.40666.1,"6th European Student Council Symposium (ESCS): overcoming obstacles to enhance virtuality, connectivity, inclusivity and community engagement.",F1000Research,2021,FALSE,,
10.12688/f1000research.40667.2,Zuotai (β-HgS)-containing 70 Wei Zhen-Zhu-Wan differs from mercury chloride and methylmercury on hepatic cytochrome P450 in mice.,F1000Research,2021,FALSE,,
10.12688/f1000research.47618.1,Using DHS and MICS data to complement or replace NGO baseline health data: an exploratory study.,F1000Research,2021,FALSE,,
10.12688/f1000research.49923.2,"Comparative cross-sectional assessment of knowledge, attitude and practice among university students and employees towards the use of the microbiology laboratory equipment.",F1000Research,2021,FALSE,,
10.12688/f1000research.50970.2,Estimating epidemiological and economic burden and community derived disability weights for snake bite in Kerala: a study protocol.,F1000Research,2021,FALSE,,
10.12688/f1000research.50977.1,Safe abortion services during the COVID -19 pandemic: a cross-sectional study from a tertiary center in Nepal.,F1000Research,2021,FALSE,,
10.12688/f1000research.51114.1,"The effect of morning versus evening administration of empagliflozin on its pharmacokinetics and pharmacodynamics characteristics in healthy adults: a two-way crossover, non-randomised trial.",F1000Research,2021,FALSE,,
10.12688/f1000research.51125.2,Mechanics of the Peripheral Auditory System: Foundations for Embodied Listening Using Dynamic Systems Theory and the Coupling Devices as a Metaphor.,F1000Research,2021,FALSE,,
10.12688/f1000research.51136.2,"Knowledge, attitude, and behaviours on diet, physical activity, and tobacco use among school students: A cross-sectional study in two Indian states.",F1000Research,2021,FALSE,,
10.12688/f1000research.51160.2,Current situation of vaccine injury compensation program and a future perspective in light of COVID-19 and emerging viral diseases.,F1000Research,2021,FALSE,,
10.12688/f1000research.51209.2,Efficacy and risk of sexual orientation change efforts: a retrospective analysis of 125 exposed men.,F1000Research,2021,FALSE,,
10.12688/f1000research.51219.3,"The effects of lactic acid bacteria and yeasts as probiotics on the growth performance, relative organ weight, blood parameters, and immune responses of broiler: A meta-analysis.",F1000Research,2021,FALSE,,
10.12688/f1000research.51297.2,Effect of snail mucus on angiogenesis during wound healing.,F1000Research,2021,FALSE,,
10.12688/f1000research.51339.2,Contextualizing adolescents' self-awareness of problematic mobile phone use: a preliminary study.,F1000Research,2021,FALSE,,
10.12688/f1000research.51358.1,The paradoxes of love in the Spanish family: a sociological approach.,F1000Research,2021,FALSE,,
10.12688/f1000research.51407.1,Case Report: A five-year follow up after pediatric renal transplantation using flow cytometry crossmatch and HLA immunophenotyping based on DNA for screening test.,F1000Research,2021,FALSE,,
10.12688/f1000research.51416.2,"Refining the content and design of an alcohol reduction app, &lt;i&gt;Drink Less&lt;/i&gt;, to improve its usability and effectiveness: a mixed methods approach.",F1000Research,2021,FALSE,,
10.12688/f1000research.51475.2,Brain structural abnormalities in six major psychiatric disorders: shared variation and network perspectives.,F1000Research,2021,FALSE,,
10.12688/f1000research.51490.2,The evidence for interventions in early childhood allergy prevention - towards a living systematic review: protocol.,F1000Research,2021,FALSE,,
10.12688/f1000research.51523.2,Analysing students' environmental awareness profile using strategic environmental assessment.,F1000Research,2021,FALSE,,
10.12688/f1000research.51541.1,Other ways of communicating the pandemic - memes and stickers against COVID-19: a systematic review.,F1000Research,2021,FALSE,,
10.12688/f1000research.51590.3,SARS-CoV-2 and the role of fomite transmission: a systematic review.,F1000Research,2021,FALSE,,
10.12688/f1000research.51592.2,SARS-CoV-2 and the role of orofecal transmission: a systematic review.,F1000Research,2021,FALSE,,
10.12688/f1000research.51613.2,A draft reference assembly of the <i>Psilocybe cubensis</i> genome.,F1000Research,2021,FALSE,,
10.12688/f1000research.51640.2,The <i>in vitro</i> direct mycobacterial growth inhibition assay (MGIA) for the early evaluation of TB vaccine candidates and assessment of protective immunity: a protocol for non-human primate cells.,F1000Research,2021,FALSE,,
10.12688/f1000research.51705.1,A TRIZ-driven conceptualisation of finger grip enhancer designs for the elderly.,F1000Research,2021,FALSE,,
10.12688/f1000research.51738.2,CODECHECK: an Open Science initiative for the independent execution of computations underlying research articles during peer review to improve reproducibility.,F1000Research,2021,FALSE,,
10.12688/f1000research.51752.2,A review of experimental models of focal cerebral ischemia focusing on the middle cerebral artery occlusion model.,F1000Research,2021,FALSE,,
10.12688/f1000research.51845.3,"Atypical odontalgia and trigeminal neuralgia: psychological, behavioral and psychopharmacological approach in a dental clinic - an overview of pathologies related to the challenging differential diagnosis in orofacial pain.",F1000Research,2021,FALSE,,
10.12688/f1000research.51865.2,From frustration to enlightenment: experiences of student exchange program awardees in Taiwan.,F1000Research,2021,FALSE,,
10.12688/f1000research.51900.2,ContactJ: Characterization of lipid droplet-mitochondrial contacts using fluorescence microscopy and image analysis.,F1000Research,2021,FALSE,,
10.12688/f1000research.51924.1,"Association between depression, anxiety, stress and perceived quality of life in a Malaysian B40 urban community during the COVID-19 lockdown: A cross-sectional study.",F1000Research,2021,FALSE,,
10.12688/f1000research.51927.2,Case Report: Polyvinylpyrrolidone deposition disease from repeated injection of opioid substitution drugs: report of a case with a fatal outcome.,F1000Research,2021,FALSE,,
10.12688/f1000research.51936.1,"Health-Related Quality Of Life, Uncertainty, ‎and Anxiety among Patients with Chronic Obstructive Pulmonary Disease.",F1000Research,2021,FALSE,,
10.12688/f1000research.51947.1,Receptiveness to participating in cannabis research in pregnancy: a survey study at The Ottawa Hospital.,F1000Research,2021,FALSE,,
10.12688/f1000research.51964.2,Pre-notification and personalisation of text messages to increase questionnaire completion in a smoking cessation pregnancy RCT: an embedded randomised factorial trial.,F1000Research,2021,FALSE,,
10.12688/f1000research.51969.2,Regular antenatal care visits were associated with low risk of low birth weight among newborns in Rwanda: Evidence from the 2014/2015 Rwanda Demographic Health Survey (RDHS) Data.,F1000Research,2021,FALSE,,
10.12688/f1000research.52025.2,"Local attributable burden disease to PM <sub>2.5</sub> ambient air pollution in Medellín, Colombia, 2010-2016.",F1000Research,2021,FALSE,,
10.12688/f1000research.52031.1,Optical coherence tomography's current clinical medical and dental applications: a review.,F1000Research,2021,FALSE,,
10.12688/f1000research.52051.2,"Medical students' relative immunity, or lack thereof, against COVID-19 emotional distress and psychological challenges; a descriptive study from Jordan.",F1000Research,2021,FALSE,,
10.12688/f1000research.52086.4,Study of Antibodies to Cytolethal Distending Toxin B (CdtB) and Antibodies to Vinculin in Patients with Irritable Bowel Syndrome.,F1000Research,2021,FALSE,,
10.12688/f1000research.52089.2,"A public health intervention package for increasing tuberculosis notifications from private practitioners in Bandung, Indonesia (INSTEP2): A cluster-randomised controlled trial protocol.",F1000Research,2021,FALSE,,
10.12688/f1000research.52097.1,The city emptied and the homes and hospitals turned into 'the world'. A sociological approach.,F1000Research,2021,FALSE,,
10.12688/f1000research.52168.2,Identification of potential inhibitors of SARS-CoV-2 S protein-ACE2 interaction by <i>in silico</i> drug repurposing.,F1000Research,2021,FALSE,,
10.12688/f1000research.52178.1,Multi-modality detection of SARS-CoV-2 in faecal donor samples for transplantation and in asymptomatic emergency surgical admissions.,F1000Research,2021,FALSE,,
10.12688/f1000research.52204.2,Data management challenges for artificial intelligence in plant and agricultural research.,F1000Research,2021,FALSE,,
10.12688/f1000research.52216.1,Global prevalence of prolonged gastrointestinal symptoms in COVID-19 survivors and potential pathogenesis: A systematic review and meta-analysis.,F1000Research,2021,FALSE,,
10.12688/f1000research.52226.3,Exploring the growth process of successors in long-lived small and medium-sized manufacturing companies: a qualitative study.,F1000Research,2021,FALSE,,
10.12688/f1000research.52266.3,The Discrepancy between Clove and Non-Clove Cigarette Smoke-Promoted <i>Candida albicans</i> Biofilm Formation with Precoating RNA-aptamer.,F1000Research,2021,FALSE,,
10.12688/f1000research.52288.4,Psychometric Evaluation of the Thai Version of the Burdened Caregiver Scale for Schizophrenia and Co-occurring Methamphetamine Use: A Pilot Study.,F1000Research,2021,FALSE,,
10.12688/f1000research.52297.1,Interprofessional diabetes and oral health management: what do primary healthcare professionals think?,F1000Research,2021,FALSE,,
10.12688/f1000research.52392.2,Public perception of NHS general practice during the first six months of the COVID-19 pandemic in England.,F1000Research,2021,FALSE,,
10.12688/f1000research.52394.3,<i>Ocimum basilicum</i> (kemangi) intervention on powder and microencapsulated  <i>Spirulina platensis</i> and its bioactive molecules.,F1000Research,2021,FALSE,,
10.12688/f1000research.52403.2,A predictive model for daily cumulative COVID-19 cases in Ghana.,F1000Research,2021,FALSE,,
10.12688/f1000research.52412.2,A signaling pathway-driven bioinformatics pipeline for predicting therapeutics against emerging infectious diseases.,F1000Research,2021,FALSE,,
10.12688/f1000research.52433.3,"Photophysical study and <i>in vitro</i> approach against <i>Leishmania panamensis</i> of dicloro-5,10,15,20-tetrakis(4-bromophenyl)porphyrinato Sn(IV).",F1000Research,2021,FALSE,,
10.12688/f1000research.52439.3,SARS-CoV-2 and the role of close contact in transmission: a systematic review.,F1000Research,2021,FALSE,,
10.12688/f1000research.52512.2,Health professionals' attitudes toward religiosity and spirituality: a NERSH Data Pool based on 23 surveys from six continents.,F1000Research,2021,FALSE,,
10.12688/f1000research.52532.1,Social groupwork for promoting psychological well-being of adolescents enrolled in sponsorship programs.,F1000Research,2021,FALSE,,
10.12688/f1000research.52535.2,COVID-19 lockdown and lifestyles: A narrative review.,F1000Research,2021,FALSE,,
10.12688/f1000research.52607.2,Entry of antiepileptic drugs (valproate and lamotrigine) into the developing rat brain.,F1000Research,2021,FALSE,,
10.12688/f1000research.52613.2,"Nutrient loading and farm characteristics of giant gourami fish aquaculture systems in Lake Maninjau, Indonesia: basic knowledge of production performance.",F1000Research,2021,FALSE,,
10.12688/f1000research.52624.2,Association of subgingival Epstein-Barr virus and periodontitis.,F1000Research,2021,FALSE,,
10.12688/f1000research.52634.2,"Effect of blending ratio of wheat, orange fleshed sweet potato and haricot bean flour on proximate compositions, β-carotene, physicochemical properties and sensory acceptability of biscuits'.",F1000Research,2021,FALSE,,
10.12688/f1000research.52640.3,Fermented medicinal herbs improve hematological and physiological profile of Striped catfish <i>(Pangasi</i><i>anodon</i><i>hypophthalmus)</i>.,F1000Research,2021,FALSE,,
10.12688/f1000research.52692.2,"General public awareness, knowledge and attitude toward COVID-19 infection and prevention: a cross-sectional study from Pakistan.",F1000Research,2021,FALSE,,
10.12688/f1000research.52743.1,Factors in an Auto-Brewery Syndrome group compared to an American Gut Project group: a case-control study.,F1000Research,2021,FALSE,,
10.12688/f1000research.52749.1,"Pulmonary function parameters among marble industry workers in Lahore, Pakistan.",F1000Research,2021,FALSE,,
10.12688/f1000research.52769.3,Cost and pollution by the use of xylene in cervical cytology in four Peruvian hospitals.,F1000Research,2021,FALSE,,
10.12688/f1000research.52779.2,The post-pandemic era: will physical distancing be a perceived way of life?,F1000Research,2021,FALSE,,
10.12688/f1000research.52836.2,A simple optical pH sensor based on pectin and <i>Ruellia tuberosa</i> L-derived anthocyanin for fish freshness monitoring.,F1000Research,2021,FALSE,,
10.12688/f1000research.52889.2,"<i>Boesenbergia pandurata</i> application in Goldfish ( <i>Cyprinus carpio</i>) Feed to Enhancing Fish Growth, Immunity System, and Resistance to Bacterial Infection.",F1000Research,2021,FALSE,,
10.12688/f1000research.52932.4,"Transfer of maternal immunity using a polyvalent vaccine and offspring protection in Nile tilapia, &lt;i&gt;Oreochromis niloticus&lt;/i&gt;.",F1000Research,2021,FALSE,,
10.12688/f1000research.52957.3,Qualitative analysis of first-person accounts of noetic experiences.,F1000Research,2021,FALSE,,
10.12688/f1000research.52997.2,"Development, validation and reliability of a questionnaire for assessment of physician's knowledge, attitude and practices (KAPs) regarding foodborne diseases in the Kingdom of Saudi Arabia.",F1000Research,2021,FALSE,,
10.12688/f1000research.53221.3,"Molecular Epidemiological Surveillance of CTX-M-15-producing Klebsiella pneumoniae from the patients of a teaching hospital in Sindh, Pakistan.",F1000Research,2021,FALSE,,
10.12688/f1000research.53230.2,"Characterization of a novel variant in the HR1 domain of &lt;i&gt;MFN2&lt;/i&gt; in a patient with ataxia, optic atrophy and sensorineural hearing loss.",F1000Research,2021,FALSE,,
10.12688/f1000research.53235.3,"The role of single nucleotide polymorphisms of <i>IL-1A</i> -889C>T (rs1800587), <i>TNF-A</i> -238G>A (rs361525), and <i>VDR TaqI</i> (rs731236) on susceptibility to herniated nucleus pulposus: a systematic review and meta-analysis.",F1000Research,2021,FALSE,,
10.12688/f1000research.53257.3,"Pesticide exposure and rhinitis: A cross-sectional study among farmers in Pitsanulok, Thailand.",F1000Research,2021,FALSE,,
10.12688/f1000research.53275.3,Fluoxetine pharmacokinetics and tissue distribution quantitatively supports a therapeutic role in COVID-19 at a minimum dose of 20 mg per day.,F1000Research,2021,FALSE,,
10.12688/f1000research.53276.2,"Depression among pet owners and non-pet owners: a comparative cross-sectional study in Dhaka, Bangladesh.",F1000Research,2021,FALSE,,
10.12688/f1000research.53317.1,Risk and protective factors of relapse in patients with first-episode schizophrenia from perspectives of health professionals: a qualitative study in northeastern Thailand.,F1000Research,2021,FALSE,,
10.12688/f1000research.53364.1,"Comparison of two multiplexed technologies for profiling >1,000 serum proteins that may associate with tumor burden.",F1000Research,2021,FALSE,,
10.12688/f1000research.53467.2,Whole genome sequencing of colonies derived from cannabis flowers and the impact of media selection on benchmarking total yeast and mold detection tools.,F1000Research,2021,FALSE,,
10.12688/f1000research.53541.2,Detection of herpes simplex virus 2: a SYBR-Green-based real-time PCR assay.,F1000Research,2021,FALSE,,
10.12688/f1000research.53595.3,"Andrographolide, isolated from <i>Andrographis paniculata</i><i>,</i> induces apoptosis in monocytic leukemia and multiple myeloma cells via augmentation of reactive oxygen species production.",F1000Research,2021,FALSE,,
10.12688/f1000research.53682.3,"Frequency of parasitic infections in &lt;i&gt;Arachishypogaea L&lt;/i&gt; (groundnuts), &lt;i&gt;Citrulluslanatus&lt;/i&gt; seeds (watermelon seeds), and &lt;i&gt;Ziziphusspina-christi&lt;/i&gt; (nabag) sold by street vendors in Khartoum State, Sudan: a cross-sectional study.",F1000Research,2021,FALSE,,
10.12688/f1000research.53689.3,"Factors associated with knowledge, attitudes and preventive practices towards COVID-19 in health care professionals in Lima, Peru.",F1000Research,2021,FALSE,,
10.12688/f1000research.53705.2,"Modeling individual development plans, mentoring support, and career preparedness relationships among Doctor of Philosophy (Ph.D.) trainees in the life sciences.",F1000Research,2021,FALSE,,
10.12688/f1000research.53713.1,"Preventive effect of <i>Nigella sativa</i> on M1/M2 ratio, reducing risk of endothelial dysfunction in cigarette smoked Wistars.",F1000Research,2021,FALSE,,
10.12688/f1000research.53737.2,Silencing of Carboxypeptidase E expression inhibits proliferation and invasion of Panc-1 pancreatic cancer cells.,F1000Research,2021,FALSE,,
10.12688/f1000research.53760.2,"Reproductive characteristics of the giant gurami sago strain ( <i>Osphronemus goramy</i> Lacepède, 1801): basic knowledge for a future hatchery development strategy.",F1000Research,2021,FALSE,,
10.12688/f1000research.53779.2,"Isolation and characterization of a heavy metal- and antibiotic-tolerant novel bacterial strain from a contaminated culture plate of <i>Chlamydomonas reinhardtii</i>, a green micro-alga.",F1000Research,2021,FALSE,,
10.12688/f1000research.53823.2,Obesity correlated to a higher risk of acquiring periodontitis: a cross-sectional study.,F1000Research,2021,FALSE,,
10.12688/f1000research.53863.1,Residues of tetracyclines and β-lactams antibiotics induce carbonylation of chicken breast.,F1000Research,2021,FALSE,,
10.12688/f1000research.53891.1,Chronic exposure to ∆ <sup>9</sup>-tetrahydrocannabinol in adolescence decreases social play behaviours.,F1000Research,2021,FALSE,,
10.12688/f1000research.53904.2,Sleep quality among undergraduate students of a medical college in Nepal during COVID-19 pandemic: an online survey.,F1000Research,2021,FALSE,,
10.12688/f1000research.53931.1,Self-reported COVID-19 among physicians: An Egyptian online study during the pandemic.,F1000Research,2021,FALSE,,
10.12688/f1000research.53946.4,Preliminary Evidence of Human &lt;i&gt;Plasmodium&lt;/i&gt; in Domestic Animals from a Malaria-Endemic Region in Indonesia.,F1000Research,2021,FALSE,,
10.12688/f1000research.54196.2,"Essential oil of <i>Cymbopogon martini</i>, source of geraniol, as a potential antibacterial agent against <i>Bacillus subtilis,</i> a pathogen of the bakery industry.",F1000Research,2021,FALSE,,
10.12688/f1000research.54254.3,The effect of ingestion of red dragon fruit extract on levels of malondialdehyde and superoxide dismutase after strenuous exercise in rats ( &lt;i&gt;Rattus norvegicus&lt;/i&gt;).,F1000Research,2021,FALSE,,
10.12688/f1000research.54306.2,"Toxin-like peptides in plasma, urine and faecal samples from COVID-19 patients.",F1000Research,2021,FALSE,,
10.12688/f1000research.54327.2,Psychological and clinical-epidemiological profile of poisoning in Nepal: an institutional experience.,F1000Research,2021,FALSE,,
10.12688/f1000research.54362.1,Integrating evidence-based interventions in clinical settings in Jordan: a policy brief.,F1000Research,2021,FALSE,,
10.12688/f1000research.54410.4,An outbreak of Salmonella Enteritidis food poisoning following consumption of chicken shawarma: A brief epidemiological investigation.,F1000Research,2021,FALSE,,
10.12688/f1000research.54437.2,Autism spectrum disorder in architecture perspective: a review of the literature and bibliometric assessment of research indexed in Web of Science.,F1000Research,2021,FALSE,,
10.12688/f1000research.54445.2,"Accumulation of essential (copper, iron, zinc) and non-essential (lead, cadmium) heavy metals in Caulerpa racemosa, sea water, and marine sediments of Bintan Island, Indonesia.",F1000Research,2021,FALSE,,
10.12688/f1000research.54463.2,Conceptual design of smart multi-farm produce dehydrator using a low-cost programmable logic controller and raspberry pi.,F1000Research,2021,FALSE,,
10.12688/f1000research.54501.1,Pulsed administration for physiological estrogen replacement in mice.,F1000Research,2021,FALSE,,
10.12688/f1000research.54661.2,Marine plant mediated green synthesis of silver nanoparticles using mangrove <i>Rhizophora</i> <i>stylosa</i>: Effect of variable process and their antibacterial activity.,F1000Research,2021,FALSE,,
10.12688/f1000research.54818.2,Association between media use and poor sleep quality among senior high school students: a cross-sectional study.,F1000Research,2021,FALSE,,
10.12688/f1000research.54855.1,Case Report: A giant fecaloma revealed by severe aspiration pneumonia and urinary retention.,F1000Research,2021,FALSE,,
10.12688/f1000research.54862.3,Environmental perceptions of global business travel by Swiss companies in the Zurich airport region.,F1000Research,2021,FALSE,,
10.12688/f1000research.54887.7,"Evaluation of clinical, histological, TNF-α, and collagen expressions on oral ulcer in rats after treatment with &lt;i&gt;Areca catechu&lt;/i&gt; L. nut and &lt;i&gt;Dendranthema grandiflora&lt;/i&gt; oral gel.",F1000Research,2021,FALSE,,
10.12688/f1000research.54952.2,"Sea grapes extract improves blood glucose, total cholesterol, and PGC-1α in rats fed on cholesterol- and fat-enriched diet.",F1000Research,2021,FALSE,,
10.12688/f1000research.55140.1,An &lt;i&gt;in vitro&lt;/i&gt; model for the cultivation of polymicrobial biofilms under continuous-flow conditions.,F1000Research,2021,FALSE,,
10.12688/f1000research.55166.2,Presentation of cytokine profile in relation to oxidative stress parameters in patients with severe COVID-19: a case-control pilot study.,F1000Research,2021,FALSE,,
10.12688/f1000research.55204.1,Prevalence and determinants of contraception use in Pakistan: trend analysis from the Pakistan Demographic and Health Surveys (PDHS) dataset from 1990 to 2018.,F1000Research,2021,FALSE,,
10.12688/f1000research.55269.5,Factors associated with inadequate urinary iodine concentration among pregnant women in Mbeya region Tanzania.,F1000Research,2021,FALSE,,
10.12688/f1000research.55312.2,"Risk factors, hematological and biochemical profile associated with colic in Delman horses in Gresik, Indonesia.",F1000Research,2021,FALSE,,
10.12688/f1000research.55324.2,"The Wessex Fit-4-Cancer Surgery Trial (WesFit): a protocol for a factorial-design, pragmatic randomised-controlled trial investigating the effects of a multi-modal prehabilitation programme in patients undergoing elective major intra-cavity cancer surgery.",F1000Research,2021,FALSE,,
10.12688/f1000research.55332.4,Prevalence of oral manifestations in patients with lupus erythematosus in a sample of the Egyptian population: a hospital based cross-sectional study.,F1000Research,2021,FALSE,,
10.12688/f1000research.55351.4,Hypoxic Preconditioning Promotes Survival of Human Adipose Derived Mesenchymal Stem Cell.,F1000Research,2021,FALSE,,
10.12688/f1000research.55385.1,The potential of lunasin extract for the prevention of breast cancer progression by upregulating E-Cadherin and inhibiting ICAM-1.,F1000Research,2021,FALSE,,
10.12688/f1000research.55398.2,The Correlation between Enjoying Fictional Narratives and Empathy in Japanese Hikikomori.,F1000Research,2021,FALSE,,
10.12688/f1000research.55502.3,Association of smoking status with hospitalisation for COVID-19 compared with other respiratory viruses a year previous: a case-control study at a single UK National Health Service trust.,F1000Research,2021,FALSE,,
10.12688/f1000research.55519.2,Culling and mortality of dairy cows: why it happens and how it can be mitigated.,F1000Research,2021,FALSE,,
10.12688/f1000research.55546.2,Japanese sound-symbolic words in global contexts: from translation to hybridization.,F1000Research,2021,FALSE,,
10.12688/f1000research.55552.2,COVID19 vaccination choice among Iraqi students at Al-Zahraa University for women.,F1000Research,2021,FALSE,,
10.12688/f1000research.55556.1,Evaluation of the effect of soft drinks on the surface roughness of dental enamel in natural human teeth.,F1000Research,2021,FALSE,,
10.12688/f1000research.55573.1,Medicinal properties of <i>Morus alba</i> for the control of type 2 diabetes mellitus: a systematic review.,F1000Research,2021,FALSE,,
10.12688/f1000research.70643.1,"Horticultural therapy, nutrition and post-traumatic stress disorder in post-military veterans: developing non-pharmaceutical interventions to complement existing therapeutic approaches.",F1000Research,2021,FALSE,,
10.12688/f1000research.70644.1,Molecular characterization and genetic diversity of four undescribed novel oleaginous <i>Mortierella alpina</i> strains from Libya.,F1000Research,2021,FALSE,,
10.12688/f1000research.70650.3,Lightning Behaviour during the COVID-19 Pandemic.,F1000Research,2021,FALSE,,
10.12688/f1000research.70655.3,Factors related to depression in older adults during the COVID-19 pandemic in two coastal regions of Peru: An analytical cross-sectional study.,F1000Research,2021,FALSE,,
10.12688/f1000research.72761.2,Playing Edcraft at Home: Gamified Online Learning for Recycling Intention during Lockdown.,F1000Research,2021,FALSE,,
10.12688/f1000research.72824.2,Status of self-esteem in medical students at a college in Kathmandu: A descriptive cross-sectional study.,F1000Research,2021,FALSE,,
10.12688/f1000research.72845.1,"Methods to measure calcitonin receptor activity, up-regulated in cell stress, apoptosis and autophagy.",F1000Research,2021,FALSE,,
10.12688/f1000research.72914.2,"Seroprevalence and risk factors of SARS-CoV-2 infection in an urban informal settlement in Nairobi, Kenya, December 2020.",F1000Research,2021,FALSE,,
10.12688/f1000research.72961.2,Case Report: A digital workflow in the treatment of bruxism in a young patient.,F1000Research,2021,FALSE,,
10.12688/f1000research.72971.2,A grammatico-pragmatic analysis of the  <i>because</i> X construction: Private expression within public expression.,F1000Research,2021,FALSE,,
10.12688/f1000research.72976.2,COVID-19 impact: Customised economic stimulus package recommender system using machine learning techniques.,F1000Research,2021,FALSE,,
10.12688/f1000research.72982.2,Effects of 3% binahong ( <i>Anredera cordifolia</i>) leaf extract gel on alveolar bone healing in post-extraction tooth socket wound in Wistar rats ( <i>Rattus norvegicus</i>).,F1000Research,2021,FALSE,,
10.12688/f1000research.73005.2,Protocol for a cross-sectional study on factors affecting health-related quality of life among Afghan refugees in Pakistan.,F1000Research,2021,FALSE,,
10.12688/f1000research.73014.3,Online food delivery services: cross-sectional study of consumers' attitude in Malaysia during and after the COVID-19 pandemic.,F1000Research,2021,FALSE,,
10.12688/f1000research.73017.2,Thermal comfort optimization through bioclimatic design in Mediterranean cities.,F1000Research,2021,FALSE,,
10.12688/f1000research.73054.3,The association between FOXO3a rs4946936 gene polymorphism and the levels of FOXO3a among chronic granulocytic leukemia patients treated with imatinib mesylate.,F1000Research,2021,FALSE,,
10.12688/f1000research.73115.2,Skin swabbing protocol to collect DNA samples from small-bodied fish species.,F1000Research,2021,FALSE,,
10.12688/f1000research.73130.1,Quantifying endothelial cell proliferation in the zebrafish embryo.,F1000Research,2021,FALSE,,
10.12688/f1000research.73231.3,The legal implications of prenatal diagnosis in Malaysia.,F1000Research,2021,FALSE,,
10.12688/f1000research.73248.2,"Perceived risk and condomless sex practice with commercial and non-commercial sexual partners of male migrant sex workers in London, UK.",F1000Research,2021,FALSE,,
10.12688/f1000research.73272.4,Green synthesis and characterization of zinc oxide nanoparticles using bush tea ( <i>Athrixia phylicoides</i> DC) natural extract: assessment of the synthesis process.,F1000Research,2021,FALSE,,
10.12688/f1000research.73373.2,Sustainable business model for local council's smart city initiatives: a systematic literature review.,F1000Research,2021,FALSE,,
10.12688/f1000research.73470.2,"The Ideal Diet for Humans to Sustainably Feed the Growing Population - Review, Meta-Analyses, and Policies for Change.",F1000Research,2021,FALSE,,
10.12688/f1000research.73496.3,"The knowledge, attitude, and practice towards coronavirus disease (COVID-19) among scuba divers in Saudi Arabia: A cross-sectional study.",F1000Research,2021,FALSE,,
10.12688/f1000research.73561.3,Effect of cogon grass root ethanol extract on fatty acid binding protein 4 and oxidative stress markers in a sepsis mouse model.,F1000Research,2021,FALSE,,
10.12688/f1000research.73602.2,"Antibacterial, antibiofilm, and cytotoxic activities and chemical compositions of Peruvian propolis in an <i>in vitro</i> oral biofilm.",F1000Research,2021,FALSE,,
10.12688/f1000research.73719.3,Pattern changes of cutaneous dermatoses among Iraqi women preceding and during the COVID-19 pandemic.,F1000Research,2021,FALSE,,
10.12688/f1000research.73729.2,The benefits of mindfulness in mental healthcare professionals.,F1000Research,2021,FALSE,,
10.12688/f1000research.73754.1,Biological performance of a bioabsorbable Poly (L-Lactic Acid) produced in polymerization unit: <i>in vivo</i> studies.,F1000Research,2021,FALSE,,
10.12688/f1000research.73825.2,Recommendations for connecting molecular sequence and biodiversity research infrastructures through ELIXIR.,F1000Research,2021,FALSE,,
10.12688/f1000research.73840.2,Comparison of accidental pediatric scald burns in a tertiary care center: hot cauldron burns versus accidental spill burns.,F1000Research,2021,FALSE,,
10.12688/f1000research.73875.2,Nursing home-sensitive conditions: analysis of routine health insurance data and modified Delphi analysis of potentially avoidable hospitalizations.,F1000Research,2021,FALSE,,
10.12688/f1000research.73900.4,Blood pressure and 10-year all-cause mortality: Findings from the PERU MIGRANT Study.,F1000Research,2021,FALSE,,
10.12688/f1000research.73904.2,Nutrient dynamics in water and soil under conventional rice cultivation in the Vietnamese Mekong Delta.,F1000Research,2021,FALSE,,
10.12688/f1000research.74009.1,Case Report: Asymptomatic COVID-19 patient with a subtle hypercoagulable state and fluctuating D-dimer level.,F1000Research,2021,FALSE,,
10.12688/f1000research.74117.2,"Effect of environmental factors on blood counts of <i>Gambusia affinis</i> caught at Brantas River watershed, Indonesia.",F1000Research,2021,FALSE,,
10.12688/f1000research.74205.2,Research in child and adolescent anxiety and depression: treatment uncertainties prioritised by youth and professionals.,F1000Research,2021,FALSE,,
10.12688/f1000research.74363.2,Explaining the unexpected COVID-19 trends and potential impact across Africa.,F1000Research,2021,FALSE,,
10.12688/f1000research.74385.3,"Interplay among positive and negative symptoms, neurocognition, social cognition, and functioning in clinically stable patients with schizophrenia: a network analysis.",F1000Research,2021,FALSE,,
10.12688/f1000research.74445.1,Globalization and life lost due to tuberculosis: evidence from a multi-country study.,F1000Research,2021,FALSE,,
10.12688/f1000research.74514.2,"Practices, awareness, and perception towards home-based COVID-19 management among the general population in Mangalore city in south India.",F1000Research,2021,FALSE,,
10.12688/f1000research.74534.2,Case Report: Therapeutic and immunomodulatory effects of plasmapheresis in long-haul COVID.,F1000Research,2021,FALSE,,
10.12688/f1000research.74557.2,"Childhood malnutrition and hypo mineralized  molar defects ;a cross sectional study, Egypt.",F1000Research,2021,FALSE,,
10.12688/f1000research.74926.1,Risk factors for premature coronary artery disease (PCAD) in adults: a systematic review protocol.,F1000Research,2021,FALSE,,
10.12688/f1000research.75113.1,"Methods, models, mechanisms and metadata: Introducing the Nanotoxicology collection at F1000Research.",F1000Research,2021,FALSE,,
10.12688/f1000research.75116.3,Ethanol consumption during gestation promotes placental alterations in IGF-1 deficient mouse placentas.,F1000Research,2021,FALSE,,
10.12688/f1000research.75276.2,A narrative inquiry into the resettlement of armed forces personnel in the Arabian Gulf: a model for successful transition and positive mental well-being.,F1000Research,2021,FALSE,,
10.12688/f1000research.75482.2,"The ""Rotten"" matter in A Farewell to Arms: An Ecological Gothic reading.",F1000Research,2021,FALSE,,
10.12688/f1000research.75532.1,Availability and use of technology for e-learning: to what extent do these impact Bangladeshi university students? A cross-sectional study.,F1000Research,2021,FALSE,,
10.12688/f1000research.75630.2,Case Report: Case report: Administration of anticoagulant therapy after neuro-anesthesia procedure for hemorrhagic stroke patients with COVID-19 complications and its ethical and medicolegal consideration.,F1000Research,2021,FALSE,,
10.12688/f1000research.103077.2,Novel behavioral model in evaluating initiation and sustenance of teeth brushing behavior among students pursuing health sciences: a cross-sectional study.,F1000Research,2022,FALSE,,
10.12688/f1000research.103533.2,Laboratory protocol for the digital multiplexed gene expression analysis of nasopharyngeal swab samples using the NanoString nCounter system.,F1000Research,2022,FALSE,,
10.12688/f1000research.104602.2,Acceleration of wound healing by topical application of gel formulation of <i>Barringtonia racemosa</i> (L.) Spreng kernel extract.,F1000Research,2022,FALSE,,
10.12688/f1000research.106957.2,Efficacy of vitamin D supplementation on the severity of atopic dermatitis in children: A systematic review and meta-analysis.,F1000Research,2022,FALSE,,
10.12688/f1000research.107811.1,Coffee by-products as the source of antioxidants: a systematic review.,F1000Research,2022,FALSE,,
10.12688/f1000research.108008.2,The Neuroimaging Data Model Linear Regression Tool (nidm_linreg): PyNIDM Project.,F1000Research,2022,FALSE,,
10.12688/f1000research.108503.2,The benefit of tissue sealant on urethroplasty in hypospadias patients - A systematic review and meta-analysis.,F1000Research,2022,FALSE,,
10.12688/f1000research.108557.3,Depressive symptoms and their sociodemographic determinants among people living with HIV/AIDS in Bangladesh: a cross-sectional study.,F1000Research,2022,FALSE,,
10.12688/f1000research.108675.3,Framing and understanding the whole aspect of oral sex from social and health perspectives: a narrative review.,F1000Research,2022,FALSE,,
10.12688/f1000research.108724.4,"Unprecedented early-summer heat stress and forecast of coral bleaching on the Great Barrier Reef, 2021-2022.",F1000Research,2022,FALSE,,
10.12688/f1000research.108741.2,The differentiation of mesenchymal bone marrow stem cells into nerve cells induced by <i>Chromolaena odorata</i> extracts.,F1000Research,2022,FALSE,,
10.12688/f1000research.108772.3,Scopus based bibliometric and scientometric analysis of occupational therapy publications from 2001 to 2020.,F1000Research,2022,FALSE,,
10.12688/f1000research.108779.1,Contaminants in the cow's milk we consume? Pasteurization and other technologies in the elimination of contaminants.,F1000Research,2022,FALSE,,
10.12688/f1000research.108815.1,Determinants of unintended pregnancy among women attending antenatal clinic at Kenyatta National Hospital.,F1000Research,2022,FALSE,,
10.12688/f1000research.108822.2,Building a database for energy sufficiency policies.,F1000Research,2022,FALSE,,
10.12688/f1000research.108829.1,Efficient embryoid-based method to improve generation of optic vesicles from human induced pluripotent stem cells.,F1000Research,2022,FALSE,,
10.12688/f1000research.108970.2,"DNA barcoding detects resurrected taxon &lt;i&gt;Giuris laglaizei&lt;/i&gt; (Sauvage 1880) in Sulawesi, Indonesia: Bolano Sau Lake &lt;i&gt;payangka&lt;/i&gt; phylogeny, phenotypic characters and implications for &lt;i&gt;Giuris&lt;/i&gt; spp. conservation.",F1000Research,2022,FALSE,,
10.12688/f1000research.109006.2,Appraisal on patient compliance and factors influencing the daily regimen of anti-tubercular drugs in Mangalore city: A cross-sectional study.,F1000Research,2022,FALSE,,
10.12688/f1000research.109007.3,"Prevalence of Musculoskeletal, Neurological and Physical Disorder After COVID-19 in Saudi Arabia: A Cross Sectional Study.",F1000Research,2022,FALSE,,
10.12688/f1000research.109020.3,Estimation of Covid-19 lungs damage based on computer tomography images analysis.,F1000Research,2022,FALSE,,
10.12688/f1000research.109134.3,Emvolio - A battery operated portable refrigerator preserves biochemical and haematological integrity of biological samples in preclinical studies.,F1000Research,2022,FALSE,,
10.12688/f1000research.109142.3,Anti-angiogenic effect of the combination of low-dose sorafenib and EGCG in HCC-induced Wistar rats.,F1000Research,2022,FALSE,,
10.12688/f1000research.109195.2,Cut-off points for low skeletal muscle mass in older adults: Colombia <i>versus</i> other populations.,F1000Research,2022,FALSE,,
10.12688/f1000research.109236.2,Evidence of SARS-CoV-2 bacteriophage potential in human gut microbiota.,F1000Research,2022,FALSE,,
10.12688/f1000research.109243.2,"Studies on the ethnopharmacology, antimicrobial activity, and toxicity of <i>Catha edulis</i> (Vahl.) Endl., in <i>Sprague Dawley</i> rats.",F1000Research,2022,FALSE,,
10.12688/f1000research.109251.1,Automated phenol-chloroform extraction of high molecular weight genomic DNA for use in long-read single-molecule sequencing.,F1000Research,2022,FALSE,,
10.12688/f1000research.109380.3,Harmonisation of welfare indicators for macaques and marmosets used or bred for research.,F1000Research,2022,FALSE,,
10.12688/f1000research.109454.1,Lateral Multimodal Learning in a Saudi EFL Context: Investigating the Perceptions of Teachers and M2E Female Learners.,F1000Research,2022,FALSE,,
10.12688/f1000research.109497.2,"Effectiveness of Gatekeeper Training Program (GTP) on awareness, attitude, mental help seeking intention and gatekeeper behavior among Koraga tribe: A study protocol.",F1000Research,2022,FALSE,,
10.12688/f1000research.109555.3,Reconsidering the ethics of compulsive treatment in light of clinical psychiatry: A selective review of literature.,F1000Research,2022,FALSE,,
10.12688/f1000research.109557.1,<i>In vitro</i> and <i>in vivo</i> study: Ethanolic extract leaves of <i>Azadirachta indica</i> Juss. variant of Indonesia and Philippines suppresses tumor growth of hepatocellular carcinoma by inhibiting IL-6/STAT3 signaling.,F1000Research,2022,FALSE,,
10.12688/f1000research.109584.3,Comparison of  clinical effectiveness of conventional and self-etch sealant: a split mouth randomized controlled trial.,F1000Research,2022,FALSE,,
10.12688/f1000research.109586.1,Interaction of surface glycoprotein of SARS-CoV-2 variants of concern with potential drug candidates: A molecular docking study.,F1000Research,2022,FALSE,,
10.12688/f1000research.109603.2,"Mental health, suicide attempt, and family function for adolescents' primary health care during the COVID-19 pandemic.",F1000Research,2022,FALSE,,
10.12688/f1000research.109709.1,Fuzzy MCDM models for selection of the tourism development site: the case of Azerbaijan.,F1000Research,2022,FALSE,,
10.12688/f1000research.109726.2,Incentives for pregnant mothers during antenatal care for better maternal and neonatal health outcomes in low and middle income countries: A systematic review protocol.,F1000Research,2022,FALSE,,
10.12688/f1000research.109789.3,Pandemic Pedagogy: Perception of Nursing students': A cross-sectional study.,F1000Research,2022,FALSE,,
10.12688/f1000research.109918.2,Dentists' perceptions on present and future dental practice during the COVID-19 pandemic: An embedded study.,F1000Research,2022,FALSE,,
10.12688/f1000research.110039.2,"Determining staffing needs for improving primary health care service delivery in Kaduna State, Nigeria.",F1000Research,2022,FALSE,,
10.12688/f1000research.110090.1,Machine learning techniques for predicting depression and anxiety in pregnant and postpartum women during the COVID-19 pandemic: a cross-sectional regional study.,F1000Research,2022,FALSE,,
10.12688/f1000research.110256.2,Can Positive Emotions Predict Consumer Satisfaction in Adverse Services?,F1000Research,2022,FALSE,,
10.12688/f1000research.110296.3,Burnout and work satisfaction are differentially associated in gastroenterologists in Germany.,F1000Research,2022,FALSE,,
10.12688/f1000research.110352.2,"Cytotoxicity of Peruvian propolis and <i>Psidium guajava</i> on human gingival fibroblasts, PBMCs and HeLa cells.",F1000Research,2022,FALSE,,
10.12688/f1000research.110361.3,"Malaria prevalence in Commune 5 in Tumaco (Nariño, Colombia).",F1000Research,2022,FALSE,,
10.12688/f1000research.110367.4,Views and practices on medical cannabis of unlicensed providers in Thailand: a qualitative study.,F1000Research,2022,FALSE,,
10.12688/f1000research.110435.1,The family situation of wards under the supervision of court - appointed custodians during COVID-19 pandemic in Poland: a self-report study to examine the perception of probation officers.,F1000Research,2022,FALSE,,
10.12688/f1000research.110492.2,From head to rootlet: comparative transcriptomic analysis of a rhizocephalan barnacle <i>Peltogaster reticulata</i> (Crustacea: Rhizocephala).,F1000Research,2022,FALSE,,
10.12688/f1000research.110498.1,"Burnout and anxiety levels in human medicine teachers, COVID-19 context.",F1000Research,2022,FALSE,,
10.12688/f1000research.110545.2,COVID-19 vaccination hesitancy among Iraqi general population between beliefs and barriers: An observational study.,F1000Research,2022,FALSE,,
10.12688/f1000research.110550.2,A review of existing neonatal hyperbilirubinemia guidelines in Indonesia.,F1000Research,2022,FALSE,,
10.12688/f1000research.110560.2,Corneal endothelial morphology of healthy myopic Malaysian children of Chinese ethnicity aged 8-9 years and its association with axial length.,F1000Research,2022,FALSE,,
10.12688/f1000research.110656.3,Effectiveness of Integrated Emotional-Self Enhancement (IESE) program among staff nurses: protocol for a quasi-experimental study.,F1000Research,2022,FALSE,,
10.12688/f1000research.110660.2,Effectiveness of forest honey ( &lt;i&gt;Apis dorsata&lt;/i&gt;) as therapy for ovarian failure causing malnutrition.,F1000Research,2022,FALSE,,
10.12688/f1000research.110673.2,Monitoring of awake bruxism by intelligent app.,F1000Research,2022,FALSE,,
10.12688/f1000research.110684.2,Determinants of patient behavioural loyalty on primary health centres: Evidence from a cross-sectional study in Indonesia.,F1000Research,2022,FALSE,,
10.12688/f1000research.110720.2,"Returning to work at school during the COVID -19 pandemic, is it stressful for schoolteachers? Assessment of immediate psychological effects: a cross sectional study.",F1000Research,2022,FALSE,,
10.12688/f1000research.110775.2,Indoor air quality at the Arab governmental girls' schools.,F1000Research,2022,FALSE,,
10.12688/f1000research.110829.1,Title-comparison of coronally advanced flap with chorion membrane vs coronally advanced flap with connective tissue graft in the treatment of multiple gingival recessions: a split-mouth randomised controlled study.,F1000Research,2022,FALSE,,
10.12688/f1000research.110835.2,"Personal protective equipment used by obstetricians and obstetric nurses during the COVID-19 pandemic in Mansoura, Egypt.",F1000Research,2022,FALSE,,
10.12688/f1000research.110843.2,The effects of mouth rinsing and gargling with mouthwash containing povidone-iodine and hydrogen peroxide on the cycle threshold value of Severe Acute Respiratory Syndrome Coronavirus 2: A randomized controlled trial of asymptomatic and mildly symptomatic patients.,F1000Research,2022,FALSE,,
10.12688/f1000research.110851.2,Module intervention to improve involvement and practices of fathers towards infant and young child feeding (IYCF) in Coastal South India - a randomized controlled trial.,F1000Research,2022,FALSE,,
10.12688/f1000research.110874.2,"Potential impact of great lockdown on students' knowledge, attitude and practices towards the COVID-19 outbreak.",F1000Research,2022,FALSE,,
10.12688/f1000research.110920.1,Stress and its association with involvement in online classes: a cross-sectional study among undergraduate students of a medical college in South India.,F1000Research,2022,FALSE,,
10.12688/f1000research.110958.1,A mixed-methods study on the design of Artificial Intelligence and data science-based strategies to inform public health responses to COVID-19 in different local health ecosystems: A study protocol for COLEV.,F1000Research,2022,FALSE,,
10.12688/f1000research.111002.2,"Crisis-management, Anti-stigma, and Mental Health Literacy Program for University Students (CAMPUS): A preliminary evaluation of suicide prevention.",F1000Research,2022,FALSE,,
10.12688/f1000research.111051.2,The Arizona Sexual Experiences Scale-the Thai Translation (ASEX-Thai): Reliability and validity in Thai patients with mental disorders.,F1000Research,2022,FALSE,,
10.12688/f1000research.111101.1,Preventable contributors to the neonatal healthcare-associated infections: a uni-center analytical study from South India.,F1000Research,2022,FALSE,,
10.12688/f1000research.111181.2,Antiproliferative activity of standardized herbal phytopreparation from <i>Asclepias subulata</i>.,F1000Research,2022,FALSE,,
10.12688/f1000research.111193.4,The COVID-19 pandemic and mental health outcomes - A cross-sectional study among health care workers in Coastal South India.,F1000Research,2022,FALSE,,
10.12688/f1000research.111196.1,Color translation from monoscopic photogrammetry +ID Methodology into a Polyjet final 3D printed facial prosthesis.,F1000Research,2022,FALSE,,
10.12688/f1000research.111293.1,Modulatory role of garlic ( <i>Allium sativum</i>) extract against cisplatin- induced nephrotoxicity in female albino rats and their offspring.,F1000Research,2022,FALSE,,
10.12688/f1000research.111331.2,Lessons from COVID-19 for GCR governance: a research agenda.,F1000Research,2022,FALSE,,
10.12688/f1000research.111915.2,'Not finding causal effect' is not 'finding no causal effect' of school closure on COVID-19.,F1000Research,2022,FALSE,,
10.12688/f1000research.111965.2,<i>ACE2</i> expression in saliva of patients with COVID-19 and its association with <i>Candida albicans</i> and <i>Aggregatibacter actinomycetemcomitans</i>.,F1000Research,2022,FALSE,,
10.12688/f1000research.111999.2,Presenteeism and associated factors among railway train drivers.,F1000Research,2022,FALSE,,
10.12688/f1000research.113565.1,Resilience and entrepreneurial intentions of people with disabilities: in search of the Sustainable Development Goals (SDGs).,F1000Research,2022,FALSE,,
10.12688/f1000research.114592.3,"Effects of noise intensity on concentration levels of chainsaw operators and harvesting workers in industrial forest plantation, North Sumatera, Indonesia.",F1000Research,2022,FALSE,,
10.12688/f1000research.114630.2,Sustainable development of smart cities and smart territories based on the model of minimizing externalities.,F1000Research,2022,FALSE,,
10.12688/f1000research.116496.3,"The effects of beliefs, knowledge, and attitude on herbal medicine use during the COVID-19 pandemic: A cross-sectional survey in Indonesia.",F1000Research,2022,FALSE,,
10.12688/f1000research.117116.1,"Data on antibiograms and resistance genes of Enterobacterales isolated from ready-to-eat street food of Ambato, Ecuador.",F1000Research,2022,FALSE,,
10.12688/f1000research.117843.3,"Behavioural patterns of university students during the COVID-19 pandemic: A cross-sectional study of the effects of active transportation, uninterrupted sitting time, and screen use on physical activity and sitting time.",F1000Research,2022,FALSE,,
10.12688/f1000research.118669.2,Emerging threats and vaccination strategies of H9N2 viruses in poultry in Indonesia: A review.,F1000Research,2022,FALSE,,
10.12688/f1000research.120821.2,Case Report: Buprenorphine-precipitated fentanyl withdrawal treated with high-dose buprenorphine.,F1000Research,2022,FALSE,,
10.12688/f1000research.121402.2,"Whole genome sequencing data of &lt;i&gt;Candida krusei&lt;/i&gt;, the pathogen causing Candidaemia, from Department of Parasitology Culture Collection, Faculty of Medicine Universitas Indonesia.",F1000Research,2022,FALSE,,
10.12688/f1000research.121473.3,"Assessment of Arsenic, Vanadium, Mercury, and Cadmium  in Food and Drug Packaging.",F1000Research,2022,FALSE,,
10.12688/f1000research.121494.1,"Datasets on the variations of  minerals in biofortified cassava ( <i>Manihot esculenta Crantz)</i>  as a function of storage root portion,  maturity and environment.",F1000Research,2022,FALSE,,
10.12688/f1000research.121529.1,Protocol for the Ketamine for Postoperative Avoidance of Depressive Symptoms (K-PASS) feasibility study: A randomized clinical trial.,F1000Research,2022,FALSE,,
10.12688/f1000research.121595.2,A model of coercive control in higher education: a qualitative study.,F1000Research,2022,FALSE,,
10.12688/f1000research.121740.1,"Detecting, extracting, and mapping of inland surface water using Landsat 8 Operational Land Imager: A case study of Pune district, India.",F1000Research,2022,FALSE,,
10.12688/f1000research.121783.1,Chronic obstructive pulmonary disease patients' quality of life and its related factors: A cross-sectional study of the Jordanian population.,F1000Research,2022,FALSE,,
10.12688/f1000research.121826.2,"The Nigerian youth knowledge, Attitude and Practice (KAP) towards the national drive against the Spread of COVID-19: An online cross-sectional Survey.",F1000Research,2022,FALSE,,
10.12688/f1000research.121926.1,Indigenous astronomical knowledge based seasonal weather forecast: evidence from Borana Oromo pastoralists of Southern Ethiopia.,F1000Research,2022,FALSE,,
10.12688/f1000research.121961.2,Association between dermatoglyphic patterns and growth patterns of subjects with skeletal class I relation: A cross sectional study.,F1000Research,2022,FALSE,,
10.12688/f1000research.122058.1,Teledentistry: a new oral care delivery tool among Indian dental professionals - a questionnaire study.,F1000Research,2022,FALSE,,
10.12688/f1000research.122108.1,Micro-shear bond strength of different surface treatments on a polymer infiltrated ceramic network.,F1000Research,2022,FALSE,,
10.12688/f1000research.122185.1,Reporting of health equity considerations in equity-relevant observational studies: Protocol for a systematic assessment.,F1000Research,2022,FALSE,,
10.12688/f1000research.122225.3,"Detection of &lt;i&gt;mec&lt;/i&gt;A gene and methicillin-resistant &lt;i&gt;Staphylococcus aureus&lt;/i&gt; (MRSA) isolated from milk and risk factors from farms in Probolinggo, Indonesia.",F1000Research,2022,FALSE,,
10.12688/f1000research.122237.4,Records of antibodies in breast milk in postpartum women who have been vaccinated or exposed to COVID-19: A systematic review.,F1000Research,2022,FALSE,,
10.12688/f1000research.122328.2,An evaluation of the three measurable cardinal objectives of the National Youth Service Corps programme: a survey dataset.,F1000Research,2022,FALSE,,
10.12688/f1000research.122349.1,Case Report: Detailed Clinical Course and Management Plan for Status Epilepticus Pediatric Patient with Resected Choroid Plexus Papilloma: A Case Report and a Single Center Experience.,F1000Research,2022,FALSE,,
10.12688/f1000research.122351.2,Alterations in cerebral glucose metabolism measured by FDG PET in subjects performing a meditation practice based on clitoral stimulation.,F1000Research,2022,FALSE,,
10.12688/f1000research.122443.2,Parents' perceptions on policies of early childhood care and education programmes in selected states of Malaysia.,F1000Research,2022,FALSE,,
10.12688/f1000research.122471.4,A cross-sectional observational study to assess socio-demographic factors in newly diagnosed TB DM comorbidity.,F1000Research,2022,FALSE,,
10.12688/f1000research.122504.2,Peruvian children toothbrushing during the COVID-19 pandemic.,F1000Research,2022,FALSE,,
10.12688/f1000research.122507.2,Optimal timing for lithium levels.,F1000Research,2022,FALSE,,
10.12688/f1000research.122555.1,Managing health care needs of the elderly through an elderly care manager: Thailand.,F1000Research,2022,FALSE,,
10.12688/f1000research.122598.3,Effectiveness of neutral honey as a tissue fixative in histopathology.,F1000Research,2022,FALSE,,
10.12688/f1000research.122619.2,"The Jamaica Salt Consumption Study Protocol: Sodium Intake; Sodium Content in Restaurant Foods; Knowledge, Attitudes, and Practices; Spot Urine Sodium Validation.",F1000Research,2022,FALSE,,
10.12688/f1000research.122627.1,Plant tissue culture challenges in Ethiopia and alternative options for low-cost media.,F1000Research,2022,FALSE,,
10.12688/f1000research.122686.2,Neural crest cell-placodal neuron interactions are mediated by Cadherin-7 and N-cadherin during early chick trigeminal ganglion assembly.,F1000Research,2022,FALSE,,
10.12688/f1000research.122690.5,Community social responsibility of continued and appropriate use of silver amalgam as dental restorative material in southern India: A cross-sectional study.,F1000Research,2022,FALSE,,
10.12688/f1000research.122697.3,Outward investment of Portuguese small and medium enterprises in the Central and Eastern European countries: motivations and challenges.,F1000Research,2022,FALSE,,
10.12688/f1000research.122708.2,Tourette syndrome research highlights from 2021.,F1000Research,2022,FALSE,,
10.12688/f1000research.122764.1,rspatialdata: a collection of data sources and tutorials on downloading and visualising spatial data using R.,F1000Research,2022,FALSE,,
10.12688/f1000research.122788.3,Reversine enhances the conversion of dedifferentiated fat cells into mature cardiomyocytes.,F1000Research,2022,FALSE,,
10.12688/f1000research.122822.1,"A scoping review protocol on food handlers' knowledge, attitude, and practices towards food hygiene and safety in low and middle-income countries.",F1000Research,2022,TRUE,,
10.12688/f1000research.122851.2,The effect of coffee on contralateral suppression of transient evoked otoacoustic emissions.,F1000Research,2022,FALSE,,
10.12688/f1000research.122927.1,Behavioral and psychosocial predictors of depression in Bangladeshi medical students: a cross-sectional study.,F1000Research,2022,FALSE,,
10.12688/f1000research.122945.2,"Effectiveness, survival and safety of guselkumab attending to basal characteristics in moderate-to-severe psoriatic patients: a cohort study.",F1000Research,2022,FALSE,,
10.12688/f1000research.123040.3,The role of angiotensin receptor blocker (losartan) on decreasing fibrotic process of corpora cavernosa in priapism model of wistar rats.,F1000Research,2022,FALSE,,
10.12688/f1000research.123041.2,Modified solid in oil nanodispersion containing vemurafenib-lipid complex- <i>in vitro</i>/ <i>in vivo</i> study.,F1000Research,2022,FALSE,,
10.12688/f1000research.123044.3,Enhancement of the activity of the antimicrobial peptides HNP1 and LL-37 by bovine pancreatic ribonuclease A.,F1000Research,2022,FALSE,,
10.12688/f1000research.123077.2,Potential of &lt;i&gt;in vivo&lt;/i&gt; stress reporter models to reduce animal use and provide mechanistic insights in toxicity studies.,F1000Research,2022,FALSE,,
10.12688/f1000research.123084.2,A human mesenchymal spheroid prototype to replace moderate severity animal procedures in leukaemia drug testing.,F1000Research,2022,FALSE,,
10.12688/f1000research.123102.2,Reduction of chickens use to perform &lt;i&gt;in vitro&lt;/i&gt; pre-screening of novel anticoccidials by miniaturisation and increased throughput of the current &lt;i&gt;Eimeria tenella&lt;/i&gt; compound-screening model.,F1000Research,2022,FALSE,,
10.12688/f1000research.123195.1,Smart city perspectives in post-pandemic governance: Externalities reduction policy.,F1000Research,2022,FALSE,,
10.12688/f1000research.123281.2,Factors related to university teaching that influence academic success of international medical students in China.,F1000Research,2022,FALSE,,
10.12688/f1000research.123313.2,Case Report: Primary graft failure due to a reversed lenticule in Descemet Stripping Automated Endothelial Keratoplasty.,F1000Research,2022,FALSE,,
10.12688/f1000research.123317.2,A cross-sectional survey among parents to report challenges and barriers in the administration of medicines to children in United Arab Emirates.,F1000Research,2022,FALSE,,
10.12688/f1000research.123331.2,"Smartphone applications are used for self-management, telerehabilitation, evaluation and data collection in low back pain healthcare: a scoping review.",F1000Research,2022,FALSE,,
10.12688/f1000research.123373.2,Evaluation of vitamin D supplementation intake among children; cross-sectional observational study.,F1000Research,2022,FALSE,,
10.12688/f1000research.123389.2,Long-term health after Severe Acute Malnutrition in children and adults- the role of the Pancreas (SAMPA): Protocol.,F1000Research,2022,FALSE,,
10.12688/f1000research.123395.2,Effects of vaccination against COVID-19 on the emotional health of older adults.,F1000Research,2022,FALSE,,
10.12688/f1000research.123398.1,Evaluation of the relationship between dermatoglyphics and mandibular third molar impaction: A cross-sectional study.,F1000Research,2022,FALSE,,
10.12688/f1000research.123450.2,The COVID-19 third wave in Myanmar following the military coup.,F1000Research,2022,FALSE,,
10.12688/f1000research.123468.2,Determinants of adherence to insulin and blood glucose monitoring among adolescents and young adults with type 1 diabetes in Qatar: a qualitative study.,F1000Research,2022,FALSE,,
10.12688/f1000research.123556.2,"Detection of SARS-CoV-2 in conjunctival secretion and tears in patients with COVID-19 in a tertiary care centre, South India. .",F1000Research,2022,FALSE,,
10.12688/f1000research.123579.2,"Mastodon footprints found to be water erosion in the Quebrada de Chalán (Licto, Ecuador).",F1000Research,2022,FALSE,,
10.12688/f1000research.123583.3,"Predictors of face mask use during the COVID-19 pandemic in Indonesia: Application of the health belief model, psychological distress and health motivation.",F1000Research,2022,FALSE,,
10.12688/f1000research.123652.4,Molecular survey of certain protozoan agents that cause diarrhea in children in Sudan.,F1000Research,2022,FALSE,,
10.12688/f1000research.123759.3,Analysis on factors affecting tourist involvement in coffee tourism after the COVID-19 pandemic in Thailand.,F1000Research,2022,FALSE,,
10.12688/f1000research.123777.2,Antibacterial activity of Betadine ( &lt;i&gt;Jatropha multifida&lt;/i&gt; L.) stem extract on &lt;i&gt;Pseudomonas aeruginosa&lt;/i&gt; growth &lt;i&gt;in&lt;/i&gt;&lt;i&gt;vitro&lt;/i&gt;.,F1000Research,2022,FALSE,,
10.12688/f1000research.123862.1,Definition of 'close contacts' in leprosy studies: protocol for a scoping review.,F1000Research,2022,FALSE,,
10.12688/f1000research.123975.3,Differential gene expression during recall of behaviorally conditioned immune enhancement in rats: a pilot study.,F1000Research,2022,FALSE,,
10.12688/f1000research.124085.1,Experimental study and machine learning model to predict formability of magnesium alloy sheet.,F1000Research,2022,FALSE,,
10.12688/f1000research.124121.4,"Evaluation of antimicrobial susceptibility of &lt;i&gt;Escherichia coli&lt;/i&gt; isolated from contaminated areas of Majengo slum in Meru County, Kenya.",F1000Research,2022,FALSE,,
10.12688/f1000research.124159.1,"Case Report: Left atrial myxoma with confirmed Delta variant COVID-19 infection, ""to treat or withhold"".",F1000Research,2022,FALSE,,
10.12688/f1000research.124194.2,HormonomicsDB: a novel workflow for the untargeted analysis of plant growth regulators and hormones.,F1000Research,2022,FALSE,,
10.12688/f1000research.124255.3,The impact of spinal fusion of adolescent idiopathic scoliosis in Salah (Islamic Prayer) movement: a retrospective case-control study.,F1000Research,2022,FALSE,,
10.12688/f1000research.124457.1,Case Report: Case report: Non-invasive mechanical ventilation in combination with bronchoscopy in the treatment of respiratory failure of lung cancer patient.,F1000Research,2022,FALSE,,
10.12688/f1000research.124503.2,"Burden of disease in Colombian Orinoquia Region, 2017.",F1000Research,2022,FALSE,,
10.12688/f1000research.124547.3,The contradictory effects of coffee intake on periodontal health: a systematic review of experimental and observational studies.,F1000Research,2022,FALSE,,
10.12688/f1000research.124555.2,Mathematical modeling of HIV-HCV co-infection model: Impact of parameters on reproduction number.,F1000Research,2022,FALSE,,
10.12688/f1000research.124603.2,Climate politics in global Hobbesian Jungle.,F1000Research,2022,FALSE,,
10.12688/f1000research.124632.2,"Identification of highly specific antibodies for Serine/threonine-protein kinase TBK1 for use in immunoblot, immunoprecipitation and immunofluorescence.",F1000Research,2022,FALSE,,
10.12688/f1000research.124643.2,Effectiveness of avocado leaf extract ( &lt;i&gt;Persea americana&lt;/i&gt; Mill.) as antihypertensive.,F1000Research,2022,FALSE,,
10.12688/f1000research.124675.2,Activity monitoring of stroke patients by physiotherapist and caregivers in a hospital setting: A pilot study.,F1000Research,2022,FALSE,,
10.12688/f1000research.124768.2,The social prescribing of psychosocial interventions in the treatment of addictions and substance use disorders with military veterans: a reclamation of identity and belonging.,F1000Research,2022,FALSE,,
10.12688/f1000research.124796.1,Recent advancements in machine vision methods for product code recognition: A systematic review.,F1000Research,2022,FALSE,,
10.12688/f1000research.124821.1,"Desirable attributes of theories, models, and frameworks for implementation strategy design in healthcare: a scoping review protocol.",F1000Research,2022,FALSE,,
10.12688/f1000research.124823.1,Online learning during the COVID-19 pandemic: A qualitative study among final year medical students at the University of Zambia.,F1000Research,2022,FALSE,,
10.12688/f1000research.124891.2,Higher amyloid is associated with greater loneliness among cognitively normal older adults during the COVID-19 pandemic.,F1000Research,2022,FALSE,,
10.12688/f1000research.124906.2,Potential impact of artificial intelligence on the emerging world order.,F1000Research,2022,FALSE,,
10.12688/f1000research.124959.4,Case Report: A Case Report: Chickenpox Acquired Through Surface Contamination: A Rare Clincal Observation.,F1000Research,2022,FALSE,,
10.12688/f1000research.124984.3,The coronavirus disease 2019 (COVID-19) pandemic in nursing homes - the experience of care workers in Poland.,F1000Research,2022,FALSE,,
10.12688/f1000research.124990.1,A flexible open-source processing workflow for multiplexed fluorescence imaging based on cycles.,F1000Research,2022,FALSE,,
10.12688/f1000research.125074.2,Development of liquid culture media mimicking the conditions of sinuses and lungs in cystic fibrosis and health.,F1000Research,2022,FALSE,,
10.12688/f1000research.125133.2,The circadian clock mediates the response to oxidative stress in a cone photoreceptor‒like (661W) cell line via regulation of glutathione peroxidase activity.,F1000Research,2022,FALSE,,
10.12688/f1000research.125171.1,Patterning ECM microstructure to investigate 3D cellular dynamics under multiplexed mechanochemical guidance.,F1000Research,2022,FALSE,,
10.12688/f1000research.125184.2,Stress-Based Lattice Structure Design for a Motorbike Application.,F1000Research,2022,FALSE,,
10.12688/f1000research.125246.3,"The one-humped camel: The animal of future, potential alternative red meat, technological suitability and future perspectives.",F1000Research,2022,FALSE,,
10.12688/f1000research.125305.3,"Case Report: Tropical sprue, diagnostic challenges of an old but unrecognized disease.",F1000Research,2022,FALSE,,
10.12688/f1000research.125318.2,Attitude towards dengue control efforts with the potential of digital technology during COVID-19: partial least squares-structural equation modeling.,F1000Research,2022,FALSE,,
10.12688/f1000research.125332.3,&lt;i&gt;Ex vivo&lt;/i&gt; comparative investigation of suprachiasmatic nucleus excitotoxic resiliency.,F1000Research,2022,FALSE,,
10.12688/f1000research.125368.1,Circadian signatures of anterior hypothalamus in time-restricted feeding.,F1000Research,2022,FALSE,,
10.12688/f1000research.125432.2,Genetics and functional significance of the understudied methamphetamine sensitive circadian oscillator (MASCO).,F1000Research,2022,FALSE,,
10.12688/f1000research.125540.2,Effect of linear alkylbenzene sulfonate on the uptake of microcystins by &lt;i&gt;Brassica oleracea&lt;/i&gt; and &lt;i&gt;Solanum tuberosum&lt;/i&gt;.,F1000Research,2022,FALSE,,
10.12688/f1000research.125551.2,Health literacy on COVID-19 and COVID-19 vaccinations in Indonesia.,F1000Research,2022,FALSE,,
10.12688/f1000research.125596.2,Characterization of virulence factors and antibiotic resistance pattern of uropathogenic <i>Escherichia coli</i> strains in a tertiary care center.,F1000Research,2022,FALSE,,
10.12688/f1000research.125645.3,Phytochemical profiling of <i>Piper crocatum</i> and its antifungal mechanism action as Lanosterol 14 alpha demethylase CYP51 inhibitor: a review.,F1000Research,2022,FALSE,,
10.12688/f1000research.125649.2,Stage 1 Registered Report: Refinement of tickling protocols to improve positive animal welfare in laboratory rats.,F1000Research,2022,FALSE,,
10.12688/f1000research.125780.3,"Seroprevalence of exposure to SARS-CoV-2 in domestic dogs and cats and its relationship with COVID-19 cases in the city of Villavicencio, Colombia.",F1000Research,2022,FALSE,,
10.12688/f1000research.125784.4,Areca nut extract increased stromal tumor-infiltrating lymphocytes in 4-nitroquinoline-1-oxide-tumor-induced Sprague-Dawley rats.,F1000Research,2022,FALSE,,
10.12688/f1000research.125816.2,"A transit map for micro-scale urban development in Alexandria, Egypt.",F1000Research,2022,FALSE,,
10.12688/f1000research.125820.3,Case Report: Wellens syndrome in acute critical coronary occlusion saved by collateral.,F1000Research,2022,FALSE,,
10.12688/f1000research.125852.3,The conditional effect of family resilience on family quality of life during the Covid-19 pandemic.,F1000Research,2022,FALSE,,
10.12688/f1000research.125877.3,General anaesthetics reduce acute lymphoblastic leukaemia malignancies &lt;i&gt;in vitro&lt;/i&gt; and &lt;i&gt;in vivo&lt;/i&gt; &lt;i&gt;via&lt;/i&gt; CXCR4 and osteopontin mediated mechanisms.,F1000Research,2022,FALSE,,
10.12688/f1000research.125878.2,"Avian influenza (H5N1) virus, epidemiology and its effects on backyard poultry in Indonesia: a review.",F1000Research,2022,FALSE,,
10.12688/f1000research.125887.2,Quality of life of Jordanian menopausal working and retired women and its associated factors: a cross-sectional study.,F1000Research,2022,FALSE,,
10.12688/f1000research.125893.1,Rapid review on monkeypox policies among the G20 nations: relevance to policy and practitioner.,F1000Research,2022,FALSE,,
10.12688/f1000research.125998.4,Mental health problems of asymptomatic or mildly symptomatic COVID-19 patients in hospitel in Thailand: A cross-sectional study.,F1000Research,2022,FALSE,,
10.12688/f1000research.126051.1,Anti-ischemic effect of <i>Tamarindus indica</i> L. seed extract against myocardial hypoxic injury.,F1000Research,2022,FALSE,,
10.12688/f1000research.126054.5,Prevalence of common mental health problems and associated factors among university students visiting Supara mental health service: A cross-sectional study.,F1000Research,2022,FALSE,,
10.12688/f1000research.126078.2,Pre-exposure to azithromycin enhances gonococcal resilience to subsequent ciprofloxacin exposure: an <i>in vitro</i> study.,F1000Research,2022,FALSE,,
10.12688/f1000research.126091.5,Expression of Fascin and SALL4 in odontogenic cysts and tumors: an immunohistochemical appraisal.,F1000Research,2022,FALSE,,
10.12688/f1000research.126144.3,Dignity in the care of older adults living in nursing homes and long-term care facilities.,F1000Research,2022,FALSE,,
10.12688/f1000research.126201.1,Viewing the global health system as a complex adaptive system - implications for research and practice.,F1000Research,2022,FALSE,,
10.12688/f1000research.126215.2,Bayesian Multi-View Clustering given complex inter-view structure.,F1000Research,2022,FALSE,,
10.12688/f1000research.126227.3,Targeting <i>Acanthamoeba</i> proteins interaction with flavonoids of Propolis extract by <i>in vitro</i> and <i>in silico</i> studies for promising therapeutic effects.,F1000Research,2022,FALSE,,
10.12688/f1000research.126301.1,Impact of a pulmonary rehabilitation program on social disadvantage and physical activity data of postCOVID19 patients: A North-African pilot study.,F1000Research,2022,FALSE,,
10.12688/f1000research.126487.2,"Fatty acid composition on diet and carcasses, growth, body indices and profile serum of Asian redtail catfish ( <i>Hemibagrus nemurus</i>) fed a diet containing different levels of EPA and DHA.",F1000Research,2022,FALSE,,
10.12688/f1000research.126555.2,"Clinical equivalence of Trusynth fast <sup>®</sup> and Vicryl rapide <sup>®</sup> polyglactin 910 fast absorbing sutures on maternal morbidity experienced by women following episiotomy repair: a single-blind, randomized study.",F1000Research,2022,FALSE,,
10.12688/f1000research.126577.2,The dynamics and determinants of specific systemic and mucosal antibody responses to SARS-CoV-2 in three adult cohorts in the Ecuadorian Andes: a study protocol.,F1000Research,2022,FALSE,,
10.12688/f1000research.126590.1,Hand injuries in Kenya: a chaff cutter menace.,F1000Research,2022,FALSE,,
10.12688/f1000research.126721.2,Assessing the potential relevance of CEACAM6 as a blood transcriptional biomarker.,F1000Research,2022,FALSE,,
10.12688/f1000research.126734.2,Systems Biology in ELIXIR: modelling in the spotlight.,F1000Research,2022,FALSE,,
10.12688/f1000research.126740.1,"Multidisciplinary digital methodologies for documentation and preservation of immovable Archaeological heritage in the Khovd River Valley, Western Mongolia.",F1000Research,2022,FALSE,,
10.12688/f1000research.126787.2,Co-cultures of cerebellar slices from mice with different <i>reelin</i> genetic backgrounds as a model to study cortical lamination.,F1000Research,2022,FALSE,,
10.12688/f1000research.126832.2,"Effects of scapulothoracic exercises on chest mobility, respiratory muscle strength, and pulmonary function in male COPD patients with forward shoulder posture: A randomized controlled trial.",F1000Research,2022,FALSE,,
10.12688/f1000research.126864.2,Analysis of energy storage materials for developments in solar cookers.,F1000Research,2022,FALSE,,
10.12688/f1000research.126884.2,Epidemiology of pediatric schistosomiasis in hard-to-reach areas and populations: A scoping review protocol.,F1000Research,2022,FALSE,,
10.12688/f1000research.127058.1,Green taxes as ecosystem conservation: an analysis of the industrial sector's view in Peru.,F1000Research,2022,FALSE,,
10.12688/f1000research.127120.2,Factors contributing to moral distress among intensive care nurses: A scoping review.,F1000Research,2022,FALSE,,
10.12688/f1000research.127131.3,Effectiveness of a mHealth application on remote monitoring and self-management of persons with hypertension in a coastal taluk of Udupi district: A study protocol for a community-based Cluster Randomized trial.,F1000Research,2022,FALSE,,
10.12688/f1000research.127234.2,Different levels of circadian (de)synchrony -- where does it hurt?,F1000Research,2022,FALSE,,
10.12688/f1000research.127242.2,Case Report: Ludwig's angina - 'The Dangerous Space'.,F1000Research,2022,FALSE,,
10.12688/f1000research.127299.2,Case Report: The first reported case of pulmonary alveolar proteinosis with myasthenia gravis in a 27-year-old patient.,F1000Research,2022,FALSE,,
10.12688/f1000research.127347.3,"Molecular docking, ADMET profiling of gallic acid and its derivatives (N-alkyl gallamide) as apoptosis agent of breast cancer MCF-7 Cells.",F1000Research,2022,FALSE,,
10.12688/f1000research.127363.3,The odd log-logistic generalized exponential distribution: Application on survival times of chemotherapy patients data.,F1000Research,2022,FALSE,,
10.12688/f1000research.127431.3,Validation of a Thai artificial chatmate designed for cheering up the elderly during the COVID-19 pandemic.,F1000Research,2022,FALSE,,
10.12688/f1000research.127542.2,Areas of research interest: joining the dots between government and research at last?,F1000Research,2022,FALSE,,
10.12688/f1000research.127935.1,"Draft genome of a clinical <i>Pseudomonas qingdaonensis</i> isolate from a hospitalized patient at Kenyatta National Hospital, Kenya.",F1000Research,2022,FALSE,,
10.12688/f1000research.127937.2,Characterization of the Complete Chloroplast Genome of <i>Gaultheria nummularioides</i> D.Don 1825 (Ericaceae).,F1000Research,2022,FALSE,,
10.12688/f1000research.127990.2,Draft genome sequences of three emerging beta-lactamase-producing <i>Escherichia coli</i> in the camel production system in Northern Kenya.,F1000Research,2022,FALSE,,
10.12688/f1000research.128029.2,Staining ability of herbal tea preparations on a nano-filled composite restorative material - an in-vitro study.,F1000Research,2022,FALSE,,
10.12688/f1000research.128071.3,Frontier model of the environmental inefficiency effects on livestock bioeconomy.,F1000Research,2022,FALSE,,
10.12688/f1000research.128074.2,"Entry of the antipsychotic drug, olanzapine, into the developing rat brain in mono- and combination therapies.",F1000Research,2022,FALSE,,
10.12688/f1000research.128116.2,Factors affecting HBV DNA suppression in chronic hepatitis B patients treated with tenofovir disoproxil fumarate.,F1000Research,2022,FALSE,,
10.12688/f1000research.128125.2,Oral manifestations associated with Novel Coronavirus Disease - 2019 (COVID-19): A questionnaire based hypothetical study.,F1000Research,2022,FALSE,,
10.12688/f1000research.128144.2,Barriers to compliance with evidence-based guidelines for ventilator-associated pneumonia among critical care nurses: A scoping review.,F1000Research,2022,FALSE,,
10.12688/f1000research.128273.2,"A cross-sectional study on assessment of spiritual health and its associated factors among undergraduate students in a medical college in Mangalore, Karnataka.",F1000Research,2022,FALSE,,
10.12688/f1000research.128550.3,"Sense of personal agency towards mitigating the threat of antibiotic resistance: a focus group study with parents of children under 5 years old, conducted mid-pandemic.",F1000Research,2022,FALSE,,
10.12688/f1000research.128622.2,Characterization of By-products with High Fat Content Derived from the Production of Bovine Gelatin.,F1000Research,2022,FALSE,,
10.12688/f1000research.128874.1,Cationic biopolymer decorated Asiatic Acid and <i>Centella asiatica</i> extract incorporated liposomes for treating early-stage Alzheimer's disease: An <i>In-vitro</i> and <i>In-vivo</i> investigation.,F1000Research,2022,FALSE,,
10.12688/f1000research.128978.3,Investigating the circulating sphingolipidome response to a single high-intensity interval training session within healthy females and males in their twenties (SphingoHIIT): Protocol for a randomised controlled trial.,F1000Research,2022,FALSE,,
10.12688/f1000research.129250.3,"Goji berry (Lycium barbarum) inhibits the proliferation, adhesion, and migration of oral cancer cells by inhibiting the ERK, AKT, and CyclinD cell signaling pathways: an in-vitro study.",F1000Research,2022,FALSE,,
10.12688/f1000research.129252.2,Functional tic-like presentations differ strikingly from Provisional Tic Disorder.,F1000Research,2022,FALSE,,
10.12688/f1000research.55200.1,"Comparisons of the effects of solute interactions on partition coefficient, k &lt;sub&gt;D&lt;/sub&gt;, in selected binary immiscible solvents: a case of oxalic acid and succinic acid.",F1000Research,2022,FALSE,,
10.12688/f1000research.73221.2,Situations of work-related diseases and injuries among agriculturists in the upper northeast regions of Thailand.,F1000Research,2022,FALSE,,
10.12688/f1000research.73476.3,Mutation spectrum analysis of &lt;i&gt;DMD&lt;/i&gt; gene in Indonesian Duchenne and Becker muscular dystrophy patients.,F1000Research,2022,FALSE,,
10.12688/f1000research.73482.2,A quantitative study exploring the acceptance of the eHealth model for mental wellness among digital workers.,F1000Research,2022,FALSE,,
10.12688/f1000research.73661.2,Realisation of Solid-State Electrochromic Devices Based on Gel Electrolyte.,F1000Research,2022,FALSE,,
10.12688/f1000research.73820.3,HIF-1α regulated pathomechanism of low birth weight through angiogenesis factors in placental &lt;i&gt;Plasmodium vivax&lt;/i&gt; infection.,F1000Research,2022,FALSE,,
10.12688/f1000research.74190.2,Global research on syndemics: a meta-knowledge analysis (2001-2020).,F1000Research,2022,FALSE,,
10.12688/f1000research.74196.1,"Knowledge, attitude, and practices associated with avian influenza among undergraduate university students of East Java Indonesia: A cross-sectional survey.",F1000Research,2022,FALSE,,
10.12688/f1000research.74202.2,Innovation management involvement among persons with disabilities in Malaysia.,F1000Research,2022,FALSE,,
10.12688/f1000research.74211.2,How academic sabbaticals are used and how they contribute to research - a small-scale study of the University of Cambridge using interviews and analysis of administrative data.,F1000Research,2022,FALSE,,
10.12688/f1000research.74420.1,Anxiety level among newly hired nurse in a specialized oncology hospital: An observational study.,F1000Research,2022,FALSE,,
10.12688/f1000research.74532.2,Aging with long-term physical disability: Cohort analysis of survey sample in the U.S.,F1000Research,2022,FALSE,,
10.12688/f1000research.74575.6,Hesitancy towards the COVID-19 vaccine among health care practitioners in the Kingdom of Saudi Arabia: a cross-sectional study.,F1000Research,2022,FALSE,,
10.12688/f1000research.74631.1,COVID-19 risk perceptions and precautions among the elderly: A study of CALD adults in South Australia.,F1000Research,2022,FALSE,,
10.12688/f1000research.74645.1,"Temporal trends of sex differences for COVID-19 infection, hospitalisation, severe disease, intensive care unit (ICU) admission and death: a meta-analysis of 229 studies covering over 10M patients.",F1000Research,2022,FALSE,,
10.12688/f1000research.74978.2,"The effectiveness of a sexual assault nurse examiner-grounding program (SANE-GP) on knowledge, skill and practice regarding sexual assault examination (SAE) among nurses working in a tertiary care hospital in Udupi district, India: A study protocol.",F1000Research,2022,FALSE,,
10.12688/f1000research.75144.1,Complex psychiatric comorbidities in Thai trans women: A case series.,F1000Research,2022,FALSE,,
10.12688/f1000research.75245.2,Incidence and Risk Factors for Perioperative Cardiovascular Complications in Spine Surgery.,F1000Research,2022,FALSE,,
10.12688/f1000research.75364.3,What can we experience and report on a rapidly presented image? Intersubjective measures of specificity of freely reported contents of consciousness.,F1000Research,2022,FALSE,,
10.12688/f1000research.75440.2,The effectiveness of different aerobic exercises to improve pain intensity and disability in chronic low back pain patients: a systematic review.,F1000Research,2022,FALSE,,
10.12688/f1000research.75518.2,The pathogenicity of blood stream and central nervous system forms of &lt;i&gt;Trypanosoma brucei rhodesiense&lt;/i&gt; trypanosomes in laboratory mice: a comparative study.,F1000Research,2022,FALSE,,
10.12688/f1000research.75740.2,Predictors of social response to COVID-19 among health care workers caring for individuals with confirmed COVID-19 in Jordan.,F1000Research,2022,FALSE,,
10.12688/f1000research.75761.1,COVID-19 home isolation and food consumption patterns: Investigating the correlates of poor dietary diversity in Lebanon: a cross-sectional study.,F1000Research,2022,FALSE,,
10.12688/f1000research.75763.4,"The effect of chewing-betel habits on blood glucose levels in the &lt;i&gt;Karo&lt;/i&gt; ethnic community, &lt;i&gt;Karo&lt;/i&gt; district.",F1000Research,2022,FALSE,,
10.12688/f1000research.75764.2,Effectiveness of a multidimensional collaborative approach versus usual care in the treatment of adult depression in primary care in Chile: study protocol for a single blinded cluster randomized controlled trial.,F1000Research,2022,FALSE,,
10.12688/f1000research.75870.1,Effects of asparaginases and L-carnitine on Western-diet-induced hepatosteatosis in mice.,F1000Research,2022,FALSE,,
10.12688/f1000research.75873.2,Comparison of invasive histological and molecular methods in the diagnosis of <i>Helicobacter pylori</i> from gastric biopsies of Sudanese patients: a cross-sectional study.,F1000Research,2022,FALSE,,
10.12688/f1000research.75879.3,"Perceived stress, sources of stress and coping strategies among undergraduate medical students of Nepal: a cross-sectional study.",F1000Research,2022,FALSE,,
10.12688/f1000research.75979.1,Synthesis and characterization of silica xerogel from corn husk waste as cationic dyes adsorbent.,F1000Research,2022,FALSE,,
10.12688/f1000research.76032.2,"Assessment of fear, anxiety, obsession and functional impairment due to COVID-19 amongst health-care workers and trainees: A cross-sectional study in Nepal.",F1000Research,2022,FALSE,,
10.12688/f1000research.76068.5,Cicada minimum age tree: Cryptic speciation and exponentially increasing base substitution rates in recent geologic time.,F1000Research,2022,FALSE,,
10.12688/f1000research.76127.3,"Online academic satisfaction during the COVID-19 pandemic in medical students: role of sleep, emotions, college adjustment, and digital skills.",F1000Research,2022,FALSE,,
10.12688/f1000research.76178.2,Temporomandibular joints disorders (TMDs) prevalence and their relation to anxiety in dental students.,F1000Research,2022,FALSE,,
10.12688/f1000research.76180.3,Effect of whitening toothpaste on surface roughness and microhardness of human teeth: a systematic review and meta-analysis.,F1000Research,2022,FALSE,,
10.12688/f1000research.76187.2,Anticancer activity of <i>Caesalpinia sappan</i> by downregulating mitochondrial genes in A549 lung cancer cell line.,F1000Research,2022,FALSE,,
10.12688/f1000research.76218.2,Polygenic Risk Score in African populations: progress and challenges.,F1000Research,2022,FALSE,,
10.12688/f1000research.76833.2,Economic evaluations of maternal health interventions: a scoping review.,F1000Research,2022,FALSE,,
10.12688/f1000research.76842.2,Bayes factor benefits for clinical psychology: review of child and adolescent evidence base.,F1000Research,2022,FALSE,,
10.12688/f1000research.77421.3,The first report on detecting SARS-CoV-2 inside bacteria of  the human gut microbiome: A case series on asymptomatic family members and a child with COVID-19.,F1000Research,2022,FALSE,,
10.12688/f1000research.78195.2,Research Software vs. Research Data I: Towards a Research Data definition in the Open Science context.,F1000Research,2022,FALSE,,
10.12688/f1000research.79534.2,Beliefs on social distancing and face mask practices during the COVID-19 pandemic in low- and middle-income countries: a cross-sectional study.,F1000Research,2022,FALSE,,
10.12688/f1000research.79538.3,Effect of &lt;i&gt;Aloe vera&lt;/i&gt; extract in post-burn skin repair in rats.,F1000Research,2022,FALSE,,
10.12688/f1000research.79542.1,Effect of hydrothermal treatment of titanium in high concentration of AgNO <sub>3</sub> solution on surface morphology and roughness.,F1000Research,2022,FALSE,,
10.12688/f1000research.86670.3,Personality typologies of smokers and excessive drinkers: a cross-sectional survey of respondents in the BBC Lab UK Study.,F1000Research,2022,FALSE,,
10.12688/f1000research.87848.2,The relationship between parents' oral hygiene knowledge and children with Down Syndrome's oral hygiene via OHI-S.,F1000Research,2022,TRUE,,
10.12688/f1000research.110080.6,Effects of non-contact electric fields on the kidneys and livers of tumour-bearing rats.,F1000Research,2023,FALSE,,
10.12688/f1000research.121695.2,&lt;i&gt;Moringa oleifera&lt;/i&gt; fruit extract as a potential antioxidant against liver injury by 2-Nitropropane induction in obese male mice model: pre-clinical study.,F1000Research,2023,FALSE,,
10.12688/f1000research.121696.2,Risk of mental disorders and malnutrition in elderly COVID-19 survivors: An observational study.,F1000Research,2023,FALSE,,
10.12688/f1000research.123111.3,"Magnitude and determinants of road traffic accidents in North Gondar Zone; Amhara Region, Ethiopia.",F1000Research,2023,FALSE,,
10.12688/f1000research.123561.2,"Mental health interventions targeting children and young people: A mapping review of interventions, follow-up, and evidence gaps.",F1000Research,2023,FALSE,,
10.12688/f1000research.124706.2,"Effect of feed enriched by products formulated from coconut water, palm sap sugar, and mushroom on the chemical composition of feed and carcass, growth performance, body indices, and gut micromorphology of giant gourami, <i>Osphronemus goramy</i> (Lacepède, 1801), juveniles.",F1000Research,2023,FALSE,,
10.12688/f1000research.124919.3,"Efficacy of mesenchymal stem cells cultured low oxygen tension ameliorates apoptotic inhibitors, viability, and differentiation of ovarian tissue: A study in a rat model with ovarian failure.",F1000Research,2023,FALSE,,
10.12688/f1000research.124999.2,Heatwave 1987: the Piraeus &lt;i&gt;versus&lt;/i&gt; Athens case.,F1000Research,2023,FALSE,,
10.12688/f1000research.125272.2,Circadian disruption does not alter tumorigenesis in a mouse model of lymphoma.,F1000Research,2023,FALSE,,
10.12688/f1000research.125888.3,Qualitative study on violence against women analyzed under the thought of Edmund Husserl in the context of the Society of Apurimac.,F1000Research,2023,FALSE,,
10.12688/f1000research.126059.3,Mechanisms Behind the Pharmacological Application of Biochanin-A: A review.,F1000Research,2023,FALSE,,
10.12688/f1000research.126690.4,Reliability of the 44-question Home Fall Hazard Assessment Tool and demographic characteristics associated with home hazards among the Thai elderly.,F1000Research,2023,FALSE,,
10.12688/f1000research.126732.3,"Regulation of MAP2, GFAP, and calcium in the CA3 Region Following Kainic Acid Exposure to  organotypic hippocampal slice culture.",F1000Research,2023,FALSE,,
10.12688/f1000research.126762.2,Antioxidant and phytometabolite profiles of ethanolic extract from the cascara pulp of <i>Coffea arabica</i> collected from Gayo Highland: A study for potential anti-photoaging agent.,F1000Research,2023,FALSE,,
10.12688/f1000research.126814.2,Antenatal care utilization on low birth weight children among women with high-risk births.,F1000Research,2023,FALSE,,
10.12688/f1000research.126882.1,Queervertising: An empowerment tool for the gay men and lesbian community.,F1000Research,2023,FALSE,,
10.12688/f1000research.126890.2,Thermal performance of gasifier cooking stoves: A systematic literature review.,F1000Research,2023,FALSE,,
10.12688/f1000research.127008.2,Mapping movie genre evolution (1994 - 2019) using the role of cultural and temporal shifts: a thematic analysis.,F1000Research,2023,FALSE,,
10.12688/f1000research.127142.3,Med-ImageTools: An open-source Python package for robust data processing pipelines and curating medical imaging data.,F1000Research,2023,FALSE,,
10.12688/f1000research.127368.2,Exosomes: Mediators of cellular communication in potentially malignant oral lesions and head and neck cancers.,F1000Research,2023,FALSE,,
10.12688/f1000research.127377.2,Dance/movement therapy as a holistic approach to diminish health discrepancies and promote wellness for people with schizophrenia: a review of the literature.,F1000Research,2023,FALSE,,
10.12688/f1000research.127744.3,Epigallocatechin-3-gallate chitosan nanoparticles in an extender improve the antioxidant capacity and post-thawed quality of Kacang goat semen.,F1000Research,2023,FALSE,,
10.12688/f1000research.127830.2,Drugs prescribed for Phelan-McDermid syndrome differentially impact sensory behaviors in <i>shank3</i> zebrafish models.,F1000Research,2023,FALSE,,
10.12688/f1000research.127895.2,Comparative evaluation of dermatoglyphic patterns between skeletal class I and skeletal class III malocclusion.,F1000Research,2023,FALSE,,
10.12688/f1000research.128167.2,"The road to success: drawing parallels between 'road' and 'research data' infrastructures to foster understanding between service providers, funders and policymakers.",F1000Research,2023,FALSE,,
10.12688/f1000research.128549.2,"Protocol of systematic reviews on implementation research on cardiovascular diseases, diabetes mellitus and mental ailments in India.",F1000Research,2023,FALSE,,
10.12688/f1000research.128657.2,Validation of the Dominican system for measuring early childhood development.,F1000Research,2023,FALSE,,
10.12688/f1000research.128819.4,&lt;i&gt;Sargassum&lt;/i&gt; sp. extract improve hematological profile of tilapia fish ( &lt;i&gt;Oreochromis niloticus&lt;/i&gt;).,F1000Research,2023,FALSE,,
10.12688/f1000research.128851.2,Application of transgenic zebrafish for investigating inflammatory responses to nanomaterials: Recommendations for new users.,F1000Research,2023,FALSE,,
10.12688/f1000research.129010.1,Development and validation mental training model: Mental Toughness Training Circle (MTTC).,F1000Research,2023,FALSE,,
10.12688/f1000research.129036.2,Studying ancient human oral microbiomes could yield insights into the evolutionary history of noncommunicable diseases.,F1000Research,2023,FALSE,,
10.12688/f1000research.129043.3,"Corrosion of copper nickel titanium archwire in chlorhexidine,  sodium fluoride, and chitosan mouthwashes.",F1000Research,2023,FALSE,,
10.12688/f1000research.129064.3,Progress and challenges for the application of machine learning for neglected tropical diseases.,F1000Research,2023,FALSE,,
10.12688/f1000research.129075.5,Investigation of wine fermentation of three-leaf cayratia ( &lt;i&gt;Cayratia trifolia&lt;/i&gt; L.) using &lt;i&gt;Saccharomyces cerevisiae&lt;/i&gt; 2.1.,F1000Research,2023,FALSE,,
10.12688/f1000research.129080.2,"Hospital-acquired and ventilator-associated pneumonia caused by multidrug-resistant Gram-negative pathogens: Understanding epidemiology, resistance patterns, and implications with COVID-19.",F1000Research,2023,FALSE,,
10.12688/f1000research.129090.2,Therapeutically applied Minecraft groups with neurodivergent youth.,F1000Research,2023,FALSE,,
10.12688/f1000research.129263.3,"Return to work rate of individuals after cardiac rehabilitation and the demographic and impairment factors that influence return to work in the Western Cape, South Africa.",F1000Research,2023,FALSE,,
10.12688/f1000research.129340.2,Relationships Between Childhood Bullying/Domestic Violence Experience and Insomnia among Employees in Japan.,F1000Research,2023,FALSE,,
10.12688/f1000research.129421.4,Physiological characteristics of IRR 400 series rubber clones ( &lt;i&gt;Hevea brasiliensis&lt;/i&gt; Muell. Arg.) under drought stress.,F1000Research,2023,FALSE,,
10.12688/f1000research.129488.2,"Alternative conceptions of COVID-19 and post-COVID-19 assumed by Basic Education pre-service teachers. A case study for Universidad Técnica del Norte, Ecuador.",F1000Research,2023,FALSE,,
10.12688/f1000research.129559.2,Investigating ultrastructural morphology in MIRAGE syndrome-derived fibroblasts using transmission electron microscopy.,F1000Research,2023,FALSE,,
10.12688/f1000research.129562.2,Enhanced human periodontal ligament stem cell viability and osteogenic differentiation on two implant materials: An experimental <i>in vitro</i> study.,F1000Research,2023,FALSE,,
10.12688/f1000research.129645.2,"Impact of multiple different high-fat diets on metabolism, inflammatory markers, dysbiosis, and liver histology: study on NASH rat model induced diet.",F1000Research,2023,FALSE,,
10.12688/f1000research.129648.3,"Lived experiences of women who survived from pre-eclampsia and eclampsia in public hospitals of Shashemene Town, Oromia Region, Ethiopia: a qualitative study.",F1000Research,2023,FALSE,,
10.12688/f1000research.129649.2,Correlation between salivary immunoglobulin A and interleukin-1beta in smokers with dental caries.,F1000Research,2023,FALSE,,
10.12688/f1000research.129668.2,Increased growth temperature and vitamin B12 supplementation reduces the lag time for rapid pathogen identification in BHI agar and blood cultures.,F1000Research,2023,FALSE,,
10.12688/f1000research.129792.2,"Measuring the needs of dementia patients' caregivers: An assessment study from King Abdul-Aziz Medical City, Jeddah, Saudi Arabia.",F1000Research,2023,FALSE,,
10.12688/f1000research.129829.1,Upholding dignity during a pandemic &lt;i&gt;via&lt;/i&gt; Twitter.,F1000Research,2023,FALSE,,
10.12688/f1000research.129863.1,Do macrophages follow the beat of circadian rhythm in TIME (Tumor Immune Microenvironment)?,F1000Research,2023,FALSE,,
10.12688/f1000research.129865.1,Knowledge and Practice of Herbal Medicine on Oral Health among Dental Personnel in Malaysia.,F1000Research,2023,FALSE,,
10.12688/f1000research.129891.4,&lt;i&gt;Efficacy of Lycium barbarum&lt;/i&gt; (Goji berry) mouthwash for managing periodontitis: a randomized clinical trial.,F1000Research,2023,FALSE,,
10.12688/f1000research.129943.3,Computer-aided drug design approaches applied to screen natural product's structural analogs targeting arginase in Leishmania spp.,F1000Research,2023,FALSE,,
10.12688/f1000research.129945.1,"ISCB Student Council Symposium 2021, a virtual global venue: challenges and lessons learned.",F1000Research,2023,FALSE,,
10.12688/f1000research.129958.4,"The first released available genome of the common ice plant ( &lt;i&gt;Mesembryanthemum crystallinum&lt;/i&gt; L.) extended the research region on salt tolerance, C &lt;sub&gt;3&lt;/sub&gt;-CAM photosynthetic conversion, and halophilism.",F1000Research,2023,FALSE,,
10.12688/f1000research.130071.2,Effect of in-office bleaching agent on the surface roughness and microhardness of nanofilled and nanohybrid composite resins.,F1000Research,2023,FALSE,,
10.12688/f1000research.130085.2,"Immigrants, health, and the impact of COVID-19: A narrative review.",F1000Research,2023,FALSE,,
10.12688/f1000research.130126.3,"Identification of high-performing antibodies for Moesin for use in Western Blot, immunoprecipitation, and immunofluorescence.",F1000Research,2023,FALSE,,
10.12688/f1000research.130176.3,Effect of lactoferrin in oral nutrition supplement (ONS) towards IL-6 and IL-10 in failure to thrive children with infection.,F1000Research,2023,FALSE,,
10.12688/f1000research.130227.2,Comparative evaluation of pH and Ca <sup>+</sup> ion release from MTA on interaction with platelet-rich fibrin and blood clot: an <i>in vitro</i> study.,F1000Research,2023,FALSE,,
10.12688/f1000research.130249.2,The effect of canal curvature on cyclic fatigue resistance of rotary instruments using different irrigation materials ( <i>in vitro</i> study).,F1000Research,2023,FALSE,,
10.12688/f1000research.130329.1,Benefit of Asian pigmented rice bioactive compound and its implication in breast cancer: a systematic review.,F1000Research,2023,FALSE,,
10.12688/f1000research.130374.2,Perception and attitude towards online clinical modules: a cross-sectional study among medical students from two countries.,F1000Research,2023,FALSE,,
10.12688/f1000research.130394.4,Characterization of sacha inchi (Plukenetia volubilis) and taro (Colocasia esculenta) flours with potential application in the preparation of both gluten-free and high protein foods.,F1000Research,2023,FALSE,,
10.12688/f1000research.130430.3,Cigarette smoke alters circRNA expression in human T-cells.,F1000Research,2023,FALSE,,
10.12688/f1000research.130443.1,Assessing structure and disorder prediction tools for <i>de novo</i> emerged proteins in the age of machine learning.,F1000Research,2023,FALSE,,
10.12688/f1000research.130471.1,The house as a mind.,F1000Research,2023,FALSE,,
10.12688/f1000research.130522.2,"Study of significance of bone marrow microvessel density in myeloproliferative neoplasms in correlation with CD34 blasts, mast cell count and fibrosis.",F1000Research,2023,FALSE,,
10.12688/f1000research.130587.4,A guide to selecting high-performing antibodies for human Midkine for use in Western blot and immunoprecipitation.,F1000Research,2023,FALSE,,
10.12688/f1000research.130610.4,Sentiment analysis of Indonesian tweets on COVID-19 and COVID-19 vaccinations.,F1000Research,2023,FALSE,,
10.12688/f1000research.130618.2,In silico molecular docking and molecular dynamic simulation of agarwood compounds with molecular targets of Alzheimer's disease .,F1000Research,2023,FALSE,,
10.12688/f1000research.130662.3,Social distancing between personal belongings during the COVID-19 pandemic.,F1000Research,2023,FALSE,,
10.12688/f1000research.130682.4,Comparing the effectiveness of pterostilbene and sitagliptin on modulating inflammatory levels and inducing autophagy to improve atherosclerosis outcome: A preclinical study in rabbits.,F1000Research,2023,FALSE,,
10.12688/f1000research.130687.1,Infodemic in Public health a reemerging public health threat: a scoping review.,F1000Research,2023,FALSE,,
10.12688/f1000research.130691.3,"Knowledge, attitudes, and behaviour of college students in disposing used masks during the COVID-19 pandemic in DKI Jakarta Province.",F1000Research,2023,FALSE,,
10.12688/f1000research.130734.1,"The first genome sequence of <i>Anopheles squamous</i> from Macha, Zambia.",F1000Research,2023,FALSE,,
10.12688/f1000research.130749.2,Formulation and <i>in vitro</i> evaluation of meloxicam as a self-microemulsifying drug delivery system.,F1000Research,2023,FALSE,,
10.12688/f1000research.130752.2,Anemonefishes: A model system for evolutionary genomics.,F1000Research,2023,FALSE,,
10.12688/f1000research.130779.3,"A detailed methodology for a three-dimensional, self-structuring bone model that supports the differentiation of osteoblasts towards osteocytes and the production of a complex collagen-rich mineralised matrix.",F1000Research,2023,FALSE,,
10.12688/f1000research.130786.2,Sugar content and erosive potential of commonly prescribed Orodispersible tablets- An <i>in vitro</i> study.,F1000Research,2023,FALSE,,
10.12688/f1000research.130861.2,Central composite design driven optimization of sustainable stability indicating HPLC method for the determination of Tigecycline and greenness assessment.,F1000Research,2023,FALSE,,
10.12688/f1000research.130883.1,Feasibility and guidelines for the use of an injectable fiducial marker (BioXmark &lt;sup&gt;®&lt;/sup&gt;) to improve target delineation in preclinical radiotherapy studies using mouse models.,F1000Research,2023,FALSE,,
10.12688/f1000research.130902.1,Local approaches and ineffectivity in reducing stunting in children: A case study of policy in Indonesia.,F1000Research,2023,FALSE,,
10.12688/f1000research.130932.2,"Effects of Ashwagandha ( &lt;i&gt;Withania somnifera&lt;/i&gt;) standardized root extract on physical endurance and VO &lt;sub&gt;2max&lt;/sub&gt; in healthy adults performing resistance training: An eight-week, prospective, randomized, double-blind, placebo-controlled study.",F1000Research,2023,FALSE,,
10.12688/f1000research.130979.2,Effect of polyamine precursors and antioxidants on growth and metabolism of salt-stressed barley.,F1000Research,2023,FALSE,,
10.12688/f1000research.130980.3,"Maternal anaemia care in Kano state, Nigeria: an exploratory qualitative study of experiences of uptake and provision.",F1000Research,2023,FALSE,,
10.12688/f1000research.130991.2,A guide to selecting high-performing antibodies for Secreted frizzled-related protein 1 (sFRP-1) for use in Western Blot and immunoprecipitation.,F1000Research,2023,FALSE,,
10.12688/f1000research.131013.2,Unraveling the molecular mechanism of novel leukemia mutations on NTRK2 (A203T & R458G) and NTRK3 (E176D & L449F) genes using molecular dynamics simulations approach.,F1000Research,2023,FALSE,,
10.12688/f1000research.131073.2,"Knowledge, attitude and practices towards COVID-19 among Indian medical undergraduates: a questionnaire-based study.",F1000Research,2023,FALSE,,
10.12688/f1000research.131112.2,Adolescent Friendly Health Clinics (AFHCS) in India and their compliance with government benchmarks: A scoping review.,F1000Research,2023,FALSE,,
10.12688/f1000research.131153.2,Pharmacists' readiness and willingness to vaccinate the public in United Arab Emirates community pharmacies: A cross-sectional study.,F1000Research,2023,FALSE,,
10.12688/f1000research.131173.3,Prevalence of carpal tunnel syndrome among dentists: a systematic review and meta-analysis.,F1000Research,2023,FALSE,,
10.12688/f1000research.131230.2,Why cost-effectiveness thresholds for global health donors should differ from thresholds for Ministries of Health (and why it matters).,F1000Research,2023,FALSE,,
10.12688/f1000research.131306.4,"Assessing trait emotional intelligence and its relationship with stress and health behaviour in the education sector: An empirical study from Uttarakhand, India.",F1000Research,2023,FALSE,,
10.12688/f1000research.131326.2,"Genetic diversity and population structure of <i>Capitulum mitella</i> (Linnaeus, 1767) in Fujian (China) revealed by mtDNA COI sequences.",F1000Research,2023,FALSE,,
10.12688/f1000research.131333.1,"The identification of high-performing antibodies for transmembrane protein 106B (TMEM106B) for use in Western blot, immunoprecipitation, and immunofluorescence.",F1000Research,2023,FALSE,,
10.12688/f1000research.131336.3,Assessing the cytotoxicity of phenolic and terpene fractions extracted from Iraqi &lt;i&gt;Prunus arabica&lt;/i&gt; against AMJ13 and SK-GT-4 human cancer cell lines.,F1000Research,2023,FALSE,,
10.12688/f1000research.131411.2,Comparison of crestal bone loss and papilla fill after conventional and immediate implant placement: A 12 month clinical and radiographic prospective study.,F1000Research,2023,FALSE,,
10.12688/f1000research.131507.2,Modelling host- <i>Trypanosoma brucei gambiense</i> interactions <i>in vitro</i> using human induced pluripotent stem cell-derived cortical brain organoids.,F1000Research,2023,FALSE,,
10.12688/f1000research.131522.1,Seasonal effects decouple SARS-CoV-2 haplotypes worldwide.,F1000Research,2023,FALSE,,
10.12688/f1000research.131558.1,Restinga ectomycorrhizae: a work in progress.,F1000Research,2023,FALSE,,
10.12688/f1000research.131599.1,"""Am I Masculine?"" A metasynthesis of qualitative studies on traditional masculinity on infertility.",F1000Research,2023,FALSE,,
10.12688/f1000research.131618.3,The influence of the fourth industrial revolution in teaching and learning: the COVID-19 context.,F1000Research,2023,FALSE,,
10.12688/f1000research.131636.1,Endocranial volumes and human evolution.,F1000Research,2023,FALSE,,
10.12688/f1000research.131659.2,Worldwide prevalence of carpal tunnel syndrome among dental health care personnel - A systematic review and meta-analysis.,F1000Research,2023,FALSE,,
10.12688/f1000research.131679.2,"Agroecosystem exploration for Antimicrobial Resistance in Ahmedabad, India: A Study Protocol.",F1000Research,2023,FALSE,,
10.12688/f1000research.131685.4,The influence of indigenous knowledge on chemistry metacognition.,F1000Research,2023,FALSE,,
10.12688/f1000research.131695.4,Satisfactory result of great saphenous vein endovenous laser ablation until below the knee on active venous leg ulcer: a case series.,F1000Research,2023,FALSE,,
10.12688/f1000research.131766.2,A framework for doctoral education in developing students' mental well-being by integrating the demand and resources of the program: An integrative review.,F1000Research,2023,FALSE,,
10.12688/f1000research.131768.3,"A protocol for cloning, expression, and purification of Lysine exporter (LysE) gene of Mycobacterium tuberculosis.",F1000Research,2023,FALSE,,
10.12688/f1000research.131810.2,Development of an &lt;i&gt;in vitro&lt;/i&gt; microfluidic model to study the role of microenvironmental cells in oral cancer metastasis.,F1000Research,2023,FALSE,,
10.12688/f1000research.131818.2,Case Report: IgG4-related kidney disease complicated by interstitial pneumonia.,F1000Research,2023,FALSE,,
10.12688/f1000research.131846.2,Reduction of hydrocarbon pollutants by hyacinth plants ( &lt;i&gt;Eichhornia crassipes&lt;/i&gt;).,F1000Research,2023,FALSE,,
10.12688/f1000research.131851.1,"The identification of high-preforming antibodies for Ubiquilin-2 for use in Western Blot, immunoprecipitation, and immunofluorescence.",F1000Research,2023,FALSE,,
10.12688/f1000research.131852.2,"The identification of high-performing antibodies for TDP-43 for use in Western Blot, immunoprecipitation and immunofluorescence.",F1000Research,2023,FALSE,,
10.12688/f1000research.131894.2,Prevalence of stress and its relevance on psychological well-being of the teaching profession:  A scoping review.,F1000Research,2023,FALSE,,
10.12688/f1000research.131906.3,An Insight into developmental changes in reasoning skills among Indian Preschoolers: A cross-sectional study using a story-based approach.,F1000Research,2023,FALSE,,
10.12688/f1000research.131914.2,Technological tools for the measurement of sensory characteristics in food: A review.,F1000Research,2023,FALSE,,
10.12688/f1000research.131919.1,A comparative evaluation of micro shear bond strength and microleakage between the resin-modified glass ionomer cement and residual dentin following excavation of carious dentin using Carie CareTM and conventional caries removal in primary teeth: an in vitro study.,F1000Research,2023,FALSE,,
10.12688/f1000research.131974.1,Comparative evaluation of platelet rich fibrin matrix (PRFM) membrane and collagen membrane with demineralized freeze-dried bone allograft (DFDBA) in the treatment of mandibular class II furcation defects: A randomized controlled trial.,F1000Research,2023,FALSE,,
10.12688/f1000research.131985.3,Impact of coenzyme Q10 as an adjuvant therapy to letrozole on spermiogram results and sex hormone levels in Iraqi men with infertility; randomized open label comparative study.,F1000Research,2023,FALSE,,
10.12688/f1000research.132013.2,"Broodstock development, induced spawning and larval rearing of the bilih, <i>Mystacoleucus padangensis</i> (Bleeker, 1852), a vulnerable species, and its potential as a new aquaculture candidate.",F1000Research,2023,FALSE,,
10.12688/f1000research.132035.1,Microplastic content of over-the-counter toothpastes - a systematic review.,F1000Research,2023,FALSE,,
10.12688/f1000research.132047.2,Antimicrobial efficacy of Kerr pulp canal sealer (EWT) in combination with 10% amoxicillin on <i>Enterococcus faecalis</i>: A confocal laser scanning microscopic study.,F1000Research,2023,FALSE,,
10.12688/f1000research.132106.2,&lt;i&gt;Nigella sativa&lt;/i&gt; L. seed extracts promote wound healing progress by activating VEGF and PDGF signaling pathways: An &lt;i&gt;in vitro&lt;/i&gt; and &lt;i&gt;in silico&lt;/i&gt; study.,F1000Research,2023,FALSE,,
10.12688/f1000research.132166.1,The cognitive remediation of attention in HIV-associated neurocognitive disorders (HAND): A meta-analysis and systematic review.,F1000Research,2023,FALSE,,
10.12688/f1000research.132186.1,Extracellular vesicles as novel drug delivery systems to target cancer and other diseases: Recent advancements and future perspectives.,F1000Research,2023,FALSE,,
10.12688/f1000research.132215.2,Suicide prevention program (SPP) in South Asian Countries: A protocol for systematic review.,F1000Research,2023,FALSE,,
10.12688/f1000research.132249.1,"The identification of high-performing antibodies for Profilin-1 for use in Western blot, immunoprecipitation and immunofluorescence.",F1000Research,2023,FALSE,,
10.12688/f1000research.132371.1,Bioconversion of biowaste by black soldier fly larvae ( <i>Hermetia illucens</i> L.) for dried larvae production: A life cycle assessment and environmental impact analysis.,F1000Research,2023,FALSE,,
10.12688/f1000research.132413.5,A socio-legal imperative of domestic violence prohibition in Africa vis-a-vis Nigerian legal structure for sexually abused women.,F1000Research,2023,FALSE,,
10.12688/f1000research.132421.3,Inputs-Oriented VRS DEA in dairy farms.,F1000Research,2023,FALSE,,
10.12688/f1000research.132479.3,Oxygen as obturation biomaterial in endodontic treatment: development of novel membranous dental restoration system.,F1000Research,2023,FALSE,,
10.12688/f1000research.132498.4,Investigation of mutations in the partial sequences of the surface and polymerase genes of hepatitis B virus associated with immune escape and drug resistance in HIV-infected patients.,F1000Research,2023,FALSE,,
10.12688/f1000research.132539.2,"An examination of the Petroleum Industry Act 2021: prospects, challenges, and the way forward.",F1000Research,2023,FALSE,,
10.12688/f1000research.132580.3,Teaching critical thinking about health information and choices in secondary schools: human-centred design of digital resources.,F1000Research,2023,FALSE,,
10.12688/f1000research.132628.2,"The identification of high-performing antibodies for Sequestosome-1 for use in Western blot, immunoprecipitation and immunofluorescence.",F1000Research,2023,FALSE,,
10.12688/f1000research.132636.2,"Control study of <i>Musca domestica</i> (Diptera, Muscidae) in Misan Province.",F1000Research,2023,FALSE,,
10.12688/f1000research.132819.2,Development and evaluation of prevention bundle for neonatal healthcare-associated infections: an interventional study.,F1000Research,2023,FALSE,,
10.12688/f1000research.132823.2,An overview of cybersecurity in Zimbabwe's financial services sector.,F1000Research,2023,FALSE,,
10.12688/f1000research.132841.2,Advancing posaconazole quantification analysis with a new reverse-phase HPLC method in its bulk and marketed dosage form.,F1000Research,2023,FALSE,,
10.12688/f1000research.132880.2,Adsorption of Pb (II) ions on variable charge oxidic calcined substrates with chemically modified surface.,F1000Research,2023,FALSE,,
10.12688/f1000research.132881.2,The effect of green mussel ( &lt;i&gt;Perna viridis&lt;/i&gt;) shells' hydroxyapatite application on alkaline phosphatase levels in rabbit femur bone defect.,F1000Research,2023,FALSE,,
10.12688/f1000research.132941.4,Ozone water or chloroxylenol: The comparison of disinfection effectiveness against the number of bacterial colonies in dental extraction instruments at the Universitas Sumatera Utara Dental and Oral Hospital.,F1000Research,2023,FALSE,,
10.12688/f1000research.132952.2,"Identification of high-performing antibodies for Superoxide dismutase [Cu-Zn] 1 (SOD1) for use in Western blot, immunoprecipitation, and immunofluorescence.",F1000Research,2023,FALSE,,
10.12688/f1000research.132957.2,"Field study of parasitic contamination of fruits, vegetables and leafy greens in the Ecuadorian Andes.",F1000Research,2023,FALSE,,
10.12688/f1000research.133199.2,"Well-being as a tool to improve productivity in existing office space: Case study in Alexandria, Egypt.",F1000Research,2023,FALSE,,
10.12688/f1000research.133220.2,"The identification of high-performing antibodies for RNA-binding protein FUS for use in Western Blot, immunoprecipitation, and immunofluorescence.",F1000Research,2023,FALSE,,
10.12688/f1000research.133230.2,Indocyanine green based antimicrobial photodynamic therapy as an adjunct to non-surgical periodontal treatment in periodontal maintenance patients: a clinico-microbiological study.,F1000Research,2023,FALSE,,
10.12688/f1000research.133288.3,The Effect of Coronal Pre-flaring and Type of Root Canal Irrigation on Working Length Accuracy Using Electronic Apex Locators.,F1000Research,2023,FALSE,,
10.12688/f1000research.133295.3,Social influence and external feedback control in humans.,F1000Research,2023,FALSE,,
10.12688/f1000research.133299.2,HIV preventive behavior scale for Thai men who have sex with men (MSM): development and psychometric properties.,F1000Research,2023,FALSE,,
10.12688/f1000research.133313.2,Effect of green tea extract antioxidant on dentin shear bond strength and resin-tag penetration depth after non-vital bleaching.,F1000Research,2023,FALSE,,
10.12688/f1000research.133314.2,Effect of family-centered care interventions on well-being of caregivers of children with cerebral palsy: a systematic review.,F1000Research,2023,FALSE,,
10.12688/f1000research.133390.1,"Measuring behaviour in hens using an ethogram to assess analgesia during further refinement of a high welfare, on-hen, poultry red mite feeding device.",F1000Research,2023,FALSE,,
10.12688/f1000research.133427.1,Biodesulfurization of Fossil Fuels: Analysis and Prospective.,F1000Research,2023,FALSE,,
10.12688/f1000research.133455.2,Comparative Evaluation of Mechanical Properties and Bond Strength of Glass Ionomer Cement reinforced with three different concentrations of Silver Nanoparticles as against Conventional Glass Ionomer Cement in Primary Teeth.,F1000Research,2023,FALSE,,
10.12688/f1000research.133472.2,"The problematic space between art, ambition, and gameplay: &lt;i&gt;The Medium&lt;/i&gt; and the issues concerning difficult subject matter and gameplay in games.",F1000Research,2023,FALSE,,
10.12688/f1000research.133479.2,"The identification of high-performing antibodies for Coiled-coil-helix-coiled-coil-helix domain containing protein 10 (CHCHD10) for use in Western Blot, immunoprecipitation and immunofluorescence.",F1000Research,2023,FALSE,,
10.12688/f1000research.133489.8,&lt;i&gt;In vitro&lt;/i&gt; analysis of quercetin-like compounds from mistletoe &lt;i&gt;Dendrophtho&lt;/i&gt;e &lt;i&gt;pentandra&lt;/i&gt; &lt;i&gt;(L.) Miq&lt;/i&gt; as a potential antiviral agent for Newcastle disease.,F1000Research,2023,FALSE,,
10.12688/f1000research.133506.3,"Novel five-phase model for understanding the nature of misophonia, a conditioned aversive reflex disorder.",F1000Research,2023,FALSE,,
10.12688/f1000research.133518.2,The Taxonomy of Blockchain-based Technology in the Financial Industry.,F1000Research,2023,FALSE,,
10.12688/f1000research.133612.2,The rise of preprints in earth sciences.,F1000Research,2023,FALSE,,
10.12688/f1000research.133637.3,Case Report: Simultaneous penetrating keratoplasty with autologous simple limbal epithelial transplantation as an alternative to keratoprosthesis.,F1000Research,2023,FALSE,,
10.12688/f1000research.133645.2,"A guide to selecting high-performing antibodies for RNA-binding protein TIA1 for use in Western Blot, immunoprecipitation and immunofluorescence.",F1000Research,2023,FALSE,,
10.12688/f1000research.133696.2,"Identification of high-performing antibodies for Vacuolar protein sorting-associated protein 35 (hVPS35) for use in Western Blot, immunoprecipitation and immunofluorescence.",F1000Research,2023,FALSE,,
10.12688/f1000research.133838.2,Case Report: Callosal disconnection syndrome manifesting as mixed frontal-callosal-posterior alien hand syndrome following extensive corpus callosum infarct.,F1000Research,2023,FALSE,,
10.12688/f1000research.133874.3,A comprehensive review of energy efficient routing protocols for query driven wireless sensor networks.,F1000Research,2023,FALSE,,
10.12688/f1000research.133899.3,Identification of high-performing antibodies for Apolipoprotein E for use in Western Blot and immunoprecipitation.,F1000Research,2023,FALSE,,
10.12688/f1000research.134011.2,Turmeric extract gel and honey in post-cesarean section wound healing: A preliminary study.,F1000Research,2023,FALSE,,
10.12688/f1000research.134020.5,"Isolation, morphological characterization, and screening virulence of &lt;i&gt;Beauveria bassiana&lt;/i&gt; and &lt;i&gt;Metarhizium robertsii&lt;/i&gt; fungal isolates &lt;i&gt; o&lt;/i&gt;n &lt;i&gt;Galleria mellonella&lt;/i&gt;.",F1000Research,2023,FALSE,,
10.12688/f1000research.134041.4,Evaluation and comparison of the effectiveness of kaleidoscope and virtual reality goggles to reduce dental anxiety in young children undergoing administration of local anesthesia.,F1000Research,2023,FALSE,,
10.12688/f1000research.134195.1,Cross-cultural adaptation and validation of the Greek version of the Kerlan-Jobe orthopaedic clinic shoulder and elbow score in Greek overhead athletes.,F1000Research,2023,FALSE,,
10.12688/f1000research.134244.2,The journey of F1000Research since inception: through bibliometric analysis.,F1000Research,2023,FALSE,,
10.12688/f1000research.134275.2,Development of a Japanese version of the Awe Experience Scale (AWE-S): A structural topic modeling approach.,F1000Research,2023,FALSE,,
10.12688/f1000research.134292.2,"Geographic distribution of conversion therapy prevalence in Canada. Findings from a national cross-sectional survey, 2020.",F1000Research,2023,FALSE,,
10.12688/f1000research.134302.2,Immune system and tumor microenvironment in early-stage breast cancer: different mechanisms for early recurrence after mastectomy and chemotherapy on ductal and lobular types.,F1000Research,2023,FALSE,,
10.12688/f1000research.134346.2,Effect of acute altitude exposure on physiological parameters and glucose metabolism in healthy lowland Peruvians.,F1000Research,2023,FALSE,,
10.12688/f1000research.134366.2,Symptoms trend and challenges in dental practice during delta variance COVID-19 pandemic in Indonesia: Google Trends Analysis.,F1000Research,2023,FALSE,,
10.12688/f1000research.134574.1,A bibliometric analysis of publication output in selected South American countries.,F1000Research,2023,FALSE,,
10.12688/f1000research.134641.3,Prevalence of Panton-Valentine leucocidin ( &lt;i&gt;pvl&lt;/i&gt;) and exfoliative toxin A ( &lt;i&gt;eta&lt;/i&gt;) gene within methicillin resistant and susceptible &lt;i&gt;Staphylococcus aureus&lt;/i&gt; in an urban tertiary hospital: A molecular epidemiology pilot study.,F1000Research,2023,FALSE,,
10.12688/f1000research.134682.3,Levels of polycyclic aromatic hydrocarbon in the soil around typical automobile repair workshops in Nigeria.,F1000Research,2023,FALSE,,
10.12688/f1000research.134720.2,Study of anaemia in pregnancy and low birth weight in fluoride endemic area of Western Rajasthan: a cohort study.,F1000Research,2023,FALSE,,
10.12688/f1000research.134731.1,Performance evaluation and comparative study of three 52-kW PV plants in India: a case study.,F1000Research,2023,FALSE,,
10.12688/f1000research.134799.2,"Sex difference in body image, exercise motivation and social comparison among Instagram users: a cross sectional study.",F1000Research,2023,FALSE,,
10.12688/f1000research.134956.2,<i>In silico</i> screening for potential inhibitors from the phytocompounds of <i>Carica papaya</i> against Zika virus NS5 protein.,F1000Research,2023,FALSE,,
10.12688/f1000research.134978.3,"&lt;i&gt;Stenotrophomonas goyi&lt;/i&gt; sp. nov., a novel bacterium associated with the alga &lt;i&gt;Chlamydomonas reinhardtii&lt;/i&gt;.",F1000Research,2023,FALSE,,
10.12688/f1000research.135164.2,On the limits of inferring biophysical parameters of RBP-RNA interactions from in vitro RNA Bind'n Seq data.,F1000Research,2023,FALSE,,
10.12688/f1000research.135235.2,Comparative evaluation of apical debris extrusion during root canal preparation using three different rotary file systems.,F1000Research,2023,FALSE,,
10.12688/f1000research.135262.3,"Community preventive behaviour and perception on the severity of COVID-19 disease in Indonesia, 2021-2022: Structural equation modelling.",F1000Research,2023,FALSE,,
10.12688/f1000research.135265.2,"Reviewing stakeholders during the Itaewon Halloween crowd crush, Korea 2022: Qualitative content analysis.",F1000Research,2023,FALSE,,
10.12688/f1000research.135379.3,Active adults have thicker peripheral muscles and diaphragm: A cross-sectional study.,F1000Research,2023,FALSE,,
10.12688/f1000research.135516.1,Development and acceptability of a cereal bar with &lt;i&gt;Atta sexdens&lt;/i&gt; ant flour.,F1000Research,2023,FALSE,,
10.12688/f1000research.135533.2,Are circadian amplitudes and periods correlated? A new twist in the story.,F1000Research,2023,FALSE,,
10.12688/f1000research.135678.2,The attitudes and practices of United Arab Emirates consumers towards food waste: A nationwide cross-sectional study.,F1000Research,2023,FALSE,,
10.12688/f1000research.135684.1,Association between dental caries experience and salivary profile among autoimmune thyroid disease subjects - a cross-sectional comparative study.,F1000Research,2023,FALSE,,
10.12688/f1000research.135702.2,Tourette syndrome research highlights from 2022.,F1000Research,2023,FALSE,,
10.12688/f1000research.135809.2,Ex-vivo drug screening of surgically resected glioma stem cells to replace murine avatars and provide personalise cancer therapy for glioblastoma patients.,F1000Research,2023,FALSE,,
10.12688/f1000research.136097.2,Graph neural network-based anomaly detection for river network systems.,F1000Research,2023,FALSE,,
10.12688/f1000research.136162.1,War damages compensation: a case study on Ukraine.,F1000Research,2023,FALSE,,
10.12688/f1000research.136320.2,Prevalence of pre-operative anxiety and associated risk factors among patients awaiting elective surgery in a tertiary care hospital.,F1000Research,2023,FALSE,,
10.12688/f1000research.136568.2,"Morphological, structural, chemical, vibrational, thermal, pasting, and functional changes in pea starch during germination process.",F1000Research,2023,FALSE,,
10.12688/f1000research.136653.3,Preventive efficacy of 38% silver diamine fluoride and CPP-ACP fluoride varnish on molars affected by molar incisor hypomineralization in children: A randomized controlled trial.,F1000Research,2023,FALSE,,
10.12688/f1000research.136683.2,Lessons learned: overcoming common challenges in reconstructing the SARS-CoV-2 genome from short-read sequencing data via CoVpipe2.,F1000Research,2023,FALSE,,
10.12688/f1000research.136724.1,Impact of COVID-19 on Mobile Technology use in adults in the United States.,F1000Research,2023,FALSE,,
10.12688/f1000research.136998.3,The impact of shift-work light conditions on tissue-specific circadian rhythms of canonical clock genes: insights from a mouse model study.,F1000Research,2023,FALSE,,
10.12688/f1000research.137322.5,"Effects of priming duration and rhizosphere bacteria metabolite concentration on the germinability of cowpea, soybean, sesame, and okra seeds.",F1000Research,2023,FALSE,,
10.12688/f1000research.138127.2,Lower limb rehabilitation using modified constraint-induced movement therapy and motor relearning program on balance and gait in sub-acute hemiplegic stroke: a comparative study.,F1000Research,2023,FALSE,,
10.12688/f1000research.138146.1,Obstacles for self-management practices among diabetes patients: A facility-based study from Coastal South India.,F1000Research,2023,FALSE,,
10.12688/f1000research.138276.3,Analysis of carbon nano particle variant as the propellant fuel to increase specific impulses of rockets.,F1000Research,2023,FALSE,,
10.12688/f1000research.138340.1,Efficacy of an external cold and vibrating device in reducing discomfort during the administration of an inferior alveolar nerve block in children: A split-mouth randomised crossover study.,F1000Research,2023,FALSE,,
10.12688/f1000research.138354.2,"Validation and &lt;i&gt;in vivo&lt;/i&gt; characterization of research antibodies for Moesin, CD44, Midkine, and sFRP-1.",F1000Research,2023,FALSE,,
10.12688/f1000research.138392.1,"Role of specialized pro-resolving mediators on inflammation, cardiometabolic health, disease progression, and quality of life after omega-3 PUFA supplementation and aerobic exercise training in individuals with rheumatoid arthritis: a randomized 16-week, placebo-controlled interventional trial.",F1000Research,2023,FALSE,,
10.12688/f1000research.138398.2,Traditional medicine in Incahuasi: An ethnobotanical study.,F1000Research,2023,FALSE,,
10.12688/f1000research.138482.2,"The innovative dimension of the research training programmes under H2020-MSCA-ITN: a methodological approach to track, measure and analyse innovative aspects and provide policy-feedback conclusions.",F1000Research,2023,FALSE,,
10.12688/f1000research.138509.1,Storage stability of a fluidized-bed agglomerated spray-dried strawberry powder mixture.,F1000Research,2023,FALSE,,
10.12688/f1000research.138571.2,The genome sequence of the critically endangered Kroombit tinkerfrog ( &lt;i&gt;Taudactylus pleione&lt;/i&gt;).,F1000Research,2023,FALSE,,
10.12688/f1000research.138599.3,A protocol for the development of PhyCaRe: An extension of the CARE guideline for physiotherapy using the Delphi method.,F1000Research,2023,FALSE,,
10.12688/f1000research.138671.3,"Prevalence, serovars, and risk factors associated with the presence of &lt;i&gt;Salmonella&lt;/i&gt; in pork sold in public markets in Quito, Ecuador.",F1000Research,2023,FALSE,,
10.12688/f1000research.138774.2,Onchocerciasis-associated epilepsy: an explorative case-control study with viral metagenomic analyses on &lt;i&gt; &lt;/i&gt; &lt;i&gt;Onchocerca volvulus&lt;/i&gt;.,F1000Research,2023,FALSE,,
10.12688/f1000research.138776.2,"To study the utility of COX-2 as immunohistochemical prognostic marker in comparison to various histopathological parameters and TNM staging in breast carcinoma: an observational, cross-sectional study protocol.",F1000Research,2023,FALSE,,
10.12688/f1000research.138838.2,Association between the risk perception of contracting COVID-19 and sociodemographic characteristics in a Peruvian population.,F1000Research,2023,FALSE,,
10.12688/f1000research.138859.2,"The association between climate variables and tuberculosis in Kolaka District, Southeast Sulawesi Province, Indonesia, 2013-2020: a Bayesian autoregressive model.",F1000Research,2023,FALSE,,
10.12688/f1000research.138866.4,Food consumption and adherence to dietary guidelines among Jordanian children and adolescents.,F1000Research,2023,FALSE,,
10.12688/f1000research.138939.2,The role and interplay of institutions in water governance in the Central Rift Valley of Ethiopia.,F1000Research,2023,FALSE,,
10.12688/f1000research.138968.3,"Container buildings used for residential and business purposes in Johannesburg, South Africa and potential heat-related health risks.",F1000Research,2023,FALSE,,
10.12688/f1000research.139090.2,Case Report: Total intragastric mesh migration six years after diaphragmatic rupture and hiatal hernia surgery.,F1000Research,2023,FALSE,,
10.12688/f1000research.139233.2,Case Report: The role of &lt;i&gt;Panchagavya&lt;/i&gt; and &lt;i&gt;Panchakarma&lt;/i&gt; treatment in the management of radiotherapy and chemotherapy side effects in infiltrative ductal carcinoma.,F1000Research,2023,FALSE,,
10.12688/f1000research.139258.2,"Psychometric properties of the Maslach Burnout Inventory in healthcare professionals, Ancash Region, Peru.",F1000Research,2023,FALSE,,
10.12688/f1000research.139283.1,"Analysis of time-domain indices, frequency domain measures of heart rate variability derived from ECG waveform and pulse-wave-related HRV among overweight individuals: an observational study.",F1000Research,2023,FALSE,,
10.12688/f1000research.139309.2,Demographic change and urban health: Towards a novel agenda for delivering sustainable and healthy cities for all.,F1000Research,2023,FALSE,,
10.12688/f1000research.139473.3,Evaluation of comparative efficacy of &lt;i&gt;Celastrus paniculatus (Jyotishmati)&lt;/i&gt; capsule versus sertraline capsule in the management of &lt;i&gt;Chittodvega&lt;/i&gt; (generalized anxiety disorder): protocol for a randomized controlled trial.,F1000Research,2023,FALSE,,
10.12688/f1000research.139482.2,Generation of a human iPSC-derived cardiomyocyte/fibroblast engineered heart tissue model.,F1000Research,2023,FALSE,,
10.12688/f1000research.139552.2,Carbon footprint of Nepalese healthcare system: A study of Dhulikhel Hospital.,F1000Research,2023,FALSE,,
10.12688/f1000research.139603.3,"Depression, anxiety, and stress among urban and rural adolescents in Shivamogga, Karnataka.",F1000Research,2023,FALSE,,
10.12688/f1000research.139672.3,The impact of energy releasing B-vitamin intake on indices of obesity and cardiac function: a cross-sectional study.,F1000Research,2023,FALSE,,
10.12688/f1000research.139684.1,Retrospective study of disparities in regional anesthesia and discharge opioid prescriptions at a veterans affairs medical center.,F1000Research,2023,FALSE,,
10.12688/f1000research.139689.2,"Barriers to and facilitators for the creation, dissemination, implementation, monitoring, and evaluation of oral health policies in the WHO Africa region: A scoping review protocol.",F1000Research,2023,FALSE,,
10.12688/f1000research.139697.2,The antimicrobial effect of  &lt;i&gt;Limosilactobacillus reuteri&lt;/i&gt; as probiotic on oral bacteria: A scoping review.,F1000Research,2023,FALSE,,
10.12688/f1000research.139715.1,A mixed-methods evaluation of capacity strengthening within an international conservation agriculture research consortium.,F1000Research,2023,FALSE,,
10.12688/f1000research.139734.2,Current challenges in teaching healthcare-associated infections prevention and control in nursing education in Vietnam and Cambodia: a qualitative study.,F1000Research,2023,FALSE,,
10.12688/f1000research.139755.1,"The identification of high-performing antibodies for Charged multivesicular body protein 2b for use in Western Blot, immunoprecipitation and immunofluorescence.",F1000Research,2023,FALSE,,
10.12688/f1000research.139867.2,"A guide to selecting high-performing antibodies for amyloid-beta precursor protein for use in Western Blot, immunoprecipitation and immunofluorescence.",F1000Research,2023,FALSE,,
10.12688/f1000research.139879.2,The importance of teaching climate-health literacy in psychotherapeutic training and continuing education.,F1000Research,2023,FALSE,,
10.12688/f1000research.140071.2,Cytotoxicity  of dental cement on soft tissue associated with dental implants at different time intervals.,F1000Research,2023,FALSE,,
10.12688/f1000research.140131.3,A review of ultrasound contrast media.,F1000Research,2023,FALSE,,
10.12688/f1000research.140151.1,Cultural differences in the measurement of self-curiosity within Mexico: a person-centered and variable-centered study.,F1000Research,2023,FALSE,,
10.12688/f1000research.140173.1,Oleogel-based drug delivery for the treatment of periodontitis: current strategies and future perspectives.,F1000Research,2023,FALSE,,
10.12688/f1000research.140180.1,Prevalence of tooth wear diseases in patients with diabetes and its impact on the quality of life in Dakshina Kannada population: a cross sectional study.,F1000Research,2023,FALSE,,
10.12688/f1000research.140184.3,Poor quality of sleep and it's associated factors among urban slum-dwellers of Bengaluru- a cross-sectional study.,F1000Research,2023,FALSE,,
10.12688/f1000research.140204.1,Contemporary Role and Applications of Artificial Intelligence in Dentistry.,F1000Research,2023,FALSE,,
10.12688/f1000research.140226.3,"In vitro assessment and comparison of quality of alcohol-based hand rubs, pre- and peri-COVID-19 pandemic outbreak in Kenya.",F1000Research,2023,FALSE,,
10.12688/f1000research.140245.2,"Development and validation of a structured questionnaire to assess the Knowledge, Attitude and Practice (KAP) regarding the effect of yoga on periodontal health among Indian adults.",F1000Research,2023,FALSE,,
10.12688/f1000research.140284.2,Prospective effect of linkers type on the anticancer activity of pemetrexed-monoclonal antibody (atezolizumab) conjugates.,F1000Research,2023,FALSE,,
10.12688/f1000research.140287.3,"Relationship between benzene concentration, MDA levels and kidney function in car painting workshops in Surabaya: A cross-sectional observational study.",F1000Research,2023,FALSE,,
10.12688/f1000research.140302.1,The relationship of perceived discrimination in healthcare and future falls among community-dwelling older persons from an English longitudinal cohort.,F1000Research,2023,FALSE,,
10.12688/f1000research.140342.4,"Effects of a low, medium, and high-intensity aquatic physiotherapy protocol on functional and biochemical parameters in individuals with knee osteoarthritis: protocol for a crossover randomized controlled trial.",F1000Research,2023,FALSE,,
10.12688/f1000research.140405.2,"Morphological, phylogenetic, and genomic evidence reveals the causal agent of thread blight disease of cacao in Peru is a new species of &lt;i&gt;Marasmius&lt;/i&gt; in the section &lt;i&gt;Neosessiles&lt;/i&gt;, &lt;i&gt;Marasmius infestans&lt;/i&gt; sp. nov.",F1000Research,2023,FALSE,,
10.12688/f1000research.140456.3,"Identification of high-performing antibodies for tyrosine-protein kinase SYK for use in Western Blot, immunoprecipitation and immunofluorescence.",F1000Research,2023,FALSE,,
10.12688/f1000research.140504.3,Variables e instrumentos para evaluar la salud mental en nadadores de competición: una revisión narrativa.,F1000Research,2023,FALSE,,
10.12688/f1000research.140518.2,Developing a module on the care of LGBTQIA+ individuals for health professionals: Research protocol.,F1000Research,2023,FALSE,,
10.12688/f1000research.140607.1,Enteric-coating film effect on the delayed drug release of pantoprazole gastro-resistant generic tablets.,F1000Research,2023,FALSE,,
10.12688/f1000research.140649.1,Tapping into the plasticity of plant architecture for increased stress resilience.,F1000Research,2023,FALSE,,
10.12688/f1000research.140748.2,Effect of extrusion cooking on the chemical and nutritional properties of instant flours: a review.,F1000Research,2023,FALSE,,
10.12688/f1000research.140810.2,The SCOPE framework - implementing ideals of responsible research assessment.,F1000Research,2023,FALSE,,
10.12688/f1000research.140883.1,Plackett-Burman design in the biosynthesis of silver nanoparticles with &lt;i&gt;Mutisia acuminatta&lt;/i&gt; (Chinchircoma) and preliminary evaluation of its antibacterial activity.,F1000Research,2023,FALSE,,
10.12688/f1000research.140890.1,Association of the CD28 markers with the disease activity in systemic lupus erythematosus patients.,F1000Research,2023,FALSE,,
10.12688/f1000research.140948.2,"Acrylamide in starchy foods subjected to deep-frying, 20 years after its discovery (2002-2022): a patent review.",F1000Research,2023,FALSE,,
10.12688/f1000research.140950.2,A systematic review of trends in photobiomodulation in dentistry between 2018 and 2022: advances and investigative agenda.,F1000Research,2023,FALSE,,
10.12688/f1000research.141037.2,Corneal blindness in the developing world: The role of prevention strategies.,F1000Research,2023,FALSE,,
10.12688/f1000research.141179.3,Enzyme-linked immunosorbent assay and immunohistochemical analysis of mast cell related biochemicals in oral submucous fibrosis.,F1000Research,2023,FALSE,,
10.12688/f1000research.141196.1,Case Report: Paroxysmal autonomic instability with dystonia syndrome: a rare complication of tuberculous meningitis.,F1000Research,2023,FALSE,,
10.12688/f1000research.141268.2,Antibacterial and anti-virulence potential of plant phenolic compounds against &lt;i&gt;Vibrio parahaemolyticus&lt;/i&gt;.,F1000Research,2023,FALSE,,
10.12688/f1000research.141274.2,Insomnia in teachers at the time of resumption of in-person instruction at schools amidst the COVID-19 pandemic: A cross-sectional study.,F1000Research,2023,FALSE,,
10.12688/f1000research.141304.2,"The proximate composition, amino acid profile, fatty acid content, and mineral content of scale flour from three fish species as potential feeds for fish fry.",F1000Research,2023,FALSE,,
10.12688/f1000research.141325.2,Dissecting Loneliness in the Digital Age: An Insight into the Experiences of Medical Students Amid and Beyond the COVID-19 Pandemic.,F1000Research,2023,FALSE,,
10.12688/f1000research.141328.1,Clinical performance of light-cured orthodontic adhesives for bonding brackets - an &lt;i&gt;in-vitro&lt;/i&gt; study.,F1000Research,2023,FALSE,,
10.12688/f1000research.141399.1,Potential business model for a European vaccine R&amp;D infrastructure and its estimated socio-economic impact.,F1000Research,2023,FALSE,,
10.12688/f1000research.141422.1,Factors associated with scientific production citations in dentistry: Zero-inflated negative binomial regression and hurdle modelling.,F1000Research,2023,FALSE,,
10.12688/f1000research.141432.3,Adapting to a New Normal: Peruvian University Faculty's Experiences with Techno-Stress Post-COVID-19.,F1000Research,2023,FALSE,,
10.12688/f1000research.141455.2,The effect of manual therapy on diaphragm function in adults with asthma: Protocol for a randomized controlled trial.,F1000Research,2023,FALSE,,
10.12688/f1000research.141542.2,Evaluation of the merit of ethanolic extract of &lt;i&gt;Annona reticulata&lt;/i&gt; as an anti-cancer agent in human colon cancer cell lines (HCT-116).,F1000Research,2023,FALSE,,
10.12688/f1000research.141629.1,PERMA well-being and innovative work behaviour : A systematic literature review.,F1000Research,2023,FALSE,,
10.12688/f1000research.141669.2,Exploring the anti-aging potential of natural products and plant extracts in budding yeast &lt;i&gt;Saccharomyces cerevisiae&lt;/i&gt;: A review.,F1000Research,2023,FALSE,,
10.12688/f1000research.141714.2,Changes in the fatty acid profile of fish oil derived from Pangasius catfish &lt;i&gt;(Pangasianodon hypophthalmus)&lt;/i&gt; processing waste due to variations in fish size and heating temperatures.,F1000Research,2023,FALSE,,
10.12688/f1000research.141800.2,Identification of high-performing antibodies for SPARC-related modular calcium-binding protein 1 (SMOC-1) for use in Western Blot and immunoprecipitation.,F1000Research,2023,FALSE,,
10.12688/f1000research.141849.2,Comparative Analysis of Psychological Well-Being and Emotional Education in Graduate Students.,F1000Research,2023,FALSE,,
10.12688/f1000research.142014.2,<i>Ex vivo</i> precision-cut liver slices model disease phenotype and monitor therapeutic response for liver monogenic diseases.,F1000Research,2023,FALSE,,
10.12688/f1000research.142096.2,"Case Report: <i>Shewanella algae</i>, a rare cause of osteosynthesis-associated infection.",F1000Research,2023,FALSE,,
10.12688/f1000research.142146.1,"Assessment of general population knowledge, attitude, and practice on safe unused and expired drugs disposal: a cross-sectional study.",F1000Research,2023,FALSE,,
10.12688/f1000research.142183.2,Case Report: Case report: Rapidly progressing tooth wear dominated by intrinsic and extrinsic erosion.,F1000Research,2023,FALSE,,
10.12688/f1000research.142339.1,Effect of 8 weeks badminton session on cardiovascular and neuromuscular functions among older adults in United Arab Emirates: a quasi-experimental study.,F1000Research,2023,FALSE,,
10.12688/f1000research.142511.2,Epidemiological profiles and causes of sudden deaths of various ages in Ethiopia: an autopsy-based study.,F1000Research,2023,FALSE,,
10.12688/f1000research.142541.3,COVID-19 in the Arab countries: Three-year study.,F1000Research,2023,FALSE,,
10.12688/f1000research.143151.2,Research on emotional intelligence among Indian teachers: A Systematic Review and meta-analysis of its correlation with health parameters and impact of gender.,F1000Research,2023,FALSE,,
10.12688/f1000research.143928.3,"A guide to selecting high-performing antibodies for Rab1A and Rab1B for use in Western Blot, immunoprecipitation and immunofluorescence.",F1000Research,2023,FALSE,,
10.12688/f1000research.55377.1,Dataset: A consolidated and harmonised Verbal Autopsy dataset from Health and Demographic Surveillance Sites in South Africa.,F1000Research,2023,FALSE,,
10.12688/f1000research.134465.2,"Spatiotemporal structure and composition of the microbial communities in hypersaline Lake Magadi, Kenya.",F1000Research,2024,FALSE,,
10.12688/f1000research.134517.1,"Management of cultural tourism in Ban Toon, Muang District, Phayao Province, Thailand during the COVID-19 pandemic.",F1000Research,2024,FALSE,,
10.12688/f1000research.134520.2,A survey of water chemistry used in zebrafish facilities and their effects on early zebrafish development.,F1000Research,2024,FALSE,,
10.12688/f1000research.135167.2,Strengthening of CYFRA 21-1 using urine creatinine correction as potential endometriosis biomarker .,F1000Research,2024,FALSE,,
10.12688/f1000research.135239.4,Impact of yoga on the central and peripheral vascular function among desk-based workers: A single-centered trial study.,F1000Research,2024,FALSE,,
10.12688/f1000research.137005.1,"Single-centre, randomised clinical trial of the immunomodulatory mechanisms of daily supplementation of palm tocotrienol-rich fraction in healthy human volunteers following influenza vaccination.",F1000Research,2024,FALSE,,
10.12688/f1000research.138665.1,Synthesis of cellulose nanofibers from jute fiber by using chemomechanical method.,F1000Research,2024,FALSE,,
10.12688/f1000research.139568.3,Comparative evaluation of efficacy of &lt;i&gt;Trayodashang Guggul&lt;/i&gt; versus &lt;i&gt;Rasona Pinda&lt;/i&gt; as an adjuvant with &lt;i&gt;Katibasti&lt;/i&gt; in the management of &lt;i&gt;Grudhrasi&lt;/i&gt; (Sciatica):  A randomized controlled trial.,F1000Research,2024,FALSE,,
10.12688/f1000research.139904.2,Waveform characteristics in thoracic paravertebral space: a prospective observational study.,F1000Research,2024,FALSE,,
10.12688/f1000research.140624.3,Creating cloud platforms for supporting FAIR data management in biomedical research projects.,F1000Research,2024,FALSE,,
10.12688/f1000research.141056.1,Translating nanoEHS data using EPA NaKnowBase and the resource description framework.,F1000Research,2024,FALSE,,
10.12688/f1000research.141064.2,"Effect of &lt;i&gt;Centella asiatica&lt;/i&gt; ethanol extract on zebrafish larvae ( &lt;i&gt;Danio rerio&lt;/i&gt;) insomnia model through inhibition of Orexin, ERK, Akt and p38.",F1000Research,2024,FALSE,,
10.12688/f1000research.141212.2,Lecturers' experiences of online learning communication in Indonesia during the COVID-19 pandemic: A phenomenological study.,F1000Research,2024,FALSE,,
10.12688/f1000research.141252.2,Primary health care as the main guarantor of a healthy population in the country and a global challenge in the world: a systematic review.,F1000Research,2024,FALSE,,
10.12688/f1000research.141458.2,Predicting stunting status among under-5 children in Rwanda using neural network model: Evidence from 2020 Rwanda demographic and health survey.,F1000Research,2024,FALSE,,
10.12688/f1000research.141657.4,Molecular Characterization of Dermatophyte species from rural tertiary care hospital: A Study Protocol.,F1000Research,2024,FALSE,,
10.12688/f1000research.142054.2,Effect of ethanol extract of nigella sativa L seeds and propofol on BDNF protein level as neuroplasticity and neuroprotection of traumatic brain injury in rats.,F1000Research,2024,FALSE,,
10.12688/f1000research.142194.3,Effectiveness of Play Therapy Programme in Promoting Early Child Development (ECD) of under-5 Children visiting Tertiary Care Hospital in Rural Settings: Study Protocol of  a Randomized Controlled Trial.,F1000Research,2024,FALSE,,
10.12688/f1000research.142212.2,Micro(nano)plastics: invisible compounds with a visible impact.,F1000Research,2024,FALSE,,
10.12688/f1000research.142233.4,"Delirium management and current practice among Intensive Care Units Doctors, Khartoum.",F1000Research,2024,FALSE,,
10.12688/f1000research.142350.2,Effectiveness of multi-component modular intervention on screen-based and non-screen-based sedentary time among adolescents in an urban area of Mangalore: a school-based cluster randomised controlled trial-protocol.,F1000Research,2024,FALSE,,
10.12688/f1000research.142513.2,Network pharmacology and in silico approaches to uncover multitargeted mechanism of action of Zingiber zerumbet rhizomes for the treatment of idiopathic pulmonary fibrosis.,F1000Research,2024,FALSE,,
10.12688/f1000research.142586.2,Holistic approaches to living well with endometriosis.,F1000Research,2024,FALSE,,
10.12688/f1000research.142709.3,Household resilience of women migrant worker sellers of Jamu Gendong.,F1000Research,2024,FALSE,,
10.12688/f1000research.142843.2,"In silico analysis of molecular mimicry between human aquaporin 3, <i>Aspergillus fumigatus</i> aquaporin and aquaporins from allergic sources.",F1000Research,2024,FALSE,,
10.12688/f1000research.142860.1,Fabrication and <i>in vitro</i> characterization of curcumin film-forming topical spray: An integrated approach for enhanced patient comfort and efficacy.,F1000Research,2024,FALSE,,
10.12688/f1000research.142942.2,An exploratory study of critical incidents within public organizations during leadership change.,F1000Research,2024,FALSE,,
10.12688/f1000research.143013.2,"An international, cross-sectional survey of preprint attitudes among biomedical researchers.",F1000Research,2024,FALSE,,
10.12688/f1000research.143167.2,Death anxiety scale (DAS): internal structure and factorial invariance in Peruvian adults.,F1000Research,2024,FALSE,,
10.12688/f1000research.143321.2,The safety and efficacy of spray cryotherapy after endoscopic sinus surgery in chronic rhinosinusitis: A systematic review of randomized controlled trials.,F1000Research,2024,FALSE,,
10.12688/f1000research.143633.3,Identification of compounds from natural Peruvian sources as potential inhibitors of SARS-CoV-2 Mpro mutations by virtual screening and computational simulations.,F1000Research,2024,FALSE,,
10.12688/f1000research.143642.5,Metabolomic characterization of human glioblastomas and patient plasma: a pilot study.,F1000Research,2024,FALSE,,
10.12688/f1000research.143708.4,The potential of  &lt;i&gt;Sonneratia caseolaris&lt;/i&gt; mangrove leaves extract as a bioactive food ingredient using various water extract.,F1000Research,2024,FALSE,,
10.12688/f1000research.144007.1,Isolation and complete genome sequence of <i>Aeromonas</i> bacteriophage Gekk3-15.,F1000Research,2024,FALSE,,
10.12688/f1000research.144036.2,"Mapping the Nordic Research Landscape for the period 2016-2020: a comprehensive study of research outcomes, collaborations, and impact.",F1000Research,2024,FALSE,,
10.12688/f1000research.144067.2,Benzydamine hydrochloride: an overview on a well-established drug with news in mechanisms of action.,F1000Research,2024,FALSE,,
10.12688/f1000research.144100.2,"Using the R Package, <i>nsink,</i> to assess landscape N removal in coastal catchments.",F1000Research,2024,FALSE,,
10.12688/f1000research.144221.1,Content analysis of policy documents related to non-communicable diseases prevention and control in Sri Lanka: a developing country in the South-East Asia.,F1000Research,2024,FALSE,,
10.12688/f1000research.144332.3,"Factors Influencing Climate-Smart Agriculture Practices Adoption and Crop Productivity among Smallholder Farmers in Nyimba District, Zambia.",F1000Research,2024,FALSE,,
10.12688/f1000research.144515.2,Establishing the ELIXIR Microbiome Community.,F1000Research,2024,FALSE,,
10.12688/f1000research.144803.2,Autonomy support in higher education: a key strategy for the well-being of university students.,F1000Research,2024,FALSE,,
10.12688/f1000research.144853.2,Pyuria in hospitalized general medical patients without urinary tract infection.,F1000Research,2024,FALSE,,
10.12688/f1000research.144883.2,How an international research programme can contribute to improvements in the research environment: the perspective of doctoral students in sub-Saharan Africa.,F1000Research,2024,FALSE,,
10.12688/f1000research.144903.3,Unveiling the Group A Streptococcus Vaccine-Based L-Rhamnose from Backbone of Group A Carbohydrate: Current Insight Against Acute Rheumatic Fever to Reduce the Global Burden of Rheumatic Heart Disease.,F1000Research,2024,FALSE,,
10.12688/f1000research.145007.2,Case Report: Post-operative mitral valve replacement complicating with a large cardiac mass and the role of TEE in Imaging.,F1000Research,2024,FALSE,,
10.12688/f1000research.145146.2,"A guide to selecting high-performing antibodies for Serine/threonine-protein phosphatase 2A 56 kDa regulatory subunit delta isoform (PPP2R5D) for use in Western Blot, immunoprecipitation and immunofluorescence.",F1000Research,2024,FALSE,,
10.12688/f1000research.145171.3,Tumor-driven stromal reprogramming in the pre-metastatic lymph node.,F1000Research,2024,FALSE,,
10.12688/f1000research.145194.2,Prayers for Sickness: What do people pray for and how do they deal with unanswered prayer?,F1000Research,2024,FALSE,,
10.12688/f1000research.145238.1,How the COVID-19 pandemic changed stakeholder engagement processes in sustainability research in the long-term.,F1000Research,2024,FALSE,,
10.12688/f1000research.145255.1,Salutogenesis: A sense of coherence and health among British military veterans exposed to impactful life challenges - the emergence of post-traumatic growth and positive deviance within a  life-story approach.,F1000Research,2024,FALSE,,
10.12688/f1000research.145369.2,Length-weight relationship and condition factor of Nile tilapia ( &lt;i&gt;Oreochromis niloticus&lt;/i&gt;) fed diets supplemented with guava and star gooseberry leaf extract.,F1000Research,2024,FALSE,,
10.12688/f1000research.145483.2,Prevalence of psychological distress: a scientific approach towards the mental health and wellbeing of population during the SARS-COV-2 outbreak.,F1000Research,2024,FALSE,,
10.12688/f1000research.145568.1,Scoping review of international relations theories in health security: A cue for health diplomacy.,F1000Research,2024,FALSE,,
10.12688/f1000research.145602.1,Do hospitalizations push households into poverty in India: evidence from national data.,F1000Research,2024,FALSE,,
10.12688/f1000research.145673.1,A prospective study on health seeking behaviour and post exposure prophylaxis received by animal bite victims at the anti-rabies clinic in a tertiary care centre of urban Bangalore.,F1000Research,2024,FALSE,,
10.12688/f1000research.145700.2,Data-Driven Decision Support Tool Co-Development with a Primary Health Care Practice Based Learning Network.,F1000Research,2024,FALSE,,
10.12688/f1000research.145713.3,The top 50 most-cited articles about COVID-19 and the complications of COVID-19: A bibliometric analysis.,F1000Research,2024,FALSE,,
10.12688/f1000research.145845.4,Sentiment analysis of internet posts on vaccination using ChatGPT and comparison with actual vaccination rates in South Korea.,F1000Research,2024,FALSE,,
10.12688/f1000research.145869.2,Geophysics for the environment in Indonesia.,F1000Research,2024,FALSE,,
10.12688/f1000research.145874.2,Neck pain and distance learning: A pain in the neck for university students during COVID-19.,F1000Research,2024,FALSE,,
10.12688/f1000research.145889.2,"Poweromin X Ten, a polyherbal formulation improves male sexual function: <i>In vivo</i> and network pharmacology study.",F1000Research,2024,FALSE,,
10.12688/f1000research.145904.3,"Ambient Air Pollution and Chronic kidney disease risk in Deltan communities: A Policy Brief, 2023.",F1000Research,2024,FALSE,,
10.12688/f1000research.145950.2,Review of Deep Learning Performance in Wireless Capsule Endoscopy Images for GI Disease Classification.,F1000Research,2024,FALSE,,
10.12688/f1000research.145961.2,<i>Kadukkai maathirai</i> (Indian herbal drug) prevents hepatocellular cancer progression by enhancing GSTM1 expression and modulating β catenin transcription: in-silico and in-vivo study.,F1000Research,2024,FALSE,,
10.12688/f1000research.146084.2,"Zoom fatigue related to online learning among medical students in Thailand:  Prevalence, predictors, and association with depression.",F1000Research,2024,FALSE,,
10.12688/f1000research.146156.1,"A guide to selecting high-performing antibodies for PLC-gamma-2 for use in Western Blot, immunoprecipitation and immunofluorescence.",F1000Research,2024,FALSE,,
10.12688/f1000research.146343.2,Psychological interventions for mood and cognition after stroke and transient ischaemic attack: A protocol for an umbrella review.,F1000Research,2024,FALSE,,
10.12688/f1000research.146347.2,Wings of Change: aPKC/FoxP-dependent plasticity in steering motor neurons underlies operant self-learning in &lt;i&gt;Drosophila&lt;/i&gt;.,F1000Research,2024,FALSE,,
10.12688/f1000research.146468.1,"Case Report: Holistic dental care for a child with Hunter syndrome: Addressing dental ramifications, overcoming challenges, and enhancing quality of life.",F1000Research,2024,FALSE,,
10.12688/f1000research.146583.2,"Efficacy of Treadmill Training on Balance and Fall Risks in the Elderly: A Systematic Review.""",F1000Research,2024,FALSE,,
10.12688/f1000research.146781.2,A qualitative exploration of patients' perception regarding the comprehensive dental services availed at a primary health center.,F1000Research,2024,FALSE,,
10.12688/f1000research.146862.3,Molecular docking and dynamics studies to identify novel active compounds targeting potential breast cancer receptor proteins from an indigenous herb &lt;i&gt;Euphorbia thymifolia&lt;/i&gt; Linn.,F1000Research,2024,FALSE,,
10.12688/f1000research.146873.2,Socio-demographic analysis of destination selection factors for Himalayan Hill destinations.,F1000Research,2024,FALSE,,
10.12688/f1000research.146897.4,Effects of electroacupuncture on cognitive symptoms in major depressive disorder: a pilot study and randomized controlled trial.,F1000Research,2024,FALSE,,
10.12688/f1000research.146943.4,Development and validation of an interprofessional collaborative educational module on the self-management of foot for individuals with type II diabetes mellitus in India.,F1000Research,2024,FALSE,,
10.12688/f1000research.147114.2,The rise of pathogen genomics in Africa.,F1000Research,2024,FALSE,,
10.12688/f1000research.147142.1,Effectiveness of vestibular rehabilitation therapy and yoga in the management of chronic peripheral vertigo: A randomized controlled trial.,F1000Research,2024,FALSE,,
10.12688/f1000research.147309.3,"Combined exosome of adipose-derived mesenchymal stem cell and hyaluronic acid delays early osteoarthritis progression of ovine sheep model: Clinical, radiographic, macroscopic and microscopic evaluation.",F1000Research,2024,FALSE,,
10.12688/f1000research.147340.1,Patient education for individuals with Interstitial Lung Disease: A scoping review.,F1000Research,2024,FALSE,,
10.12688/f1000research.147599.3,A scoping review on what constitutes a good research culture.,F1000Research,2024,FALSE,,
10.12688/f1000research.147670.1,Extracellular matrix of lung scaffolds submitted to different means of sterilization: a systematic review.,F1000Research,2024,FALSE,,
10.12688/f1000research.147674.1,The gap that Matilda will bridge: a look at the Colombian case.,F1000Research,2024,FALSE,,
10.12688/f1000research.147675.3,"The Dilemmas, Distresses, and Rewards Experienced by Nurses Working in COVID-19 Wards: A Qualitative Study.",F1000Research,2024,FALSE,,
10.12688/f1000research.147701.2,Use of pumice stone and silica fume as precursor material for the design of a geopolymer.,F1000Research,2024,FALSE,,
10.12688/f1000research.147716.2,"Reliability, validity, and minimal clinically important differences for the Thai-version of the Aberdeen Varicose Vein Questionnaire (AVVQ-Thai) in patients with chronic venous disease.",F1000Research,2024,FALSE,,
10.12688/f1000research.147725.1,Comparative study between efficacy of topical tofacitinib 2% ointment versus topical clobetasol propionate 0.05% ointment in hand eczema at a tertiary hospital in central India.,F1000Research,2024,FALSE,,
10.12688/f1000research.147794.2,Living systematic review and meta-analysis of plasma-concentrations of antipsychotic drugs in carriers and non-carriers of variant CYP450 genotypes: Living systematic review protocol.,F1000Research,2024,FALSE,,
10.12688/f1000research.147840.3,Effect of Informative Cesarean Delivery Operative Steps Video on Maternal Anxiety Level: A Randomized Controlled Trial.,F1000Research,2024,FALSE,,
10.12688/f1000research.148029.3,A bibliometric review of functional ingredients and their efficacy in developing functional biscuits.,F1000Research,2024,FALSE,,
10.12688/f1000research.148074.2,Influencing factors of health-related quality-of-life perceived by both children/adolescents patients with type-1 diabetes mellitus and their parents: A North-African study.,F1000Research,2024,FALSE,,
10.12688/f1000research.148223.1,Improving  <i>in vivo</i> assays in snake venom and antivenom research: A community discussion.,F1000Research,2024,FALSE,,
10.12688/f1000research.148275.1,Multi-objective optimization of sustainable cement-zeolite improved sand based on life cycle assessment and artificial intelligence.,F1000Research,2024,FALSE,,
10.12688/f1000research.148550.2,"Concomitant Infection of &lt;i&gt;Helicobacter pylori&lt;/i&gt; and Intestinal Parasites: Burden, Sociodemographic and Clinical Characteristics in Hospitalized Children and Adolescents in Northern Lebanon.",F1000Research,2024,FALSE,,
10.12688/f1000research.148658.1,Evaluation of endophytic colonization and establishment of entomopathogenic fungi against <i>Tuta absoluta</i> (Lepidoptera: Gelechiidae) in tomato plants.,F1000Research,2024,FALSE,,
10.12688/f1000research.148878.2,Greenspace exposure and associated health outcomes: a systematic review of reviews.,F1000Research,2024,FALSE,,
10.12688/f1000research.148925.2,Only severe Injuries are effectively reduced by muscles' injury prevention protocols in football players: A systematic review.,F1000Research,2024,FALSE,,
10.12688/f1000research.149029.2,"<i>In Vitro</i> Alpha-Glucosidase Inhibitory Effect of <i>Etlingera Elatior</i> Ethanol Extract Growing in Gayo Highland, Aceh Province, Indonesia.",F1000Research,2024,FALSE,,
10.12688/f1000research.149120.1,Understanding rapid oral health deterioration and its associated factors among older adults: A scoping review.,F1000Research,2024,FALSE,,
10.12688/f1000research.149132.4,Negative perceptions toward older adults and life satisfaction among community-dwelling older citizens in Japan.,F1000Research,2024,FALSE,,
10.12688/f1000research.149166.2,Efficacy of different remineralization agents on microhardness and chemical composition of enamel white spot lesion.,F1000Research,2024,FALSE,,
10.12688/f1000research.149263.3,Recent advances in the design of SERS substrates and sensing systems for (bio)sensing applications: Systems from single cell to single molecule detection.,F1000Research,2024,FALSE,,
10.12688/f1000research.149391.2,Leveraging Quadratic Polynomials in Python for Advanced Data Analysis.,F1000Research,2024,FALSE,,
10.12688/f1000research.149612.2,"Factors associated with death in patients admitted with Ebola virus disease to Ebola Treatment Units in Guinea, Sierra Leone, and Liberia - December 2013 to March 2016.",F1000Research,2024,FALSE,,
10.12688/f1000research.149673.2,"Health care workers hospitalized for COVID-19 in Liberia: who were they, and what were their outcomes?",F1000Research,2024,FALSE,,
10.12688/f1000research.149702.3,Deep geological disposal of plastic waste: Pros and cons.,F1000Research,2024,FALSE,,
10.12688/f1000research.149757.2,A study of association between early menarche and anxiety in undergraduate  students.,F1000Research,2024,FALSE,,
10.12688/f1000research.149793.2,Genome assembly catalog for species in the Japanese Red List: unlocking endangered biodiversity through genomic inventory.,F1000Research,2024,FALSE,,
10.12688/f1000research.149829.2,Quantification of 25-hydroxyvitamin D &lt;sub&gt;3&lt;/sub&gt; in dried blood spots as compared to plasma among Indian adults.,F1000Research,2024,FALSE,,
10.12688/f1000research.149857.2,A Scoping Review of Existing Policy Instruments to Tackle Overweight and Obesity in India: Recommendations for a Social and Behaviour Change Communication Strategy.,F1000Research,2024,FALSE,,
10.12688/f1000research.150054.2,Occupational factors and mental health outcomes among professional food handlers: A scoping review protocol.,F1000Research,2024,FALSE,,
10.12688/f1000research.150058.2,Effect of skill-based educational training for ambulance personnel on neonatal transport for newborn care in coastal South India - a single arm intervention study.,F1000Research,2024,FALSE,,
10.12688/f1000research.150535.2,Teaching Self-efficacy and Teaching Methods in the Aquatic Environment.,F1000Research,2024,FALSE,,
10.12688/f1000research.150684.2,"A guide to selecting high-performing antibodies for Protein-glutamine gamma-glutamyltransferase 2 (TGM2) for use in western blot, immunoprecipitation and immunofluorescence.",F1000Research,2024,FALSE,,
10.12688/f1000research.150696.2,Association of maternal and cord vitamin B12 levels with anthropometry in term neonates born to malnourished mothers in coastal South India.,F1000Research,2024,FALSE,,
10.12688/f1000research.150723.3,Treatment options applied to the preclinical studies using animal models for Chagas Disease: a systematic review and meta-analysis.,F1000Research,2024,FALSE,,
10.12688/f1000research.150755.2,"Evaluation of centralised and decentralised models of care during the 2020 Ebola Virus Disease outbreak in Equateur Province, Democratic Republic of the Congo: A brief report.",F1000Research,2024,FALSE,,
10.12688/f1000research.150772.4,"Exploring needs, perceptions, and preferences towards exercise video among overweight individuals - a qualitative study.",F1000Research,2024,FALSE,,
10.12688/f1000research.150775.1,Epidemiological profiles and outcomes of healthcare workers hospitalized for COVID-19 in five Sub-Saharan African countries: a cohort study.,F1000Research,2024,FALSE,,
10.12688/f1000research.150836.2,The genomes of the aquarium sponges <i>Tethya wilhelma</i> and <i>Tethya minuta</i> (Porifera: Demospongiae).,F1000Research,2024,FALSE,,
10.12688/f1000research.150837.3,The Relationship Between Mental Health and Periodontal Disease: Insights from NHANES Data.,F1000Research,2024,FALSE,,
10.12688/f1000research.150838.2,The association between non-communicable diseases and COVID-19 severity and mortality among infected hospitalized healthcare workers in 29 countries: a cohort study.,F1000Research,2024,FALSE,,
10.12688/f1000research.150880.2,"Impact on postoperative complications of combined prehabilitation targeting co-existing smoking, malnutrition, obesity, alcohol drinking, and physical inactivity: a systematic review and meta-analysis of randomised trials.",F1000Research,2024,FALSE,,
10.12688/f1000research.150931.2,Tourette syndrome research highlights from 2023.,F1000Research,2024,FALSE,,
10.12688/f1000research.151009.2,Internet-based cognitive behavioral therapy for individuals with gambling disorder in Indonesia: protocol for a pilot and feasibility study.,F1000Research,2024,FALSE,,
10.12688/f1000research.151221.2,Effect of Elderly School Policy on Quality of Life among Thailand's Senior Citizens: A Propensity Score Matching Approach.,F1000Research,2024,FALSE,,
10.12688/f1000research.151338.2,Efficiency of Microorganisms and Effectiveness of Biodegradation Techniques on LDPE Plastics: A Systematic Review.,F1000Research,2024,FALSE,,
10.12688/f1000research.151493.2,(Semi)automated approaches to data extraction for systematic reviews and meta-analyses in social sciences: A living review.,F1000Research,2024,FALSE,,
10.12688/f1000research.151629.2,Understanding the Dynamics of consumer behaviour and purchase intentions for Green Cosmetic Products in North India: A Gender-Neutral Approach.,F1000Research,2024,FALSE,,
10.12688/f1000research.151754.1,Empowering Maneuvers: Boldly Mobilizing Military Medical Research and Training within the Kingdom of Saudi Arabia to Safeguard a Nation and its People.,F1000Research,2024,FALSE,,
10.12688/f1000research.151852.2,Édouard Louis´s novel The End of Eddy: A representation of hegemonic masculinity?,F1000Research,2024,FALSE,,
10.12688/f1000research.151896.3,Analysis of the dynamics of transition from non-colonization to colonization and &lt;i&gt;Staphylococcus aureus&lt;/i&gt; bacteremia in hemodialysis patients using Markov models.,F1000Research,2024,FALSE,,
10.12688/f1000research.151907.2,Case Report: Acute large bowel obstruction with actinomycosis of the sigmoid colon mimicking neoplasm.,F1000Research,2024,FALSE,,
10.12688/f1000research.151954.2,Absent in Melanoma 2 Gene Associated Periodontitis and Coronary Heart Disease.,F1000Research,2024,FALSE,,
10.12688/f1000research.151963.2,Protocol for a pilot clinical trial of the senolytic drug combination Dasatinib Plus Quercetin to mitigate age-related health and cognitive decline in mental disorders.,F1000Research,2024,FALSE,,
10.12688/f1000research.152034.2,RNA-sequencing Reveals Altered Gene Expression in the Ventromedial Hypothalamus Following Predator Odor Exposure.,F1000Research,2024,FALSE,,
10.12688/f1000research.152191.2,Psychological interventions for early-phase schizophrenia: protocol for a systematic review and network meta-analysis.,F1000Research,2024,FALSE,,
10.12688/f1000research.152196.1,Incidence and predictive factors of hyperventilation syndrome in patients after COVID 19 pneumonia: a prospective cohort study.,F1000Research,2024,FALSE,,
10.12688/f1000research.152259.2,Assessing the Predictive Power of Self-Care and Psychological Flow on Occupational Stress in Nurses.,F1000Research,2024,FALSE,,
10.12688/f1000research.152320.2,"Evaluating the Efficacy of the Newborn Communication, Health, Feeding, and Swallowing Education Program (N-CHFSEP) for First-Time Mothers in Mangalore taluk, Dakshina Kannada district, Karnataka, India: A Preliminary Study.",F1000Research,2024,FALSE,,
10.12688/f1000research.152325.1,Retrospective study on pain management pathway for patients with suspected renal/ ureteric colic in a U.K. accidents and emergency department: A quality improvement project.,F1000Research,2024,FALSE,,
10.12688/f1000research.152349.2,Positive events in psychotherapy: What do adolescents and young adults say is helpful?,F1000Research,2024,FALSE,,
10.12688/f1000research.152351.2,Factors Affecting on Environmental Strategy in SMEs manufacturing Firms of a developing country: Mediating role of Green Employee Behavior.,F1000Research,2024,FALSE,,
10.12688/f1000research.152421.1,Comparison of histopathological and triphenyl tetrazolium chloride test in diagnosing myocardial infarction: An autopsy study.,F1000Research,2024,FALSE,,
10.12688/f1000research.152447.3,"Occurrence of pathogenic yeast <i> </i>species in artisanal cheeses from Boyacá, Colombia, including fluconazole resistant isolates.",F1000Research,2024,FALSE,,
10.12688/f1000research.152466.2,"Adjusting for covariates representing potential confounders, mediators, or competing predictors in the presence of measurement error: Dispelling a potential misapprehension and insights for optimal study design with nutritional epidemiology examples.",F1000Research,2024,FALSE,,
10.12688/f1000research.152514.2,Methodology used to develop the minimum common data elements for surveillance and Reporting of Musculoskeletal Injuries in the MILitary (ROMMIL) statement.,F1000Research,2024,FALSE,,
10.12688/f1000research.152760.2,Incorporating basic periodontal screening into antenatal care services provided in Rwanda: A policy brief.,F1000Research,2024,FALSE,,
10.12688/f1000research.152800.3,The effect of soaking heat-polymerized acrylic resin denture base in avocado seed extract ( &lt;i&gt;Persea americana&lt;/i&gt; Mill.) on the inhibition of denture-plaque microorganisms biofilm growth.,F1000Research,2024,FALSE,,
10.12688/f1000research.152851.2,Dataset of a national survey on online gambling activities among young people in Portugal.,F1000Research,2024,FALSE,,
10.12688/f1000research.152876.2,"Effect of human platelet-rich fibrin lysate on collagen type I, collagen type III, and matrix metalloproteinase 1: a protocol study on rat models with pelvic organ prolapse.",F1000Research,2024,FALSE,,
10.12688/f1000research.152905.1,Physical activity and sedentary behavior perceptions in overweight and obese adults: A systematic review of qualitative study.,F1000Research,2024,FALSE,,
10.12688/f1000research.152917.2,Evaluation of NETosis (Neutrophil Extracellular Traps) biomarkers in smokers and nonsmokers periodontitis patients.,F1000Research,2024,FALSE,,
10.12688/f1000research.153000.1,"Effectiveness of Motivational Interviewing and cross platform messaging application in improving oral health knowledge, attitude and behaviours among pregnant women- A Randomized Controlled Trial.",F1000Research,2024,FALSE,,
10.12688/f1000research.153101.3,National Sentiments and Regional Flavour- A Socio-economic Study of Huvina Hadagali Jasmine.,F1000Research,2024,FALSE,,
10.12688/f1000research.153243.2,"A guide to selecting high-performing antibodies for CSNK2A1 (UniProt ID: P68400) for use in western blot, immunoprecipitation and immunofluorescence.",F1000Research,2024,FALSE,,
10.12688/f1000research.153244.3,"A guide to selecting high-performing antibodies for S1PR1 (UniProt ID: P21453) for use in western blot, immunoprecipitation, and immunofluorescence.",F1000Research,2024,FALSE,,
10.12688/f1000research.153262.3,A scoping review of health models for the community mental health needs of the United Arab Emirates: Nurturing the social determinants of mental health through social prescribing in the Middle East.,F1000Research,2024,FALSE,,
10.12688/f1000research.153383.2,Fish oil-containing edible films with active film incorporated with extract of <i>Psidium guajava</i> leaves: preparation and characterization of double-layered edible film.,F1000Research,2024,FALSE,,
10.12688/f1000research.153477.3,Impact of public health expenditure on malnutrition among Peruvians during the period 2010-2020: A panel data analysis.,F1000Research,2024,FALSE,,
10.12688/f1000research.153670.2,"A guide to selecting high-performing antibodies for Huntingtin (UniProt ID: P42858) for use in western blot, immunoprecipitation, and immunofluorescence.",F1000Research,2024,FALSE,,
10.12688/f1000research.153701.3,Morphological and Molecular Characterization of &lt;i&gt;Trichoderma&lt;/i&gt; Isolates from Vegetable Crop Rhizospheres in Nepal.,F1000Research,2024,FALSE,,
10.12688/f1000research.153730.2,Psychological well-being of travellers on long-distance shipping voyages: A systematic review protocol.,F1000Research,2024,FALSE,,
10.12688/f1000research.153731.1,Analysis of Circulating Plasma MicroRNA Profile in Low-Grade and High-Grade Glioma - A Cross-Sectional Study.,F1000Research,2024,FALSE,,
10.12688/f1000research.153797.2,Centering Social Justice and Equity in Research on Accessibility to Public Buildings for Individuals with Mobility Disabilities: A scoping review.,F1000Research,2024,FALSE,,
10.12688/f1000research.153809.1,Understanding the habitat vulnerability of Slums to COVID 19: Case of two megacities of India.,F1000Research,2024,FALSE,,
10.12688/f1000research.153999.3,Hormonal Influences on ADC Values in Breast Tissues: A Scoping Review of DWI in Pre- and Post-menopausal Women.,F1000Research,2024,FALSE,,
10.12688/f1000research.154034.1,"A guide to selecting high-performing antibodies for Synaptotagmin-1 (Uniprot ID P21579) for use in western blot, immunoprecipitation, immunofluorescence and flow cytometry.",F1000Research,2024,FALSE,,
10.12688/f1000research.154040.2,Hydrodynamic Performance Enhancement of Torpedo-Shaped Underwater Gliders Using Numerical Techniques.,F1000Research,2024,FALSE,,
10.12688/f1000research.154056.2,Incentivizing green building technology: A financial perspective on sustainable development in India.,F1000Research,2024,FALSE,,
10.12688/f1000research.154058.2,All-cause mortality according to COVID-19 vaccination status: An analysis of the UK office for National statistics public data.,F1000Research,2024,FALSE,,
10.12688/f1000research.154069.4,Integration of Democratic Values ​​in Natural Sciences Education: a Review of the Literature of the Last 50 Years.,F1000Research,2024,FALSE,,
10.12688/f1000research.154075.2,Assessing the severity of thermal discomfort in a building in the course of hot and humid climate.,F1000Research,2024,FALSE,,
10.12688/f1000research.154079.4,Preterm birth: associated risk factors in the tertiary care center.,F1000Research,2024,FALSE,,
10.12688/f1000research.154392.5,Recent Advances in Biopesticide Research and Development with a Focus on Microbials.,F1000Research,2024,FALSE,,
10.12688/f1000research.154417.2,Flexible modular dwelling for rural environments; specific case: Cebadas - Ecuador.,F1000Research,2024,FALSE,,
10.12688/f1000research.154432.2,Deep learning neural network development for the classification of bacteriocin sequences produced by lactic acid bacteria.,F1000Research,2024,FALSE,,
10.12688/f1000research.154471.2,Novel gastrointestinal tools (GI Tools) for evaluating gut functional capacity in adults with environmental enteropathy in Zambia and Zimbabwe: A cross-sectional study protocol.,F1000Research,2024,FALSE,,
10.12688/f1000research.154599.4,Examining the effects of anxiety and education level on mental health: The role of spiritual intelligence as an intervening variable in post COVID-19 patients in Indonesia.,F1000Research,2024,FALSE,,
10.12688/f1000research.154615.2,Impact of Green Supply Chain Management on Sustainable Performance: A Dual Mediated-moderated Analysis of Green Technology Innovation And Big Data Analytics Capability Powered by Artificial Intelligence.,F1000Research,2024,FALSE,,
10.12688/f1000research.154617.3,"Genotoxic effects in island populations of Cartagena de Indias, Colombia due to environmental exposure to mercury and cadmium.",F1000Research,2024,FALSE,,
10.12688/f1000research.154628.3,Assessment of early neonatal practices to prevent hypothermia ; A comparative study.,F1000Research,2024,FALSE,,
10.12688/f1000research.154672.3,Case Report: Managing Odontoma and Molar-Incisor-Hypomineralization Challenges in Orthodontics.,F1000Research,2024,FALSE,,
10.12688/f1000research.154696.2,Impact of distress and anxiety due to COVID-19 on digital addictions in university students in the third wave period .,F1000Research,2024,FALSE,,
10.12688/f1000research.154742.3,"Sexual dysfunction and other prolactin-related side effects of antipsychotic drugs in schizophrenia: Protocol for a systematic review with single-arm, pairwise, and network meta-analyses of randomized controlled trials and non-randomized studies.",F1000Research,2024,FALSE,,
10.12688/f1000research.154750.3,The effect of surface treatments on the bond strength of polyetheretherketone posts: a systematic review protocol.,F1000Research,2024,FALSE,,
10.12688/f1000research.154761.1,"UPLC-MS/MS analysis and chemical profile of &lt;i&gt;Ficus pertusa&lt;/i&gt; L &lt;i&gt;.&lt;/i&gt; bark, an ethnomedicinal resource from intertropical America.",F1000Research,2024,FALSE,,
10.12688/f1000research.154968.3,Lifestyle and Occupational Factors Associated with Recurrent Stroke among Working-Age Adults in Urban Areas of Thailand.,F1000Research,2024,FALSE,,
10.12688/f1000research.155112.2,Factors influencing osteoradionecrosis progression during hyperbaric oxygen therapy: A case study.,F1000Research,2024,FALSE,,
10.12688/f1000research.155151.2,Do more pregnancies increase the risk of periodontal disease?,F1000Research,2024,FALSE,,
10.12688/f1000research.155230.2,Computational Study Protocol: Leveraging Synthetic Data to Validate a Benchmark Study for Differential Abundance Tests for 16S Microbiome Sequencing Data.,F1000Research,2024,FALSE,,
10.12688/f1000research.155275.3,Mediating role of Social Support and Self-efficacy on Academic stress and Student's Psychological well-being among University Students in Mogadishu -Somalia.,F1000Research,2024,FALSE,,
10.12688/f1000research.155347.2,"A comparative analysis of the amount of fluoride release, recharge and re-release after uptake in three light-cure orthodontic bonding adhesives - An in-vitro study.",F1000Research,2024,FALSE,,
10.12688/f1000research.155356.2,Muscarinic receptor agonists and positive allosteric modulators in animal models of psychosis: protocol for a systematic review and meta-analysis.,F1000Research,2024,FALSE,,
10.12688/f1000research.155420.3,Factors affecting women scientists' retention and progress in STEM fields in the UAE: A cross-sectional study.,F1000Research,2024,FALSE,,
10.12688/f1000research.155449.1,AnVILWorkflow: A runnable workflow package for Cloud-implemented bioinformatics analysis pipelines.,F1000Research,2024,FALSE,,
10.12688/f1000research.155450.2,Recycling of collagen from solid tannery waste and prospective utilization as adhesives.,F1000Research,2024,FALSE,,
10.12688/f1000research.155657.2,Molecular docking and MD simulation approach to identify potential phytochemical lead molecule against triple negative breast cancer.,F1000Research,2024,FALSE,,
10.12688/f1000research.155683.2,Standardised and Objective Dietary Intake Assessment Tool (SODIAT): Protocol of a dual-site dietary intervention study to integrate dietary assessment methods.,F1000Research,2024,FALSE,,
10.12688/f1000research.155928.1,"A guide to selecting high-performing antibodies for CSNK1A1 (UniProt ID: P48729) for use in western blot, immunoprecipitation, and immunofluorescence.",F1000Research,2024,FALSE,,
10.12688/f1000research.155929.2,"A guide to selecting high-performing antibodies for STING1 (Uniprot ID: Q86WV6) for use in western blot, immunoprecipitation, and immunofluorescence.",F1000Research,2024,FALSE,,
10.12688/f1000research.155987.2,A systematic review of Streptococcus Mutans and Veillonellae species interactions in dental caries progression: Positive or Negative impact?,F1000Research,2024,FALSE,,
10.12688/f1000research.155988.3,"Distribution of CYP2D6 multiplication, CYP2D6*5, and clinical implications in postoperative patients receiving tramadol analgesia in the Minangkabau ethnic group, Indonesia.",F1000Research,2024,FALSE,,
10.12688/f1000research.156145.2,"Temporal and Spatial Dynamics of Anthracnose ( &lt;i&gt;Colletotrichum sublineolum&lt;/i&gt;) Disease on Selected Sorghum Genotypes at Assosa Zone, Western Ethiopia.",F1000Research,2024,FALSE,,
10.12688/f1000research.156172.3,Preoperative Carbohydrate Loading in Pediatric Surgery: A Scoping Review of Current Clinical Trials.,F1000Research,2024,FALSE,,
10.12688/f1000research.156209.1,"A guide to selecting high-performing antibodies for Rab10 (UniProt ID: P61026) for use in western blot, immunoprecipitation, and immunofluorescence.",F1000Research,2024,FALSE,,
10.12688/f1000research.156276.3,Assessment of water quality in the piped water supply system by using Water Quality index method.,F1000Research,2024,TRUE,,
10.12688/f1000research.156336.2,"Evaluating the Efficacy of Gelatin-Chitosan-Tetraethyl Orthosilicate Calcium Hydroxide Composite as a Dental Pulp Medicament on  COX-2, PGP 9.5, TNF-α Expression and Neutrophil number.",F1000Research,2024,FALSE,,
10.12688/f1000research.156436.3,"Traditional opal mining practice in Ethiopia, challenges and its economic impact on rural households: the case of wollo opal mining.",F1000Research,2024,FALSE,,
10.12688/f1000research.156514.3,Current scenario of machine learning applications to hydrothermal liquefaction via bibliometric analysis.,F1000Research,2024,FALSE,,
10.12688/f1000research.156703.2,Associations Between Factors Affecting Itching and Quality of Life in Thai Patients with Psoriasis: A Cross-Sectional Study.,F1000Research,2024,FALSE,,
10.12688/f1000research.156920.1,Justice-centered best practices for accessibility to public buildings in a tier II city: Insights from a Delphi expert consensus.,F1000Research,2024,FALSE,,
10.12688/f1000research.156922.2,Knee strengthening after orthopedics surgery: A comprehensive analysis using key performance indicators to Guide Physical Therapists.,F1000Research,2024,FALSE,,
10.12688/f1000research.156946.3,Professional development for Indonesian elementary school teachers: Increased competency and sustainable teacher development programs.,F1000Research,2024,FALSE,,
10.12688/f1000research.157128.3,Effect of thermocycling on flexural strength of dental CAD/CAM ceramics of variable thicknesses and structures: an in vitro study.,F1000Research,2024,FALSE,,
10.12688/f1000research.157194.2,Biological properties of <i>Moringa oleifera</i>: A systematic review of the last decade.,F1000Research,2024,FALSE,,
10.12688/f1000research.157233.2,Diagnosis of brain death in wistar rats at different levels of death induction.,F1000Research,2024,FALSE,,
10.12688/f1000research.157311.2,The complete mitogenome of an unidentified &lt;i&gt;Oikopleura&lt;/i&gt; species.,F1000Research,2024,FALSE,,
10.12688/f1000research.157380.2,Carbapenem-resistant Enterobacterales (CRE) in Indonesia: protocol for systematic review and meta-analysis.,F1000Research,2024,FALSE,,
10.12688/f1000research.157439.1,Interventions and implementation considerations for reducing pre-treatment loss to follow-up in adults with pulmonary tuberculosis: A scoping review.,F1000Research,2024,FALSE,,
10.12688/f1000research.157465.2,Exploring acenocoumarol and silodosin in non-small cell lung cancer: Insights into EGFR-linked signaling mechanisms.,F1000Research,2024,FALSE,,
10.12688/f1000research.157483.2,Natural disaster and medication preparedness among elderly: a scoping review.,F1000Research,2024,FALSE,,
10.12688/f1000research.157487.2,"Development and validation of a Knowledge, Attitudes and Practices (KAP) questionnaire for healthcare professionals on environmental sustainability in healthcare in Southern Africa.",F1000Research,2024,FALSE,,
10.12688/f1000research.157529.1,Case Report: Bilateral Spigelian Hernia With Meckel's diverticulum.,F1000Research,2024,FALSE,,
10.12688/f1000research.157596.2,The science of printing and polishing 3D printed dentures.,F1000Research,2024,FALSE,,
10.12688/f1000research.157659.3,A Validated Trigonelline-Based Method for the Standardization and Quality Control of &lt;i&gt;Trigonella foenum-graecum&lt;/i&gt; L.,F1000Research,2024,FALSE,,
10.12688/f1000research.157781.2,"Assessment of heavy metal contamination in fish, fruits, and vegetables in Southwest Nigeria: A systematic review.",F1000Research,2024,FALSE,,
10.12688/f1000research.157814.2,Protocol for a co-design study for the development of a chronotherapeutic mobile health behaviour change intervention targeting light exposure among older adults.,F1000Research,2024,FALSE,,
10.12688/f1000research.157831.2,"The Konark Temple's Construction: A Critical Review of the Historical, Cultural, and Scientific Evidence.",F1000Research,2024,FALSE,,
10.12688/f1000research.158037.1,Young Adults Journey with Digital Fitness Tools-A Qualitative Study on Use of Fitness Tracking Device.,F1000Research,2024,FALSE,,
10.12688/f1000research.158103.3,Mycotoxin binder for immune and intestinal histopathology ameliorations against Newcastle disease in vaccinated broilers.,F1000Research,2024,FALSE,,
10.12688/f1000research.158130.1,Revealing culturable fungal microbiome communities from the Arabian Peninsula desert representing a unique source of biochemicals for drug discovery and biotechnology.,F1000Research,2024,FALSE,,
10.12688/f1000research.158137.2,"""Unmasking the Uncommon"": A case series of multi-drug resistant Elizabethkingia meningoseptica causing late-onset sepsis and meningitis in preterm neonates.",F1000Research,2024,FALSE,,
10.12688/f1000research.158252.2,"Migration, Urbanism and Health: Moving Toward Systems-Informed Policy and Practice.",F1000Research,2024,FALSE,,
10.12688/f1000research.158413.1,Undernutrition before two years in Algeria: Repeated cross-sectional analyses (2012-13 to 2018-19).,F1000Research,2024,FALSE,,
10.12688/f1000research.158415.2,"Child health, nutrition and gut microbiota development during the first two years of life; study protocol of a prospective cohort study from the Khyber Pakhtunkhwa, Pakistan.",F1000Research,2024,FALSE,,
10.12688/f1000research.158455.4,"An extended Theory of Planned Behavior in explaining intention toward sustainable forest management: Evidence from COVID 19 Pandemic from Bali, Indonesia.",F1000Research,2024,FALSE,,
10.12688/f1000research.158482.2,Exploring the experiences of the hemodialysis patients during the COVID-19 pandemic: A qualitative study.,F1000Research,2024,FALSE,,
10.12688/f1000research.158490.2,Cognitive function and its determinants in elderly Indonesians residing in long-term care: Insights from a cross-sectional study.,F1000Research,2024,FALSE,,
10.12688/f1000research.158667.2,Investigating the efficacy of hyaluronic acid in minimizing black triangles: A comprehensive analysis.,F1000Research,2024,FALSE,,
10.12688/f1000research.158747.2,New Approaches of Generalised Fuzzy Soft sets on fuzzy Codes and Its Properties on Decision-Makings.,F1000Research,2024,FALSE,,
10.12688/f1000research.158761.2,Comparative Genomics of Rhamnolipid Synthesis and Monoaromatic Hydrocarbon Tolerance Genes in Environmental &lt;i&gt;Pseudomonas aeruginosa&lt;/i&gt; strains.,F1000Research,2024,FALSE,,
10.12688/f1000research.158864.1,Antimicrobial effect of silver diamine fluoride (SDF) in arresting dentine caries of permanent teeth: A Systematic review.,F1000Research,2024,FALSE,,
10.12688/f1000research.158974.2,Impact of chlorine dioxide and chlorhexidine mouthwashes on friction and surface roughness of orthodontic stainless steel wires: an in-vitro comparative study.,F1000Research,2024,FALSE,,
10.12688/f1000research.159017.3,Complications following miniplate insertion in maxillofacial fractures: a systematic review.,F1000Research,2024,FALSE,,
10.12688/f1000research.159019.3,"Life Cycle Assessment of Microalgae-Based Products for Carbon Dioxide Utilization in Thailand: Biofertilizer, Fish Feed, and Biodiesel.",F1000Research,2024,FALSE,,
10.12688/f1000research.159115.2,The first mitochondrial genome of &lt;i&gt;Haemagogus equinus&lt;/i&gt; from Jamaica.,F1000Research,2024,FALSE,,
10.12688/f1000research.159217.3,Swedish abdominal massage against warm water therapy on postoperative orthopaedic surgery constipation: a comparison quasi-experimental study.,F1000Research,2024,FALSE,,
10.12688/f1000research.159464.2,Impact of vision problems on children's daily activities: Insights from a focus group discussion.,F1000Research,2024,FALSE,,
10.12688/f1000research.159518.3,Harnessing Technological Advancements for Enhanced Crop Management: A Study on Capsicum Phenology and Automation in Agriculture.,F1000Research,2024,FALSE,,
10.12688/f1000research.159606.2,"Epidemiological, Gross Morphological, And Histopathological Analysis Of Postmortem Cases Of Hanging - An Observational Study.",F1000Research,2024,FALSE,,
10.12688/f1000research.160121.1,"A guide to selecting high-performing antibodies for ADNP (UniProt ID: Q9H2P0) for use in western blot, immunoprecipitation, and immunofluorescence.",F1000Research,2024,FALSE,,
10.12688/f1000research.160174.1,"A guide to selecting high-performing antibodies for STXBP1 (UniProt ID: P61764) for use in western blot, immunoprecipitation, and immunofluorescence.",F1000Research,2024,FALSE,,
10.12688/f1000research.160226.1,"A guide to selecting high-performing antibodies for VAPB (UniProt ID: O95292) for use in western blot, immunoprecipitation, and immunofluorescence.",F1000Research,2024,FALSE,,
10.12688/f1000research.154021.2,Alpha-guaiene isolated from patchouli oil exhibits antifungal activity against four pathogenic fungi.,F1000Research,2025,FALSE,,
10.12688/f1000research.154622.1,Effect of hydrolyzed red worm ( &lt;i&gt;Eisenia foétida&lt;/i&gt;) on production parameters in red tilapia ( &lt;i&gt;Oreochromis sp.&lt;/i&gt;).,F1000Research,2025,FALSE,,
10.12688/f1000research.156046.2,Development of an Affordable Silicone Phantom of The Kidney with 3D Printed Mould for Ultrasound Guided Percutaneous Nephrolithotomy Training in Indonesia.,F1000Research,2025,FALSE,,
10.12688/f1000research.156706.2,Evaluation of the effect of two conventional and one herbal mouthwash on the modulus of elasticity of three orthodontic wires: an in vitro study.,F1000Research,2025,FALSE,,
10.12688/f1000research.156811.3,The influence of anxiety-related emotional disorders and self-esteem on obesity among Chinese children.,F1000Research,2025,FALSE,,
10.12688/f1000research.157055.1,Validating the underpinnings of water corticosterone measurement for aquatic amphibians.,F1000Research,2025,FALSE,,
10.12688/f1000research.158477.2,Artificial Intelligence (AI) and Healthcare Capabilities: A Systematic Review and Research Directions.,F1000Research,2025,FALSE,,
10.12688/f1000research.158481.1,Experiences of Students with Disabilities Enrolling in Higher Education: A Qualitative Study in the United Arab Emirates.,F1000Research,2025,FALSE,,
10.12688/f1000research.158535.3,"Community perspectives on drug promotion on social media during the COVID-19 pandemic in KwaZulu-Natal, South Africa.",F1000Research,2025,FALSE,,
10.12688/f1000research.158563.2,&lt;i&gt;In vitro&lt;/i&gt; antitumor capacity of extracts obtained from the plants &lt;i&gt;Plukenetia volubilis&lt;/i&gt; (Sacha inchi) and &lt;i&gt;Moringa oleifera&lt;/i&gt; in gastric cancer.,F1000Research,2025,FALSE,,
10.12688/f1000research.158629.2,Unsteady MHD flow of tangent hyperbolic ternary hybrid nanofluid in a darcy-forchheimer porous medium over a permeable stretching sheet with variable thermal conductivity.,F1000Research,2025,FALSE,,
10.12688/f1000research.158796.2,"Experiences of women living with HIV who underwent long loop excision of the transformation zone (LLETZ) in selected hospitals of Vhembe district, Limpopo province, South Africa.",F1000Research,2025,FALSE,,
10.12688/f1000research.158839.1,The role of Juniperus Macrocarpa extract as anti-inflammatory and antioxidant on methotrexate-induced acute liver injury in rat model.,F1000Research,2025,FALSE,,
10.12688/f1000research.158910.1,A humanised thrombus-on-a-chip model utilising tissue-engineered arterial constructs: A method to reduce and replace mice used in thrombosis and haemostasis research.,F1000Research,2025,FALSE,,
10.12688/f1000research.158944.2,The potential effects of cranberry extract on indomethacin-induced gastric ulcer in rats.,F1000Research,2025,FALSE,,
10.12688/f1000research.159001.3,The influence of tantalum oxide nanoparticle on thermal conductivity and tear strength after addition on maxillofacial silicone.,F1000Research,2025,FALSE,,
10.12688/f1000research.159002.2,"Income-Based analysis of health security in Western Asia through an integrated GHSI, MCDM, and Clustering Model.",F1000Research,2025,FALSE,,
10.12688/f1000research.159139.1,Analyzing Multidimensional Poverty and Its Determinants in Ethiopia: A Micro-level Analysis at Debre Tabor City Administration.,F1000Research,2025,FALSE,,
10.12688/f1000research.159192.1,A Questionnaire Dataset on Perceived Stress in Indian Higher Education Students during Emergency Remote Learning.,F1000Research,2025,FALSE,,
10.12688/f1000research.159198.2,Through restful waters and deep commotion: A study on burnout and health impairment of Italian seafarers from the JD-R model perspective.,F1000Research,2025,FALSE,,
10.12688/f1000research.159362.1,Antioxidant and Hepatoprotective Effects of &lt;i&gt;Moringa oleifera&lt;/i&gt;-mediated Selenium Nanoparticles in Diabetic Rats.,F1000Research,2025,FALSE,,
10.12688/f1000research.159438.2,Forecasting &lt;i&gt;in vivo&lt;/i&gt; pharmacokinetics of metformin HCl floating beads using Gastroplus® PBPK.,F1000Research,2025,FALSE,,
10.12688/f1000research.159494.2,"Health worker delivered Contact and Safety Planning (CASP) for suicide prevention in Chhattisgarh, India: Protocol for a non-randomized, controlled pilot study.",F1000Research,2025,FALSE,,
10.12688/f1000research.159561.1,Social pain: A systematic review on interventions.,F1000Research,2025,FALSE,,
10.12688/f1000research.159632.2,Utilizing Machine Learning and causal graph approaches to Address Confounding Factors in Health Science Research: A Scoping Review.,F1000Research,2025,FALSE,,
10.12688/f1000research.159731.3,"Engaging Sustainable Reforestation and Forest Protection in the Wallacea Line, Indonesia.",F1000Research,2025,FALSE,,
10.12688/f1000research.159853.1,Current Rehabilitation Practices of Physiotherapists in Intensive Care Units in the UAE: A National Survey.,F1000Research,2025,FALSE,,
10.12688/f1000research.159920.1,Novel Method for Routine Ultrasound-Guided Serum Collection for Biomarker Analysis Around the Knee Joint.,F1000Research,2025,FALSE,,
10.12688/f1000research.159942.1,Melatonin: The potential avenues in dentistry.,F1000Research,2025,FALSE,,
10.12688/f1000research.159954.2,The Influence of Surface Damage on Miniplates: A Study of Bacterial Attachment Across Various Strains.,F1000Research,2025,FALSE,,
10.12688/f1000research.160088.1,Applications of MR Finger printing derived T1 and T2 values in Adult brain: A Systematic review.,F1000Research,2025,FALSE,,
10.12688/f1000research.160134.2,Clinical correlation of p16 expression with lymphatic invasion and epithelial-mesenchymal transition (EMT) in oropharyngeal carcinomas.,F1000Research,2025,FALSE,,
10.12688/f1000research.160135.3,"Impact of the season and prevalence of intestinal parasitosis at the Notre Dame de l'Espérance University Hospital Center, Democratic Republic of the Congo.",F1000Research,2025,FALSE,,
10.12688/f1000research.160148.4,"Heavy Metal Contamination: Sources, Health Impacts, and Sustainable Mitigation Strategies with Insights from Nigerian Case Studies.",F1000Research,2025,FALSE,,
10.12688/f1000research.160172.2,Exploring the clinical utility of postural outcome tools for back and neck pain clinical outcomes: a systematic scoping review.,F1000Research,2025,FALSE,,
10.12688/f1000research.160217.2,"A guide to selecting high-performing antibodies for Stearoyl-CoA desaturase (SCD1) (UniProt ID: O00767) for use in western blot, immunoprecipitation, and immunofluorescence.",F1000Research,2025,FALSE,,
10.12688/f1000research.160231.3,Exploring predictors of psychological preparedness for flood victims: A conceptual framework for Malaysia.,F1000Research,2025,FALSE,,
10.12688/f1000research.160250.3,"Diversity, Distribution, and Phenotypic Characterization of Cultivable Wild Yeasts Isolated from Natural Forest.",F1000Research,2025,FALSE,,
10.12688/f1000research.160304.2,A highly sensitive enzyme‑linked immunosorbent assay allows accurate measurements of brain‑derived neurotrophic factor levels in human saliva.,F1000Research,2025,FALSE,,
10.12688/f1000research.160307.2,Enhancing vehicle performance through the application of airfoils as spoilers with movable trailing edge.,F1000Research,2025,FALSE,,
10.12688/f1000research.160371.1,"A guide to selecting high-performing antibodies for TAF15 (UniProt ID: Q92804) for use in western blot, immunoprecipitation, and immunofluorescence.",F1000Research,2025,FALSE,,
10.12688/f1000research.160390.2,Assessment of sub-maximal aerobic capacity in North African patients with chronic hepatitis B: a pilot case-control study.,F1000Research,2025,FALSE,,
10.12688/f1000research.160396.2,Comparing Competitive and Recreational Table Tennis Training: Impacts on Quality of life in Older Adults - A Randomized Controlled Trial.,F1000Research,2025,FALSE,,
10.12688/f1000research.160416.3,"Ginkgo Biloba as a niche theme cognitive enhancer agent, 1420 dokumen of Scopus database. A bibliometric study from 1988 to 2024.",F1000Research,2025,FALSE,,
10.12688/f1000research.160451.3,Case Report: A new modification of Loma Linda pouch technique.,F1000Research,2025,FALSE,,
10.12688/f1000research.160607.1,Recombinant expression of receptor binding domains of all eight subtypes of botulinum neurotoxin type A for generation of antitoxins with broad reactivity.,F1000Research,2025,FALSE,,
10.12688/f1000research.160650.2,APF-YOLOV8: Enhancing Multiscale Detection and Intra-Class Variance Handling for UAV-Based Insulator Power Line Inspections.,F1000Research,2025,FALSE,,
10.12688/f1000research.160684.2,Climate change mitigation and workers' interests: why framing a Green New Deal as redistributive and security-enhancing is key to popularity.,F1000Research,2025,FALSE,,
10.12688/f1000research.160734.3,Effect of nonlinear thermal radiation and Cattaneo-Christov heat and mass fluxes of Williamson hybrid nanofluid over a stretching porous sheet.,F1000Research,2025,FALSE,,
10.12688/f1000research.160802.1,"A Social Constructionist Influenced Scoping Review of Addictions, Deviance and Crime: Biopsychosocial Perspectives for the Emerging Forensic Mental Health Nursing and Healthcare Services of the Middle East.",F1000Research,2025,FALSE,,
10.12688/f1000research.160839.2,Vitamin D binding protein rs7041 and rs4588 gene polymorphisms in Ugandan tuberculosis patients and household contacts: A pilot study.,F1000Research,2025,FALSE,,
10.12688/f1000research.160920.2,Introducing the Multidimensional Toolkit for the Assessment of Play in Schools (M-TAPS): a reliability study.,F1000Research,2025,FALSE,,
10.12688/f1000research.160980.5,Mortality involving and not involving COVID-19 among vaccinated vs. unvaccinated in England between Apr 21 and May 23.,F1000Research,2025,FALSE,,
10.12688/f1000research.161090.2,"Exploring the relationship between preferred bubble tube speeds in sensory rooms and physiological-psychological factors: A study on interoceptive sensitivity, subjective time perception, visual discomfort levels, and anxiety levels.",F1000Research,2025,FALSE,,
10.12688/f1000research.161128.4,Enhancing prostate cancer detection: The role of b-value and apparent diffusion coefficient in DWI.,F1000Research,2025,FALSE,,
10.12688/f1000research.161146.6,Association between perceived oral health and oral health-related quality of life among hospital staff.,F1000Research,2025,FALSE,,
10.12688/f1000research.161251.3,Validation of the Thai version of the World Health Organization's Quality of Life Scale (WHOQOL-BREF-THAI) among Thai nursing students in northeast Thailand: A multi-centre study.,F1000Research,2025,FALSE,,
10.12688/f1000research.161252.2,An integrated data pipeline for semantic data representation of the flame spray pyrolysis process.,F1000Research,2025,FALSE,,
10.12688/f1000research.161261.2,Nat-UV DB: A Natural Products Database Underlying of Veracruz-Mexico.,F1000Research,2025,FALSE,,
10.12688/f1000research.161430.2,"Hesitant Fuzzy Subalgebras, Ideals and Congruences on Autometrized Algebras.",F1000Research,2025,FALSE,,
10.12688/f1000research.161461.3,"The genome sequence of &lt;i&gt;Tethysbaena scabra&lt;/i&gt; (Pretus, 1991), the first known in the peracarid crustacean order &lt;i&gt;Thermosbaenacea&lt;/i&gt;.",F1000Research,2025,FALSE,,
10.12688/f1000research.161477.2,"Synergistic review of automation impact of big data, AI, and ML in current data transformative era.",F1000Research,2025,FALSE,,
10.12688/f1000research.161505.3,A Quasi-Experimental Study Protocol on the Impact of a Mobile Health Program for HIV Counseling and Testing in the Deaf Community.,F1000Research,2025,FALSE,,
10.12688/f1000research.161532.1,Case Report : Bilateral dentigerous cysts in association with developing third molars and premolars in a non-syndromic 13-year-old: a 2-year follow-up.,F1000Research,2025,FALSE,,
10.12688/f1000research.161533.3,Assessing socioeconomic status through dental and associated tissue characteristics: A cross-sectional study for human identification.,F1000Research,2025,FALSE,,
10.12688/f1000research.161622.3,Bergen social media engagement and experiences scale (Be-SMEE): A short questionnaire covering important experiences and perceptions of social media use among adolescents. Development and association with symptoms of depression and anxiety.,F1000Research,2025,FALSE,,
10.12688/f1000research.161627.3,"How walkable are our cities for older adults? Mediation of comfort, convenience, and aesthetics.",F1000Research,2025,FALSE,,
10.12688/f1000research.161731.4,Salivary microbiome and periodontopathogen/denitrifying bacteria associated with gingivitis and periodontitis in people with type 2-diabetes.,F1000Research,2025,FALSE,,
10.12688/f1000research.161865.3,Research on Olympic medal prediction based on GA-BP and logistic regression model.,F1000Research,2025,FALSE,,
10.12688/f1000research.161879.1,Understanding fine dining restaurant dynamics in south Asia: A systematic review.,F1000Research,2025,FALSE,,
10.12688/f1000research.161972.2,First Report of &lt;i&gt;Ganoderma ryvardenii&lt;/i&gt; causing Basal Stem Rot (BSR) disease on oil palm ( &lt;i&gt;Elaeis guineensis&lt;/i&gt; Jacq.) in Ghana.,F1000Research,2025,FALSE,,
10.12688/f1000research.161993.2,Machine learning applications in risk management: Trends and research agenda.,F1000Research,2025,FALSE,,
10.12688/f1000research.162022.4,"Integrated water quality assessment and health risk analysis of heavy metal and microbial contamination in the Ichu River, Peru.",F1000Research,2025,TRUE,,
10.12688/f1000research.162063.2,Is relief the most common reaction to abortion? Self-assessed intensity of emotions attributed to abortion in a national sample of women aged 41 to 45.,F1000Research,2025,FALSE,,
10.12688/f1000research.162353.3,Optimizing Cardiovascular Treatment in Non-Small Cell Lung Cancer: A Comprehensive Computational Approach for Assessment of Drug-Drug Interactions Between Tyrosine Kinase Inhibitors and Cardiovascular Drugs.,F1000Research,2025,FALSE,,
10.12688/f1000research.162436.2,Women and nature: Ecofeminist study in social media.,F1000Research,2025,FALSE,,
10.12688/f1000research.162495.1,A Preclinical Model of Human Liver Using Precision Cut Tissue Slice Culture.,F1000Research,2025,FALSE,,
10.12688/f1000research.162496.1,Generation of human iPSC-derived pancreatic organoids to study pancreas development and disease.,F1000Research,2025,FALSE,,
10.12688/f1000research.162525.3,"The distribution of groundwater uranium in Chintamani village, Karnataka, India.",F1000Research,2025,FALSE,,
10.12688/f1000research.162591.2,Sustainable rural housing in cold climates: a model for Rumicruz-Ecuador.,F1000Research,2025,FALSE,,
10.12688/f1000research.162719.1,The EpiFusion Analysis Framework for joint phylodynamic and epidemiological analysis of outbreak characteristics.,F1000Research,2025,FALSE,,
10.12688/f1000research.162878.4,Surface engineering of chak'o nano-clay with iron oxide and APTES for enhanced heavy metal adsorption in water treatment.,F1000Research,2025,FALSE,,
10.12688/f1000research.162960.1,"The Holy month of Ramadan: A blessed union (Etihad) of societal collective effervescence, belonging and positive mental health for all.",F1000Research,2025,FALSE,,
10.12688/f1000research.162989.2,"Evaluating Mycelium as an insulation material: A comparative study on thermal performance, comfort, and energy efficiency.",F1000Research,2025,FALSE,,
10.12688/f1000research.163042.1,"Paving the way: Urban Health, Food Systems, and the Imperative for Holistic City-Led Action.",F1000Research,2025,FALSE,,
10.12688/f1000research.163113.1,The effect of GeoGebra integrated instruction on students' learning of the quadratic function concept.,F1000Research,2025,FALSE,,
10.12688/f1000research.163160.1,Hepatoprotective potential of N-acetyl cysteine in rats with phenytoin induced liver injury.,F1000Research,2025,FALSE,,
10.12688/f1000research.163166.4,Service-Learning and Prosocial Competencies of Undergraduate Pre-service Teachers Toward Graduate Employability Skills.,F1000Research,2025,FALSE,,
10.12688/f1000research.163210.1,Suhaim-Turayki Technique for the Decompression of Odontogenic Keratocysts: A Case Series.,F1000Research,2025,FALSE,,
10.12688/f1000research.163423.2,Evaluating the Efficiency of &lt;i&gt;Areke&lt;/i&gt; Distillation Process Using the Traditional Method of Distillation and Double Pipe Distillation: A Traditional Ethiopian Beverage.,F1000Research,2025,FALSE,,
10.12688/f1000research.163565.3,Application of digital health technologies to substance use reduction among students in higher education institutions: A scoping review.,F1000Research,2025,FALSE,,
10.12688/f1000research.163596.2,Methodology for generating chorioallantoic membrane patient-derived xenograft (CAM-PDX) models of pleural mesothelioma and performing preclinical imaging for the translation of cancer studies and drug screening.,F1000Research,2025,FALSE,,
10.12688/f1000research.163621.2,Chinese Medicine as First-Line Treatment for Subthreshold Mental Disorders in Primary Care: Opportunities and Challenges.,F1000Research,2025,FALSE,,
10.12688/f1000research.163622.3,Ergonomic Design and Evaluation of Cloth-Pulling Devices for Praewa Silk Weavers .,F1000Research,2025,FALSE,,
10.12688/f1000research.163638.2,Exploring mean kurtosis in MR diffusion kurtosis imaging for early detection of lumbar spine degeneration: a systematic review.,F1000Research,2025,FALSE,,
10.12688/f1000research.163648.2,Voices of Plurality: Linguistic Diversity and Social Interactions in Ugandan Polygamous Marriages.,F1000Research,2025,FALSE,,
10.12688/f1000research.163658.4,The Influence of Safety Performance on Competitive Advantage in the Shipping Industry: A Systematic Literature Review Study.,F1000Research,2025,FALSE,,
10.12688/f1000research.163662.2,Health Security inequalities in Non-EU European Countries: A Cross-National Comparative Assessment Using an Integrated MCDM-Machine Learning Approach.,F1000Research,2025,FALSE,,
10.12688/f1000research.163698.2,Effectiveness of Chinese herbal medicine on improving sleep and mental health in adults: Study protocol for a stepped-wedge cluster randomized trial.,F1000Research,2025,FALSE,,
10.12688/f1000research.163800.3,Assessing the effects of fluids and antibiotics in an acute murine model of sepsis: study protocol for the National Preclinical Sepsis Platform-01 (NPSP-01) Study.,F1000Research,2025,FALSE,,
10.12688/f1000research.163862.2,Education Reform using Common Career Selective Programme (CCSP) to Promote Education-for-All (EFA).,F1000Research,2025,FALSE,,
10.12688/f1000research.163883.4,Internal and external risk factors analysis on pilot precondition in Indonesia.,F1000Research,2025,FALSE,,
10.12688/f1000research.164019.3,"A bibliometric review of research on resilience, motivation and prisoners, 1912-2024.",F1000Research,2025,FALSE,,
10.12688/f1000research.164339.2,Effect of Stem Cells from Human Exfoliated Deciduous Teeth Spent Medium (SHED-SM) on the Healing of Traumatic Buccal Mucosal Ulcers.,F1000Research,2025,FALSE,,
10.12688/f1000research.164492.1,Empowering Healthcare Access: Ethnographic Insights into Sustainable Solutions for a Particularly Vulnerable Tribal Group (PVTG) in South India- a Qualitative Research.,F1000Research,2025,FALSE,,
10.12688/f1000research.164515.1,Digital literacy in the use of digital platforms in public administration in the Lambayeque Region.,F1000Research,2025,FALSE,,
10.12688/f1000research.164537.2,A raster-based dataset for spatio-temporal analysis of forest fires in the Amazon rainforest from 2001 to 2020.,F1000Research,2025,FALSE,,
10.12688/f1000research.164552.3,Evaluation of Salivary HLA-DR4 and MMP-8 Levels Along with &lt;i&gt;Porphyromonas gingivalis&lt;/i&gt; in Periodontitis Patients with Rheumatoid Arthritis.,F1000Research,2025,FALSE,,
10.12688/f1000research.164600.2,Characterization of red pigmented yeasts and genes associated with astaxanthin synthesis in &lt;i&gt;Rhodotorula mucilaginosa&lt;/i&gt; HL26-1 and &lt;i&gt;Rhodotorula paludigena&lt;/i&gt; LL69-1.,F1000Research,2025,FALSE,,
10.12688/f1000research.164618.3,Gas Chromatography-Mass spectrometry (GC-MS) Revealed Bioactive Constituents of &lt;i&gt;Brassica oleracea&lt;/i&gt; var. &lt;i&gt;viridis&lt;/i&gt; (Collard Greens) Used to Treat Male Infertility in Uganda.,F1000Research,2025,FALSE,,
10.12688/f1000research.164704.4,Determinants of urban mosquito population density and community responses: A cross-sectional study.,F1000Research,2025,FALSE,,
10.12688/f1000research.164770.2,Analysis of seasonal changes in vegetation cover in the La Caimanera marsh (Colombia) using remote sensing and satellite sensor imagery.,F1000Research,2025,FALSE,,
10.12688/f1000research.164798.1,THE PROTECTIVE ROLE OF FLAVONOIDS IN AMNESIA -SYSTEMATIC REVIEW.,F1000Research,2025,FALSE,,
10.12688/f1000research.164800.3,Tourette syndrome research highlights from 2024.,F1000Research,2025,FALSE,,
10.12688/f1000research.165030.3,Bioactive Effects of Plectranthus amboinicus Extract Using Microwave Techniques and Its Value Addition in Cosmeceutical Products.,F1000Research,2025,FALSE,,
10.12688/f1000research.165056.2,Common mental health problems among patients accessing care at ayurvedic health centers in Udupi Taluk.,F1000Research,2025,FALSE,,
10.12688/f1000research.165282.2,Fast disintegrating pellets: Formulation and evaluation.,F1000Research,2025,FALSE,,
10.12688/f1000research.165491.2,"A Systematic Review of Technology-Enhanced Project-Based Language Learning: Theoretical Frameworks, Project Types, and Implications for Future Research and Practice.",F1000Research,2025,FALSE,,
10.12688/f1000research.165543.1,An updated Bioconductor workflow for correlation profiling subcellular proteomics.,F1000Research,2025,FALSE,,
10.12688/f1000research.165842.1,Development of an Instrument for Evaluating the Implementation of Occupational Health Programmes in Hospitals.,F1000Research,2025,FALSE,,
10.12688/f1000research.165866.2,Research Trends on Motivation and Job Satisfaction: A Scientometric Analysis.,F1000Research,2025,FALSE,,
10.12688/f1000research.166020.1,The Prevalence and Incidence of Depression among Visually Impaired People: A Systematic Review and Meta-Analysis Protocol.,F1000Research,2025,FALSE,,
10.12688/f1000research.166053.3,"Assessing Knowledge and Awareness of Occupational Hazards and Preventive Measures among Dentists and Final-year Students in Two Dentistry Hospitals, Kabul, Afghanistan.",F1000Research,2025,FALSE,,
10.12688/f1000research.166187.1,Unveiling Health Security Patterns in the European Union through a Hybrid Entropy-CoCoSo and K-Means Clustering Framework.,F1000Research,2025,FALSE,,
10.12688/f1000research.166190.1,The effects of emotional intelligence training programs on educators: a systematic review.,F1000Research,2025,FALSE,,
10.12688/f1000research.166262.3,Counterbalance Economics (CBE): Harnessing Aggregate Markups to Finance Voucher-Based Inequality Reduction.,F1000Research,2025,FALSE,,
10.12688/f1000research.166306.2,Peripheral Blood Expression of MMPs and DNA Methylation-Related Genes in Women with Recurrent Spontaneous Abortion: A Case-Control Study.,F1000Research,2025,FALSE,,
10.12688/f1000research.166325.1,Effect of sandblasting and MDP based primer application on the surface topography and shear bond strength of zirconia: An &lt;i&gt;in vitro&lt;/i&gt; study.,F1000Research,2025,FALSE,,
10.12688/f1000research.166336.2,"Ameliorative Effects of Ethyl-Acetate Extract of &lt;i&gt;Bidens pilosa&lt;/i&gt; on Oxidative Stress and Reproductive Impairment in Bisphenol A-Exposed Male Mice: Insight from In-silico, Invitro and In-vivo Studies.",F1000Research,2025,FALSE,,
10.12688/f1000research.166372.2,New Horizons in Higher Education: Examining the Mental Well-Being of Medical &amp; Health Sciences Students Through the Use of Artificial Intelligence Based Chatbot Platforms in the United Arab Emirates - A Cross-Sectional Comparative Study.,F1000Research,2025,FALSE,,
10.12688/f1000research.166395.3,Evaluating the Types of Performance Monitoring Used in Private Chartered Universities in Uganda: A Mixed-Methods.,F1000Research,2025,FALSE,,
10.12688/f1000research.166397.2,Factors associated with postpartum complications: A systematic review to inform early detection strategies.,F1000Research,2025,FALSE,,
10.12688/f1000research.166417.2,Stage 2 Registered Report: Refinement of tickling protocols to improve positive animal welfare in laboratory rats.,F1000Research,2025,FALSE,,
10.12688/f1000research.166622.2,Glucose Tolerance Test (GTT) Curves of Water and Ethanol Extracts of Whole Body Apis mellifera jemenitica.,F1000Research,2025,FALSE,,
10.12688/f1000research.166667.2,Digital Leadership in Education: A Bibliometric Analysis of Research Trends from 1993 to 2024.,F1000Research,2025,FALSE,,
10.12688/f1000research.166848.3,Identifying Adaptable Varieties of Sorghum ( &lt;i&gt;Sorghum bicolor&lt;/i&gt; L) in Tidal Swamplands and Sandy Soils by MGIDI and GGE Biplots.,F1000Research,2025,FALSE,,
10.12688/f1000research.166849.2,"Reference-guided draft genome assembly of the slender walking catfish, &lt;i&gt;Prophagorus nieuhofii&lt;/i&gt;.",F1000Research,2025,FALSE,,
10.12688/f1000research.167041.1,Decoding e-waste challenges with hybrid AHP and ISM Model approach: An initiative towards a cleaner future in India.,F1000Research,2025,FALSE,,
10.12688/f1000research.167153.1,"Isolation of Apigenin from Sungkai ( &lt;i&gt;Peronema canescens&lt;/i&gt;) Leaves and Its Immunomodulatory Effects: An In Vivo Study on Granzyme B, Interferon-γ, and Perforin Expression with Supporting In Silico Analysis.",F1000Research,2025,FALSE,,
10.12688/f1000research.167220.2,Evaluation of risk factors for ocular morbidities and their impact on the lives of medical students: A cross-sectional study unveiling the academic collateral.,F1000Research,2025,FALSE,,
10.12688/f1000research.167794.2,An Enhanced Jaya Algorithm with Mutation and Diversity-Preserving Strategies for Hyperspectral Band Selection.,F1000Research,2025,FALSE,,
10.12688/f1000research.167810.1,"Generational Differences in Dietary Behaviours: A Cross-Sectional Study of Generations X, Y, and Z.",F1000Research,2025,FALSE,,
10.12688/f1000research.167974.2,"The Effects of Hospital Noise and Noise Sensitivity on Patient`s Comfort, Annoyance, and Intention to Leave.",F1000Research,2025,FALSE,,
10.12688/f1000research.168078.1,"Marine Waste Management: A Framework for Identifying, Prioritizing, and Resolving Key Challenges.",F1000Research,2025,FALSE,,
10.12688/f1000research.168557.2,Design and Evaluation of Sustainable Structural Lightweight Concrete Using Recycled Pet as Aggregates.,F1000Research,2025,FALSE,,
10.12688/f1000research.168621.1,The Effect of Coconut and Frankincense Oils on the Biofilm Growth of &lt;i&gt;Streptococcus mutans&lt;/i&gt;.,F1000Research,2025,FALSE,,
10.12688/f1000research.168760.2,"Prognostic Role of Absolute Monocyte Count, CD163⁺ Macrophages, and CD8⁺ Lymphocytes in Diffuse Large B-Cell Lymphoma Treated with R-CHOP.",F1000Research,2025,FALSE,,
10.12688/f1000research.168772.3,A Bibliometric Analysis of Music's Role in Promoting Well-Being in Health Science Research.,F1000Research,2025,FALSE,,
10.12688/f1000research.168896.1,Functional impact and quality of life after total hip arthroplasty for hip osteoarthritis. A retrospective study of 200 cases.,F1000Research,2025,FALSE,,
10.12688/f1000research.168964.2,MOODMIND: A Pilot Feasibility Study of Artificial Intelligence for Major Depressive Disorder Screening in Tuberculosis Patients.,F1000Research,2025,FALSE,,
10.12688/f1000research.168987.3,StaggR: an interactive R/Shiny application for planning and visualizing staggered experimental protocols.,F1000Research,2025,FALSE,,
10.12688/f1000research.168998.1,Eye health promotion in multi-sectoral settings: A systematic review of intervention types and effectiveness.,F1000Research,2025,FALSE,,
10.12688/f1000research.169075.5,"First photographic evidence of the Egyptian fruit bat, &lt;i&gt;Rousettus aegyptiacus&lt;/i&gt; (Pteropodidae) in the King Salman Bin Abdulaziz Royal Nature Reserve, Hail Region, Saudi Arabia.",F1000Research,2025,FALSE,,
10.12688/f1000research.169267.2,Factors Associated with Breastfeeding Duration in Tunisia: A Cross-Sectional Analysis Highlighting the Role of Early Initiation.,F1000Research,2025,FALSE,,
10.12688/f1000research.169308.2,"Bromelain Restores Glutamatergic Homeostasis via Regulation of NR2A, GLT-1, EAAC1, and xCT in Arsenic-Induced Cerebral Cortex and Hippocampal Neurotoxicity.",F1000Research,2025,FALSE,,
10.12688/f1000research.169502.1,"A guide to selecting high-performing antibodies for VCP (UniProt ID: P55072) for use in western blot, immunoprecipitation, and immunofluorescence.",F1000Research,2025,FALSE,,
10.12688/f1000research.169634.2,Long-term Psychological Impact of the COVID-19 Pandemic: A Cross-Sectional Survey among Students and Technical Staff in Health Care Institutions.,F1000Research,2025,FALSE,,
10.12688/f1000research.169799.2,Shining Light into Adolescent HIV Neuroplasticity: A Study of the Prefrontal Cortex Using Functional Near Infrared Spectrometry.,F1000Research,2025,FALSE,,
10.12688/f1000research.169856.2,Democratic Deterrence of Middle Powers in Great Power Rivalry: The Case for Indonesia.,F1000Research,2025,FALSE,,
10.12688/f1000research.169873.1,"Sex differences in the efficacy and tolerability of antipsychotic drugs in people with an acute exacerbation of schizophrenia: protocol for an individual-participant-data, dose-response, network meta-analysis.",F1000Research,2025,FALSE,,
10.12688/f1000research.169966.1,"A guide to selecting high-performing antibodies for Optineurin (UniProt ID: Q96CV9) for use in western blot, immunoprecipitation, and immunofluorescence.",F1000Research,2025,FALSE,,
10.12688/f1000research.170279.2,"Predicting Bankruptcy in Wholesale, Retail, and Motor Vehicle Repair: An AI-ML Perspective.",F1000Research,2025,FALSE,,
10.12688/f1000research.170584.3,Characterization of the Complete Mitochondrial Genome and Evaluation of COI Barcoding in &lt;i&gt;Philonis inermis&lt;/i&gt; (Coleoptera: Curculionidae: Cryptorhynchinae) Using Genome Skimming.,F1000Research,2025,FALSE,,
10.12688/f1000research.170682.2,Habits of Mind as a Catalyst for 21st Century Skills and Environmental Sustainability: A Bibliometric Analysis with a Focus on SDG 6 in Educational Research.,F1000Research,2025,FALSE,,
10.12688/f1000research.170698.3,"Project-based learning in STEAM subjects for socioformation: A systematic review of contributions, prevalence, and challenges.",F1000Research,2025,FALSE,,
10.12688/f1000research.170846.3,Antioxidant Support for the Corneal Endothelium: Evidence from Vitamin C Supplementation in Hard Cataract Phacoemulsification.,F1000Research,2025,FALSE,,
10.12688/f1000research.170886.1,"A guide to selecting high-performing antibodies for Heterogeneous nuclear ribonucleoproteins A2/B1(hnRNP A2/B1) (UniProt ID: P22626) for use in western blot, immunoprecipitation, and immunofluorescence.",F1000Research,2025,FALSE,,
10.12688/f1000research.171170.2,"A Review of Deep Learning Techniques for EEG-Based Emotion Recognition: Models, Methods, and Datasets.",F1000Research,2025,FALSE,,
10.12688/f1000research.171192.3,Balancing Sustainability and Specimen Protection.,F1000Research,2025,FALSE,,
10.12688/f1000research.171433.3,"Quinazoline-2,4(1H,3H)-dione derivatives as new class of CB1 Agonists: A pharmacophore-based virtual screening workflow and drug discovery.",F1000Research,2025,FALSE,,
10.12688/f1000research.171712.3,Typologies of suicidality and suicide presenting to a prehospital South African Emergency Medical Service: a retrospective cross-sectional analysis.,F1000Research,2025,FALSE,,
10.12688/f1000research.171808.2,A Systematic Literature Review and Bibliometric Analysis of Workplace Coaching.,F1000Research,2025,FALSE,,
10.12688/f1000research.171837.1,Sustainable Entrepreneurship Emergence as Practice: A Multi-Level Pathway Model.,F1000Research,2025,FALSE,,
10.12688/f1000research.172023.2,Exploring peer tutoring experiences in improving nursing students' academic success and performance: A qualitative study among Emirati undergraduate nursing students.,F1000Research,2025,FALSE,,
10.12688/f1000research.172154.1,"Global, regional and national estimates of coexisting forms of malnutrition among the neonates, infants and young children - A secondary data analysis of Demographic &amp; Health Surveys (DHS) from 2006 to 2024.",F1000Research,2025,FALSE,,
10.12688/f1000research.172236.3,Dysregulation of MicroRNA-181a-5p Targets TNFAIP3 to Promote MIF-CXCR4 Signaling and Immune Inflammatory Remodeling in Chronic Myeloid Leukemia.,F1000Research,2025,FALSE,,
10.12688/f1000research.172273.3,Perspectives of Teachers on Digital Literacy Implementation Curriculum in Elementary Schools.,F1000Research,2025,FALSE,,
10.12688/f1000research.172295.1,Immersive Metaverse Learning Environment (IMLE) to Improve Social-Cognitive Skills in STEAM Learning in Elementary Schools.,F1000Research,2025,FALSE,,
10.12688/f1000research.172631.2,The Impact of Promoter Variants in Interleukin-18 on Susceptibility to Ankylosing Spondylitis in a Sample of Iraqi Patients.,F1000Research,2025,FALSE,,
10.12688/f1000research.172707.1,mHealth Adoption by the Older Adults: A Structured Literature Review.,F1000Research,2025,FALSE,,
10.12688/f1000research.172953.1,"Oral Health Knowledge, Attitude, And Practices Among Residents Of Al-kharj, Saudi Arabia: A Cross-sectional Study.",F1000Research,2025,FALSE,,
10.12688/f1000research.173271.2,"First Gonadal Stages of Bonito, &lt;i&gt;Sarda chiliensis&lt;/i&gt; (Perciformes: Scombridae) on the Pacific Coast of Northern Chile.",F1000Research,2025,FALSE,,
10.12688/f1000research.173356.3,The first whole-genome sequence of a prospective novel sponge-associated &lt;i&gt;Streptomyces&lt;/i&gt; strain from Indonesia with a long 1.5 Mbp terminal inverted repeat.,F1000Research,2025,FALSE,,
10.12688/f1000research.173462.2,Mathematical Competencies and Critical Thinking in Secondary Education: A PRISMA-Based Systematic Review (2019-2025).,F1000Research,2025,FALSE,,
10.12688/f1000research.173727.2,Aligning Sleep Patterns with Educational Schedules in Iran: Policy Recommendations for Enhancing Health and Academic Success.,F1000Research,2025,FALSE,,
10.12688/f1000research.174230.1,"A guide to selecting high-performing antibodies for GCase (UniProt ID: P04062) for use in western blot, immunoprecipitation, and immunofluorescence.",F1000Research,2025,FALSE,,
10.12688/f1000research.174865.2,"Bibliometric Analysis of Publications in Scopus-Indexed Public, Environmental and Occupational Health Journals Across Scimago Quartiles (2016-2024).",F1000Research,2025,FALSE,,
10.12688/f1000research.175471.1,Do hotel green practices influence customer satisfaction? Evidence from the Indian hospitality sector.,F1000Research,2025,FALSE,,
10.12688/f1000research.168208.2,"Socio-economic Conditions &amp; Determinants of Income: A Tale of Informal Workers of Urban Odisha, India.",F1000Research,2026,FALSE,,
10.12688/f1000research.171305.1,Validation of the Korean Movement Culture Perception (KMCP) Scale Using the Rasch Model: Evidence from Korean and Chinese Populations.,F1000Research,2026,FALSE,,
10.12688/f1000research.172137.1,Transforming Basic Literacy Instruction through the Kapal Pinisi Application: Integrating Local Wisdom to Foster Basic Literacy and 6C Competencies in Elementary School Students.,F1000Research,2026,FALSE,,
10.12688/f1000research.172474.2,How is the Ethno-Socioscientific Issues (Ethno-SSI) Learning Model Javanese Culture Strengthen High School Students' Environmental Awareness?: Observational Study.,F1000Research,2026,FALSE,,
10.12688/f1000research.172513.2,Green biosynthesized silver nanoparticles using aqueous extract of Salix alba: antimicrobial and cytogenetic effects on mitosis.,F1000Research,2026,FALSE,,
10.12688/f1000research.172637.2,"Effects of Black Pepper (Piper nigrum L.) Fruit Extract on Sexual Function, Hormonal Parameters, Sperm Parameters, Testicular Histology, and eNOS Expression in Alloxan-Induced Diabetic Rats.",F1000Research,2026,FALSE,,
10.12688/f1000research.173432.3,Relation of Anxiety Levels and Objective Structured Clinical Examination among Undergraduate Nursing Students.,F1000Research,2026,FALSE,,
10.12688/f1000research.173495.1,Software Tools for Passive Acoustic Monitoring in Aquatic and Terrestrial Bio- and Ecoacoustics: A Living Systematic Review.,F1000Research,2026,FALSE,,
10.12688/f1000research.173746.3,Effect of Small Nucleolar RNA H/ACA Box 64 (SNORA64) on Apoptosis Regulator Genes in Pancreatic Cancer in Vitro.,F1000Research,2026,FALSE,,
10.12688/f1000research.173988.1,Energy Dispersive Spectroscopy of Open Dentinal Tubules on Application of Nanocrystalline Hydroxyapatite: An In Vitro Study.,F1000Research,2026,FALSE,,
10.12688/f1000research.174211.2,Physiological and Biochemical Responses to Repeated Administration of Ivermectin in Rabbits.,F1000Research,2026,FALSE,,
10.12688/f1000research.174402.2,"Physiological Alterations in Local Iraqi Sheep Affected by Ruminal Impaction: Insights from Biochemical, Electrolyte, and Oxidative Markers.",F1000Research,2026,FALSE,,
10.12688/f1000research.174407.1,Analyzing the Effectiveness of Macroeconomic Policies in Addressing Poverty in Iraq: An Econometric Study considering Digital Transformation and Artificial Intelligence for the Period (2004-2024).,F1000Research,2026,FALSE,,
10.12688/f1000research.174779.2,Beyond the Beauty: Meristic and Genomic Signatures of Bangka's Endemic Betta Fishes.,F1000Research,2026,FALSE,,
10.12688/f1000research.175115.2,The impact of online store specifications on enhancing the attractiveness of customer perception of the product: An analytical study of the opinions of a sample of Iraqi virtual store customers.,F1000Research,2026,FALSE,,
10.12688/f1000research.175171.1,Transmedia Storytelling Research Trends: A Bibliometric Analysis (2020-2025).,F1000Research,2026,FALSE,,
10.12688/f1000research.175237.4,Optimizing Early Compressive Strength of Ultrafine POFA-Based Green HSC: An Experimental and RSM Approach with Silica Fume and Hybrid Fibers.,F1000Research,2026,FALSE,,
10.12688/f1000research.175969.1,"A guide to selecting high-performing antibodies for Alpha-1-antitrypsin (UniProt ID: P01009) for use in western blot, immunoprecipitation and flow cytometry.",F1000Research,2026,FALSE,,
10.12688/f1000research.175973.1,A guide to selecting high-performing antibodies for MMP7 (UniProt ID: P09237) for use in western blot and immunoprecipitation.,F1000Research,2026,FALSE,,
10.12688/f1000research.176108.2,How Parents Perceive Children's Values in Indonesian Families: A Multidimensional and Contextual Analysis.,F1000Research,2026,FALSE,,
10.12688/f1000research.176773.2,Digitalization of Indonesian State-Owned Enterprises (SOEs)  and Employee Mental Health: Mitigating Digital Anxiety in Finance Functions.,F1000Research,2026,FALSE,,
10.12688/f1000research.176893.2,Mapping Digital Fashion Skills in Green TVET: Foundations for Future Vocational Teacher Competency Framework through Systematic Review and Bibliometric Analysis.,F1000Research,2026,FALSE,,
10.12688/f1000research.177177.1,Non‑pharmacological care for early-stage dementia through smart environments in Colombia: a mixed‑methods study and methodological guide for caregivers and patients.,F1000Research,2026,FALSE,,
10.12688/f1000research.177216.3,Dental publications on the treatment of temporomandibular disorders: A bibliometric analysis.,F1000Research,2026,FALSE,,
10.12688/f1000research.177254.2,Mapping Research Trends in AI-Based Tourism and Hospitality Marketing: A Bibliometric and Thematic Review.,F1000Research,2026,FALSE,,
10.12688/f1000research.177368.1,Service quality and cross-cultural guest satisfaction in wellness tourism: evidence from yoga retreats in India's global wellness destination.,F1000Research,2026,FALSE,,
10.12688/f1000research.177439.1,Predictors of emotional well-being in university professors using Machine Learning.,F1000Research,2026,FALSE,,
10.12688/f1000research.177671.2,"Views, Barriers and Facilitators  of Policymakers, Pharmacists and Community Health Representative in Managing Unused Medicine in a Socioeconomically Diverse District in Indonesia.",F1000Research,2026,FALSE,,
10.12688/f1000research.177674.1,Implementation for Code-Switching from the Perspective of Academic Functions in Teaching English at the MAN 1 Praya.,F1000Research,2026,FALSE,,
10.12688/f1000research.177782.2,Strategic Decisions and the Entrepreneurial Mindset in Sustaining Agribusiness SMEs in Emerging Economies: Unlocking Pathways to Resilience - A Narrative Review.,F1000Research,2026,FALSE,,
10.12688/f1000research.177800.1,Prenatal training module (PTM) with newborn simulation model to enhance primipara mother's knowledge and skill on newborn care in Lower-Middle-Income Setting: A quasi-experimental study.,F1000Research,2026,FALSE,,
10.12688/f1000research.178008.1,"Protocol for Systematic Review: ""Understanding Climate Sensitive Infectious Disease Burden in Australia"".",F1000Research,2026,FALSE,,
10.12688/f1000research.178561.2,"Professional Boundaries and Ethical Obligations in Saudi Arabia An Integrated Sharia, Legal and Clinical Psychology Framework.",F1000Research,2026,FALSE,,
10.12688/f1000research.178615.2,Strategic Management of Low Carbon Travel in Longevity Tourism Evidence from Thailand.,F1000Research,2026,FALSE,,
10.12688/f1000research.178677.1,Exploration of Local Wisdom of the Archipelago Region to Design Ethno-STEM Project-Based Learning Modules for Ecological Awareness Learning.,F1000Research,2026,FALSE,,
10.12688/f1000research.178740.1,Digital transformation as a driver of operational sustainability in manufacturing: a systematic review (2015-2025).,F1000Research,2026,FALSE,,
10.12688/f1000research.178853.2,AI-Integrated Counseling Administration Quality and Organizational Support as Drivers of Early Risk Detection in Indonesian Schools.,F1000Research,2026,FALSE,,
10.12688/f1000research.179345.2,Oral Health-Related Quality of Life and Patient-Reported Outcomes After Implant Rehabilitation Using CAS Kit-Assisted Indirect Maxillary Sinus Augmentation: A Longitudinal Observational Study.,F1000Research,2026,FALSE,,
10.12688/f1000research.179367.1,"A guide to selecting high-performing antibodies for ARID2 (UniProt ID: Q68CP9) for use in western blot, immunoprecipitation, and immunofluorescence.",F1000Research,2026,FALSE,,
10.12688/f1000research.180136.1,Impact of Nutritional and Organoleptic Use of Underutilized Green Leafy Vegetables in Bakery Products: A Systematic Review of Novel Food Applications.,F1000Research,2026,FALSE,,
10.12688/f1000research.180671.2,Stigmasterol from Pluchea indica Leaves Reduces Spermatogenesis and Alters Sperm Morphology in Male Rat: In Vivo and In Silico Study.,F1000Research,2026,FALSE,,
10.12688/f1000research.181680.1,An MR-Neuroimaging Study of Structural and Vascular Brain Networks in Elderly Adults with Obesity and Diabetes who Practice Structural Yoga.,F1000Research,2026,FALSE,,
10.12688/gatesopenres.12749.2,"A superhydrophobic cone to facilitate the xenomonitoring of filarial parasites, malaria, and trypanosomes using mosquito excreta/feces.",Gates Open Research,2017,FALSE,,
10.12688/gatesopenres.12750.1,"Using biomarkers to predict TB treatment duration (Predict TB): a prospective, randomized, noninferiority, treatment shortening clinical trial.",Gates Open Research,2017,FALSE,,
10.12688/gatesopenres.12751.2,Point-of-contact Interactive Record Linkage (PIRL): A software tool to prospectively link demographic surveillance and health facility data.,Gates Open Research,2017,FALSE,,
10.12688/gatesopenres.12752.2,"Pre-exposure prophylaxis for HIV-negative persons with partners living with HIV: uptake, use, and effectiveness in an open-label demonstration project in East Africa.",Gates Open Research,2017,FALSE,,
10.12688/gatesopenres.12753.1,"The Network for Analysing Longitudinal Population-based HIV/AIDS data on Africa (ALPHA): Data on mortality, by HIV status and stage on the HIV care continuum, among the general population in seven longitudinal studies between 1989 and 2014.",Gates Open Research,2017,FALSE,,
10.12688/gatesopenres.12754.1,Implementation and process analysis of pilot scale multi-phase anaerobic fermentation and digestion of faecal sludge in Ghana.,Gates Open Research,2017,TRUE,,
10.12688/gatesopenres.12755.2,Evaluating the impact of integrated development: are we asking the right questions? A systematic review.,Gates Open Research,2017,FALSE,,
10.12688/gatesopenres.12756.1,Advancing a conceptual model to improve maternal health quality: The Person-Centered Care Framework for Reproductive Health Equity.,Gates Open Research,2017,FALSE,,
10.12688/gatesopenres.12759.2,Air sampling to assess potential generation of aerosolized viable bacteria during flow cytometric analysis of unfixed bacterial suspensions.,Gates Open Research,2017,FALSE,,
10.12688/gatesopenres.12761.1,Reducing missed opportunities for vaccination in selected provinces of Mozambique: A study protocol.,Gates Open Research,2017,FALSE,,
10.12688/gatesopenres.12768.1,"Syphilis screening and treatment in pregnant women in Kinshasa, Democratic Republic of the Congo and in Lusaka, Zambia: a cross-sectional study.",Gates Open Research,2017,FALSE,,
10.12688/gatesopenres.12780.1,The maximum contraceptive prevalence 'demand curve': guiding discussions on programmatic investments.,Gates Open Research,2017,FALSE,,
10.12688/gatesopenres.12783.3,"The first transcriptomes from field-collected individual whiteflies ( <i>Bemisia tabaci</i>, Hemiptera: Aleyrodidae):  a case study of the endosymbiont composition.",Gates Open Research,2017,FALSE,,
10.12688/gatesopenres.12772.1,"The Microbe Directory: An annotated, searchable inventory of microbes' characteristics.",Gates Open Research,2018,FALSE,,
10.12688/gatesopenres.12779.3,Prevalence and factors associated with burnout among frontline primary health care providers in low- and middle-income countries: A systematic review.,Gates Open Research,2018,FALSE,,
10.12688/gatesopenres.12786.2,Comparing the cost-per-QALYs gained and cost-per-DALYs averted literatures.,Gates Open Research,2018,FALSE,,
10.12688/gatesopenres.12793.1,"Visceral leishmaniasis cyclical trends in Bihar, India - implications for the elimination programme.",Gates Open Research,2018,FALSE,,
10.12688/gatesopenres.12799.2,A sulfur-free peptide mimic of surfactant protein B (B-YL) exhibits high in vitro and in vivo surface activities.,Gates Open Research,2018,FALSE,,
10.12688/gatesopenres.12808.2,"The RANI Project: A socio-normative intervention to reduce anemia in Odisha, India: A formative research protocol.",Gates Open Research,2018,FALSE,,
10.12688/gatesopenres.12811.2,Investigating Pneumonia Etiology Among Refugees and the Lebanese population (PEARL): A study protocol.,Gates Open Research,2018,FALSE,,
10.12688/gatesopenres.12812.1,"A de-identified database of 11,979 verbal autopsy open-ended responses.",Gates Open Research,2018,FALSE,,
10.12688/gatesopenres.12815.2,The utility of repeat Xpert MTB/RIF testing to diagnose tuberculosis in HIV-positive adults with initial negative result.,Gates Open Research,2018,FALSE,,
10.12688/gatesopenres.12820.2,The Zambian Preterm Birth Prevention Study (ZAPPS): Cohort characteristics at enrollment.,Gates Open Research,2018,FALSE,,
10.12688/gatesopenres.12825.3,Over the counter: The potential for easing pharmacy provision of family planning in urban Senegal.,Gates Open Research,2018,FALSE,,
10.12688/gatesopenres.12827.1,Slaying little dragons: the impact of the Guinea Worm Eradication Program on dracunculiasis disability averted from 1990 to 2016.,Gates Open Research,2018,FALSE,,
10.12688/gatesopenres.12838.2,Heterogeneous exposure and hotspots for malaria vectors at three study sites in Uganda.,Gates Open Research,2018,FALSE,,
10.12688/gatesopenres.12844.3,Scaled deployment of &lt;i&gt;Wolbachia&lt;/i&gt; to protect the community from dengue and other  &lt;i&gt;Aedes&lt;/i&gt; transmitted arboviruses.,Gates Open Research,2018,FALSE,,
10.12688/gatesopenres.12848.1,An extension of the Alma-Ata vision for primary health care in light of twenty-first century evidence and realities.,Gates Open Research,2018,FALSE,,
10.12688/gatesopenres.12854.3,Evaluation of a multi-level intervention to improve postpartum intrauterine device services in Rwanda.,Gates Open Research,2018,FALSE,,
10.12688/gatesopenres.12855.2,Optimization of extraction of genomic DNA from archived dried blood spot (DBS): potential application in epidemiological research &amp; bio banking.,Gates Open Research,2018,FALSE,,
10.12688/gatesopenres.12856.2,Insights into population structure of East African sweetpotato cultivars from hybrid assembly of chloroplast genomes.,Gates Open Research,2018,FALSE,,
10.12688/gatesopenres.12866.2,"A novel nano-iron supplement to safely combat iron deficiency and anaemia in young children: The IHAT-GUT double-blind, randomised, placebo-controlled trial protocol.",Gates Open Research,2018,FALSE,,
10.12688/gatesopenres.12867.2,Group versus individual antenatal and first year postpartum care: Study protocol for a multi-country cluster randomized controlled trial in Kenya and Nigeria.,Gates Open Research,2018,FALSE,,
10.12688/gatesopenres.12869.2,Deep clinical and biological phenotyping of the preterm birth and small for gestational age syndromes: The INTERBIO-21 <sup>st</sup> Newborn Case-Control Study protocol.,Gates Open Research,2018,FALSE,,
10.12688/gatesopenres.12870.2,Characterization of fecal sludge as biomass feedstock for thermal treatment in the southern Indian state of Tamil Nadu.,Gates Open Research,2018,FALSE,,
10.12688/gatesopenres.12873.2,Improving energy efficiency of electrochemical blackwater disinfection through sequential reduction of suspended solids and chemical oxygen demand.,Gates Open Research,2018,FALSE,,
10.12688/gatesopenres.12879.1,Optimization of nutrient media for sweetpotato ( <i>Ipomoea batatas L.</i>) vine multiplication in sandponics: Unlocking the adoption and utilization of improved varieties.,Gates Open Research,2018,FALSE,,
10.12688/gatesopenres.12884.1,The <i>Research Fairness Initiative</i>: Filling a critical gap in global research ethics.,Gates Open Research,2018,FALSE,,
10.12688/gatesopenres.12891.2,Automated verbal autopsy classification: using one-against-all ensemble method and Naïve Bayes classifier.,Gates Open Research,2018,FALSE,,
10.12688/gatesopenres.12862.3,"Prelacteal feeding practice and maintenance of exclusive breast feeding in Bihar, India - identifying key demographic sections for childhood nutrition interventions: a cross-sectional study.",Gates Open Research,2019,FALSE,,
10.12688/gatesopenres.12897.1,Priority use cases for antibody-detecting assays of recent malaria exposure as tools to achieve and sustain malaria elimination.,Gates Open Research,2019,FALSE,,
10.12688/gatesopenres.12903.2,Pluripotency of <i>Wolbachia</i> against Arboviruses: the case of yellow fever.,Gates Open Research,2019,FALSE,,
10.12688/gatesopenres.12905.2,"Facility conditions, obstetric and neonatal care practices, and availability of emergency obstetric and neonatal care in 72 rural health facilities in the Democratic Republic of the Congo: A cross-sectional study.",Gates Open Research,2019,FALSE,,
10.12688/gatesopenres.12920.2,"Understanding reproductive health challenges during a flood: insights from Belkuchi Upazila, Bangladesh.",Gates Open Research,2019,FALSE,,
10.12688/gatesopenres.12923.2,CUBES: A practical toolkit to measure enablers and barriers to behavior for effective intervention design.,Gates Open Research,2019,FALSE,,
10.12688/gatesopenres.12928.1,How many child deaths can be averted in Nigeria? Assessing state-level prospects of achieving 2030 sustainable development goals for neonatal and under-five mortality.,Gates Open Research,2019,FALSE,,
10.12688/gatesopenres.12929.1,Towards an off-grid fecal sludge treatment unit: demonstrating energy positive thermal treatment.,Gates Open Research,2019,FALSE,,
10.12688/gatesopenres.12931.2,Non-biological methods for phosphorus and nitrogen removal from wastewater: A gap analysis of reinvented-toilet technologies with respect to ISO 30500.,Gates Open Research,2019,TRUE,,
10.12688/gatesopenres.12951.2,Implementing neuroimaging and eye tracking methods to assess neurocognitive development of young infants in low- and middle-income countries.,Gates Open Research,2019,FALSE,,
10.12688/gatesopenres.12957.2,A testing cascade to identify repurposed insecticides for next-generation vector control tools: screening a panel of chemistries with novel modes of action against a malaria vector.,Gates Open Research,2019,FALSE,,
10.12688/gatesopenres.12958.2,An open toolkit for tracking open science partnership implementation and impact.,Gates Open Research,2019,FALSE,,
10.12688/gatesopenres.12961.2,"Abortion knowledge and experiences among young women and men in Accra, Ghana.",Gates Open Research,2019,FALSE,,
10.12688/gatesopenres.12963.2,"Neonatal iron distribution and infection susceptibility in full term, preterm and low birthweight babies in urban Gambia: study protocol for an observational study.",Gates Open Research,2019,FALSE,,
10.12688/gatesopenres.12970.1,Get Smart: Learning and partnership with Ethiopia's Health Extension Programme to re-envision contraceptive service delivery to young couples.,Gates Open Research,2019,FALSE,,
10.12688/gatesopenres.12972.1,Timing between age at first sexual intercourse and age at first use of contraception among adolescents and young adults in Niger: What role do education and place of residence play?,Gates Open Research,2019,FALSE,,
10.12688/gatesopenres.12973.2,A process evaluation of the quality improvement collaborative for a community-based family planning learning site in Uganda.,Gates Open Research,2019,FALSE,,
10.12688/gatesopenres.12974.2,"Measures of family planning service quality associated with contraceptive discontinuation: an analysis of Measurement, Learning &amp; Evaluation (MLE) project data from urban Kenya.",Gates Open Research,2019,FALSE,,
10.12688/gatesopenres.12979.3,The status of Ghanaian community health workers' supervision and service delivery: descriptive analyses from the 2017 Performance Monitoring and Accountability 2020 survey.,Gates Open Research,2019,FALSE,,
10.12688/gatesopenres.12987.2,"Application of behavioral economics principles to reduce injectable contraceptive discontinuation in rural Ethiopia: A stratified-pair, cluster-randomized field trial.",Gates Open Research,2019,FALSE,,
10.12688/gatesopenres.12997.3,Potential for Improving Intrauterine Device (IUD) Service Delivery Quality: Results from a Secondary Data Analysis.,Gates Open Research,2019,FALSE,,
10.12688/gatesopenres.12998.2,Challenges and opportunities in evaluating programmes incorporating human-centred design: lessons learnt from the evaluation of Adolescents 360.,Gates Open Research,2019,FALSE,,
10.12688/gatesopenres.12999.1,"""What is the best method of family planning for me?"": a text mining analysis of messages between users and agents of a digital health service in Kenya.",Gates Open Research,2019,FALSE,,
10.12688/gatesopenres.13008.2,Getting health information to internally displaced youth in Afghanistan: can mobile phone technology bridge the gap?,Gates Open Research,2019,FALSE,,
10.12688/gatesopenres.13028.1,Using 'Theories of Change' and responsive feedback to design a digital service business for patent and proprietary medicine vendors in Nigeria.,Gates Open Research,2019,FALSE,,
10.12688/gatesopenres.13029.2,Identifying population segments for effective intervention design and targeting using unsupervised machine learning: an end-to-end guide.,Gates Open Research,2019,FALSE,,
10.12688/gatesopenres.13031.2,The Cascade Analysis Tool: software to analyze and optimize care cascades.,Gates Open Research,2019,FALSE,,
10.12688/gatesopenres.13034.1,Cross-sectional study of IgG antibody levels to invasive nontyphoidal &lt;i&gt;Salmonella&lt;/i&gt; LPS O-antigen with age in Uganda.,Gates Open Research,2019,FALSE,,
10.12688/gatesopenres.13035.4,Intervening along the spectrum of tuberculosis: meeting report from the World TB Day nanosymposium in the Institute of Infectious Disease and Molecular Medicine at the University of Cape Town.,Gates Open Research,2019,FALSE,,
10.12688/gatesopenres.13039.2,"Safe and effective delivery of supplemental iron to healthy older adults: The double-blind, randomized, placebo-controlled trial protocol of the Safe Iron Study.",Gates Open Research,2019,FALSE,,
10.12688/gatesopenres.13042.2,Community Inclusion in PrEP Demonstration Projects: Lessons for Scaling Up.,Gates Open Research,2019,FALSE,,
10.12688/gatesopenres.13046.2,Adverse birth outcomes and their clinical phenotypes in an urban Zambian cohort.,Gates Open Research,2019,FALSE,,
10.12688/gatesopenres.13048.1,Challenges to the performance of current HIV diagnostic assays and the need for centralized specimen archives: a review of the Consortium for the Evaluation and Performance of HIV Incidence Assays (CEPHIA) repository.,Gates Open Research,2019,FALSE,,
10.12688/gatesopenres.13052.2,Insights from quantitative and mathematical modelling on the proposed WHO 2030 goal for schistosomiasis.,Gates Open Research,2019,FALSE,,
10.12688/gatesopenres.13053.1,Group antenatal care versus standard antenatal care and effect on mean gestational age at birth in Rwanda: protocol for a cluster randomized controlled trial.,Gates Open Research,2019,FALSE,,
10.12688/gatesopenres.13057.2,Planning and communicating prototype tests for the Nano Membrane Toilet: A critical review and proposed strategy.,Gates Open Research,2019,FALSE,,
10.12688/gatesopenres.13061.2,"Establishment of <i>w</i>Mel <i>Wolbachia</i> in <i>Aedes aegypti</i> mosquitoes and reduction of local dengue transmission in Cairns and surrounding locations in northern Queensland, Australia.",Gates Open Research,2019,FALSE,,
10.12688/gatesopenres.13063.2,"How can we make better health decisions a Best Buy for all?: Commentary based on discussions at iDSI roundtable on 2 <sup>nd</sup> May 2019 London, UK.",Gates Open Research,2019,FALSE,,
10.12688/gatesopenres.13064.1,Insights from mathematical modelling on the proposed WHO 2030 goals for scabies.,Gates Open Research,2019,FALSE,,
10.12688/gatesopenres.13065.1,The roadmap towards elimination of lymphatic filariasis by 2030: insights from quantitative and mathematical modelling.,Gates Open Research,2019,FALSE,,
10.12688/gatesopenres.13067.1,The World Health Organization 2030 goals for onchocerciasis: Insights and perspectives from mathematical modelling: NTD Modelling Consortium Onchocerciasis Group.,Gates Open Research,2019,FALSE,,
10.12688/gatesopenres.13068.2,The World Health Organization 2030 goals for &lt;i&gt;Taenia solium&lt;/i&gt;: Insights and perspectives from transmission dynamics modelling: CystiTeam Group for Epidemiology and Modelling of &lt;i&gt;Taenia solium&lt;/i&gt; Taeniasis/Cysticercosis.,Gates Open Research,2019,FALSE,,
10.12688/gatesopenres.13069.1,Insights from quantitative and mathematical modelling on the proposed WHO 2030 goals for Chagas disease.,Gates Open Research,2019,FALSE,,
10.12688/gatesopenres.13071.2,Counseling at all contacts for postpartum contraceptive use: can paper-based tools help community health workers improve continuity of care? A qualitative study from Ethiopia.,Gates Open Research,2019,FALSE,,
10.12688/gatesopenres.13073.1,Insights from mathematical modelling and quantitative analysis on the proposed WHO 2030 targets for visceral leishmaniasis on the Indian subcontinent.,Gates Open Research,2019,FALSE,,
10.12688/gatesopenres.13074.2,Zero human deaths from dog-mediated rabies by 2030: perspectives from quantitative and mathematical modelling.,Gates Open Research,2019,FALSE,,
10.12688/gatesopenres.13077.2,Insights from quantitative analysis and mathematical modelling on the proposed WHO 2030 goals for soil-transmitted helminths.,Gates Open Research,2019,FALSE,,
10.12688/gatesopenres.13078.1,Insights from quantitative and mathematical modelling on the proposed 2030 goals for Yaws.,Gates Open Research,2019,FALSE,,
10.12688/gatesopenres.13081.2,Interventions to improve birth outcomes of pregnant women living in low- and middle-income countries: a systematic review and network meta-analysis.,Gates Open Research,2019,FALSE,,
10.12688/gatesopenres.13082.2,Interventions to improve linear growth during exclusive breastfeeding life-stage for children aged 0-6 months living in low- and middle-income countries: a systematic review with network and pairwise meta-analyses.,Gates Open Research,2019,FALSE,,
10.12688/gatesopenres.13083.2,Interventions to improve linear growth during complementary feeding period for children aged 6-24 months living in low- and middle-income countries: a systematic review and network meta-analysis.,Gates Open Research,2019,FALSE,,
10.12688/gatesopenres.13086.2,Insights from mathematical modelling and quantitative analysis on the proposed 2030 goals for trachoma.,Gates Open Research,2019,FALSE,,
10.12688/gatesopenres.13093.2,"Laboratory evaluation of molecular xenomonitoring using mosquito and tsetse fly excreta/feces to amplify &lt;i&gt;Plasmodium&lt;/i&gt;, &lt;i&gt;Brugia&lt;/i&gt;, and &lt;i&gt;Trypanosoma&lt;/i&gt; DNA.",Gates Open Research,2019,FALSE,,
10.12688/gatesopenres.13090.1,Model fidelity of group antenatal and postnatal care: a process analysis of the first implementation of this innovative service model by the Preterm Birth Initiative-Rwanda.,Gates Open Research,2020,FALSE,,
10.12688/gatesopenres.13091.2,Antenatal care providers' attitudes and beliefs towards maternal vaccination in Kenya.,Gates Open Research,2020,FALSE,,
10.12688/gatesopenres.13098.1,Building a global policy agenda to prioritize preterm birth: A qualitative analysis on factors shaping global health policymaking.,Gates Open Research,2020,FALSE,,
10.12688/gatesopenres.13100.3,The effect of women's bargaining power within couples on contraceptive use in Cameroon.,Gates Open Research,2020,FALSE,,
10.12688/gatesopenres.13101.1,Identification of nutritionally modifiable hormonal and epigenetic drivers of positive and negative growth deviance in rural African fetuses and infants: Project protocol and cohort description.,Gates Open Research,2020,FALSE,,
10.12688/gatesopenres.13103.2,"Evaluation of a behavior-centered design strategy for creating demand for oral PrEP among young women in Cape Town, South Africa.",Gates Open Research,2020,FALSE,,
10.12688/gatesopenres.13107.1,A grid-based sample design framework for household surveys.,Gates Open Research,2020,FALSE,,
10.12688/gatesopenres.13108.2,Internal replication of computational workflows in scientific research.,Gates Open Research,2020,FALSE,,
10.12688/gatesopenres.13112.2,Adoption and uptake of the lateral flow urine LAM test in countries with high tuberculosis and HIV/AIDS burden: current landscape and barriers.,Gates Open Research,2020,FALSE,,
10.12688/gatesopenres.13114.2,"Farmers' knowledge, attitudes and practices towards management of cassava pests and diseases in forest transition and Guinea savannah agro-ecological zones of Ghana.",Gates Open Research,2020,FALSE,,
10.12688/gatesopenres.13115.1,Piloting a surveillance system to monitor the global patterns of drug efficacy and the emergence of anthelmintic resistance in soil-transmitted helminth control programs: a Starworms study protocol.,Gates Open Research,2020,FALSE,,
10.12688/gatesopenres.13116.2,Estimating the power to detect a change caused by a vaccine from time series data.,Gates Open Research,2020,FALSE,,
10.12688/gatesopenres.13117.2,Utilizing passive sensing data to provide personalized psychological care in low-resource settings.,Gates Open Research,2020,FALSE,,
10.12688/gatesopenres.13121.1,Promoting equity in immunization coverage through supply chain design in Pakistan.,Gates Open Research,2020,FALSE,,
10.12688/gatesopenres.13122.1,"Reduced dengue incidence following deployments of <i>Wolbachia</i>-infected <i>Aedes aegypti</i> in Yogyakarta, Indonesia: a quasi-experimental trial using controlled interrupted time series analysis.",Gates Open Research,2020,FALSE,,
10.12688/gatesopenres.13124.2,"Molecular detection of intestinal helminths and protozoa among young children in Dosso Region, Niger.",Gates Open Research,2020,FALSE,,
10.12688/gatesopenres.13130.2,Family planning science and practice lessons from the 2018 International Conference on Family Planning.,Gates Open Research,2020,FALSE,,
10.12688/gatesopenres.13131.2,External validation of machine learning models including newborn metabolomic markers for postnatal gestational age estimation in East and South-East Asian infants.,Gates Open Research,2020,FALSE,,
10.12688/gatesopenres.13132.3,Limitations to current methods to estimate cause of death: a validation study of a verbal autopsy model.,Gates Open Research,2020,FALSE,,
10.12688/gatesopenres.13133.1,Developing laboratory capacity for Good Laboratory Practice certification: lessons from a Tanzanian insecticide testing facility.,Gates Open Research,2020,FALSE,,
10.12688/gatesopenres.13134.3,Enabling change in public health services: Insights from the implementation of nurse mentoring interventions to improve quality of obstetric and newborn care in two North Indian states.,Gates Open Research,2020,FALSE,,
10.12688/gatesopenres.13135.1,Provision of the levonorgestrel intrauterine system in Nigeria: Provider perspectives and service delivery costs.,Gates Open Research,2020,FALSE,,
10.12688/gatesopenres.13137.2,Isothermal drying characteristics and kinetics of human faecal sludges.,Gates Open Research,2020,FALSE,,
10.12688/gatesopenres.13138.2,Decentralized solar-powered drinking water ozonation in Western Kenya: an evaluation of disinfection efficacy.,Gates Open Research,2020,TRUE,,
10.12688/gatesopenres.13140.2,COVID-19: Identifying countries with indicators of success in responding to the outbreak.,Gates Open Research,2020,FALSE,,
10.12688/gatesopenres.13147.2,"Study protocol for Post Pregnancy Family Planning Choices, an operations research study examining the effectiveness of interventions in the public and private sectors in Indonesia and Kenya.",Gates Open Research,2020,FALSE,,
10.12688/gatesopenres.13152.2,HIV testing amid COVID-19: community efforts to reach men who have sex with men in three Kenyan counties.,Gates Open Research,2020,FALSE,,
10.12688/gatesopenres.13153.2,"How to engage communities on a large scale? Lessons from World Mosquito Program in Rio de Janeiro, Brazil.",Gates Open Research,2020,FALSE,,
10.12688/gatesopenres.13154.1,Potential impact of eradicating malaria on gender inequality within agricultural households in sub-Saharan Africa.,Gates Open Research,2020,FALSE,,
10.12688/gatesopenres.13156.2,Direct and indirect effects of COVID-19 on perinatal outcomes in low- and middle-income countries.,Gates Open Research,2020,FALSE,,
10.12688/gatesopenres.13159.1,Models of service delivery for optimizing a patient's first six months on antiretroviral therapy for HIV: an applied research agenda.,Gates Open Research,2020,FALSE,,
10.12688/gatesopenres.13161.1,"Protocol for PMA-Ethiopia: A new data source for cross-sectional and longitudinal data of reproductive, maternal, and newborn health.",Gates Open Research,2020,FALSE,,
10.12688/gatesopenres.13164.1,Field survey of major infectious and reproductive diseases responsible for mortality and productivity losses of ruminants amongst Nigerian Fulani pastoralists.,Gates Open Research,2020,FALSE,,
10.12688/gatesopenres.13168.2,Rejoice architecture meets social norms to accelerate vaccination in Nepal: Protocol for a mixed-method quasi-experimental study.,Gates Open Research,2020,FALSE,,
10.12688/gatesopenres.13171.1,Are current avian influenza vaccines a solution for smallholder poultry farmers?,Gates Open Research,2020,FALSE,,
10.12688/gatesopenres.13172.2,Whole blood genome-wide transcriptome profiling and metagenomics next-generation sequencing in young infants with suspected sepsis in a low-and middle-income country: A study protocol.,Gates Open Research,2020,FALSE,,
10.12688/gatesopenres.13176.1,Generating and capitalizing on the demographic dividend potential in sub-Saharan Africa: a conceptual framework from a systematic literature review.,Gates Open Research,2020,FALSE,,
10.12688/gatesopenres.13181.1,Protecting the vulnerable during COVID-19: Treating and preventing chronic disease disparities.,Gates Open Research,2020,FALSE,,
10.12688/gatesopenres.13183.2,Seroepidemiology of maternally-derived antibody against Group B Streptococcus (GBS) in Mulago/Kawempe Hospitals Uganda - PROGRESS GBS.,Gates Open Research,2020,FALSE,,
10.12688/gatesopenres.13185.2,"Quantifying long-term health and economic outcomes for survivors of group B Streptococcus invasive disease in infancy: protocol of a multi-country study in Argentina, India, Kenya, Mozambique and South Africa.",Gates Open Research,2020,FALSE,,
10.12688/gatesopenres.13187.1,"Impact of pneumococcal conjugate vaccine uptake on childhood pneumonia mortality across income levels in Brazil, Colombia, and Peru.",Gates Open Research,2020,FALSE,,
10.12688/gatesopenres.13188.2,Shifting dynamics: Changes in the relationship between total fertility rate and contraceptive prevalence rate in Jordan between 2012 and 2017.,Gates Open Research,2020,FALSE,,
10.12688/gatesopenres.13190.2,Ripple effects of research capacity strengthening: a study of the effects of a project to support test facilities in three African countries towards Good Laboratory Practice certification.,Gates Open Research,2020,FALSE,,
10.12688/gatesopenres.13193.1,Integration of health solutions into government systems: a tool for assessing readiness.,Gates Open Research,2020,FALSE,,
10.12688/gatesopenres.13196.1,Impact of the COVID-19 pandemic on the human resources for health in India and key policy areas to build a resilient health workforce.,Gates Open Research,2020,FALSE,,
10.12688/gatesopenres.13199.1,Protocol for meta-research on the evidence informing micronutrient dietary reference intakes for pregnant and lactating women.,Gates Open Research,2020,FALSE,,
10.12688/gatesopenres.13201.1,What next after GDP-based cost-effectiveness thresholds?,Gates Open Research,2020,FALSE,,
10.12688/gatesopenres.13202.2,The relative incidence of COVID-19 in healthcare workers versus non-healthcare workers: evidence from a web-based survey of Facebook users in the United States.,Gates Open Research,2020,FALSE,,
10.12688/gatesopenres.13205.2,Technical assistance: a practical account of the challenges in design and implementation.,Gates Open Research,2020,FALSE,,
10.12688/gatesopenres.13208.2,Care-seeking patterns amongst suspected paediatric pneumonia deaths in rural Malawi.,Gates Open Research,2020,FALSE,,
10.12688/gatesopenres.13191.3,Comparing QuantiFERON-TB Gold Plus with QuantiFERON-TB Gold in-tube for diagnosis of latent tuberculosis infection among highly TB exposed gold miners in South Africa.,Gates Open Research,2021,FALSE,,
10.12688/gatesopenres.13212.3,Newcastle disease vaccine virus I-2 fails to acquire virulence during repeated passage <i>in vivo</i>.,Gates Open Research,2021,FALSE,,
10.12688/gatesopenres.13214.3,Development and application of a hybrid implementation research framework to understand success in reducing under-5 mortality in Rwanda.,Gates Open Research,2021,FALSE,,
10.12688/gatesopenres.13219.2,Route Optimization Tool (RoOT) for distribution of vaccines and health products.,Gates Open Research,2021,FALSE,,
10.12688/gatesopenres.13221.2,"Proceedings of an expert workshop on community agreement for gene drive research in Africa - Co-organised by KEMRI, PAMCA and Target Malaria.",Gates Open Research,2021,FALSE,,
10.12688/gatesopenres.13222.2,Child development with the D-score: turning milestones into measurement.,Gates Open Research,2021,FALSE,,
10.12688/gatesopenres.13228.1,Refining livestock mortality indicators: a systematic review.,Gates Open Research,2021,FALSE,,
10.12688/gatesopenres.13272.3,The impact of surveillance and other factors on detection of emergent and circulating vaccine derived polioviruses.,Gates Open Research,2021,FALSE,,
10.12688/gatesopenres.13288.1,Higher COVID-19 mortality in low-income communities in the City of Cape Town - a descriptive ecological study.,Gates Open Research,2021,FALSE,,
10.12688/gatesopenres.13313.3,Recognizing and mediating bureaucratic barriers: increasing access to care through small and medium-sized private providers in Kenya.,Gates Open Research,2021,FALSE,,
10.12688/gatesopenres.13319.1,Developing effective data visualization tools for nutrition: reflections on the design of a Nutrition Scorecard in Nigeria.,Gates Open Research,2021,FALSE,,
10.12688/gatesopenres.13327.2,How modelling can help steer the course set by the World Health Organization 2021-2030 roadmap on neglected tropical diseases.,Gates Open Research,2021,FALSE,,
10.12688/gatesopenres.13330.2,"Integration of HIV prevention and sexual and reproductive health in the era of anti-retroviral-based prevention: findings from assessments in Kenya, Malawi and Zimbabwe.",Gates Open Research,2021,FALSE,,
10.12688/gatesopenres.13332.1,Pregnancy Surveillance Methods within Health and Demographic Surveillance Systems.,Gates Open Research,2021,FALSE,,
10.12688/gatesopenres.13347.2,Environmental factors influence the local establishment of <i>Wolbachia</i> in <i>Aedes aegypti</i> mosquitoes in two small communities in central Vietnam.,Gates Open Research,2021,FALSE,,
10.12688/gatesopenres.13359.1,Protocol for a scoping review of neonatal emollient therapy and massage practices throughout sub-Saharan Africa.,Gates Open Research,2021,FALSE,,
10.12688/gatesopenres.13361.2,Testing for sensory threshold in drinking water with added calcium: a first step towards developing a calcium fortified water.,Gates Open Research,2021,TRUE,,
10.12688/gatesopenres.13369.2,"A study of the effectiveness of a detergent-based California mastitis test (CMT), using Ethiopian and Nigerian domestic detergents, for the detection of high somatic cell counts in milk and their reliability compared to the commercial UK CMT.",Gates Open Research,2021,FALSE,,
10.12688/gatesopenres.13407.1,Improving data use for decision making by neglected tropical disease program teams: eight use cases.,Gates Open Research,2021,FALSE,,
10.12688/gatesopenres.13422.1,Socio-demographic and social support factors related to substance use in South African in-school adolescents: Insights from the Girls Achieve Power (GAP Year) trial in three peri-urban settings.,Gates Open Research,2021,FALSE,,
10.12688/gatesopenres.13447.2,Practical needs and considerations for refugees and other forcibly displaced persons with neurological disorders: Recommendations using a modified Delphi approach.,Gates Open Research,2021,FALSE,,
10.12688/gatesopenres.13472.2,Investigating neutrophil cell death in TB pathogenesis.,Gates Open Research,2021,FALSE,,
10.12688/gatesopenres.13328.3,Learner experiences of safety at public high schools in three South African townships: Baseline findings from the National School Safety Framework learner surveys.,Gates Open Research,2022,FALSE,,
10.12688/gatesopenres.13338.3,Developing and deploying an efficient genotyping workflow for accelerating maize improvement in developing countries.,Gates Open Research,2022,FALSE,,
10.12688/gatesopenres.13417.2,Monitor to innovate with feedback loops: process evaluation protocol for an anemia prevention intervention.,Gates Open Research,2022,FALSE,,
10.12688/gatesopenres.13524.1,"Polio health economics: assessing the benefits and costs of polio, non-polio, and integrated activities of the Global Polio Eradication Initiative.",Gates Open Research,2022,FALSE,,
10.12688/gatesopenres.13534.2,Rapid molecular assays for the detection of the four dengue viruses in infected mosquitoes.,Gates Open Research,2022,FALSE,,
10.12688/gatesopenres.13550.1,Women's groups and COVID-19: An evidence review on savings groups in Africa.,Gates Open Research,2022,FALSE,,
10.12688/gatesopenres.13557.1,Protocol for the Birth Asphyxia in African Newborns (Baby BRAiN) Study: a Neonatal Encephalopathy Feasibility Cohort Study.,Gates Open Research,2022,FALSE,,
10.12688/gatesopenres.13561.2,"Nasopharyngeal Dysbiosis Precedes the Development of Lower Respiratory Tract Infections in Young Infants, a Longitudinal Infant Cohort Study.",Gates Open Research,2022,FALSE,,
10.12688/gatesopenres.13570.3,Learning from success cases: ecological analysis of potential pathways to universal access to family planning care in low- and middle-income countries.,Gates Open Research,2022,FALSE,,
10.12688/gatesopenres.13578.2,Laboratory and experimental hut trial evaluation of VECTRON <sup>™</sup> T500 for indoor residual spraying (IRS) against insecticide resistant malaria vectors in Burkina Faso.,Gates Open Research,2022,FALSE,,
10.12688/gatesopenres.13587.2,Community engagement for the Voluntary Medical Male Circumcision (VMMC) program: an analysis of key stakeholder roles to promote a sustainable program in Zambia.,Gates Open Research,2022,FALSE,,
10.12688/gatesopenres.13589.1,"Implementing adaptive youth-centered adolescent sexual reproductive health programming: learning from the Adolescents 360 project in Tanzania, Ethiopia, and Nigeria (2016-2020).",Gates Open Research,2022,FALSE,,
10.12688/gatesopenres.13594.3,A multi-stakeholder participatory pilot study of the data demands of the future Ethiopian dairy sector.,Gates Open Research,2022,FALSE,,
10.12688/gatesopenres.13609.1,"Global research and learning agenda for building evidence on contraceptive-induced menstrual changes for research, product development, policies, and programs.",Gates Open Research,2022,FALSE,,
10.12688/gatesopenres.13615.1,An adaptive phase II/III safety and efficacy randomized controlled trial of single day or three-day fixed-dose albendazole-ivermectin co-formulation versus albendazole for the treatment of &lt;i&gt;Trichuris trichiura&lt;/i&gt; and other STH infections. ALIVE trial protocol.,Gates Open Research,2022,FALSE,,
10.12688/gatesopenres.13623.4,"Programmatic mapping and estimating the population size of female sex workers, men who have sex with men, people who inject drugs and transgender populations in Kenya.",Gates Open Research,2022,FALSE,,
10.12688/gatesopenres.13631.4,Perceptions and experiences of intravenous iron treatment for anaemia in pregnancy in Malawi: a formative qualitative study.,Gates Open Research,2022,FALSE,,
10.12688/gatesopenres.13632.2,Critical barriers to sustainable capacity strengthening in global health: a systems perspective on development assistance.,Gates Open Research,2022,FALSE,,
10.12688/gatesopenres.13635.2,The Childhood Acute Illness and Nutrition (CHAIN) network nested case-cohort study protocol: a multi-omics approach to understanding mortality among children in sub-Saharan Africa and South Asia.,Gates Open Research,2022,FALSE,,
10.12688/gatesopenres.13639.2,Exploring system drivers of gender inequity in development assistance for health and opportunities for action.,Gates Open Research,2022,FALSE,,
10.12688/gatesopenres.13644.2,"Regional clustering and waves patterns due to COVID-19 by the index virus and the lambda/gamma, and delta/omicron SARS-CoV-2 variants in Peru.",Gates Open Research,2022,FALSE,,
10.12688/gatesopenres.13666.1,"Study protocol for UNICEF and WHO estimates of global, regional, and national low birthweight prevalence for 2000 to 2020.",Gates Open Research,2022,FALSE,,
10.12688/gatesopenres.13673.1,"Design, development, and local production of lipid-based nutritional supplements to enhance the complementary feeding diet: A model for collaboration for a feeding trial in Bangladesh.",Gates Open Research,2022,FALSE,,
10.12688/gatesopenres.13727.2,Physico-chemical properties of waste derived biochar from community scale faecal sludge treatment plants.,Gates Open Research,2022,TRUE,,
10.12688/gatesopenres.13915.2,"Burden, causes, and risk factors of perinatal mortality in Eastern Africa: a protocol for systematic review and meta-analysis.",Gates Open Research,2022,FALSE,,
10.12688/gatesopenres.14041.2,Characterization of longitudinal nasopharyngeal microbiome patterns in maternally HIV-exposed Zambian infants.,Gates Open Research,2022,FALSE,,
10.12688/gatesopenres.14155.3,Circulation of respiratory viruses during the COVID-19 pandemic in The Gambia.,Gates Open Research,2022,FALSE,,
10.12688/gatesopenres.13747.2,Tranexamic acid for the prevention of postpartum bleeding: Protocol for a systematic review and individual patient data meta-analysis.,Gates Open Research,2023,FALSE,,
10.12688/gatesopenres.13931.3,"Child Health and Mortality Prevention Surveillance (CHAMPS): Manhiça site description, Mozambique.",Gates Open Research,2023,FALSE,,
10.12688/gatesopenres.13963.2,Implication of the 2014 World Health Organization Integrated Management of Childhood Illness Pneumonia Guidelines with and without pulse oximetry use in Malawi: A retrospective cohort study.,Gates Open Research,2023,FALSE,,
10.12688/gatesopenres.14033.2,Community health worker-led household screening and management of neonatal hyperbilirubinemia in rural Bangladesh: a cluster randomized control trial protocol.,Gates Open Research,2023,FALSE,,
10.12688/gatesopenres.14267.1,Circumstances for treatment and control of invasive Enterobacterales infections in eight hospitals across sub-Saharan Africa: a cross-sectional study.,Gates Open Research,2023,FALSE,,
10.12688/gatesopenres.14300.3,Using models and maps to inform Target Product Profiles and Preferred Product Characteristics: the example of &lt;i&gt;Wolbachia&lt;/i&gt; replacement.,Gates Open Research,2023,FALSE,,
10.12688/gatesopenres.14375.2,The economic costs of malaria in pregnancy: evidence from four sub-Saharan countries.,Gates Open Research,2023,FALSE,,
10.12688/gatesopenres.14396.2,"Adult malaria mortality during 2019 at Bo Government Hospital, Sierra Leone.",Gates Open Research,2023,FALSE,,
10.12688/gatesopenres.14424.2,"Uptake of same-day initiation of HIV treatment in Malawi, South Africa, and Zambia as reported in routinely collected data: the SPRINT retrospective cohort study.",Gates Open Research,2023,FALSE,,
10.12688/gatesopenres.14529.2,"Tranexamic acid for the prevention of postpartum bleeding in women with anaemia:  Statistical analysis plan for the WOMAN-2 trial: an international, randomised, placebo-controlled trial.",Gates Open Research,2023,FALSE,,
10.12688/gatesopenres.14573.2,Study of helminth eggs ( &lt;i&gt;Ascaris suum)&lt;/i&gt; inactivation by anaerobic digestion and electrochemical treatment.,Gates Open Research,2023,FALSE,,
10.12688/gatesopenres.14642.2,National health insurance contribution to family planning program funding in Indonesia: A fund flow analysis.,Gates Open Research,2023,FALSE,,
10.12688/gatesopenres.14684.2,"Heterogenous transmission and seroprevalence of SARS-CoV-2 in two demographically diverse populations with low vaccination uptake in Kenya, March and June 2021.",Gates Open Research,2023,FALSE,,
10.12688/gatesopenres.14695.1,Use of Objective Structured Clinical Examination (OSCE) in a hybrid digital / in-person training for hormonal IUD in Nigeria: findings and applications of the approach.,Gates Open Research,2023,FALSE,,
10.12688/gatesopenres.14710.2,Protocol and statistical analysis plan for a randomized controlled trial of the effect of intravenous iron on anemia in Malawian pregnant women in their third trimester (REVAMP - TT).,Gates Open Research,2023,FALSE,,
10.12688/gatesopenres.14724.1,"Balancing evidence-informed and user-responsive design: Experience with human-centered design to generate layered economic empowerment and SRH programming in Tanzania, Ethiopia, and Nigeria.",Gates Open Research,2023,FALSE,,
10.12688/gatesopenres.14742.1,Evaluation of the effect of reduced-dose pneumococcal conjugate vaccine schedules on vaccine serotype carriage in children and their caretakers in a naïve population in Vietnam: Protocol for a cluster randomized non-inferiority trial.,Gates Open Research,2023,FALSE,,
10.12688/gatesopenres.14743.2,&lt;i&gt;TitrationAnalysis&lt;/i&gt;: a tool for high throughput binding kinetics data analysis for multiple label-free platforms.,Gates Open Research,2023,FALSE,,
10.12688/gatesopenres.14771.1,"Women's groups, covariate shocks, and resilience: An evidence synthesis of past shocks to inform a response to COVID-19.",Gates Open Research,2023,FALSE,,
10.12688/gatesopenres.14795.2,The Brain Imaging for Global Health (BRIGHT) Project: Longitudinal cohort study protocol.,Gates Open Research,2023,FALSE,,
10.12688/gatesopenres.14819.2,Expanding options for HIV testing: A process evaluation of a community-led HIV self-testing intervention among men who have sex with men in Kenya.,Gates Open Research,2023,FALSE,,
10.12688/gatesopenres.15036.2,Vasectomy provider decision-making balancing autonomy and non-maleficence: qualitative interviews with providers.,Gates Open Research,2023,FALSE,,
10.12688/gatesopenres.14866.3,Health care-seeking behavior for childhood illnesses in western Kenya: Qualitative findings from the Child Health and Mortality Prevention Surveillance (CHAMPS) Study.,Gates Open Research,2024,FALSE,,
10.12688/gatesopenres.15015.3,Estimating dengue disease and economic burden to inform municipal-level policymakers: Method for a pragmatic city-level observational cohort study.,Gates Open Research,2024,FALSE,,
10.12688/gatesopenres.15127.2,"Gender Norms and Structural Barriers to Use of HIV Prevention in Unmarried and Married Young Women in Manicaland, Zimbabwe: An HIV Prevention Cascade Analysis.",Gates Open Research,2024,FALSE,,
10.12688/gatesopenres.15184.2,Feasibility of increasing calcium content of drinking tap water following quality regulations to improve calcium intake at population level.,Gates Open Research,2024,FALSE,,
10.12688/gatesopenres.15190.3,"Evaluation of the feasibility, acceptability, and impact of Group Antenatal Care at the health post level on continuation in antenatal care and facility based delivery in Ethiopia using a cluster randomized stepped-wedge design: Study protocol.",Gates Open Research,2024,FALSE,,
10.12688/gatesopenres.15299.1,Informing climate-smart agriculture in low resource settings for practitioners: A review and analysis of interactive tools.,Gates Open Research,2024,FALSE,,
10.12688/gatesopenres.15433.2,Unpacking WHO and CDC Bottle Bioassay Methods: A Comprehensive Literature Review and Protocol Analysis Revealing Key Outcome Predictors.,Gates Open Research,2024,FALSE,,
10.12688/gatesopenres.15489.2,Stakeholder Interviews to Inform Best Practice for Public Facing COVID-19 Wastewater Dashboards.,Gates Open Research,2024,TRUE,,
10.12688/gatesopenres.15556.1,Estimating the impact of vaccination: lessons learned in the first phase of the Vaccine Impact Modelling Consortium.,Gates Open Research,2024,FALSE,,
10.12688/gatesopenres.15569.2,Profile: The Kenya Multi-Site Serosurveillance (KEMIS) collaboration.,Gates Open Research,2024,FALSE,,
10.12688/gatesopenres.15927.2,"""Life mapping"" exploring the lived experience of COVID-19 on access to HIV treatment and care in Malawi.",Gates Open Research,2024,FALSE,,
10.12688/gatesopenres.15991.2,"Single-blinded, stratified, dose ranging trial to assess pharmacokinetics and identify optimal dose of vitamin B12 in pregnancy in Tanzania.",Gates Open Research,2024,FALSE,,
10.12688/gatesopenres.16067.2,An Open Letter on Advancing HIV prevention: Augmenting an ecosystem-based approach to understand prevention decision-making.,Gates Open Research,2024,FALSE,,
10.12688/gatesopenres.16123.1,Power calculation for mosquito bioassays: Quantifying variability in the WHO tube bioassay and developing sample size guidance for the PBO synergism assay using a Shiny application.,Gates Open Research,2024,FALSE,,
10.12688/gatesopenres.16245.1,"Cloning, recombinant expression, and characterization of a &lt;i&gt;Rhipicephalus microplus&lt;/i&gt; carboxylesterase.",Gates Open Research,2024,FALSE,,
10.12688/gatesopenres.16280.2,"Vaccine decision-making among pregnant women: a protocol for a cross-sectional mixed-method study in Brazil, Ghana, Kenya and Pakistan.",Gates Open Research,2024,FALSE,,
10.12688/gatesopenres.16311.1,"An exploration of unusual antimicrobial resistance phenotypes in Salmonella Typhi from Blantyre, Malawi reveals the ongoing role of IncHI1 plasmids.",Gates Open Research,2024,FALSE,,
10.12688/gatesopenres.16314.1,Design and validation of a low-cost sugar-feeder for resource-poor insectaries.,Gates Open Research,2025,FALSE,,
10.12688/gatesopenres.16348.1,"Surgical Complications of Typhoid Fever: First National Typhoid Conference in Niamey, Niger.",Gates Open Research,2025,FALSE,,
10.12688/gatesopenres.16355.1,An expanded method for malaria parasite genetic surveillance using targeted nanopore sequencing.,Gates Open Research,2025,FALSE,,
10.12688/gatesopenres.16357.1,Developing a male-specific counselling curriculum for HIV treatment in Malawi.,Gates Open Research,2025,FALSE,,
10.12688/gatesopenres.16360.1,"Driving innovation from discovery to access: Meeting report of the 7 <sup>th</sup> Global Forum on TB Vaccines (8-10 October 2024, Rio de Janeiro, Brazil).",Gates Open Research,2025,FALSE,,
10.12688/gatesopenres.16362.1,Mycobacterium tuberculosis growth inhibition by peripheral blood mononuclear cells from household contacts is not affected by previous SARS-CoV-2 infection.,Gates Open Research,2025,FALSE,,
10.12688/gatesopenres.16363.1,Global gridded multi-temporal datasets to support human population distribution modelling.,Gates Open Research,2025,FALSE,,
10.12688/gatesopenres.16364.1,WHO preferred product characteristics for bivalent Salmonella Typhi/Paratyphi A vaccine for comprehensive protection against enteric fever- key considerations and research gaps.,Gates Open Research,2025,FALSE,,
10.12688/gatesopenres.16369.1,Evaluation of an ultra-portable pocket-sized device for running Loop mediated isothermal amplification (LAMP) assays for rapid detection of sweetpotato viruses.,Gates Open Research,2025,FALSE,,
10.12688/gatesopenres.16374.1,Zero-Dose Childhood Immunization in Conflict-Affected PSNP Districts of Ethiopia: A Comparative Cross-Sectional Study.,Gates Open Research,2026,FALSE,,
10.12688/gatesopenres.16375.1,Physiological Maturity Determination of Wild Banana ( Musa acuminata subsp. malaccensis (Ridl.) N.W.Simmonds) for Seed Conservation.,Gates Open Research,2026,FALSE,,
10.12688/gatesopenres.16378.1,Cholera surveillance time series in Africa between 2010 and 2023.,Gates Open Research,2026,FALSE,,
10.12688/gatesopenres.16379.1,Child Development and Family Human Capital Investment Decisions in Nigeria: a Study of Selected States in the Six Geo-Political Zones.,Gates Open Research,2026,FALSE,,
10.12688/gatesopenres.16380.1,Characterizing the bacterial surface profiles of menstrual cups and their association with user characteristics and vaginal microbiomes in an adolescent cohort from western Kenya.,Gates Open Research,2026,FALSE,,
10.12688/gatesopenres.16381.1,The mini chamber test: a novel bioassay for bioefficacy testing of chlorfenapyr treated nets used in malaria control.,Gates Open Research,2026,FALSE,,
10.12688/gatesopenres.16382.1,Qualification of a quantitative stability indicating potency assay for mRNA-LNP vaccine candidates.,Gates Open Research,2026,FALSE,,
10.12688/gatesopenres.16384.1,The presence of the wAnD strain of Wolbachia is correlated with lower levels of Plasmodium sporozoites and a less diverse microbiome in wild Anopheles demeilloni mosquito cephalothoraxes.,Gates Open Research,2026,FALSE,,
10.46471/gigabyte.19,Genomic Resources for the North American Water Vole (Microtus richardsoni) and the Montane Vole (Microtus montanus),GigaByte,2021,FALSE,,
10.46471/gigabyte.28,A high-quality draft genome for Melaleuca alternifolia (tea tree): a new platform for evolutionary genomics of myrtaceous terpene-rich species,GigaByte,2021,FALSE,,
10.46471/gigabyte.31,Atria: an ultra-fast and accurate trimmer for adapter and quality trimming,GigaByte,2021,FALSE,,
10.46471/gigabyte.74,HTGQC and shinyHTGQC: an R package and shinyR application for quality controls of HTG EDGE-seq protocols,GigaByte,2022,FALSE,,
10.46471/gigabyte.167,"Collection of entomological, demographic, water and sanitation, and climatic data of interest for arbovirus surveillance in Praia, Cabo Verde",GigaByte,2025,TRUE,,
10.1186/s13742-016-0142-5,"High-quality genome assembly of channel catfish, <i>Ictalurus punctatus</i>",GigaScience,2016,FALSE,,
10.1093/gigascience/gix029,Calculating the quality of public high-throughput sequencing data to obtain a suitable subset for reanalysis from the Sequence Read Archive,GigaScience,2017,FALSE,,
10.1093/gigascience/gix090,Indexcov: fast coverage quality control for whole-genome sequencing,GigaScience,2017,FALSE,,
10.1093/gigascience/gix098,A 3-way hybrid approach to generate a new high-quality chimpanzee reference genome (Pan_tro_3.0),GigaScience,2017,FALSE,,
10.1093/gigascience/gix101,LAGOS-NE: a multi-scaled geospatial and temporal database of lake ecological context and water quality for thousands of US lakes,GigaScience,2017,TRUE,,
10.1093/gigascience/gix120,SOAPnuke: a MapReduce acceleration-supported software for integrated quality control and preprocessing of high-throughput sequencing data,GigaScience,2018,FALSE,,
10.1093/gigascience/giy068,"High-quality assembly of the reference genome for scarlet sage, <i>Salvia splendens</i>, an economically important ornamental plant",GigaScience,2018,FALSE,,
10.1093/gigascience/giy111,Metabolomics investigation of dietary effects on flesh quality in grass carp (<i>Ctenopharyngodon idellus</i>),GigaScience,2018,FALSE,,
10.1093/gigascience/giy142,"SMRT long reads and Direct Label and Stain optical maps allow the generation of a high-quality genome assembly for the European barn swallow (
                    <i>Hirundo rustica rustica</i>
                    )",GigaScience,2019,FALSE,,
10.1093/gigascience/giy158,"Re-assembly, quality evaluation, and annotation of 678 microbial eukaryotic reference transcriptomes",GigaScience,2019,FALSE,,
10.1093/gigascience/giz068,How can a high-quality genome assembly help plant breeders?,GigaScience,2019,FALSE,,
10.1093/gigascience/giz098,A high-quality genome assembly for the endangered golden snub-nosed monkey (<i>Rhinopithecus roxellana</i>),GigaScience,2019,FALSE,,
10.1093/gigascience/giz108,High-quality <i>Schistosoma haematobium</i> genome achieved by single-molecule and long-range sequencing,GigaScience,2019,FALSE,,
10.1093/gigascience/giz122,"A high-quality genome assembly from a single, field-collected spotted lanternfly (
                    <i>Lycorma delicatula</i>
                    ) using the PacBio Sequel II system",GigaScience,2019,FALSE,,
10.1093/gigascience/giz144,A Galaxy-based training resource for single-cell RNA-sequencing quality control and analyses,GigaScience,2019,FALSE,,
10.1093/gigascience/giaa018,"Light-responsive expression atlas reveals the effects of light quality and intensity in <i>Kalanchoë fedtschenkoi</i>, a plant with crassulacean acid metabolism",GigaScience,2020,FALSE,,
10.1093/gigascience/giaa050,"High-quality chromosome-scale assembly of the walnut (
                    <i>Juglans regia</i>
                    L.) reference genome",GigaScience,2020,FALSE,,
10.1093/gigascience/giaa058,Education in the genomics era: Generating high-quality genome assemblies in university courses,GigaScience,2020,FALSE,,
10.1093/gigascience/giaa078,PhaseME: Automatic rapid assessment of phasing quality and phasing improvement,GigaScience,2020,FALSE,,
10.1093/gigascience/giaa125,Localized effect of treated wastewater effluent on the resistome of an urban watershed,GigaScience,2020,TRUE,,
10.1093/gigascience/giaa143,High-quality chromosome-level genome assembly and full-length transcriptome analysis of the pharaoh ant <i>Monomorium pharaonis</i>,GigaScience,2020,FALSE,,
10.1093/gigascience/giz164,A high-quality chromosomal genome assembly of <i>Diospyros oleifera</i> Cheng,GigaScience,2020,FALSE,,
10.1093/gigascience/giaa140,Streamlining data-intensive biology with workflow systems,GigaScience,2021,FALSE,,
10.1093/gigascience/giaa153,Significantly improving the quality of genome assemblies through curation,GigaScience,2021,FALSE,,
10.1093/gigascience/giab004,FASTQuick: rapid and comprehensive quality assessment of raw sequence reads,GigaScience,2021,FALSE,,
10.1093/gigascience/giab035,Two high-quality <i>de novo</i> genomes from single ethanol-preserved specimens of tiny metazoans (Collembola),GigaScience,2021,FALSE,,
10.1093/gigascience/giab047,BIGwas: Single-command quality control and association testing for multi-cohort and biobank-scale GWAS/PheWAS data,GigaScience,2021,FALSE,,
10.1093/gigascience/giab076,An overview of the National COVID-19 Chest Imaging Database: data quality and cohort analysis,GigaScience,2021,FALSE,,
10.1093/gigascience/giab078,Highly accurate whole-genome imputation of SARS-CoV-2 from partial or low-quality sequences,GigaScience,2021,FALSE,,
10.1093/gigascience/giab081,"A high-quality genome and comparison of short- versus long-read transcriptome of the palaearctic duck
                    <i>Aythya fuligula</i>
                    (tufted duck)",GigaScience,2021,FALSE,,
10.1093/gigascience/giab083,Erratum to: An overview of the National COVID-19 Chest Imaging Database: data quality and cohort analysis,GigaScience,2021,FALSE,,
10.1093/gigascience/giab101,LED color gradient as a new screening tool for rapid phenotyping of plant responses to light quality,GigaScience,2022,FALSE,,
10.1093/gigascience/giac006,Assessing species coverage and assembly quality of rapidly accumulating sequenced genomes,GigaScience,2022,FALSE,,
10.1093/gigascience/giac018,"A high-quality assembly reveals genomic characteristics, phylogenetic status, and causal genes for leucism plumage of Indian peafowl",GigaScience,2022,FALSE,,
10.1093/gigascience/giac019,A high-quality assembled genome and its comparative analysis decode the adaptive molecular mechanism of the number one Chinese cotton variety CRI-12,GigaScience,2022,FALSE,,
10.1093/gigascience/giac026,"A high-quality, long-read genome assembly of the endangered ring-tailed lemur (<i>Lemur catta</i>)",GigaScience,2022,FALSE,,
10.1093/gigascience/giac098,High-quality genome assembles from key Hawaiian coral species,GigaScience,2022,FALSE,,
10.1093/gigascience/giad027,Correction to: High-quality genome assemblies from key Hawaiian coral species,GigaScience,2022,FALSE,,
10.1093/gigascience/giad030,Strategies and techniques for quality control and semantic enrichment with multimodal data: a case study in colorectal cancer with eHDPrep,GigaScience,2022,FALSE,,
10.1093/gigascience/giad102,"A high-quality pseudo-phased genome for
                    <i>Melaleuca quinquenervia</i>
                    shows allelic diversity of NLR-type resistance genes",GigaScience,2022,FALSE,,
10.1093/gigascience/giad107,A high-quality chromosomal genome assembly of the sea cucumber <i>Chiridota heheva</i> and its hydrothermal adaptation,GigaScience,2024,FALSE,,
10.1093/gigascience/giae006,A reference genome of Commelinales provides insights into the commelinids evolution and global spread of water hyacinth (<i>Pontederia crassipes</i>),GigaScience,2024,FALSE,,
10.1093/gigascience/giae051,Impact of reference design on estimating SARS-CoV-2 lineage abundances from wastewater sequencing data,GigaScience,2024,TRUE,,
10.1093/gigascience/giae075,High-quality assembly of the T2T genome for <i>Isodon rubescens</i> f. <i>lushanensis</i> reveals genomic structure variations between 2 typical forms of <i>Isodon rubescens</i>,GigaScience,2024,FALSE,,
10.1093/gigascience/giae079,CoCoPyE: feature engineering for learning and prediction of genome quality indices,GigaScience,2024,FALSE,,
10.1093/gigascience/giae099,Near telomere-to-telomere genome assembly of Mongolian cattle: implications for population genetic variation and beef quality,GigaScience,2024,FALSE,,
10.1093/gigascience/giae114,A high-quality assembly revealing the <i>PMEL</i> gene for the unique plumage phenotype in Liancheng ducks,GigaScience,2025,FALSE,,
10.1093/gigascience/giae121,High-quality phenotypic and genotypic dataset of barley genebank core collection to unlock untapped genetic diversity,GigaScience,2025,FALSE,,
10.1093/gigascience/giaf026,Phased high-quality genome of the gymnosperm Himalayan Yew assists in paclitaxel pathway exploration,GigaScience,2025,FALSE,,
10.1093/gigascience/giaf099,A comprehensive water buffalo pangenome reveals extensive structural variation linked to population-specific signatures of selection,GigaScience,2025,FALSE,,
10.1093/gigascience/giaf106,A high-quality reference genome for the Ural Owl (<i>Strix uralensis</i>) enables investigations of cell cultures as a genomic resource for endangered species,GigaScience,2025,FALSE,,
10.1093/gigascience/giaf130,"Improving the reliability, quality, and maintainability of bioinformatics pipelines with nf-test",GigaScience,2025,FALSE,,
10.1093/gigascience/giaf143,"A high-quality chromosome-level genome assembly of the oligophagous fruit fly
                    <i>Bactrocera tsuneonis</i>
                    (Diptera: Tephritidae) and insights into its host specificity",GigaScience,2025,FALSE,,
10.1093/gigascience/giaf146,Segmentation-based quality control of structural MRI using the CAT12 toolbox,GigaScience,2025,FALSE,,
10.1093/gigascience/giag047,GigaDB: a redesigned repository for data publishing and management,GigaScience,2026,FALSE,,
10.1093/gigascience/giag061,Breaking the cold chain: solutions for room temperature preservation of mosquitoes leading to high quality reference genomes,GigaScience,2026,FALSE,,
10.1038/sdata.2014.12,Direct infusion mass spectrometry metabolomics dataset: a benchmark for data processing and quality control,Scientific Data,2014,FALSE,,
10.1038/sdata.2016.37,"Electricity, water, and natural gas consumption of a residential house in Canada from 2012 to 2014",Scientific Data,2016,FALSE,,
10.1038/sdata.2016.53,A comprehensive database of quality-rated fossil ages for Sahul’s Quaternary vertebrates,Scientific Data,2016,FALSE,,
10.1038/sdata.2016.128,"Stable isotopes in the atmospheric marine boundary layer water vapour over the Atlantic Ocean, 2012–2015",Scientific Data,2017,FALSE,,
10.1038/sdata.2017.12,A land data assimilation system for sub-Saharan Africa food and water security applications,Scientific Data,2017,FALSE,,
10.1038/sdata.2017.159,A compendium of geochemical information from the Saanich Inlet water column,Scientific Data,2017,FALSE,,
10.1038/sdata.2017.160,A compendium of multi-omic sequence information from the Saanich Inlet water column,Scientific Data,2017,FALSE,,
10.1038/sdata.2017.53,Large-scale modeled contemporary and future water temperature estimates for 10774 Midwestern U.S. Lakes,Scientific Data,2017,FALSE,,
10.1038/sdata.2017.95,A comprehensive data set of lake surface water temperature over the Tibetan Plateau derived from MODIS LST products 2001–2015,Scientific Data,2017,FALSE,,
10.1038/sdata.2017.98,"Water quality measurements in San Francisco Bay by the U.S. Geological Survey, 1969–2015",Scientific Data,2017,TRUE,,
10.1038/sdata.2017.191,"TerraClimate, a high-resolution global dataset of monthly climate and climatic water balance from 1958–2015",Scientific Data,2018,FALSE,,
10.1038/sdata.2017.206,Australia’s continental-scale acoustic tracking database and its automated quality control process,Scientific Data,2018,FALSE,,
10.1038/sdata.2018.108,Freshwater macroinvertebrate samples from a water quality monitoring network in the Iberian Peninsula,Scientific Data,2018,TRUE,,
10.1038/sdata.2018.122,"OceanRAIN, a new in-situ shipboard global ocean surface-reference dataset of all water cycle components",Scientific Data,2018,FALSE,,
10.1038/sdata.2018.263,Generation and quality control of lipidomics data for the alzheimer’s disease neuroimaging initiative cohort,Scientific Data,2018,FALSE,,
10.1038/sdata.2018.27,High-quality science requires high-quality open data infrastructure,Scientific Data,2018,FALSE,,
10.1038/s41597-018-0005-2,Author Correction: A compendium of geochemical information from the Saanich Inlet water column,Scientific Data,2019,FALSE,,
10.1038/s41597-019-0035-4,Crowdsourced MRI quality metrics and expert quality annotations for training of humans and machines,Scientific Data,2019,FALSE,,
10.1038/s41597-019-0039-0,Author Correction: Assessing data availability and research reproducibility in hydrology and water resources,Scientific Data,2019,FALSE,,
10.1038/s41597-019-0040-7,A long-term dataset of lake surface water temperature over the Tibetan Plateau derived from AVHRR 1981–2015,Scientific Data,2019,FALSE,,
10.1038/s41597-019-0072-z,"Dry season soil water potential maps of a 50 hectare tropical forest plot on Barro Colorado Island, Panama",Scientific Data,2019,FALSE,,
10.1038/s41597-019-0158-7,A global view on the effect of water uptake on aerosol particle light scattering,Scientific Data,2019,FALSE,,
10.1038/s41597-019-0164-9,"Globe-LFMC, a global plant water status database for vegetation ecophysiology and wildfire applications",Scientific Data,2019,FALSE,,
10.1038/s41597-019-0243-y,A data set of global river networks and corresponding water resources zones divisions,Scientific Data,2019,FALSE,,
10.1038/s41597-019-0274-4,Room-level occupant counts and environmental quality from heterogeneous sensing modalities in a smart building,Scientific Data,2019,FALSE,,
10.1038/s41597-019-0315-z,"Author Correction: Globe-LFMC, a global plant water status database for vegetation ecophysiology and wildfire applications",Scientific Data,2019,FALSE,,
10.1038/s41597-019-0316-y,"CE-QUAL-W2 model of dam outflow elevation impact on temperature, dissolved oxygen and nutrients in a reservoir",Scientific Data,2019,TRUE,,
10.1038/sdata.2018.302,A global database of water vapor isotopes measured with high temporal resolution infrared laser spectroscopy,Scientific Data,2019,FALSE,,
10.1038/sdata.2019.21,The variable quality of metadata about biological samples used in biomedical experiments,Scientific Data,2019,FALSE,,
10.1038/sdata.2019.30,Assessing data availability and research reproducibility in hydrology and water resources,Scientific Data,2019,FALSE,,
10.1038/s41597-019-0339-4,Evaluating sequence data quality from the Swift Accel-Amplicon CFTR Panel,Scientific Data,2020,FALSE,,
10.1038/s41597-020-00596-x,Mapping of 30-meter resolution tile-drained croplands using a geospatial modeling approach,Scientific Data,2020,TRUE,,
10.1038/s41597-020-00612-0,The green and blue crop water requirement WATNEEDS model and its global gridded outputs,Scientific Data,2020,FALSE,,
10.1038/s41597-020-00613-z,Seventy-year long record of monthly water balance estimates for Earth’s largest lake system,Scientific Data,2020,FALSE,,
10.1038/s41597-020-00648-2,A database of chlorophyll and water chemistry in freshwater lakes,Scientific Data,2020,TRUE,,
10.1038/s41597-020-00649-1,Approaching 80 years of snow water equivalent information by merging different data streams,Scientific Data,2020,FALSE,,
10.1038/s41597-020-00685-x,Triple isotope variations of monthly tap water in China,Scientific Data,2020,FALSE,,
10.1038/s41597-020-0363-4,Four high-quality draft genome assemblies of the marine heterotrophic nanoflagellate Cafeteria roenbergensis,Scientific Data,2020,FALSE,,
10.1038/s41597-020-0384-z,"Hydraulic, wash-off and sediment transport experiments in a full-scale urban drainage physical model",Scientific Data,2020,TRUE,,
10.1038/s41597-020-0416-8,Publisher Correction: Room-level occupant counts and environmental quality from heterogeneous sensing modalities in a smart building,Scientific Data,2020,FALSE,,
10.1038/s41597-020-0480-0,An improved high-quality genome assembly and annotation of Tibetan hulless barley,Scientific Data,2020,FALSE,,
10.1038/s41597-020-0496-5,A novel real-world ecotoxicological dataset of pelagic microbial community responses to wastewater,Scientific Data,2020,TRUE,,
10.1038/s41597-020-0533-4,"Massive online data annotation, crowdsourcing to generate high quality sleep spindle annotations from EEG data",Scientific Data,2020,FALSE,,
10.1038/s41597-020-0562-z,A global dataset of surface water and groundwater salinity measurements from 1980–2019,Scientific Data,2020,TRUE,,
10.1038/s41597-020-00795-6,The traded water footprint of global energy from 2010 to 2018,Scientific Data,2021,FALSE,,
10.1038/s41597-021-00814-0,Phytoplankton morpho-functional trait dataset from French water-bodies,Scientific Data,2021,FALSE,,
10.1038/s41597-021-00856-4,Water quality measurements in Buzzards Bay by the Buzzards Bay Coalition Baywatchers Program from 1992 to 2018,Scientific Data,2021,TRUE,,
10.1038/s41597-021-00862-6,Downscaling GRACE total water storage change using partial least squares regression,Scientific Data,2021,FALSE,,
10.1038/s41597-021-00866-2,"Harmonized and high-quality datasets of aerosol optical depth at a US continental site, 1997–2018",Scientific Data,2021,FALSE,,
10.1038/s41597-021-00909-8,A multilevel carbon and water footprint dataset of food commodities,Scientific Data,2021,FALSE,,
10.1038/s41597-021-00939-2,GlobSnow v3.0 Northern Hemisphere snow water equivalent dataset,Scientific Data,2021,FALSE,,
10.1038/s41597-021-01000-y,A global database of diversified farming effects on biodiversity and yield,Scientific Data,2021,FALSE,,
10.1038/s41597-021-01002-w,Inter-laboratory mass spectrometry dataset based on passive sampling of drinking water for non-target analysis,Scientific Data,2021,TRUE,,
10.1038/s41597-021-01032-4,"SOIL-WATERGRIDS, mapping dynamic changes in soil moisture and depth of water table from 1970 to 2014",Scientific Data,2021,FALSE,,
10.1038/s41597-021-01068-6,"APExpose_DE, an air quality exposure dataset for Germany 2010–2019",Scientific Data,2021,FALSE,,
10.1038/s41597-021-01074-8,A palaeoclimate proxy database for water security planning in Queensland Australia,Scientific Data,2021,FALSE,,
10.1038/s41597-021-01088-2,"BSE49, a diverse, high-quality benchmark dataset of separation energies of chemical bonds",Scientific Data,2021,FALSE,,
10.1038/s41597-022-01135-6,"UK daily meteorology, air quality, and pollen measurements for 2016–2019, with estimates for missing data",Scientific Data,2022,FALSE,,
10.1038/s41597-022-01143-6,A large-scale study on research code quality and execution,Scientific Data,2022,FALSE,,
10.1038/s41597-022-01148-1,Four years of daily stable water isotope data in stream water and precipitation from three Swiss catchments,Scientific Data,2022,FALSE,,
10.1038/s41597-022-01203-x,Big data collection in pharmaceutical manufacturing and its use for product quality predictions,Scientific Data,2022,FALSE,,
10.1038/s41597-022-01205-9,A citizen centred urban network for weather and air quality in Australian schools,Scientific Data,2022,FALSE,,
10.1038/s41597-022-01267-9,Curation of a list of chemicals in biosolids from EPA National Sewage Sludge Surveys &amp; Biennial Review Reports,Scientific Data,2022,FALSE,,
10.1038/s41597-022-01290-w,U.S. national water and energy land dataset for integrated multisector dynamics research,Scientific Data,2022,FALSE,,
10.1038/s41597-022-01344-z,"USACE Coastal and Hydraulics Laboratory Quality Controlled, Consistent Measurement Archive",Scientific Data,2022,FALSE,,
10.1038/s41597-022-01358-7,Paired field and water measurements from drainage management practices in row-crop agriculture,Scientific Data,2022,TRUE,,
10.1038/s41597-022-01373-8,"PISCOeo_pm, a reference evapotranspiration gridded database based on FAO Penman-Monteith in Peru",Scientific Data,2022,FALSE,,
10.1038/s41597-022-01376-5,"The long-tail effect of the COVID-19 lockdown on Italians’ quality of life, sleep and physical activity",Scientific Data,2022,FALSE,,
10.1038/s41597-022-01410-6,"FutureStreams, a global dataset of future streamflow and water temperature",Scientific Data,2022,FALSE,,
10.1038/s41597-022-01427-x,A global database for conducting systematic reviews and meta-analyses in innovation and quality management,Scientific Data,2022,FALSE,,
10.1038/s41597-022-01430-2,Hourly rainfall data from rain gauge networks and weather radar up to 2020 across the Hawaiian Islands,Scientific Data,2022,FALSE,,
10.1038/s41597-022-01439-7,Greenhouse gas emissions from municipal wastewater treatment facilities in China from 2006 to 2019,Scientific Data,2022,TRUE,,
10.1038/s41597-022-01489-x,GloSEM: High-resolution global estimates of present and future soil displacement in croplands by water erosion,Scientific Data,2022,FALSE,,
10.1038/s41597-022-01503-2,Fisheries dataset on moulting patterns and shell quality of American lobsters H. americanus in Atlantic Canada,Scientific Data,2022,FALSE,,
10.1038/s41597-022-01504-1,"Atmospheric temperature, water vapour and liquid water path from two microwave radiometers during MOSAiC",Scientific Data,2022,FALSE,,
10.1038/s41597-022-01686-8,Bacteria communities and water quality parameters in riverine water and sediments near wastewater discharges,Scientific Data,2022,TRUE,,
10.1038/s41597-022-01695-7,An analysis-ready and quality controlled resource for pediatric brain white-matter research,Scientific Data,2022,FALSE,,
10.1038/s41597-022-01742-3,High-resolution bathymetries and shorelines for the Great Lakes of the White Nile basin,Scientific Data,2022,FALSE,,
10.1038/s41597-022-01748-x,"Revised monthly energy generation estimates for 1,500 hydroelectric power plants in the United States",Scientific Data,2022,FALSE,,
10.1038/s41597-022-01749-w,"Freshwater microbial metagenomes sampled across different water body characteristics, space and time in Israel",Scientific Data,2022,TRUE,,
10.1038/s41597-022-01760-1,A data set of distributed global population and water withdrawal from 1960 to 2020,Scientific Data,2022,FALSE,,
10.1038/s41597-022-01761-0,High-resolution crop yield and water productivity dataset generated using random forest and remote sensing,Scientific Data,2022,FALSE,,
10.1038/s41597-022-01768-7,A western United States snow reanalysis dataset over the Landsat era from water years 1985 to 2021,Scientific Data,2022,FALSE,,
10.1038/s41597-022-01770-z,Publisher Correction: An analysis-ready and quality controlled resource for pediatric brain white-matter research,Scientific Data,2022,FALSE,,
10.1038/s41597-022-01788-3,SARS-CoV-2 RNA levels in Scotland’s wastewater,Scientific Data,2022,TRUE,,
10.1038/s41597-022-01816-2,Author Correction: An analysis-ready and quality controlled resource for pediatric brain white-matter research,Scientific Data,2022,FALSE,,
10.1038/s41597-022-01821-5,High-quality Japanese flounder genome aids in identifying stress-related genes using gene coexpression network,Scientific Data,2022,FALSE,,
10.1038/s41597-022-01844-y,A database of water chemistry in eastern Siberian rivers,Scientific Data,2022,FALSE,,
10.1038/s41597-022-01888-0,A data set of global river networks and corresponding water resources zones divisions v2,Scientific Data,2022,FALSE,,
10.1038/s41597-023-01927-4,Author Correction: A database of water chemistry in eastern Siberian rivers,Scientific Data,2023,FALSE,,
10.1038/s41597-023-01935-4,Interbasin water transfers in the United States and Canada,Scientific Data,2023,FALSE,,
10.1038/s41597-023-01949-y,"Quality control and removal of technical variation of NMR metabolic biomarker data in ~120,000 UK Biobank participants",Scientific Data,2023,FALSE,,
10.1038/s41597-023-01973-y,GLORIA - A globally representative hyperspectral in situ dataset for optical sensing of water quality,Scientific Data,2023,TRUE,,
10.1038/s41597-023-02034-0,"Agrimonia: a dataset on livestock, meteorology and air quality in the Lombardy region, Italy",Scientific Data,2023,FALSE,,
10.1038/s41597-023-02069-3,Author Correction: GLORIA - A globally representative hyperspectral in situ dataset for optical sensing of water quality,Scientific Data,2023,TRUE,,
10.1038/s41597-023-02086-2,Global monthly sectoral water use for 2010–2100 at 0.5° resolution across alternative futures,Scientific Data,2023,FALSE,,
10.1038/s41597-023-02122-1,Estimating GRACE terrestrial water storage anomaly using an improved point mass solution,Scientific Data,2023,FALSE,,
10.1038/s41597-023-02135-w,SensEURCity: A multi-city air quality dataset collected for 2020/2021 using open low-cost sensor systems,Scientific Data,2023,FALSE,,
10.1038/s41597-023-02137-8,Author Correction: An analysis-ready and quality controlled resource for pediatric brain white-matter research,Scientific Data,2023,FALSE,,
10.1038/s41597-023-02142-x,A high-quality chromosomal-level genome assembly of Greater Scaup (Aythya marila),Scientific Data,2023,FALSE,,
10.1038/s41597-023-02148-5,"Inter-basin surface water transfers database for public water supplies in conterminous United States, 1986–2015",Scientific Data,2023,FALSE,,
10.1038/s41597-023-02168-1,Publisher Correction: Global monthly sectoral water use for 2010–2100 at 0.5° resolution across alternative futures,Scientific Data,2023,FALSE,,
10.1038/s41597-023-02185-0,Electricity supply quality and use among rural and peri-urban households and small firms in Nigeria,Scientific Data,2023,FALSE,,
10.1038/s41597-023-02188-x,MSHF: A Multi-Source Heterogeneous Fundus (MSHF) Dataset for Image Quality Assessment,Scientific Data,2023,FALSE,,
10.1038/s41597-023-02215-x,ICESat-2 river surface slope (IRIS): A global reach-scale water surface slope dataset,Scientific Data,2023,FALSE,,
10.1038/s41597-023-02235-7,The first high-quality chromosome-level genome of the Sipuncula Sipunculus nudus using HiFi and Hi-C data,Scientific Data,2023,FALSE,,
10.1038/s41597-023-02246-4,A Chinese soil conservation dataset preventing soil water erosion from 1992 to 2019,Scientific Data,2023,FALSE,,
10.1038/s41597-023-02270-4,Chromosome-level assemblies of cultivated water chestnut Trapa bicornis and its wild relative Trapa incisa,Scientific Data,2023,FALSE,,
10.1038/s41597-023-02277-x,Identifying and sharing per-and polyfluoroalkyl substances hot-spot areas and exposures in drinking water,Scientific Data,2023,TRUE,,
10.1038/s41597-023-02297-7,Human viral nucleic acids concentrations in wastewater solids from Central and Coastal California USA,Scientific Data,2023,TRUE,,
10.1038/s41597-023-02316-7,Restructuring and serving web-accessible streamflow data from the NOAA National Water Model historic simulations,Scientific Data,2023,FALSE,,
10.1038/s41597-023-02330-9,Magnetic resonance imaging datasets with anatomical fiducials for quality control and registration,Scientific Data,2023,FALSE,,
10.1038/s41597-023-02332-7,"A soil database from Queretaro, Mexico for assessment of crop and irrigation water requirements",Scientific Data,2023,FALSE,,
10.1038/s41597-023-02340-7,"A pipeline to further enhance quality, integrity and reusability of the NCCID clinical data",Scientific Data,2023,FALSE,,
10.1038/s41597-023-02367-w,FAIR High Content Screening in Bioimaging,Scientific Data,2023,FALSE,,
10.1038/s41597-023-02393-8,EUSEDcollab: a network of data from European catchments to monitor net soil erosion by water,Scientific Data,2023,FALSE,,
10.1038/s41597-023-02414-6,NZTD - The New Zealand Trait Database for shallow-water marine benthic invertebrates,Scientific Data,2023,FALSE,,
10.1038/s41597-023-02434-2,High-quality wild barley genome assemblies and annotation with Nanopore long reads and Hi-C sequencing data,Scientific Data,2023,FALSE,,
10.1038/s41597-023-02447-x,Metagenome sequencing and 103 microbial genomes from ballast water and sediments,Scientific Data,2023,FALSE,,
10.1038/s41597-023-02473-9,Monitoring of carbon-water fluxes at Eurasian meteorological stations using random forest and remote sensing,Scientific Data,2023,FALSE,,
10.1038/s41597-023-02488-2,"One high quality genome and two transcriptome datasets for new species of Mantamonas, a deep-branching eukaryote clade",Scientific Data,2023,FALSE,,
10.1038/s41597-023-02508-1,The first high-quality genome assembly and annotation of Patiria pectinifera,Scientific Data,2023,FALSE,,
10.1038/s41597-023-02511-6,Automated Construction of a Photocatalysis Dataset for Water-Splitting Applications,Scientific Data,2023,FALSE,,
10.1038/s41597-023-02522-3,The first high-quality chromosome-level genome of Eretmochelys imbricata using HiFi and Hi-C data,Scientific Data,2023,FALSE,,
10.1038/s41597-023-02537-w,A large-scale LC-MS dataset of murine liver proteome from time course of heavy water metabolic labeling,Scientific Data,2023,FALSE,,
10.1038/s41597-023-02559-4,The floodplain inundation history of the Murray-Darling Basin through two-monthly maximum water depth maps,Scientific Data,2023,FALSE,,
10.1038/s41597-023-02594-1,A high-quality chromosome-level wild rice genome of Oryza coarctata,Scientific Data,2023,FALSE,,
10.1038/s41597-023-02640-y,One-year dataset of hourly air quality parameters from 100 air purifiers used in China residential buildings,Scientific Data,2023,FALSE,,
10.1038/s41597-023-02660-8,An annotated grain kernel image database for visual quality inspection,Scientific Data,2023,FALSE,,
10.1038/s41597-023-02699-7,Improved high-quality reference genome of red drum facilitates the processes of resistance-related gene exploration,Scientific Data,2023,FALSE,,
10.1038/s41597-023-02732-9,Canada Source Watershed Polygons (Can-SWaP): A dataset for the protection of Canada’s municipal water supply,Scientific Data,2023,TRUE,,
10.1038/s41597-023-02752-5,Introducing MEG-MASC a high-quality magneto-encephalography dataset for evaluating natural speech processing,Scientific Data,2023,FALSE,,
10.1038/s41597-023-02771-2,Author Correction: Electricity supply quality and use among rural and peri-urban households and small firms in Nigeria,Scientific Data,2023,FALSE,,
10.1038/s41597-023-02886-6,Electricity and natural gas tariffs at United States wastewater treatment plants,Scientific Data,2024,TRUE,,
10.1038/s41597-024-02930-z,Urban water and electricity demand data for understanding climate change impacts on the water-energy nexus,Scientific Data,2024,FALSE,,
10.1038/s41597-024-02963-4,"High frequency Lunar Penetrating Radar quality control, editing and processing of Chang’E-4 lunar mission",Scientific Data,2024,FALSE,,
10.1038/s41597-024-03028-2,Transitioning from MODIS to VIIRS Global Water Reservoir Product,Scientific Data,2024,FALSE,,
10.1038/s41597-024-03035-3,Publisher Correction: Restructuring and serving web-accessible streamflow data from the NOAA National Water Model historic simulations,Scientific Data,2024,FALSE,,
10.1038/s41597-024-03037-1,"Metabolism Regimes in Regulated Rivers of the Illinois River Basin, USA",Scientific Data,2024,FALSE,,
10.1038/s41597-024-03043-3,A high-quality genome assembly of the waterlily aphid Rhopalosiphum nymphaeae,Scientific Data,2024,FALSE,,
10.1038/s41597-024-03051-3,Water footprints and crop water use of 175 individual crops for 1990–2019 simulated with a global crop model,Scientific Data,2024,FALSE,,
10.1038/s41597-024-03054-0,Sea water temperature and light intensity at high-Arctic subtidal shallows – 16 years perspective,Scientific Data,2024,FALSE,,
10.1038/s41597-024-03087-5,High-quality genome assembly of a C. crossoptilon and related functional and genetics data resources,Scientific Data,2024,FALSE,,
10.1038/s41597-024-03103-8,A database of in situ water temperatures for large inland lakes across the coterminous United States,Scientific Data,2024,FALSE,,
10.1038/s41597-024-03111-8,FishSNP: a high quality cross-species SNP database of fishes,Scientific Data,2024,FALSE,,
10.1038/s41597-024-03115-4,City level water withdrawal and scarcity accounts of China,Scientific Data,2024,FALSE,,
10.1038/s41597-024-03126-1,High quality assemblies of four indigenous chicken genomes and related functional data resources,Scientific Data,2024,FALSE,,
10.1038/s41597-024-03133-2,Mapping of secondary forest age in China using stacked generalization and Landsat time series,Scientific Data,2024,FALSE,,
10.1038/s41597-024-03156-9,Measurements of dune erosion processes during the RealDune/REFLEX experiments,Scientific Data,2024,FALSE,,
10.1038/s41597-024-03173-8,A high-quality chromosome-level genome assembly of the Chinese medaka Oryzias sinensis,Scientific Data,2024,FALSE,,
10.1038/s41597-024-03188-1,CARM30: China annual rapeseed maps at 30 m spatial resolution from 2000 to 2022 using multi-source data,Scientific Data,2024,FALSE,,
10.1038/s41597-024-03203-5,Author Correction: High quality assemblies of four indigenous chicken genomes and related functional data resources,Scientific Data,2024,FALSE,,
10.1038/s41597-024-03204-4,High-quality faba bean reference transcripts generated using PacBio and Illumina RNA-seq data,Scientific Data,2024,FALSE,,
10.1038/s41597-024-03232-0,High-quality chromosome-level genome assembly of Nicotiana benthamiana,Scientific Data,2024,FALSE,,
10.1038/s41597-024-03258-4,A regionally refined quarter-degree global atmospheric rivers database based on ERA5,Scientific Data,2024,FALSE,,
10.1038/s41597-024-03286-0,Metagenomics datasets of water and sediments from eutrophication-impacted artificial lakes in South Africa,Scientific Data,2024,FALSE,,
10.1038/s41597-024-03289-x,Chromosome-level genome assembly of Odontothrips loti Haliday (Thysanoptera: Thripidae),Scientific Data,2024,FALSE,,
10.1038/s41597-024-03290-4,A high-resolution dataset of water bodies distribution over the Tibetan Plateau,Scientific Data,2024,FALSE,,
10.1038/s41597-024-03298-w,"A point-of-use drinking water quality dataset from fieldwork in Detroit, Michigan",Scientific Data,2024,TRUE,,
10.1038/s41597-024-03313-0,"A high-quality chromosome-scale genome assembly of blood orange, an important pigmented sweet orange variety",Scientific Data,2024,FALSE,,
10.1038/s41597-024-03328-7,Global WaterPack - The development of global surface water over the past 20 years at daily temporal resolution,Scientific Data,2024,FALSE,,
10.1038/s41597-024-03376-z,A high-quality chromosome-level genome assembly of Ficus hirta,Scientific Data,2024,FALSE,,
10.1038/s41597-024-03379-w,Construction of high-quality genomes and gene catalogue for culturable microbes of sugarcane (Saccharum spp.),Scientific Data,2024,FALSE,,
10.1038/s41597-024-03383-0,A high-quality dataset featuring classified and annotated cervical spine X-ray atlas,Scientific Data,2024,FALSE,,
10.1038/s41597-024-03412-y,Chromosome-level genome assembly and annotation of the cold-water species Ophiura sarsii,Scientific Data,2024,FALSE,,
10.1038/s41597-024-03434-6,Harmonized Database of Western U.S. Water Rights (HarDWR) v.1,Scientific Data,2024,FALSE,,
10.1038/s41597-024-03453-3,Chlorophyll a in lakes and streams of the United States (2005–2022),Scientific Data,2024,TRUE,,
10.1038/s41597-024-03458-y,A high-quality genome assembly and annotation of Thielaviopsis punctulata DSM102798,Scientific Data,2024,FALSE,,
10.1038/s41597-024-03474-y,CaRDS - the statewide California Residential water Demand and Supply open dataset,Scientific Data,2024,FALSE,,
10.1038/s41597-024-03475-x,A dataset on survey designs and quality of social and behavioral science surveys during the COVID-19 pandemic,Scientific Data,2024,FALSE,,
10.1038/s41597-024-03477-9,Spatially distributed atmospheric boundary layer properties in Houston – A value-added observational dataset,Scientific Data,2024,FALSE,,
10.1038/s41597-024-03494-8,CODC-v1: a quality-controlled and bias-corrected ocean temperature profile database from 1940–2023,Scientific Data,2024,FALSE,,
10.1038/s41597-024-03507-6,Features and quality metrics datasets for video coding in DASH,Scientific Data,2024,FALSE,,
10.1038/s41597-024-03601-9,Non-redundant metagenome-assembled genomes of activated sludge reactors at different disturbances and scales,Scientific Data,2024,TRUE,,
10.1038/s41597-024-03617-1,A high-quality chromosome-level genome assembly of the endangered tree Kmeria septentrionalis,Scientific Data,2024,FALSE,,
10.1038/s41597-024-03628-y,Improved high quality sand fly assemblies enabled by ultra low input long read sequencing,Scientific Data,2024,FALSE,,
10.1038/s41597-024-03638-w,High-quality reference genome of cowpea beetle Callosobruchus maculatus,Scientific Data,2024,FALSE,,
10.1038/s41597-024-03657-7,"A high-quality chromosome-level genome assembly of the topmouth culter (Culter alburnus Basilewsky, 1855)",Scientific Data,2024,FALSE,,
10.1038/s41597-024-03704-3,Satellite-ground synchronous in-situ dataset of water optical parameters and surface temperature for typical lakes in China,Scientific Data,2024,FALSE,,
10.1038/s41597-024-03733-y,The first high-quality genome assembly and annotation of Anthocidaris crassispina,Scientific Data,2024,FALSE,,
10.1038/s41597-024-03751-w,"An East Antarctic, sub-annual resolution water isotope record from the Mount Brown South Ice core",Scientific Data,2024,FALSE,,
10.1038/s41597-024-03781-4,A high-quality genome assembly of the shrubby cinquefoil (Dasiphora fruticosa),Scientific Data,2024,FALSE,,
10.1038/s41597-024-03784-1,Long-term monitoring dataset of plankton assemblages in western Taiwan coastal water,Scientific Data,2024,FALSE,,
10.1038/s41597-024-03815-x,A Dataset of Distribution and Characterization of Underground Wastewater Treatment Plants in China,Scientific Data,2024,TRUE,,
10.1038/s41597-024-03843-7,A high-quality genome of the early diverging tychoplanktonic diatom Paralia guyana,Scientific Data,2024,FALSE,,
10.1038/s41597-024-03847-3,"The W2024 database of the water isotopologue $${{\rm{H}}}_{2}^{\,16}{\rm{O}}$$",Scientific Data,2024,FALSE,,
10.1038/s41597-024-03856-2,Chromosome-level genome assembly of Chinese water scorpion Ranatra chinensis (Heteroptera: Nepidae),Scientific Data,2024,FALSE,,
10.1038/s41597-024-03903-y,High-quality Chromosomal-Level Genome Assembly of the Wasabi (Eutrema japonicum) ‘Magic’,Scientific Data,2024,FALSE,,
10.1038/s41597-024-03914-9,Two high quality chromosome-scale genome assemblies of female and male silver pomfret (Pampus argenteus),Scientific Data,2024,FALSE,,
10.1038/s41597-024-03957-y,Author Correction: Non-redundant metagenome-assembled genomes of activated sludge reactors at different disturbances and scales,Scientific Data,2024,FALSE,,
10.1038/s41597-024-03969-8,Human pathogen nucleic acids in wastewater solids from 191 wastewater treatment plants in the United States,Scientific Data,2024,TRUE,,
10.1038/s41597-024-03992-9,Chromosome-level genome assembly of two cultivated Jujubes,Scientific Data,2024,FALSE,,
10.1038/s41597-024-03994-7,Historical datasets (1950–2022) of monthly water balance components for the Laurentian Great Lakes,Scientific Data,2024,FALSE,,
10.1038/s41597-024-04034-0,Advancing water security in Africa with new high-resolution discharge data,Scientific Data,2024,FALSE,,
10.1038/s41597-024-04089-z,A high-quality chromosome-level reference genome assembly of Tibetan antelope (Pantholops hodgsonii),Scientific Data,2024,FALSE,,
10.1038/s41597-024-04094-2,A high-quality genome assembly of the Spectacled Fulvetta (Fulvetta ruficapilla) endemic to China,Scientific Data,2024,FALSE,,
10.1038/s41597-024-04111-4,"Air quality and transport behaviour: sensors, field, and survey data from Warsaw, Poland",Scientific Data,2024,FALSE,,
10.1038/s41597-024-04113-2,Open ultrawidefield fundus image dataset with disease diagnosis and clinical image quality assessment,Scientific Data,2024,FALSE,,
10.1038/s41597-024-04121-2,"A reference quality, fully annotated diploid genome from a Saudi individual",Scientific Data,2024,FALSE,,
10.1038/s41597-024-04123-0,"Database of surface water diversion sites and daily withdrawals for the Upper Colorado River Basin, 1980–2022",Scientific Data,2024,FALSE,,
10.1038/s41597-024-04148-5,Gridded global dataset of industrial water use predicted using the Random Forest,Scientific Data,2024,FALSE,,
10.1038/s41597-024-04174-3,A high-quality chromosome-level genome assembly of the traditional Chinese medicinal herb Zanthoxylum nitidum,Scientific Data,2024,FALSE,,
10.1038/s41597-024-04183-2,Contextualized race and ethnicity annotations for clinical text from MIMIC-III,Scientific Data,2024,FALSE,,
10.1038/s41597-024-04185-0,The annual dynamic dataset of high-resolution crop water use in China from 1991 to 2019,Scientific Data,2024,FALSE,,
10.1038/s41597-024-04203-1,A global multi catchment and multi dataset synthesis for water fluxes and storage changes on land,Scientific Data,2024,FALSE,,
10.1038/s41597-024-04204-0,A high-resolution multi-scale industrial water use dataset in China,Scientific Data,2024,FALSE,,
10.1038/s41597-024-04246-4,A multi-omics database of buffaloes from Yangtze valley reveals diversity of water buffalo (Bubalus bubalis),Scientific Data,2024,FALSE,,
10.1038/s41597-024-04257-1,Author Correction: Human pathogen nucleic acids in wastewater solids from 191 wastewater treatment plants in the United States,Scientific Data,2024,TRUE,,
10.1038/s41597-024-04260-6,Gene expression profiles in specific skeletal muscles and meat quality characteristics of sheep and goats,Scientific Data,2024,FALSE,,
10.1038/s41597-024-04264-2,A global dataset of the national green and blue water footprint of livestock feeds,Scientific Data,2024,FALSE,,
10.1038/s41597-024-04284-y,"High-quality chromosome-scale genome assembly of Laudakia wui (Laudakia, Agamidae)",Scientific Data,2024,FALSE,,
10.1038/s41597-024-04308-7,Three Years of Stable Water Isotope Data of Daily Rain Samples Collected from Three Geomorphic Regions of India,Scientific Data,2024,FALSE,,
10.1038/s41597-024-04295-9,StreetSurfaceVis: a dataset of crowdsourced street-level imagery annotated by road surface type and quality,Scientific Data,2025,FALSE,,
10.1038/s41597-025-04382-5,Investigating the Quality of DermaMNIST and Fitzpatrick17k Dermatological Image Datasets,Scientific Data,2025,FALSE,,
10.1038/s41597-025-04391-4,HiQ-FPAR: A High-Quality and Value-added MODIS Global FPAR Product from 2000 to 2023,Scientific Data,2025,FALSE,,
10.1038/s41597-025-04403-3,GRAiCE: reconstructing terrestrial water storage anomalies with recurrent neural networks,Scientific Data,2025,FALSE,,
10.1038/s41597-025-04461-7,A high-quality chromosome-scale genome assembly of the Cherokee rose (Rosa laevigata),Scientific Data,2025,FALSE,,
10.1038/s41597-025-04509-8,"A high-quality chromosome-level genome assembly of the mulberry looper, Phthonandria atrilineata",Scientific Data,2025,FALSE,,
10.1038/s41597-025-04534-7,"Compilation of riverine water quality data from the Great Barrier Reef catchment area, northeastern Australia",Scientific Data,2025,TRUE,,
10.1038/s41597-025-04537-4,The Water Health Open Knowledge Graph,Scientific Data,2025,TRUE,,
10.1038/s41597-025-04540-9,SIBES: Long-term and large-scale monitoring of intertidal macrozoobenthos and sediment in the Dutch Wadden Sea,Scientific Data,2025,FALSE,,
10.1038/s41597-025-04571-2,"High-quality genome assembly of a cosmopolitan insect predator, Chrysoperla zastrowi sillemi (Esben-Petersen)",Scientific Data,2025,FALSE,,
10.1038/s41597-025-04611-x,"UAS hydrometry: contactless river water level, bathymetry, and flow velocity – the Rӧnne river dataset",Scientific Data,2025,FALSE,,
10.1038/s41597-025-04633-5,"30-years (1991-2021) Snow Water Equivalent Dataset in the Po River District, Italy",Scientific Data,2025,FALSE,,
10.1038/s41597-025-04634-4,High-quality genome assembly and annotation of Thalassiosira rotula (synonym of Thalassiosira gravida),Scientific Data,2025,FALSE,,
10.1038/s41597-025-04646-0,"Author Correction: Database of surface water diversion sites and daily withdrawals for the Upper Colorado River Basin, 1980–2022",Scientific Data,2025,FALSE,,
10.1038/s41597-025-04668-8,Industry-level estimates of export quality accounting for global value chains,Scientific Data,2025,FALSE,,
10.1038/s41597-025-04673-x,A high-quality chromosome-level genome assembly of Pacific whiteleg shrimp (Penaeus vannamei),Scientific Data,2025,FALSE,,
10.1038/s41597-025-04682-w,Metatranscriptomes of activated sludge microbiomes from saline wastewater treatment plant,Scientific Data,2025,TRUE,,
10.1038/s41597-025-04715-4,A Comprehensive Dataset of Surface Water Quality Spanning 1940-2023 for Empirical and ML Adopted Research,Scientific Data,2025,TRUE,,
10.1038/s41597-025-04778-3,The high-quality chromosome-level genome assembly of Dracocephalum rupestre Hance,Scientific Data,2025,FALSE,,
10.1038/s41597-025-04794-3,Prolonged water body types dataset of urban agglomeration in central China from 1990 to 2021,Scientific Data,2025,FALSE,,
10.1038/s41597-025-04796-1,A high-quality Chromosome-level reference genome assembly of white-lipped deer (Przewalskium albirostris),Scientific Data,2025,FALSE,,
10.1038/s41597-025-04799-y,Underground well water level observation grid dataset from 2005 to 2022,Scientific Data,2025,FALSE,,
10.1038/s41597-025-04826-y,A multi-day and high-quality EEG dataset for motor imagery brain-computer interface,Scientific Data,2025,FALSE,,
10.1038/s41597-025-04839-7,"High-quality genome assembly of the azooxanthellate coral Tubastraea coccinea (Lesson, 1829)",Scientific Data,2025,FALSE,,
10.1038/s41597-025-04855-7,A high-quality chromosome-level genome assembly for the agricultural pest Mythimna separata,Scientific Data,2025,FALSE,,
10.1038/s41597-025-04864-6,"Pesticides in France: ten years of combined exposure to active substances in land, air and surface water",Scientific Data,2025,FALSE,,
10.1038/s41597-025-04904-1,A 20-year dataset (2001–2020) of global cropland water-use efficiency at 1-km grid resolution,Scientific Data,2025,FALSE,,
10.1038/s41597-025-04915-y,High Resolution Water Quality Dataset of Chinese Lakes and Reservoirs from 2000 to 2023,Scientific Data,2025,TRUE,,
10.1038/s41597-025-04947-4,High-quality chromosome-level genome assembly of the whitespotted conger (Conger myriaster),Scientific Data,2025,FALSE,,
10.1038/s41597-025-05001-z,HarvestStat Africa – Harmonized Subnational Crop Statistics for Sub-Saharan Africa,Scientific Data,2025,FALSE,,
10.1038/s41597-025-05016-6,A global dataset on mungbean for managing seed yield and quality,Scientific Data,2025,FALSE,,
10.1038/s41597-025-05058-w,The high-quality telomere-to-telomere genome assembly of the earthworm (Amynthas aspergillum),Scientific Data,2025,FALSE,,
10.1038/s41597-025-05100-x,"Wastewater dataset on the SARS-CoV-2 sublineages circulating in Central Arkansas, USA, post-COVID-19 pandemic",Scientific Data,2025,TRUE,,
10.1038/s41597-025-05146-x,A dataset for quality evaluation of pelvic X-ray and diagnosis of developmental dysplasia of the hip,Scientific Data,2025,FALSE,,
10.1038/s41597-025-05172-9,CODC-S: A quality-controlled global ocean salinity profiles dataset,Scientific Data,2025,FALSE,,
10.1038/s41597-025-05208-0,Quality assured spatial dataset of wildfire containment firelines and engagement outcomes 2017 to 2024,Scientific Data,2025,FALSE,,
10.1038/s41597-025-05226-y,The first high-quality chromosome-level genome of Parupeneus biaculeatus using HiFi and Hi-C data,Scientific Data,2025,FALSE,,
10.1038/s41597-025-05323-y,Forty-year hydropower generation reanalysis for Conterminous United States,Scientific Data,2025,FALSE,,
10.1038/s41597-025-05336-7,"Human Contributions to Safety Data Testbed Flight Simulation Study: Data Methods, Processing, and Quality",Scientific Data,2025,FALSE,,
10.1038/s41597-025-05386-x,A physically consistent dataset of water-energy-carbon fluxes across the Soil-Plant-Atmosphere Continuum,Scientific Data,2025,FALSE,,
10.1038/s41597-025-05389-8,CNSW 1.0: Prefectural Reconstruction of China’s Surface Water Resources Using Machine Learning Methods,Scientific Data,2025,FALSE,,
10.1038/s41597-025-05390-1,The AIDA 1 km resolution crop-specific rainfed and irrigated areas and green and blue water demands for Italy,Scientific Data,2025,FALSE,,
10.1038/s41597-025-05400-2,A High-Resolution Gridded Dataset for China’s Monthly Sectoral Water Use,Scientific Data,2025,FALSE,,
10.1038/s41597-025-05413-x,A nationwide dataset of stable isotopes in meteoric and terrestrial water across Peru,Scientific Data,2025,FALSE,,
10.1038/s41597-025-05421-x,A high-quality chromosome-level genome assembly of Eucalyptus globulus Labill.,Scientific Data,2025,FALSE,,
10.1038/s41597-025-05431-9,Correction: High Resolution Water Quality Dataset of Chinese Lakes and Reservoirs from 2000 to 2023,Scientific Data,2025,TRUE,,
10.1038/s41597-025-05444-4,A dual water isotope dataset for quantifying summer water mass transport in the northern South China Sea,Scientific Data,2025,FALSE,,
10.1038/s41597-025-05454-2,High-quality chromosome-level genome of three Meretrix species using Nanopore and Hi-C technologies,Scientific Data,2025,FALSE,,
10.1038/s41597-025-05459-x,Dataset on wastewater quality monitoring with adsorption and reflectance spectrometry in the UV-vis range,Scientific Data,2025,TRUE,,
10.1038/s41597-025-05469-9,Chromosome-level genome assembly and annotation of Spinibarbus caldwelli,Scientific Data,2025,FALSE,,
10.1038/s41597-025-05494-8,A high-quality chromosome-level genome assembly and annotation of the giant freshwater prawn (Macrobrachium rosenbergii),Scientific Data,2025,FALSE,,
10.1038/s41597-025-05562-z,A Global Multi-Sensor Dataset of Surface Water Indices from Landsat-8 and Sentinel-2 Satellite Measurements,Scientific Data,2025,FALSE,,
10.1038/s41597-025-05563-y,BladeSynth: A High-Quality Rendering-Based Synthetic Dataset for Aero Engine Blade Defect Inspection,Scientific Data,2025,FALSE,,
10.1038/s41597-025-05564-x,A High-Quality Underwater Acoustic Dataset for Algorithm Development and Analysis,Scientific Data,2025,FALSE,,
10.1038/s41597-025-05577-6,"A high-quality chromosome-scale genome assembly of Xingan mandarin (Citrus reticulata ‘Xingan’), a primitive Mandarin type",Scientific Data,2025,FALSE,,
10.1038/s41597-025-05600-w,LAGOS-US LANDSAT: Remotely sensed water quality estimates for U.S. lakes over 4 ha from 1984 to 2020,Scientific Data,2025,TRUE,,
10.1038/s41597-025-05609-1,A bio-optical database for the remote sensing of water quality in BRAZil coAstal and inland waters (BRAZA),Scientific Data,2025,TRUE,,
10.1038/s41597-025-05625-1,"Swiss data quality: augmenting CAMELS-CH with isotopes, water quality, agricultural and atmospheric data",Scientific Data,2025,TRUE,,
10.1038/s41597-025-05659-5,A comprehensive water bodies dataset of high-mountain Asia,Scientific Data,2025,FALSE,,
10.1038/s41597-025-05708-z,"Machine learning training data: over 500,000 images of butterflies and moths (Lepidoptera) with species labels",Scientific Data,2025,FALSE,,
10.1038/s41597-025-05777-0,"High quality chromosome level genome assembly of Camellia fascicularis, an endangered plant in China",Scientific Data,2025,FALSE,,
10.1038/s41597-025-05803-1,Root zone diazotrophs of wheat in coastal saline soils from water-scarce regions of the Bohai Sea,Scientific Data,2025,FALSE,,
10.1038/s41597-025-05885-x,"Quantitative datasets of societal value, technology and policy for human-water system modelling",Scientific Data,2025,FALSE,,
10.1038/s41597-025-05899-5,"Quality controlled, reliable groundwater level data with corresponding specific yield over India",Scientific Data,2025,FALSE,,
10.1038/s41597-025-05907-8,A high-quality chromosome-scale genome assembly of the wild sorghum (Sorghum virgatum),Scientific Data,2025,FALSE,,
10.1038/s41597-025-05920-x,Downscaled global 60-meter resolution estimates of irrigation water sources (2000–2015),Scientific Data,2025,FALSE,,
10.1038/s41597-025-05927-4,A high-quality chromosome-level genome assembly of the common carp (Cyprinus carpio var. Xiangxi),Scientific Data,2025,FALSE,,
10.1038/s41597-025-05932-7,A Comprehensive Water Chemistry Dataset for Iranian Rivers,Scientific Data,2025,FALSE,,
10.1038/s41597-025-05933-6,Telomere-to-telomere gapless genome assembly of Acorus tatarinowii,Scientific Data,2025,FALSE,,
10.1038/s41597-025-05935-4,"Controlled laboratory measurements of dune erosion under variable waves, water levels and dune pore-moisture",Scientific Data,2025,FALSE,,
10.1038/s41597-025-05945-2,A high-quality chromosome-level genome assembly and annotation of Anqing Six-end-white pig (Sus scrofa),Scientific Data,2025,FALSE,,
10.1038/s41597-025-06000-w,A Dataset of Water Stable Isotopes in Iran’s Main Aquifers,Scientific Data,2025,FALSE,,
10.1038/s41597-025-06013-5,Surface Water Transitions 1984–2022: A Global Dataset at Annual Resolution,Scientific Data,2025,FALSE,,
10.1038/s41597-025-06024-2,A high-quality chromosome-level genome assembly of herbaceous bamboo species Lithachne pauciflora,Scientific Data,2025,FALSE,,
10.1038/s41597-025-06026-0,DiTEC-WDN: A Large-Scale Dataset of Hydraulic Scenarios across Multiple Water Distribution Networks,Scientific Data,2025,FALSE,,
10.1038/s41597-025-06059-5,A three-decade lake dataset on the Mongolian plateau tracking water area and quality dynamics (1990–2020),Scientific Data,2025,TRUE,,
10.1038/s41597-025-06069-3,High-quality phased genome assemblies of line-bred Korean Hanwoo cattle,Scientific Data,2025,FALSE,,
10.1038/s41597-025-06078-2,High-quality genome assemblies of 152 root commensal bacteria from the model legume Lotus japonicus,Scientific Data,2025,FALSE,,
10.1038/s41597-025-06112-3,Chromosome-Level Genome Assembly and Annotation of the Japanese Cutlassfish (Trichiurus japonicus): A High-Quality Genomic Resource Featuring Nuclear and Mitochondrial Completeness for Future Studies,Scientific Data,2025,FALSE,,
10.1038/s41597-025-06122-1,High-quality chromosome-scale genome assembly and annotation of Taohongling Sika deer (Cervus nippon kopschi),Scientific Data,2025,FALSE,,
10.1038/s41597-025-06137-8,"The high-quality genome sequence of Agroathelia rolfsii (Syn. Sclerotium rolfsii), the causal agent of southern blight in Coptis chinensis",Scientific Data,2025,FALSE,,
10.1038/s41597-025-06178-z,Standardized Climatic Water Balance for Poland (1951–2023) Supporting Forestry and Drought Monitoring,Scientific Data,2025,FALSE,,
10.1038/s41597-025-06198-9,Global Atmospheric River Lifecycle Detection Using Integrated Water Vapor and Vapor Transport,Scientific Data,2025,FALSE,,
10.1038/s41597-025-06228-6,Image Dataset of Microfauna in Activated Sludge,Scientific Data,2025,FALSE,,
10.1038/s41597-025-06240-w,High-quality Chromosome-level genome assembly of male and female greater amberjack (Seriola dumerili),Scientific Data,2025,FALSE,,
10.1038/s41597-025-06248-2,A high-quality chromosome-level genome assembly and annotation of the Amur grayling (Thymallus grubii),Scientific Data,2025,FALSE,,
10.1038/s41597-025-06292-y,A High-quality chromosome-level genome assembly of Swertia przewalskii Pissjauk,Scientific Data,2025,FALSE,,
10.1038/s41597-025-06300-1,United States Water Withdrawals Database,Scientific Data,2025,FALSE,,
10.1038/s41597-025-06337-2,Two high-quality genomes of Prototheca bovis strain SH08 and Prototheca ciferrii strain SH13,Scientific Data,2025,FALSE,,
10.1038/s41597-025-06341-6,Single-cell transcriptomic datasets of the amphibious plant Water wisteria,Scientific Data,2025,FALSE,,
10.1038/s41597-025-06357-y,"Trace gas (CH4, N2O, H2S) distribution in the water column of inland lakes in Poland",Scientific Data,2025,FALSE,,
10.1038/s41597-025-06380-z,"Modeling a geologically complex volcanic watershed for integrated water resources management in Mt. Fuji, Japan",Scientific Data,2025,FALSE,,
10.1038/s41597-025-06401-x,"The UFLUX ensemble of multiple-scale carbon, water, and energy fluxes",Scientific Data,2025,FALSE,,
10.1038/s41597-025-06405-7,High-quality chromosome-level genome assembly of the snake Pseudoxenodon stejnegeri (Squamata: Colubridae),Scientific Data,2025,FALSE,,
10.1038/s41597-025-06415-5,Reconstructing high-quality ground-level ozone records from 1980 to 2012 in central and eastern China,Scientific Data,2025,FALSE,,
10.1038/s41597-025-06468-6,Puerto Rico Coral Reef Monitoring Program Water Quality Data from 2023–2025,Scientific Data,2025,TRUE,,
10.1038/s41597-025-06475-7,"Deep metatranscriptomic sequencing data of wastewater from Los Angeles, USA, 2023–2024",Scientific Data,2025,TRUE,,
10.1038/s41597-025-06479-3,A high-quality chromosome-level reference genome of Pulsatilla chinensis,Scientific Data,2025,FALSE,,
10.1038/s41597-025-05794-z,A Benchmark Dataset for Machine Learning Surrogates of Pore-Scale CO2-Water Interaction,Scientific Data,2026,FALSE,,
10.1038/s41597-025-06443-1,A Public Image Dataset for Surface Defect Detection of Water-Based Coated Wood Products,Scientific Data,2026,FALSE,,
10.1038/s41597-025-06504-5,High-quality haplotype-resolved genome assembly and annotation of Malus baccata ‘Jackii’,Scientific Data,2026,FALSE,,
10.1038/s41597-026-06545-4,A dataset on occupant satisfaction with the indoor environmental quality in Belgian classrooms,Scientific Data,2026,FALSE,,
10.1038/s41597-026-06559-y,"Community-based nearshore wave and water level monitoring in Nunavut, Arctic Canada 2021–2023",Scientific Data,2026,FALSE,,
10.1038/s41597-026-06562-3,A dataset of radiocarbon dates from Holarctic mammal collagen purified with high-quality chemistry,Scientific Data,2026,FALSE,,
10.1038/s41597-026-06576-x,gTREND-Nitrogen - Long-term nitrogen mass balance data for the contiguous United States (1930-2017),Scientific Data,2026,FALSE,,
10.1038/s41597-026-06595-8,High-resolution gridded dataset of sectoral water pollution discharges in China from 2007 to 2022,Scientific Data,2026,FALSE,,
10.1038/s41597-026-06604-w,A Machine Learning approach for Total Water storage anomaly eXtension back to 1980 (ML-TWiX),Scientific Data,2026,FALSE,,
10.1038/s41597-026-06640-6,"Chromosome-level genome assembly of narrow-leaf bur-reed (Sparganium angustifolium Michx., Typhaceae)",Scientific Data,2026,FALSE,,
10.1038/s41597-026-06698-2,A Real-World Dataset for detecting Handwashing in daily Life using Wrist Motion Data from Wearables,Scientific Data,2026,TRUE,,
10.1038/s41597-026-06713-6,Single-lead Thigh ECG Dataset (tOLIet) with Analysis of BMI Effects on Cardiac Signal Quality,Scientific Data,2026,FALSE,,
10.1038/s41597-026-06725-2,A high-quality chromosome level genome assembly of the South African indigenous Nguni goat (Capra hircus),Scientific Data,2026,FALSE,,
10.1038/s41597-026-06733-2,Seismocardiography Pig Hypovolemia Dataset for Signal Quality Indexing and Validated Cardiac Timings,Scientific Data,2026,FALSE,,
10.1038/s41597-026-06749-8,Water Masses of the Arctic from 40 Years of Hydrographic Observations,Scientific Data,2026,FALSE,,
10.1038/s41597-026-06768-5,High-resolution Dataset of Electric Vehicle Charging Responses Under Varied Power Quality Disturbances,Scientific Data,2026,FALSE,,
10.1038/s41597-026-06797-0,A dataset of harmonized global air quality monitoring metadata,Scientific Data,2026,FALSE,,
10.1038/s41597-026-06804-4,Comprehensive compilation and quality assessment of street-level urban air temperature measurements across European networks,Scientific Data,2026,FALSE,,
10.1038/s41597-026-06809-z,A Comprehensive Dataset for Word-Wheel Water Meter Reading Under Challenging Conditions,Scientific Data,2026,FALSE,,
10.1038/s41597-026-06865-5,A century long ensemble streamflow dataset in the Pacific Northwest to support water security assessments,Scientific Data,2026,FALSE,,
10.1038/s41597-026-06885-1,A dynamic meshing transmission dataset for manufacturing quality inspection of electric vehicle reducer gears,Scientific Data,2026,FALSE,,
10.1038/s41597-026-06889-x,A high-quality Chromosome-level genome assembly of Gynostemma guangxiense (Cucurbitaceae),Scientific Data,2026,FALSE,,
10.1038/s41597-026-06895-z,Global 0.25-degree gridded Snow water equivalent data derived from machine learning using in-situ measurements,Scientific Data,2026,FALSE,,
10.1038/s41597-026-06916-x,High-Quality Genome Assemblies of Two Prototheca wickerhamii Strains,Scientific Data,2026,FALSE,,
10.1038/s41597-026-06933-w,City boundaries for global urban water scarcity assessment,Scientific Data,2026,FALSE,,
10.1038/s41597-026-06961-6,A High-Quality Endoscopic Image Dataset with Annotated Recurrent Laryngeal Nerve for AI-Assisted Thyroid Surgery,Scientific Data,2026,FALSE,,
10.1038/s41597-026-06973-2,A high-quality chromosome-level genome assembly of the endangered species Magnolia amoena,Scientific Data,2026,FALSE,,
10.1038/s41597-026-06982-1,A high-quality chromosome-level genome assembly of a feather star Glyptometra sp. from a deep seamount,Scientific Data,2026,FALSE,,
10.1038/s41597-026-06984-z,Kinetic Human Movement Ontology: a semantic terminology model to symbolically represent physiological movement,Scientific Data,2026,FALSE,,
10.1038/s41597-026-06985-y,"Chromosome-scale genome assembly and annotation of the water monitor lizard, Varanus salvator",Scientific Data,2026,FALSE,,
10.1038/s41597-026-06987-w,Global dataset of pesticide pollution and environmental quality standards for risk assessment (2010–2020),Scientific Data,2026,FALSE,,
10.1038/s41597-026-06991-0,"High quality chromosome-level genome assembly of Psammosilene tunicoides (Caryophyllaceae), an endangered medicinal plant",Scientific Data,2026,FALSE,,
10.1038/s41597-026-07055-z,High-quality chromosome-scale genome assemblies of 29 maize inbred lines of European breeding relevance,Scientific Data,2026,FALSE,,
10.1038/s41597-026-07091-9,A global dataset of reservoir in-situ water levels for hydrological and remote sensing applications,Scientific Data,2026,FALSE,,
10.1038/s41597-026-07117-2,"A high-quality chromosome-level genome assembly of the low chilling requirement mulberry, Morus macroura",Scientific Data,2026,FALSE,,
10.1038/s41597-026-07154-x,"Metagenome-assembled genomes, and gene and protein catalogues from the global wild boar faecal microbiome",Scientific Data,2026,FALSE,,
10.1038/s41597-026-07194-3,A 1-km Dataset of Water Consumption and Irrigation for Major Grain Crops in the Yellow River Basin Based on the Crop Water Production Function,Scientific Data,2026,FALSE,,
10.1038/s41597-026-07195-2,"Bridging the Gap in Chinese Legal Conflict Review: A Dataset, Benchmark Tasks, and Framework",Scientific Data,2026,FALSE,,
10.1038/s41597-026-07203-5,A multisource dataset for anomaly detection and fault prediction in urban water distribution networks,Scientific Data,2026,FALSE,,
10.1038/s41597-026-07220-4,High-Quality Genome Assembly of the White King Pigeon for Genetic Reference of Chinese Market Pigeon Breeds,Scientific Data,2026,FALSE,,
10.1038/s41597-026-07262-8,Global Soil Water Stable Isotope Dataset,Scientific Data,2026,FALSE,,
10.1038/s41597-026-07286-0,A telomere-to-telomere genome assembly of Chinese water deer (Hydropotes inermis),Scientific Data,2026,FALSE,,
10.1038/s41597-026-07307-y,"Full-range (VNIR–SWIR–MWIR–LWIR) mineral and VNIR water spectra with co-located geochemistry from an acid mine drainage (AMD) site (Kirki, NE Greece)",Scientific Data,2026,FALSE,,
10.1038/s41597-026-07346-5,The first chromosomal level genome assembly and annotation of Pareuchiloglanis anteanalis,Scientific Data,2026,FALSE,,
10.1038/s41597-026-07352-7,Caravan-Qual: A global scale integration of stream water quality observations into a large-sample hydrology dataset,Scientific Data,2026,TRUE,,
10.1038/s41597-026-07375-0,Hip joint image quality screening based on the Diffusion Mamba model,Scientific Data,2026,FALSE,,
10.1038/s41597-026-07386-x,High-quality telomere-to-telomere genome assembly of the critically endangered tree Magnolia longipedunculata,Scientific Data,2026,FALSE,,
10.1038/s41597-026-07387-w,High-quality genome and transcriptome resources for the East Asian freshwater mussel Nodularia douglasiae,Scientific Data,2026,FALSE,,
10.1038/s41597-026-07410-0,A global dataset and map of soil phosphorus retention / sorption for assessing phosphorus use efficiency and loss to water,Scientific Data,2026,FALSE,,
10.1038/s41597-026-07455-1,Wind turbine blades surface defect high-quality image dataset construction and performance validation,Scientific Data,2026,FALSE,,
10.1038/s41597-026-07462-2,"High-quality draft genome of the Listeria monocytogenes, one more vaccine strain against livestock listeriosis",Scientific Data,2026,FALSE,,
10.1038/s41597-026-07473-z,"High-Quality Genome Assembly, Metabolome, Pangenome, and Metabolic Models of Megasphaera hexanoica KCCM 43214T",Scientific Data,2026,FALSE,,
10.1038/s41597-026-07510-x,ECHIDNA: Extreme Climate Historical and Future Indices Data under Numerous Approaches across Major Chinese River Basins Based on CMIP6 Multi-Model Ensemble,Scientific Data,2026,FALSE,,
10.1038/s41597-026-07511-w,FFEM-DB 2.0: an updated and extended spatio-temporal dataset of flood fatalities occurred from 1980 to 2024 in the Euro-Mediterranean region,Scientific Data,2026,FALSE,,
10.1038/s41597-026-07533-4,A multimodal vision dataset for nursing action recognition and quality assessment in NICU,Scientific Data,2026,FALSE,,
10.1038/s41597-026-07534-3,A high-quality chromosome-level genome assembly of apple of Peru (Nicandra physalodes),Scientific Data,2026,FALSE,,
10.1038/s41597-026-07554-z,A Curated Dataset for Question Answering on Laboratory Test Reference Ranges and Interpretation,Scientific Data,2026,FALSE,,
10.1038/s41597-026-07562-z,Correction: A High-quality chromosome-level genome assembly of Swertia przewalskii Pissjauk,Scientific Data,2026,FALSE,,
10.1038/s41597-026-07589-2,High quality genome assemblies of African cattle breeds using PacBio HiFi sequencing,Scientific Data,2026,FALSE,,
10.1038/s41597-026-07610-8,PhotIQA: A photoacoustic image data set with image quality ratings,Scientific Data,2026,FALSE,,
10.1038/s41597-026-07617-1,"High quality Chromosome-scale Genome Assembly of Phlebotomus perniciosus, a Vector of Zoonotic Leishmaniasis",Scientific Data,2026,FALSE,,
10.1038/s41597-026-07624-2,"Baseline measurements of bottom water, sediment and nutrients for the benthic environments of Saguenay fjord, Quebec, Canada",Scientific Data,2026,FALSE,,
10.1038/s41597-026-07642-0,A 4-km long-term (1952–2025) daily hydrometeorological dataset for the western United States,Scientific Data,2026,FALSE,,
10.1038/s41597-026-07646-w,A high-quality chromosome-level genome assembly of Ficus carica cultivar ‘Green Peel’,Scientific Data,2026,FALSE,,
10.1038/s41597-026-07650-0,CeraMIRScan: Mid-infrared OCT Scan Dataset for Ceramic Quality Assessment,Scientific Data,2026,FALSE,,
10.1038/s41597-026-07700-7,"High-quality genome assemblies of 64 Geodermatophilaceae strains isolated from desert soils in Xinjiang, China",Scientific Data,2026,FALSE,,
10.1038/s41597-026-07712-3,The Dataset of Daily Air Quality for the Years 2013-2023 in Italy,Scientific Data,2026,FALSE,,
10.1038/s41597-026-07754-7,Phenotypic image dataset of naturally grown shiitake mushrooms across multiple varieties and growth stages,Scientific Data,2026,FALSE,,
10.1038/s41597-026-07844-6,"A chromosome-level, gap-free genome assembly of the fish parasite Trypanosoma larimichthysi from large yellow croaker",Scientific Data,2026,FALSE,,
10.1038/s41597-026-07847-3,A high-quality chromosome-level genome assembly and annotation of the medicinal orchid Cremastra appendiculata (Orchidaceae),Scientific Data,2026,FALSE,,
10.1038/s41597-026-07850-8,Key soil attributes and land-management dataset for Australian agroecosystems linking baseline and resampling surveys,Scientific Data,2026,FALSE,,
10.1038/s41597-026-07851-7,RFDD: A High-Quality Dataset based on Metrology for Fastener Defect Detection in High-Speed Railways,Scientific Data,2026,FALSE,,
10.1038/s41597-026-07875-z,A Multisensor Fusion-based High-Quality Depth Estimation Dataset for Dynamic Coal Flow,Scientific Data,2026,FALSE,,
10.1038/s41597-026-07905-w,Real-world 24h+ ECG dataset with quality annotations and motion context,Scientific Data,2026,FALSE,,
10.1038/s41597-026-07909-6,High-Quality Chromosome-Level Genome Assemblies of two Pandanales species: Pandanus tectorius and Acanthochlamys bracteata,Scientific Data,2026,FALSE,,
10.1038/s41597-026-07922-9,Reconstructing a 16-District Spatio-Temporal Air Quality Inventory for Shanghai (2014–2025): Reverse Backcasting via Hierarchical Multi-Layer Stacked Generalization,Scientific Data,2026,FALSE,,
10.1038/s41597-026-07948-z,A haplotype-resolved chromosome-level genome assembly of the male longfin barb (Acrossocheilus longipinnis),Scientific Data,2026,FALSE,,
