source,paperid,doi,url_path,file_name,expires_utc,status,bytes,sha256,local_path,downloaded_at
jwh,112069,10.2166/wh.2026.194,https://iwa.silverchair-cdn.com/iwa/content_public/journal/jwh/24/6/10.2166_wh.2026.194/2/jwh0240744supp1.docx,jwh0240744supp1.docx,2026-08-25 15:49:04,ok,1373057,b02f493e096a1d78a9381df008f792c36fbf4f7176730cc95419e299bed7d565,data-raw/suppfiles/files/jwh/10.2166_wh.2026.194/jwh0240744supp1.docx,2026-08-20 04:21:41
jwh,112026,10.2166/wh.2026.223,https://iwa.silverchair-cdn.com/iwa/content_public/journal/jwh/24/6/10.2166_wh.2026.223/2/jwh0240773supp1.docx,jwh0240773supp1.docx,2026-08-26 22:10:45,ok,72848,688fbdafa48bce2844a6f008e5a898430846970d7b95dc864ffaef69e1b3493c,data-raw/suppfiles/files/jwh/10.2166_wh.2026.223/jwh0240773supp1.docx,2026-08-20 04:21:44
jwh,112139,10.2166/wh.2026.227,https://iwa.silverchair-cdn.com/iwa/content_public/journal/jwh/24/6/10.2166_wh.2026.227/2/jwh0240784supp1.docx,jwh0240784supp1.docx,2026-08-28 06:16:23,ok,138405,ca6c0a4f09395184ab0ba0f6ada373f4c0ae9607dc8fc1caad6b5897c0411ea7,data-raw/suppfiles/files/jwh/10.2166_wh.2026.227/jwh0240784supp1.docx,2026-08-20 04:21:48
jwh,112147,10.2166/wh.2026.240,https://iwa.silverchair-cdn.com/iwa/content_public/journal/jwh/24/6/10.2166_wh.2026.240/2/jwh0240830supp1.docx,jwh0240830supp1.docx,2026-08-20 06:05:12,ok,308720,2f7cfb7468044c90059eec80659a59e48f46a64fe8d57d3f2baa5a9d7b7ea285,data-raw/suppfiles/files/jwh/10.2166_wh.2026.240/jwh0240830supp1.docx,2026-08-20 04:21:51
jwh,111816,10.2166/wh.2026.261,https://iwa.silverchair-cdn.com/iwa/content_public/journal/jwh/24/6/10.2166_wh.2026.261/2/jwh0240844supp1.docx,jwh0240844supp1.docx,2026-08-20 08:29:54,ok,279130,32d24fc00e75534a65e5bd4d19643e38b661f523f303a78aa92e8fa6656d5e6c,data-raw/suppfiles/files/jwh/10.2166_wh.2026.261/jwh0240844supp1.docx,2026-08-20 04:21:54
jwh,31386,10.2166/wh.2010.103,https://iwa.silverchair-cdn.com/iwa/content_public/journal/jwh/9/1/10.2166_wh.2010.103/4/103.pdf,103.pdf,2026-08-21 00:48:30,ok,67305,371f90fb9543e7e8930db913c82c5011892c61d814b7d97af25b56d940a7d792,data-raw/suppfiles/files/jwh/10.2166_wh.2010.103/103.pdf,2026-08-20 04:21:57
jwh,19815,10.2166/wh.2011.155,https://iwa.silverchair-cdn.com/iwa/content_public/journal/jwh/9/3/10.2166_wh.2011.155/4/155.pdf,155.pdf,2026-08-24 01:23:21,ok,76575,6018c30c27e314cad0eaef4bcf65583b36b0c84d574c950349ba051eec31c347,data-raw/suppfiles/files/jwh/10.2166_wh.2011.155/155.pdf,2026-08-20 04:22:00
jwh,1926,10.2166/wh.2012.071,https://iwa.silverchair-cdn.com/iwa/content_public/journal/jwh/10/1/10.2166_wh.2012.071/4/071.pdf,071.pdf,2026-08-23 11:53:21,ok,63515,113a04fa5654f668623f55fc5a1cf383a207ef558d6d1739f64f32959cfc6c64,data-raw/suppfiles/files/jwh/10.2166_wh.2012.071/071.pdf,2026-08-20 04:22:04
jwh,2608,10.2166/wh.2012.117,https://iwa.silverchair-cdn.com/iwa/content_public/journal/jwh/10/2/10.2166_wh.2012.117/4/117.pdf,117.pdf,2026-08-20 14:58:13,ok,55316,67cd8d41c9d8dbbd8ca861581bfbd3d8a3d09b8546b412f6133351a5076106ee,data-raw/suppfiles/files/jwh/10.2166_wh.2012.117/117.pdf,2026-08-20 04:22:06
jwh,2773,10.2166/wh.2012.105,https://iwa.silverchair-cdn.com/iwa/content_public/journal/jwh/11/1/10.2166_wh.2012.105/4/105.pdf,105.pdf,2026-08-25 03:06:38,ok,34274,e3d543d4209f7ca4e9d910bb7699f4e0009872cc405fb44d7622148987652f86,data-raw/suppfiles/files/jwh/10.2166_wh.2012.105/105.pdf,2026-08-20 04:22:11
jwh,2790,10.2166/wh.2012.121,https://iwa.silverchair-cdn.com/iwa/content_public/journal/jwh/11/1/10.2166_wh.2012.121/4/121.pdf,121.pdf,2026-08-25 14:31:48,ok,38937,ee2197e2207473390d13ab732d173b8a0d4965d6e1312677e440ef6106554686,data-raw/suppfiles/files/jwh/10.2166_wh.2012.121/121.pdf,2026-08-20 04:22:15
jwh,2787,10.2166/wh.2013.104,https://iwa.silverchair-cdn.com/iwa/content_public/journal/jwh/11/1/10.2166_wh.2013.104/4/104.pdf,104.pdf,2026-08-20 06:54:29,ok,36722,99f82e46d6eab217a2a4147228d1ef38ba56efbc4391ec1ab7eaae1b769dc112,data-raw/suppfiles/files/jwh/10.2166_wh.2013.104/104.pdf,2026-08-20 04:22:17
jwh,15831,10.2166/wh.2013.225,https://iwa.silverchair-cdn.com/iwa/content_public/journal/jwh/11/2/10.2166_wh.2013.225/4/225.pdf,225.pdf,2026-08-20 10:28:43,ok,69250,ca46e83c0d6f6bcff3afa69a464c425a88144000f3987c50ac8143554ab8ea7e,data-raw/suppfiles/files/jwh/10.2166_wh.2013.225/225.pdf,2026-08-20 04:22:22
jwh,15839,10.2166/wh.2013.139,https://iwa.silverchair-cdn.com/iwa/content_public/journal/jwh/11/2/10.2166_wh.2013.139/4/139.pdf,139.pdf,2026-08-24 02:19:11,ok,37476,d76f5bb8c91989abe36653d01ac71fa79967475c27e8b3e88fbd17e044f69f2f,data-raw/suppfiles/files/jwh/10.2166_wh.2013.139/139.pdf,2026-08-20 04:22:26
jwh,1690,10.2166/wh.2013.212,https://iwa.silverchair-cdn.com/iwa/content_public/journal/jwh/11/3/10.2166_wh.2013.212/4/212.pdf,212.pdf,2026-08-20 04:53:31,ok,65411,0623e3c4981d08ceb564a2670b256dba78c621cdd2357cb61e2ebd074e9069f2,data-raw/suppfiles/files/jwh/10.2166_wh.2013.212/212.pdf,2026-08-20 04:22:29
jwh,7937,10.2166/wh.2013.068,https://iwa.silverchair-cdn.com/iwa/content_public/journal/jwh/12/1/10.2166_wh.2013.068/4/068.pdf,068.pdf,2026-08-23 15:41:28,ok,284993,50b6771f020f4f3f3047f3f831b930472f99b3f3c89582f79978ecbe9fa76065,data-raw/suppfiles/files/jwh/10.2166_wh.2013.068/068.pdf,2026-08-20 04:22:34
jwh,562,10.2166/wh.2014.163,https://iwa.silverchair-cdn.com/iwa/content_public/journal/jwh/12/4/10.2166_wh.2014.163/4/063.pdf,063.pdf,2026-08-20 22:00:37,ok,59830,ddd8cb7b00a8c2190797db895bd656cddd58b7456c9e6dfa756f2724f8fd8181,data-raw/suppfiles/files/jwh/10.2166_wh.2014.163/063.pdf,2026-08-20 04:22:38
jwh,571,10.2166/wh.2014.051,https://iwa.silverchair-cdn.com/iwa/content_public/journal/jwh/12/4/10.2166_wh.2014.051/4/051.pdf,051.pdf,2026-08-20 14:18:55,ok,778887,1129ea089157467a1f9281d36ac837efd06f55f632cf1d46752910b833b10bee,data-raw/suppfiles/files/jwh/10.2166_wh.2014.051/051.pdf,2026-08-20 04:22:41
jwh,28219,10.2166/wh.2014.013,https://iwa.silverchair-cdn.com/iwa/content_public/journal/jwh/13/1/10.2166_wh.2014.013/4/013.pdf,013.pdf,2026-08-25 02:27:10,ok,801691,088114e47d4a510ca7ea400aa405d8542ccc913999d72c3838a4f9d614a48a7b,data-raw/suppfiles/files/jwh/10.2166_wh.2014.013/013.pdf,2026-08-20 04:22:46
jwh,28374,10.2166/wh.2014.204,https://iwa.silverchair-cdn.com/iwa/content_public/journal/jwh/13/2/10.2166_wh.2014.204/4/204.pdf,204.pdf,2026-08-26 17:25:48,ok,347561,6eb21984e027be00c127671a9facfcbfcb0131aff4bfb73fa9a36bda6a9cafd6,data-raw/suppfiles/files/jwh/10.2166_wh.2014.204/204.pdf,2026-08-20 04:22:50
jwh,28392,10.2166/wh.2015.210,https://iwa.silverchair-cdn.com/iwa/content_public/journal/jwh/13/3/10.2166_wh.2015.210/4/210.pdf,210.pdf,2026-08-20 21:08:07,ok,146268,3c37067fe7eda183ce6f4b0f5f6d768b51a28baae45f671afe56d63e5627045e,data-raw/suppfiles/files/jwh/10.2166_wh.2015.210/210.pdf,2026-08-20 04:22:53
jwh,28278,10.2166/wh.2015.105,https://iwa.silverchair-cdn.com/iwa/content_public/journal/jwh/14/2/10.2166_wh.2015.105/4/wh2015105supp.pdf,wh2015105supp.pdf,2026-08-22 00:08:33,ok,55195,f0d3fcd7c740025bd1ce1cf50637193f88f3dc8ad7af085673babc88bd9cbe48,data-raw/suppfiles/files/jwh/10.2166_wh.2015.105/wh2015105supp.pdf,2026-08-20 04:22:58
jwh,28283,10.2166/wh.2015.138,https://iwa.silverchair-cdn.com/iwa/content_public/journal/jwh/14/2/10.2166_wh.2015.138/4/wh2015138supp.pdf,wh2015138supp.pdf,2026-08-20 06:48:35,ok,75487,50337a3505f732f70a1bfd75e97155aaad32531cf9081ebf3c91e4b2441a18e2,data-raw/suppfiles/files/jwh/10.2166_wh.2015.138/wh2015138supp.pdf,2026-08-20 04:23:01
jwh,28020,10.2166/wh.2016.002,https://iwa.silverchair-cdn.com/iwa/content_public/journal/jwh/14/5/10.2166_wh.2016.002/4/wh2016002supp.docx,wh2016002supp.docx,2026-08-24 22:22:27,ok,66354,00e12031751145c1f4e8c9041334d0bc88a4e5b5f85050f600bf7a2cba2e4df5,data-raw/suppfiles/files/jwh/10.2166_wh.2016.002/wh2016002supp.docx,2026-08-20 04:23:04
jwh,28030,10.2166/wh.2016.046,https://iwa.silverchair-cdn.com/iwa/content_public/journal/jwh/14/5/10.2166_wh.2016.046/4/wh2016046supp.docx,wh2016046supp.docx,2026-08-22 20:17:28,ok,1702611,38274c6fd98f862fc5963e588791a04a363655eb28469c9737c2f7b3e1affe7b,data-raw/suppfiles/files/jwh/10.2166_wh.2016.046/wh2016046supp.docx,2026-08-20 04:23:08
jwh,28412,10.2166/wh.2016.071,https://iwa.silverchair-cdn.com/iwa/content_public/journal/jwh/14/6/10.2166_wh.2016.071/4/wh2016071supp.docx,wh2016071supp.docx,2026-08-22 14:45:28,ok,20541,8be87257af53d203128f48508af8a6060edac914c17d386336cc61c9d3ae1853,data-raw/suppfiles/files/jwh/10.2166_wh.2016.071/wh2016071supp.docx,2026-08-20 04:23:10
jwh,28257,10.2166/wh.2016.285,https://iwa.silverchair-cdn.com/iwa/content_public/journal/jwh/15/2/10.2166_wh.2016.285/4/wh2016285supp.docx,wh2016285supp.docx,2026-08-20 09:06:45,ok,57948,088d98100bf510e5f6c4971918bf4f776ce0305bc72d03aeca6fc2200fce9104,data-raw/suppfiles/files/jwh/10.2166_wh.2016.285/wh2016285supp.docx,2026-08-20 04:23:15
jwh,28267,10.2166/wh.2016.132,https://iwa.silverchair-cdn.com/iwa/content_public/journal/jwh/15/2/10.2166_wh.2016.132/4/wh2016132supp.docx,wh2016132supp.docx,2026-08-23 15:57:12,ok,70198,2755b890f3c9dd0497efc3d8b0726fa6c822d1cf04fae9e86ca0439e91c377ac,data-raw/suppfiles/files/jwh/10.2166_wh.2016.132/wh2016132supp.docx,2026-08-20 04:23:17
jwh,28445,10.2166/wh.2017.261,https://iwa.silverchair-cdn.com/iwa/content_public/journal/jwh/15/3/10.2166_wh.2017.261/4/wh2017261supp.docx,wh2017261supp.docx,2026-08-25 21:07:58,ok,13949,ed380b1b297b589a10ab32151bad372189df125dcddf918856a337fd5fd4e9ce,data-raw/suppfiles/files/jwh/10.2166_wh.2017.261/wh2017261supp.docx,2026-08-20 04:23:20
jwh,28458,10.2166/wh.2017.183,https://iwa.silverchair-cdn.com/iwa/content_public/journal/jwh/15/3/10.2166_wh.2017.183/4/wh2017183supp.docx,wh2017183supp.docx,2026-08-27 11:12:16,ok,21615,df716dbdd45aaa1afae96c9ba12c17b94b8c4db15deec79be51f806691cb29db,data-raw/suppfiles/files/jwh/10.2166_wh.2017.183/wh2017183supp.docx,2026-08-20 04:23:23
jwh,28708,10.2166/wh.2017.083,https://iwa.silverchair-cdn.com/iwa/content_public/journal/jwh/15/5/10.2166_wh.2017.083/4/wh2017083supp.docx,wh2017083supp.docx,2026-08-26 08:35:13,ok,14868,2c0102f663cc80a1d19f2669527a0cc9bf6e159f8284030249bbc2623b2dff35,data-raw/suppfiles/files/jwh/10.2166_wh.2017.083/wh2017083supp.docx,2026-08-20 04:23:27
jwh,28736,10.2166/wh.2017.321,https://iwa.silverchair-cdn.com/iwa/content_public/journal/jwh/15/5/10.2166_wh.2017.321/4/wh2017321supp.docx,wh2017321supp.docx,2026-08-21 04:16:39,ok,4249409,4c57e5f145873a0c7f681db123cb156b541e125f021030b3874d6785c1644ee4,data-raw/suppfiles/files/jwh/10.2166_wh.2017.321/wh2017321supp.docx,2026-08-20 04:23:31
jwh,28738,10.2166/wh.2017.054,https://iwa.silverchair-cdn.com/iwa/content_public/journal/jwh/15/5/10.2166_wh.2017.054/4/wh2017054supp.docx,wh2017054supp.docx,2026-08-20 23:43:17,ok,53677,a97648032055c2c700026f869347d96955e8f5bcb3658ebd8b204344f27aea46,data-raw/suppfiles/files/jwh/10.2166_wh.2017.054/wh2017054supp.docx,2026-08-20 04:23:34
jwh,37956,10.2166/wh.2017.100,https://iwa.silverchair-cdn.com/iwa/content_public/journal/jwh/15/6/10.2166_wh.2017.100/2/wh2017100supp.docx,wh2017100supp.docx,2026-08-22 11:34:14,ok,2367318,5561a7ee14df0ae1b7e44f2544a4d165cfc6804ffe2ca5abd77427be31ef6a53,data-raw/suppfiles/files/jwh/10.2166_wh.2017.100/wh2017100supp.docx,2026-08-20 04:23:38
jwh,37982,10.2166/wh.2017.209,https://iwa.silverchair-cdn.com/iwa/content_public/journal/jwh/16/1/10.2166_wh.2017.209/2/wh2017209supp1.docx,wh2017209supp1.docx,2026-08-26 03:03:21,ok,48784,a501b24508602451ea5f0c5271cad92f06c93a328baa1c9a2ba92c43f8f2e9ed,data-raw/suppfiles/files/jwh/10.2166_wh.2017.209/wh2017209supp1.docx,2026-08-20 04:23:42
jwh,37987,10.2166/wh.2017.147,https://iwa.silverchair-cdn.com/iwa/content_public/journal/jwh/16/1/10.2166_wh.2017.147/2/wh2017147supp1.docx,wh2017147supp1.docx,2026-08-28 11:09:42,ok,111448,4adb5dc1a58633fec84aba16e07e2b527de50a23dd22a86a42422400a1250a6f,data-raw/suppfiles/files/jwh/10.2166_wh.2017.147/wh2017147supp1.docx,2026-08-20 04:23:45
jwh,38000,10.2166/wh.2018.261,https://iwa.silverchair-cdn.com/iwa/content_public/journal/jwh/16/2/10.2166_wh.2018.261/2/wh2018261supp1.docx,wh2018261supp1.docx,2026-08-26 06:18:49,ok,78696,d404e2d96a0d35145f89cd462e5b56a98a7b1042b3c594b5cac1275b63a8133a,data-raw/suppfiles/files/jwh/10.2166_wh.2018.261/wh2018261supp1.docx,2026-08-20 04:23:49
jwh,39091,10.2166/wh.2018.187,https://iwa.silverchair-cdn.com/iwa/content_public/journal/jwh/16/3/10.2166_wh.2018.187/1/wh2018187supp1.docx,wh2018187supp1.docx,2026-08-25 10:32:23,ok,533821,732841135f20018f2b853549b60d16e915e508dc61272320ec5b7ab9fc6c23fe,data-raw/suppfiles/files/jwh/10.2166_wh.2018.187/wh2018187supp1.docx,2026-08-20 04:23:51
jwh,39107,10.2166/wh.2018.278,https://iwa.silverchair-cdn.com/iwa/content_public/journal/jwh/16/4/10.2166_wh.2018.278/1/wh2018278supp1.docx,wh2018278supp1.docx,2026-08-21 23:03:40,ok,9186390,80d53c7a6308fe2b38e20d56465c23f8a8909922517324e4a7fed0d709990a20,data-raw/suppfiles/files/jwh/10.2166_wh.2018.278/wh2018278supp1.docx,2026-08-20 04:23:57
jwh,40827,10.2166/wh.2018.281,https://iwa.silverchair-cdn.com/iwa/content_public/journal/jwh/16/4/10.2166_wh.2018.281/1/wh2018281supp1.docx,wh2018281supp1.docx,2026-08-23 16:57:21,ok,1030492,9727072c7fb0aa4b3498685dbcd6ea32e95f2c18506e9e6f457fede5d525ef5f,data-raw/suppfiles/files/jwh/10.2166_wh.2018.281/wh2018281supp1.docx,2026-08-20 04:24:01
jwh,41451,10.2166/wh.2018.033,https://iwa.silverchair-cdn.com/iwa/content_public/journal/jwh/16/5/10.2166_wh.2018.033/1/wh2018033supp.docx,wh2018033supp.docx,2026-08-22 08:54:58,ok,28974,7a14692b8f94d5c95f0d98857f1b16fae2fb3347ef3ba17d3d64f86ed889c9a5,data-raw/suppfiles/files/jwh/10.2166_wh.2018.033/wh2018033supp.docx,2026-08-20 04:24:05
jwh,62802,10.2166/wh.2018.071,https://iwa.silverchair-cdn.com/iwa/content_public/journal/jwh/16/5/10.2166_wh.2018.071/1/wh2018071supp.docx,wh2018071supp.docx,2026-08-27 23:40:56,ok,26386,b57e86d115d5c623474405714666c8b1e58ac53198673d4b7d1ae7ca857ccc7a,data-raw/suppfiles/files/jwh/10.2166_wh.2018.071/wh2018071supp.docx,2026-08-20 04:24:08
jwh,63864,10.2166/wh.2018.067,https://iwa.silverchair-cdn.com/iwa/content_public/journal/jwh/16/6/10.2166_wh.2018.067/1/wh2018067supp.docx,wh2018067supp.docx,2026-08-25 06:04:18,ok,124687,288bb786ca124d0e21c6f0b400f6a0cc6c9d1078536a9e23c4218e4a9499f71d,data-raw/suppfiles/files/jwh/10.2166_wh.2018.067/wh2018067supp.docx,2026-08-20 04:24:12
jwh,65391,10.2166/wh.2019.210,https://iwa.silverchair-cdn.com/iwa/content_public/journal/jwh/17/1/10.2166_wh.2019.210/2/wh2019210supp.docx,wh2019210supp.docx,2026-08-28 04:38:59,ok,1251228,1d0217c4b40c19a669367d64da8ba0c981cac34d033369bea5cd37a4f170bb85,data-raw/suppfiles/files/jwh/10.2166_wh.2019.210/wh2019210supp.docx,2026-08-20 04:24:15
jwh,65174,10.2166/wh.2018.367,https://iwa.silverchair-cdn.com/iwa/content_public/journal/jwh/17/1/10.2166_wh.2018.367/2/wh2018367supp.docx,wh2018367supp.docx,2026-08-21 07:18:06,ok,39646,84a576de9ea0dbb2b25f3b77bc5b7f894da1217914918251ae5af820cef96664,data-raw/suppfiles/files/jwh/10.2166_wh.2018.367/wh2018367supp.docx,2026-08-20 04:24:19
jwh,64494,10.2166/wh.2018.181,https://iwa.silverchair-cdn.com/iwa/content_public/journal/jwh/17/1/10.2166_wh.2018.181/2/wh2018181supp.docx,wh2018181supp.docx,2026-08-28 12:51:24,ok,14228,8d2da8fc9e7bbc84983071ea23a9be4de47063eaded9f4b80b2c91c019fdbd4f,data-raw/suppfiles/files/jwh/10.2166_wh.2018.181/wh2018181supp.docx,2026-08-20 04:24:23
jwh,65143,10.2166/wh.2018.323,https://iwa.silverchair-cdn.com/iwa/content_public/journal/jwh/17/1/10.2166_wh.2018.323/2/wh2018323supp.docx,wh2018323supp.docx,2026-08-23 01:00:40,ok,506590,a6f0a55de5b8fe10f831ca6520f072de4fb9bc2245effffdcaa27262d03b98a1,data-raw/suppfiles/files/jwh/10.2166_wh.2018.323/wh2018323supp.docx,2026-08-20 04:24:27
jwh,65354,10.2166/wh.2018.164,https://iwa.silverchair-cdn.com/iwa/content_public/journal/jwh/17/1/10.2166_wh.2018.164/2/wh2018164supp.docx,wh2018164supp.docx,2026-08-22 12:57:44,ok,61492,5957e0a62f9551158310e7d1ae74258c93da6056ee4bd05c376781779ee38575,data-raw/suppfiles/files/jwh/10.2166_wh.2018.164/wh2018164supp.docx,2026-08-20 04:24:30
jwh,65139,10.2166/wh.2018.243,https://iwa.silverchair-cdn.com/iwa/content_public/journal/jwh/17/1/10.2166_wh.2018.243/2/wh2018243supp.docx,wh2018243supp.docx,2026-08-24 21:29:30,ok,19459,13cf60d1c789973f74ddc3690c5545dc6fefd737e12592375be61fb8ba5d3b4a,data-raw/suppfiles/files/jwh/10.2166_wh.2018.243/wh2018243supp.docx,2026-08-20 04:24:33
jwh,65172,10.2166/wh.2018.224,https://iwa.silverchair-cdn.com/iwa/content_public/journal/jwh/17/2/10.2166_wh.2018.224/13/wh2018224supp.docx,wh2018224supp.docx,2026-08-21 18:09:19,ok,59348,767401e9e737e986a8d39c157a6c8e6e7fe8f5d8ff19eb00c25b39d24f51a668,data-raw/suppfiles/files/jwh/10.2166_wh.2018.224/wh2018224supp.docx,2026-08-20 04:24:36
jwh,65559,10.2166/wh.2019.165,https://iwa.silverchair-cdn.com/iwa/content_public/journal/jwh/17/2/10.2166_wh.2019.165/13/wh2019165supp.docx,wh2019165supp.docx,2026-08-23 22:45:04,ok,17182,0724c264967841aa180947274d4bdb5019a50fdba6a9716dbcb5f9fb41426d8c,data-raw/suppfiles/files/jwh/10.2166_wh.2019.165/wh2019165supp.docx,2026-08-20 04:24:39
jwh,66177,10.2166/wh.2019.282,https://iwa.silverchair-cdn.com/iwa/content_public/journal/jwh/17/2/10.2166_wh.2019.282/13/wh2019282supp.docx,wh2019282supp.docx,2026-08-23 03:45:22,ok,71039,b46d30a04700b6706908bd92637816508e7015e543f3483f2b9689ff2560086c,data-raw/suppfiles/files/jwh/10.2166_wh.2019.282/wh2019282supp.docx,2026-08-20 04:24:41
jwh,66178,10.2166/wh.2019.295,https://iwa.silverchair-cdn.com/iwa/content_public/journal/jwh/17/3/10.2166_wh.2019.295/8/wh2019295supp.docx,wh2019295supp.docx,2026-08-23 08:46:42,ok,453872,7c9c3a1576646df1b69cb367bb1b06d3618350eacea607e2fb5e77c3ce62a03a,data-raw/suppfiles/files/jwh/10.2166_wh.2019.295/wh2019295supp.docx,2026-08-20 04:24:46
jwh,66484,10.2166/wh.2019.124,https://iwa.silverchair-cdn.com/iwa/content_public/journal/jwh/17/3/10.2166_wh.2019.124/8/wh2019124supp.pdf,wh2019124supp.pdf,2026-08-20 14:11:29,ok,996681,59e3080df011433f0356d1843117d23742535ab7e612a3a42b2430b3dd3cef47,data-raw/suppfiles/files/jwh/10.2166_wh.2019.124/wh2019124supp.pdf,2026-08-20 04:24:50
jwh,67601,10.2166/wh.2019.064,https://iwa.silverchair-cdn.com/iwa/content_public/journal/jwh/17/4/10.2166_wh.2019.064/3/wh2019064supp.docx,wh2019064supp.docx,2026-08-27 13:42:35,ok,15331,45f81d435b9bb1e5913ebe951f6d93683cb4c9486473697ba4d217148d75b1b6,data-raw/suppfiles/files/jwh/10.2166_wh.2019.064/wh2019064supp.docx,2026-08-20 04:24:53
jwh,67697,10.2166/wh.2019.272,https://iwa.silverchair-cdn.com/iwa/content_public/journal/jwh/17/4/10.2166_wh.2019.272/3/wh2019272supp.docx,wh2019272supp.docx,2026-08-26 23:36:38,ok,777246,526da66dbc6ca0075a591c1e4f1356e7aab9d59eba318b32f3305e1d71429678,data-raw/suppfiles/files/jwh/10.2166_wh.2019.272/wh2019272supp.docx,2026-08-20 04:24:57
jwh,67628,10.2166/wh.2019.044,https://iwa.silverchair-cdn.com/iwa/content_public/journal/jwh/17/4/10.2166_wh.2019.044/3/wh2019044supp.docx,wh2019044supp.docx,2026-08-23 17:43:46,ok,66663,31b35f380ab263637c5a964135d5775df827bdc7741969a8889f4ce28d212b6e,data-raw/suppfiles/files/jwh/10.2166_wh.2019.044/wh2019044supp.docx,2026-08-20 04:25:00
jwh,69035,10.2166/wh.2019.054,https://iwa.silverchair-cdn.com/iwa/content_public/journal/jwh/17/5/10.2166_wh.2019.054/1/wh2019054supp.docx,wh2019054supp.docx,2026-08-21 01:57:09,ok,1943344,99bf71f783d03dd8dff9e91b9b8d01c255d04dc98d1e4fac57525428bf46e75a,data-raw/suppfiles/files/jwh/10.2166_wh.2019.054/wh2019054supp.docx,2026-08-20 04:25:05
jwh,68123,10.2166/wh.2019.216,https://iwa.silverchair-cdn.com/iwa/content_public/journal/jwh/17/5/10.2166_wh.2019.216/1/wh2019216supp.docx,wh2019216supp.docx,2026-08-21 11:13:48,ok,893481,c6813ae1f6fa038b695049a0a36c39a01e2abb0d33534ce9ddbb019610b77cd6,data-raw/suppfiles/files/jwh/10.2166_wh.2019.216/wh2019216supp.docx,2026-08-20 04:25:10
jwh,70024,10.2166/wh.2019.060,https://iwa.silverchair-cdn.com/iwa/content_public/journal/jwh/17/6/10.2166_wh.2019.060/2/jwh2019060supp.docx,jwh2019060supp.docx,2026-08-23 12:16:53,ok,832989,7af4afad1d700e23bafe3c54df7ead2d032ce4ffefcb9a77dde53c54f36fb67e,data-raw/suppfiles/files/jwh/10.2166_wh.2019.060/jwh2019060supp.docx,2026-08-20 04:25:14
jwh,73007,10.2166/wh.2020.096,https://iwa.silverchair-cdn.com/iwa/content_public/journal/jwh/18/2/10.2166_wh.2020.096/5/jwh2020096supp.pdf,jwh2020096supp.pdf,2026-08-28 13:17:41,ok,306909,44ff9d60cc74d78a0c2ee5d5fa9ba30df729a2fd2899929e39f33c92bd961a19,data-raw/suppfiles/files/jwh/10.2166_wh.2020.096/jwh2020096supp.pdf,2026-08-20 04:25:17
jwh,71985,10.2166/wh.2020.088,https://iwa.silverchair-cdn.com/iwa/content_public/journal/jwh/18/2/10.2166_wh.2020.088/5/jwh2020088supp.docx,jwh2020088supp.docx,2026-08-24 16:04:12,ok,930569,0836a525c73224fae2e98b5422064a5d490eebe32258e69181bd61cc43021983,data-raw/suppfiles/files/jwh/10.2166_wh.2020.088/jwh2020088supp.docx,2026-08-20 04:25:20
jwh,72313,10.2166/wh.2020.182,https://iwa.silverchair-cdn.com/iwa/content_public/journal/jwh/18/2/10.2166_wh.2020.182/5/jwh2020182supp.docx,jwh2020182supp.docx,2026-08-28 13:18:35,ok,1098743,7e675aa50764079a7a61972fbb42a00e227c500cc4496bce44f7015b68f1beaa,data-raw/suppfiles/files/jwh/10.2166_wh.2020.182/jwh2020182supp.docx,2026-08-20 04:25:24
jwh,73372,10.2166/wh.2020.213,https://iwa.silverchair-cdn.com/iwa/content_public/journal/jwh/18/3/10.2166_wh.2020.213/2/jwh2020213supp.pdf,jwh2020213supp.pdf,2026-08-24 17:32:06,ok,2117678,877e597e452f487a78bbf8b18caa2798e6b33d58e2c962eb7a1ccb85850f9349,data-raw/suppfiles/files/jwh/10.2166_wh.2020.213/jwh2020213supp.pdf,2026-08-20 04:25:27
jwh,73992,10.2166/wh.2020.221,https://iwa.silverchair-cdn.com/iwa/content_public/journal/jwh/18/3/10.2166_wh.2020.221/2/jwh2020221supp.docx,jwh2020221supp.docx,2026-08-20 05:58:27,ok,70934,0726655b00342203aef14508f04009ed27d0c888f15edf2c19a5f052a28a7bed,data-raw/suppfiles/files/jwh/10.2166_wh.2020.221/jwh2020221supp.docx,2026-08-20 04:25:32
jwh,74278,10.2166/wh.2020.227,https://iwa.silverchair-cdn.com/iwa/content_public/journal/jwh/18/3/10.2166_wh.2020.227/2/jwh2020227supp.docx,jwh2020227supp.docx,2026-08-26 18:16:49,ok,13299075,df6133d7c3f208275dd7d011512f69aed841af065f0ab25a6f7d8f2d01358cf4,data-raw/suppfiles/files/jwh/10.2166_wh.2020.227/jwh2020227supp.docx,2026-08-20 04:25:36
jwh,74432,10.2166/wh.2020.029,https://iwa.silverchair-cdn.com/iwa/content_public/journal/jwh/18/4/10.2166_wh.2020.029/1/jwh2020029supp.xlsx,jwh2020029supp.xlsx,2026-08-22 11:22:36,ok,45349,222d830b0914916e83edf8113a2e3830d455cd63023ce2af9cb04c3ad7a1d76a,data-raw/suppfiles/files/jwh/10.2166_wh.2020.029/jwh2020029supp.xlsx,2026-08-20 04:25:40
jwh,75064,10.2166/wh.2020.053,https://iwa.silverchair-cdn.com/iwa/content_public/journal/jwh/18/4/10.2166_wh.2020.053/1/jwh2020053supp.docx,jwh2020053supp.docx,2026-08-24 21:07:03,ok,137071,03e0002d76f1cae1cde11e7043bde7120f563e8d8144e877d6b3722f9b444e83,data-raw/suppfiles/files/jwh/10.2166_wh.2020.053/jwh2020053supp.docx,2026-08-20 04:25:43
jwh,75618,10.2166/wh.2020.042,https://iwa.silverchair-cdn.com/iwa/content_public/journal/jwh/18/5/10.2166_wh.2020.042/1/jwh2020042supp.docx,jwh2020042supp.docx,2026-08-27 05:04:12,ok,26438,8edb362a3235d3f4b600622de04730e4c8d8a651c199b791ac4a672ac6fd80b6,data-raw/suppfiles/files/jwh/10.2166_wh.2020.042/jwh2020042supp.docx,2026-08-20 04:25:47
jwh,76129,10.2166/wh.2020.220,https://iwa.silverchair-cdn.com/iwa/content_public/journal/jwh/18/5/10.2166_wh.2020.220/1/jwh2020220supp.pdf,jwh2020220supp.pdf,2026-08-20 06:07:38,ok,269174,119770092eb7435395f0de0e81773714dede0d9344accb4750529343ba1e1a37,data-raw/suppfiles/files/jwh/10.2166_wh.2020.220/jwh2020220supp.pdf,2026-08-20 04:25:49
jwh,75761,10.2166/wh.2020.086,https://iwa.silverchair-cdn.com/iwa/content_public/journal/jwh/18/5/10.2166_wh.2020.086/1/jwh2020086supp.docx,jwh2020086supp.docx,2026-08-25 04:44:59,ok,1250671,48c3ac1df499b64ec95c70badc92f1dc016e33d17abeb1eb3a5972456ba5ab15,data-raw/suppfiles/files/jwh/10.2166_wh.2020.086/jwh2020086supp.docx,2026-08-20 04:25:53
jwh,75762,10.2166/wh.2020.100,https://iwa.silverchair-cdn.com/iwa/content_public/journal/jwh/18/5/10.2166_wh.2020.100/1/jwh2020100supp.pdf,jwh2020100supp.pdf,2026-08-26 01:44:46,ok,306330,578331726479e201f57ba6ea955db0e794b34fe24a50792d1737880198267233,data-raw/suppfiles/files/jwh/10.2166_wh.2020.100/jwh2020100supp.pdf,2026-08-20 04:25:57
jwh,75998,10.2166/wh.2020.271,https://iwa.silverchair-cdn.com/iwa/content_public/journal/jwh/18/5/10.2166_wh.2020.271/1/jwh2020271supp.docx,jwh2020271supp.docx,2026-08-27 13:02:25,ok,406522,6259ae95fdcce9d89abcde22a38d6a8f27a58725fb205d570bdcef88e244cb26,data-raw/suppfiles/files/jwh/10.2166_wh.2020.271/jwh2020271supp.docx,2026-08-20 04:26:02
jwh,76519,10.2166/wh.2020.018,https://iwa.silverchair-cdn.com/iwa/content_public/journal/jwh/18/6/10.2166_wh.2020.018/2/jwh2020018supp.docx,jwh2020018supp.docx,2026-08-20 08:20:15,ok,704541,11291d992a3bde58df269d13f07e48a2d19a34dc9f447b0f92d2dd1dc161245f,data-raw/suppfiles/files/jwh/10.2166_wh.2020.018/jwh2020018supp.docx,2026-08-20 04:26:07
jwh,77704,10.2166/wh.2020.093,https://iwa.silverchair-cdn.com/iwa/content_public/journal/jwh/18/6/10.2166_wh.2020.093/2/jwh2020093supp.docx,jwh2020093supp.docx,2026-08-22 11:53:45,ok,55993,d345b6d059dd5871da61f23afe81ec55ff874b240165f7d7c6d9ad0a8ef2dc71,data-raw/suppfiles/files/jwh/10.2166_wh.2020.093/jwh2020093supp.docx,2026-08-20 04:26:11
jwh,78246,10.2166/wh.2020.115,https://iwa.silverchair-cdn.com/iwa/content_public/journal/jwh/19/1/10.2166_wh.2020.115/1/jwh2020115supp.docx,jwh2020115supp.docx,2026-08-23 02:57:11,ok,1686767,eddab9e4603de4b24f501eaf6a52a7fe7261c59d4b2a96254b0fa96df1ec5fa3,data-raw/suppfiles/files/jwh/10.2166_wh.2020.115/jwh2020115supp.docx,2026-08-20 04:26:14
jwh,79854,10.2166/wh.2021.247,https://iwa.silverchair-cdn.com/iwa/content_public/journal/jwh/19/2/10.2166_wh.2021.247/1/jwh2021247supp1.png,jwh2021247supp1.png,2026-08-20 22:09:24,ok,37608,d850fa686a50ed6007faa6dbd50e34e2af61819dfa4dd3d8534d5a29d8cdf4d2,data-raw/suppfiles/files/jwh/10.2166_wh.2021.247/jwh2021247supp1.png,2026-08-20 04:26:18
jwh,79854,10.2166/wh.2021.247,https://iwa.silverchair-cdn.com/iwa/content_public/journal/jwh/19/2/10.2166_wh.2021.247/1/jwh2021247supp2.png,jwh2021247supp2.png,2026-08-20 22:09:24,ok,786256,778a6b3053d7c4ea818bed7bc0cedac58171e82aa96907c4bacf799c6b35e4a8,data-raw/suppfiles/files/jwh/10.2166_wh.2021.247/jwh2021247supp2.png,2026-08-20 04:26:23
jwh,79854,10.2166/wh.2021.247,https://iwa.silverchair-cdn.com/iwa/content_public/journal/jwh/19/2/10.2166_wh.2021.247/1/jwh2021247supp3.png,jwh2021247supp3.png,2026-08-20 22:09:24,ok,430522,ff0eae4ac9c4f99579dcf20ac0622a3217c64ed5865be5b8d156c576e3934cac,data-raw/suppfiles/files/jwh/10.2166_wh.2021.247/jwh2021247supp3.png,2026-08-20 04:26:26
jwh,79854,10.2166/wh.2021.247,https://iwa.silverchair-cdn.com/iwa/content_public/journal/jwh/19/2/10.2166_wh.2021.247/1/jwh2021247supp4.png,jwh2021247supp4.png,2026-08-20 22:09:24,ok,546783,44ef5d6e8ac871aeac09605b6e2813915ac35beda06913b0a47324dd6e11f0de,data-raw/suppfiles/files/jwh/10.2166_wh.2021.247/jwh2021247supp4.png,2026-08-20 04:26:29
jwh,80350,10.2166/wh.2021.150,https://iwa.silverchair-cdn.com/iwa/content_public/journal/jwh/19/2/10.2166_wh.2021.150/1/jwh2021150supp.docx,jwh2021150supp.docx,2026-08-23 14:32:07,ok,17655,7d3a67883ee7340168296a4a874c059d2d6c0c32323a03a51538d37dc099d6d5,data-raw/suppfiles/files/jwh/10.2166_wh.2021.150/jwh2021150supp.docx,2026-08-20 04:26:32
jwh,81997,10.2166/wh.2021.051,https://iwa.silverchair-cdn.com/iwa/content_public/journal/jwh/19/3/10.2166_wh.2021.051/2/jwh2021051supp.docx,jwh2021051supp.docx,2026-08-21 06:45:45,ok,229447,a40371143642f261464cdbab11ac9b4ba826ad7b2d1d76a4675bd5ac1d39d635,data-raw/suppfiles/files/jwh/10.2166_wh.2021.051/jwh2021051supp.docx,2026-08-20 04:26:35
jwh,83535,10.2166/wh.2021.011,https://iwa.silverchair-cdn.com/iwa/content_public/journal/jwh/19/5/10.2166_wh.2021.011/1/jwh2021011supp.docx,jwh2021011supp.docx,2026-08-20 08:24:51,ok,56213,03fd716b61e33c62daa70c71b4ca65b31679666e860cd6a119a4d73e7e733e6c,data-raw/suppfiles/files/jwh/10.2166_wh.2021.011/jwh2021011supp.docx,2026-08-20 04:26:38
jwh,84117,10.2166/wh.2021.031,https://iwa.silverchair-cdn.com/iwa/content_public/journal/jwh/19/5/10.2166_wh.2021.031/1/jwh2021031supp.docx,jwh2021031supp.docx,2026-08-21 09:04:18,ok,601938,9ef5fae4c1004d5e8dd4cbddb43574eb35836896b6c5838319837879453ce38a,data-raw/suppfiles/files/jwh/10.2166_wh.2021.031/jwh2021031supp.docx,2026-08-20 04:26:42
jwh,84531,10.2166/wh.2021.171,https://iwa.silverchair-cdn.com/iwa/content_public/journal/jwh/19/6/10.2166_wh.2021.171/1/jwh2021171supp.docx,jwh2021171supp.docx,2026-08-23 06:28:46,ok,22753,db4256ccfc94a9c8b1eb8d01fe30581da9c12400e94b3110bacda2844ee45419,data-raw/suppfiles/files/jwh/10.2166_wh.2021.171/jwh2021171supp.docx,2026-08-20 04:26:44
jwh,84206,10.2166/wh.2021.091,https://iwa.silverchair-cdn.com/iwa/content_public/journal/jwh/19/6/10.2166_wh.2021.091/1/jwh2021091supp.doc,jwh2021091supp.doc,2026-08-26 17:34:16,ok,3379712,cd4943e8d4b445e07ded993011222db0c7a3434bcb95828037c2566bdc0f52c6,data-raw/suppfiles/files/jwh/10.2166_wh.2021.091/jwh2021091supp.doc,2026-08-20 04:26:48
jwh,85322,10.2166/wh.2021.018,https://iwa.silverchair-cdn.com/iwa/content_public/journal/jwh/20/1/10.2166_wh.2021.018/2/jwh2021018supp1.pdf,jwh2021018supp1.pdf,2026-08-21 15:12:31,ok,186281,b1a281d00de3d08c53de6c2fe75a97fbc8c3f964f6aa8e0758cd58c7319d11a9,data-raw/suppfiles/files/jwh/10.2166_wh.2021.018/jwh2021018supp1.pdf,2026-08-20 04:26:51
jwh,85322,10.2166/wh.2021.018,https://iwa.silverchair-cdn.com/iwa/content_public/journal/jwh/20/1/10.2166_wh.2021.018/2/jwh2021018supp2.docx,jwh2021018supp2.docx,2026-08-21 15:12:31,ok,33139,b395d118a4e8f60061c9cbb3f173d02b5bc71b61954be0f5a28fb654f6af2912,data-raw/suppfiles/files/jwh/10.2166_wh.2021.018/jwh2021018supp2.docx,2026-08-20 04:26:54
jwh,85838,10.2166/wh.2021.064,https://iwa.silverchair-cdn.com/iwa/content_public/journal/jwh/20/1/10.2166_wh.2021.064/2/jwh2021064supp1.xlsx,jwh2021064supp1.xlsx,2026-08-22 15:20:54,ok,10360,9b9ff0d2218590d4255bab698f331824be951f85b13953de6c8c9632d8967777,data-raw/suppfiles/files/jwh/10.2166_wh.2021.064/jwh2021064supp1.xlsx,2026-08-20 04:26:57
jwh,85838,10.2166/wh.2021.064,https://iwa.silverchair-cdn.com/iwa/content_public/journal/jwh/20/1/10.2166_wh.2021.064/2/jwh2021064supp2.docx,jwh2021064supp2.docx,2026-08-22 15:20:54,ok,17602,95667eccc27559fa9e700cd0e2635ef279a80ab1a7c23542e5ac1096e571f2d9,data-raw/suppfiles/files/jwh/10.2166_wh.2021.064/jwh2021064supp2.docx,2026-08-20 04:27:01
jwh,85838,10.2166/wh.2021.064,https://iwa.silverchair-cdn.com/iwa/content_public/journal/jwh/20/1/10.2166_wh.2021.064/2/jwh2021064supp3.docx,jwh2021064supp3.docx,2026-08-22 15:20:54,ok,18978,87c1f79817b2456de9b37ea49cff79966a3dbfd6cc05f2a6f340da8497d45065,data-raw/suppfiles/files/jwh/10.2166_wh.2021.064/jwh2021064supp3.docx,2026-08-20 04:27:05
jwh,85838,10.2166/wh.2021.064,https://iwa.silverchair-cdn.com/iwa/content_public/journal/jwh/20/1/10.2166_wh.2021.064/2/jwh2021064supp4.xlsx,jwh2021064supp4.xlsx,2026-08-22 15:20:54,ok,12887,dcde5c416ca4b567fb878d6d765e90187cfc27006263ee78dc2f6cc5b5955e7f,data-raw/suppfiles/files/jwh/10.2166_wh.2021.064/jwh2021064supp4.xlsx,2026-08-20 04:27:09
jwh,85846,10.2166/wh.2021.127,https://iwa.silverchair-cdn.com/iwa/content_public/journal/jwh/20/1/10.2166_wh.2021.127/2/jwh2021127supp.docx,jwh2021127supp.docx,2026-08-24 04:14:53,ok,23789,b2b59b65840b9fa00d13e76d5f873c641b8e74bf8f8889a5ed78d60f726a21b5,data-raw/suppfiles/files/jwh/10.2166_wh.2021.127/jwh2021127supp.docx,2026-08-20 04:27:11
jwh,84323,10.2166/wh.2021.167,https://iwa.silverchair-cdn.com/iwa/content_public/journal/jwh/20/1/10.2166_wh.2021.167/2/jwh2021167supp.docx,jwh2021167supp.docx,2026-08-20 05:25:29,ok,2303114,111e26487f9a617e8ade54bbc8c42a93d9a970b9c7fe7aa7bb21c45285d622ac,data-raw/suppfiles/files/jwh/10.2166_wh.2021.167/jwh2021167supp.docx,2026-08-20 04:27:14
jwh,85898,10.2166/wh.2021.169,https://iwa.silverchair-cdn.com/iwa/content_public/journal/jwh/20/1/10.2166_wh.2021.169/2/jwh2021169supp.docx,jwh2021169supp.docx,2026-08-27 18:36:59,ok,71918,1a84be850fb7f2bb20bc4f2f8191fe8baac25ab8f48d6a8bb64c94d09f5c6bc3,data-raw/suppfiles/files/jwh/10.2166_wh.2021.169/jwh2021169supp.docx,2026-08-20 04:27:17
jwh,85852,10.2166/wh.2021.312,https://iwa.silverchair-cdn.com/iwa/content_public/journal/jwh/20/1/10.2166_wh.2021.312/2/jwh2021312supp.docx,jwh2021312supp.docx,2026-08-20 21:47:37,ok,19341,6931e4c319b2711741124afee06c122f1934d5aa512bfb2e94e7e54c0a58a0a4,data-raw/suppfiles/files/jwh/10.2166_wh.2021.312/jwh2021312supp.docx,2026-08-20 04:27:20
jwh,85933,10.2166/wh.2021.152,https://iwa.silverchair-cdn.com/iwa/content_public/journal/jwh/20/1/10.2166_wh.2021.152/2/jwh2021152supp.docx,jwh2021152supp.docx,2026-08-20 06:53:20,ok,32587,187165c6d53e059dd93a41dc3e402e6bb4b0ba28af739da1511cbe4688a3ef79,data-raw/suppfiles/files/jwh/10.2166_wh.2021.152/jwh2021152supp.docx,2026-08-20 04:27:24
jwh,86945,10.2166/wh.2022.190,https://iwa.silverchair-cdn.com/iwa/content_public/journal/jwh/20/2/10.2166_wh.2022.190/2/jwh2022190supp.docx,jwh2022190supp.docx,2026-08-25 19:29:34,ok,224735,911726782f9e46718f795de9a61ef2460f8d1d1157babcb41256d2ac6b3984ee,data-raw/suppfiles/files/jwh/10.2166_wh.2022.190/jwh2022190supp.docx,2026-08-20 04:27:26
jwh,86325,10.2166/wh.2022.218,https://iwa.silverchair-cdn.com/iwa/content_public/journal/jwh/20/2/10.2166_wh.2022.218/2/jwh2022218supp1.docx,jwh2022218supp1.docx,2026-08-21 17:11:53,ok,1266584,655550d6a41c367b7a171b6f5f5add76bc644175f347cba6705eb18096310400,data-raw/suppfiles/files/jwh/10.2166_wh.2022.218/jwh2022218supp1.docx,2026-08-20 04:27:29
jwh,86325,10.2166/wh.2022.218,https://iwa.silverchair-cdn.com/iwa/content_public/journal/jwh/20/2/10.2166_wh.2022.218/2/jwh2022218supp2.xlsx,jwh2022218supp2.xlsx,2026-08-21 17:11:53,ok,81675,31f2086a718909d676668128ae019f8f1f9fce52ae76aca81f1a77d325de8641,data-raw/suppfiles/files/jwh/10.2166_wh.2022.218/jwh2022218supp2.xlsx,2026-08-20 04:27:33
jwh,86497,10.2166/wh.2022.232,https://iwa.silverchair-cdn.com/iwa/content_public/journal/jwh/20/2/10.2166_wh.2022.232/2/jwh2022232supp.docx,jwh2022232supp.docx,2026-08-24 16:32:36,ok,46708,0e1bf127f071b6a749364547b603014b991bfeb0115507d40f579e2d089727a0,data-raw/suppfiles/files/jwh/10.2166_wh.2022.232/jwh2022232supp.docx,2026-08-20 04:27:37
jwh,86883,10.2166/wh.2022.183,https://iwa.silverchair-cdn.com/iwa/content_public/journal/jwh/20/2/10.2166_wh.2022.183/2/jwh2022183supp.docx,jwh2022183supp.docx,2026-08-26 06:57:50,ok,87150,65a43e8376c14b053dd4dd9d73fafc2f03ad6885b16881657944ea1e5f865197,data-raw/suppfiles/files/jwh/10.2166_wh.2022.183/jwh2022183supp.docx,2026-08-20 04:27:42
jwh,86979,10.2166/wh.2022.233,https://iwa.silverchair-cdn.com/iwa/content_public/journal/jwh/20/3/10.2166_wh.2022.233/1/jwh2022233supp.docx,jwh2022233supp.docx,2026-08-23 12:51:33,ok,268415,c1587bf79adf90162d876927db51f3fa538061de67f937ae55c94fa7aa897297,data-raw/suppfiles/files/jwh/10.2166_wh.2022.233/jwh2022233supp.docx,2026-08-20 04:27:46
jwh,88088,10.2166/wh.2022.252,https://iwa.silverchair-cdn.com/iwa/content_public/journal/jwh/20/4/10.2166_wh.2022.252/1/jwh2022252supp.docx,jwh2022252supp.docx,2026-08-22 01:19:16,ok,500114,b338fb845fab7e0ec304aacda262d09327c48ea9d7c9f4af5f82cc4b959369a2,data-raw/suppfiles/files/jwh/10.2166_wh.2022.252/jwh2022252supp.docx,2026-08-20 04:27:49
jwh,87615,10.2166/wh.2022.285,https://iwa.silverchair-cdn.com/iwa/content_public/journal/jwh/20/4/10.2166_wh.2022.285/1/jwh2022285supp.docx,jwh2022285supp.docx,2026-08-20 23:32:32,ok,410704,445699a6e84fc39ddf84b84e306195208267392d5c0d7e5fd0181c4cf132f44e,data-raw/suppfiles/files/jwh/10.2166_wh.2022.285/jwh2022285supp.docx,2026-08-20 04:27:53
jwh,88199,10.2166/wh.2022.312,https://iwa.silverchair-cdn.com/iwa/content_public/journal/jwh/20/4/10.2166_wh.2022.312/1/jwh2022312supp.docx,jwh2022312supp.docx,2026-08-20 20:44:03,ok,305159,15e4bf2c8169edb38e87cf46488097fe955be82e0e51c3dceae256434e915cfc,data-raw/suppfiles/files/jwh/10.2166_wh.2022.312/jwh2022312supp.docx,2026-08-20 04:27:57
jwh,88197,10.2166/wh.2022.014,https://iwa.silverchair-cdn.com/iwa/content_public/journal/jwh/20/4/10.2166_wh.2022.014/1/jwh2022014supp.docx,jwh2022014supp.docx,2026-08-20 12:22:43,ok,294034,d5c2ec5377364f6d74f3e09dc4876b3161ad1f536df0a991329b10ae6c916151,data-raw/suppfiles/files/jwh/10.2166_wh.2022.014/jwh2022014supp.docx,2026-08-20 04:28:02
jwh,88145,10.2166/wh.2022.294,https://iwa.silverchair-cdn.com/iwa/content_public/journal/jwh/20/5/10.2166_wh.2022.294/1/jwh2022294supp.docx,jwh2022294supp.docx,2026-08-27 08:46:19,ok,142269,e4deef321ebb51b5a814f7df8bd12ecee47cc85ee930d75552fb1bd1805a3005,data-raw/suppfiles/files/jwh/10.2166_wh.2022.294/jwh2022294supp.docx,2026-08-20 04:28:06
jwh,88298,10.2166/wh.2022.296,https://iwa.silverchair-cdn.com/iwa/content_public/journal/jwh/20/5/10.2166_wh.2022.296/1/jwh2022296supp.docx,jwh2022296supp.docx,2026-08-22 14:20:30,ok,148796,92ad4700eb4f34e51104801e9e3d496ecb81e0e15ee2b7918eea600ca3df3302,data-raw/suppfiles/files/jwh/10.2166_wh.2022.296/jwh2022296supp.docx,2026-08-20 04:28:10
jwh,89166,10.2166/wh.2022.276,https://iwa.silverchair-cdn.com/iwa/content_public/journal/jwh/20/7/10.2166_wh.2022.276/1/jwh2022276supp.docx,jwh2022276supp.docx,2026-08-23 00:23:33,ok,993346,bf28a1b85031edd91fd10ab9a356bbb97e6d7f6f21254d4667b09db097685be6,data-raw/suppfiles/files/jwh/10.2166_wh.2022.276/jwh2022276supp.docx,2026-08-20 04:28:13
jwh,89624,10.2166/wh.2022.117,https://iwa.silverchair-cdn.com/iwa/content_public/journal/jwh/20/7/10.2166_wh.2022.117/1/jwh2022117supp1.xlsx,jwh2022117supp1.xlsx,2026-08-26 02:45:37,ok,43228,1686aa85001d9fcc5c131de559a866bcc9e5c226278997cd732502429f56482f,data-raw/suppfiles/files/jwh/10.2166_wh.2022.117/jwh2022117supp1.xlsx,2026-08-20 04:28:16
jwh,89787,10.2166/wh.2022.115,https://iwa.silverchair-cdn.com/iwa/content_public/journal/jwh/20/8/10.2166_wh.2022.115/2/jwh0201223supp1.docx,jwh0201223supp1.docx,2026-08-20 05:37:49,ok,1400741,c4b27322299bc69968e2a83dcdf85adc35e4140b215c5e974da9d173d729b3da,data-raw/suppfiles/files/jwh/10.2166_wh.2022.115/jwh0201223supp1.docx,2026-08-20 04:28:19
jwh,90176,10.2166/wh.2022.026,https://iwa.silverchair-cdn.com/iwa/content_public/journal/jwh/20/9/10.2166_wh.2022.026/2/jwh0201284supp1.docx,jwh0201284supp1.docx,2026-08-28 07:02:52,ok,136110,2bc0e9150e5af9629584e2f85d1a4dc400c4fbed0b24e2d81c9d22d7f1489a70,data-raw/suppfiles/files/jwh/10.2166_wh.2022.026/jwh0201284supp1.docx,2026-08-20 04:28:23
jwh,91409,10.2166/wh.2022.048,https://iwa.silverchair-cdn.com/iwa/content_public/journal/jwh/20/10/10.2166_wh.2022.048/2/jwh0201479supp1.docx,jwh0201479supp1.docx,2026-08-28 14:59:28,ok,50663,ad3327f64fdf25d84e3bc7ba7b0d54f380cb073b6a31fd74704e7d37765dc144,data-raw/suppfiles/files/jwh/10.2166_wh.2022.048/jwh0201479supp1.docx,2026-08-20 04:28:26
jwh,91090,10.2166/wh.2022.061,https://iwa.silverchair-cdn.com/iwa/content_public/journal/jwh/20/10/10.2166_wh.2022.061/2/jwh0201497supp1.docx,jwh0201497supp1.docx,2026-08-20 21:37:33,ok,380760,13675d877fadfc2801bbdbc8d9df889851938a37f58559f987f3f9be4222a573,data-raw/suppfiles/files/jwh/10.2166_wh.2022.061/jwh0201497supp1.docx,2026-08-20 04:28:30
jwh,90419,10.2166/wh.2022.201,https://iwa.silverchair-cdn.com/iwa/content_public/journal/jwh/20/10/10.2166_wh.2022.201/2/jwh0201517supp1.doc,jwh0201517supp1.doc,2026-08-21 04:39:41,ok,345088,3cbf6d563c7dc83551ea514522cc5696d37c297294782ee61878626a50981c10,data-raw/suppfiles/files/jwh/10.2166_wh.2022.201/jwh0201517supp1.doc,2026-08-20 04:28:33
jwh,90419,10.2166/wh.2022.201,https://iwa.silverchair-cdn.com/iwa/content_public/journal/jwh/20/10/10.2166_wh.2022.201/2/jwh0201517supp2.docx,jwh0201517supp2.docx,2026-08-21 04:39:41,ok,25938,0e8d38fcb73078578ce33a0fe26f97e258d3b6ebab2dd891697d7f75d6b92994,data-raw/suppfiles/files/jwh/10.2166_wh.2022.201/jwh0201517supp2.docx,2026-08-20 04:28:37
jwh,90419,10.2166/wh.2022.201,https://iwa.silverchair-cdn.com/iwa/content_public/journal/jwh/20/10/10.2166_wh.2022.201/2/jwh0201517supp3.docx,jwh0201517supp3.docx,2026-08-21 04:39:41,ok,27748,bc65be8cfbad86fddc1c9d3322913e5279deb0a7e01ef141f0475a11fbe133e3,data-raw/suppfiles/files/jwh/10.2166_wh.2022.201/jwh0201517supp3.docx,2026-08-20 04:28:40
jwh,91868,10.2166/wh.2022.129,https://iwa.silverchair-cdn.com/iwa/content_public/journal/jwh/20/12/10.2166_wh.2022.129/1/jwh0201701supp1.docx,jwh0201701supp1.docx,2026-08-22 22:35:13,ok,94727,dc51de3d5b094508e0eea5ce287f308d5ae95c100e2595c7056517af7771044f,data-raw/suppfiles/files/jwh/10.2166_wh.2022.129/jwh0201701supp1.docx,2026-08-20 04:28:43
jwh,92986,10.2166/wh.2023.237,https://iwa.silverchair-cdn.com/iwa/content_public/journal/jwh/21/1/10.2166_wh.2023.237/3/jwh0210094supp1.docx,jwh0210094supp1.docx,2026-08-26 07:58:08,ok,1034270,8e6fc307b47184a905b651650e1d54b3d8a6febb09f717374b19475c17fb7902,data-raw/suppfiles/files/jwh/10.2166_wh.2023.237/jwh0210094supp1.docx,2026-08-20 04:28:47
jwh,92696,10.2166/wh.2022.254,https://iwa.silverchair-cdn.com/iwa/content_public/journal/jwh/21/1/10.2166_wh.2022.254/1/jwh0210125supp1.docx,jwh0210125supp1.docx,2026-08-24 05:52:00,ok,22113,103ad0a7bb2164bee9974e52a3b96e5d7a5d209a98ecc1473f383c9ed2395a8b,data-raw/suppfiles/files/jwh/10.2166_wh.2022.254/jwh0210125supp1.docx,2026-08-20 04:28:49
jwh,93118,10.2166/wh.2023.136,https://iwa.silverchair-cdn.com/iwa/content_public/journal/jwh/21/2/10.2166_wh.2023.136/4/jwh0210147supp1.docx,jwh0210147supp1.docx,2026-08-20 10:24:56,ok,137526,221123e30adb7566b3cbcc95926a8c2d0934a67890b098267803c91df90ab639,data-raw/suppfiles/files/jwh/10.2166_wh.2023.136/jwh0210147supp1.docx,2026-08-20 04:28:53
jwh,93388,10.2166/wh.2023.291,https://iwa.silverchair-cdn.com/iwa/content_public/journal/jwh/21/2/10.2166_wh.2023.291/3/jwh0210299supp1.docx,jwh0210299supp1.docx,2026-08-20 20:03:52,ok,721477,0610c730383e592514b4ffc0fd634b33088743e038e48231882b660fdb905ae6,data-raw/suppfiles/files/jwh/10.2166_wh.2023.291/jwh0210299supp1.docx,2026-08-20 04:28:56
jwh,93754,10.2166/wh.2023.238,https://iwa.silverchair-cdn.com/iwa/content_public/journal/jwh/21/3/10.2166_wh.2023.238/3/jwh0210329supp1.docx,jwh0210329supp1.docx,2026-08-23 08:47:34,ok,234186,f61c562d1cab1d681bd84003995d8a50d6c550c4b1ae62540d32968894d3cc7e,data-raw/suppfiles/files/jwh/10.2166_wh.2023.238/jwh0210329supp1.docx,2026-08-20 04:29:00
jwh,94080,10.2166/wh.2023.213,https://iwa.silverchair-cdn.com/iwa/content_public/journal/jwh/21/4/10.2166_wh.2023.213/1/jwh0210463supp1.docx,jwh0210463supp1.docx,2026-08-21 04:48:28,ok,2447612,ffb4fdc8e128e3ca77559e3bf382b23a52ab0a2fe2bb281adfc64e4acaba1da9,data-raw/suppfiles/files/jwh/10.2166_wh.2023.213/jwh0210463supp1.docx,2026-08-20 04:29:04
jwh,94537,10.2166/wh.2023.314,https://iwa.silverchair-cdn.com/iwa/content_public/journal/jwh/21/4/10.2166_wh.2023.314/1/jwh0210514supp1.docx,jwh0210514supp1.docx,2026-08-21 22:37:00,ok,245523,c96382bc21fbd0db5b139315431a52f0178524e53f67f53d17b5a7417f9b4843,data-raw/suppfiles/files/jwh/10.2166_wh.2023.314/jwh0210514supp1.docx,2026-08-20 04:29:07
jwh,94501,10.2166/wh.2023.276,https://iwa.silverchair-cdn.com/iwa/content_public/journal/jwh/21/5/10.2166_wh.2023.276/2/jwh0210571supp1.docx,jwh0210571supp1.docx,2026-08-20 23:15:49,ok,50205,3b3923d2608dd74d893ae46b854fe6df3fe8072e4b05d39567cb4d9422a1e356,data-raw/suppfiles/files/jwh/10.2166_wh.2023.276/jwh0210571supp1.docx,2026-08-20 04:29:11
jwh,94622,10.2166/wh.2023.312,https://iwa.silverchair-cdn.com/iwa/content_public/journal/jwh/21/5/10.2166_wh.2023.312/3/jwh0210615supp1.docx,jwh0210615supp1.docx,2026-08-28 15:20:57,ok,42300,72d7a5ae3deceb9aeb47f3a403378a543a9e3531969d78f704b5cd54e60205b9,data-raw/suppfiles/files/jwh/10.2166_wh.2023.312/jwh0210615supp1.docx,2026-08-20 04:29:14
jwh,94538,10.2166/wh.2023.318,https://iwa.silverchair-cdn.com/iwa/content_public/journal/jwh/21/5/10.2166_wh.2023.318/3/jwh0210625supp1.docx,jwh0210625supp1.docx,2026-08-20 19:21:19,ok,248778,1efb837c3cfc468b3dbff157b2b7be9e171a44ff26e973961209e0631ea90acf,data-raw/suppfiles/files/jwh/10.2166_wh.2023.318/jwh0210625supp1.docx,2026-08-20 04:29:17
jwh,95037,10.2166/wh.2023.267,https://iwa.silverchair-cdn.com/iwa/content_public/journal/jwh/21/6/10.2166_wh.2023.267/1/jwh0210702supp1.docx,jwh0210702supp1.docx,2026-08-28 15:22:54,ok,134562,cedc68d05e35b73a0cead45935b1b627dd38cfce838603dd855d4b00846dcf1f,data-raw/suppfiles/files/jwh/10.2166_wh.2023.267/jwh0210702supp1.docx,2026-08-20 04:29:20
jwh,95080,10.2166/wh.2023.014,https://iwa.silverchair-cdn.com/iwa/content_public/journal/jwh/21/6/10.2166_wh.2023.014/1/jwh0210789supp1.pdf,jwh0210789supp1.pdf,2026-08-25 12:01:32,ok,506475,bd22078994b5e3a1e2b4977e40b0258fcd0b05a8790aee80be6d643e044b7246,data-raw/suppfiles/files/jwh/10.2166_wh.2023.014/jwh0210789supp1.pdf,2026-08-20 04:29:23
jwh,95081,10.2166/wh.2023.057,https://iwa.silverchair-cdn.com/iwa/content_public/journal/jwh/21/6/10.2166_wh.2023.057/1/jwh0210831supp1.docx,jwh0210831supp1.docx,2026-08-23 00:22:58,ok,483100,6b6524bb76ecc5b9018056bdf29d6a29c373faae736fcf648bed475545f59030,data-raw/suppfiles/files/jwh/10.2166_wh.2023.057/jwh0210831supp1.docx,2026-08-20 04:29:27
jwh,96017,10.2166/wh.2023.126,https://iwa.silverchair-cdn.com/iwa/content_public/journal/jwh/21/7/10.2166_wh.2023.126/1/jwh0210972supp1.pdf,jwh0210972supp1.pdf,2026-08-27 13:09:23,ok,132967,4983681647bc80f15ea64956b0a7ab56dd168339d4caa3e05e238f956cc231cc,data-raw/suppfiles/files/jwh/10.2166_wh.2023.126/jwh0210972supp1.pdf,2026-08-20 04:29:31
jwh,96161,10.2166/wh.2023.004,https://iwa.silverchair-cdn.com/iwa/content_public/journal/jwh/21/8/10.2166_wh.2023.004/2/jwh0210995supp1.docx,jwh0210995supp1.docx,2026-08-25 01:31:23,ok,72548,859a8ab6ca82d4c1d07d80dbbde9afa50f0434cc27e719de611166600be2f27f,data-raw/suppfiles/files/jwh/10.2166_wh.2023.004/jwh0210995supp1.docx,2026-08-20 04:29:34
jwh,96796,10.2166/wh.2023.027,https://iwa.silverchair-cdn.com/iwa/content_public/journal/jwh/21/8/10.2166_wh.2023.027/2/jwh0211004supp1.docx,jwh0211004supp1.docx,2026-08-23 20:53:33,ok,64571,43f389423edbb6a89ad81513377d447b6fb1fec441b97dbf7d7f6e356942fe12,data-raw/suppfiles/files/jwh/10.2166_wh.2023.027/jwh0211004supp1.docx,2026-08-20 04:29:37
jwh,96718,10.2166/wh.2023.099,https://iwa.silverchair-cdn.com/iwa/content_public/journal/jwh/21/8/10.2166_wh.2023.099/2/jwh0211073supp1.docx,jwh0211073supp1.docx,2026-08-23 11:52:28,ok,553630,484b56d2798f72e308aeff6c4d163410063eec21f105b54a463802e1786d6dc7,data-raw/suppfiles/files/jwh/10.2166_wh.2023.099/jwh0211073supp1.docx,2026-08-20 04:29:40
jwh,97397,10.2166/wh.2023.051,https://iwa.silverchair-cdn.com/iwa/content_public/journal/jwh/21/9/10.2166_wh.2023.051/1/jwh0211143supp1.pdf,jwh0211143supp1.pdf,2026-08-24 12:49:42,ok,180198,418c8f0ab37ca93d24d4813807b978c910abc092acd49145fa7eaeb33fe0b2c5,data-raw/suppfiles/files/jwh/10.2166_wh.2023.051/jwh0211143supp1.pdf,2026-08-20 04:29:44
jwh,97052,10.2166/wh.2023.091,https://iwa.silverchair-cdn.com/iwa/content_public/journal/jwh/21/9/10.2166_wh.2023.091/1/jwh0211228supp1.pdf,jwh0211228supp1.pdf,2026-08-22 13:14:30,ok,854764,9a8e05d48de11d7c752d3904bf399de64aecb5049e43c6ab03b95c5ef34bff02,data-raw/suppfiles/files/jwh/10.2166_wh.2023.091/jwh0211228supp1.pdf,2026-08-20 04:29:49
jwh,97430,10.2166/wh.2023.128,https://iwa.silverchair-cdn.com/iwa/content_public/journal/jwh/21/9/10.2166_wh.2023.128/1/jwh0211242supp1.pdf,jwh0211242supp1.pdf,2026-08-20 06:49:56,ok,10405634,ac9a37c587b0000aff0edddb37f65911d8c3293f17d80d8935028731902338d2,data-raw/suppfiles/files/jwh/10.2166_wh.2023.128/jwh0211242supp1.pdf,2026-08-20 04:29:55
jwh,97430,10.2166/wh.2023.128,https://iwa.silverchair-cdn.com/iwa/content_public/journal/jwh/21/9/10.2166_wh.2023.128/1/jwh0211242supp2.xlsx,jwh0211242supp2.xlsx,2026-08-20 06:49:56,ok,15816,0284306801b3e92a33b821d4ae305b10478570c2523b78bb9055d25195355769,data-raw/suppfiles/files/jwh/10.2166_wh.2023.128/jwh0211242supp2.xlsx,2026-08-20 04:29:58
jwh,97476,10.2166/wh.2023.190,https://iwa.silverchair-cdn.com/iwa/content_public/journal/jwh/21/9/10.2166_wh.2023.190/1/jwh0211357supp1.docx,jwh0211357supp1.docx,2026-08-23 05:56:35,ok,429338,8fcfa07883b5b87ad2e3faae9a7c78d0d6b7c6ff3313c061f8dad8ebc8c7a8bf,data-raw/suppfiles/files/jwh/10.2166_wh.2023.190/jwh0211357supp1.docx,2026-08-20 04:30:01
jwh,97476,10.2166/wh.2023.190,https://iwa.silverchair-cdn.com/iwa/content_public/journal/jwh/21/9/10.2166_wh.2023.190/1/jwh0211357supp2.xlsx,jwh0211357supp2.xlsx,2026-08-23 05:56:35,ok,49626,dbc83a6de34427660255b0c8b4fb2aefde233deba28103bbf81470393dc0a8ed,data-raw/suppfiles/files/jwh/10.2166_wh.2023.190/jwh0211357supp2.xlsx,2026-08-20 04:30:05
jwh,97928,10.2166/wh.2023.157,https://iwa.silverchair-cdn.com/iwa/content_public/journal/jwh/21/10/10.2166_wh.2023.157/1/jwh0211518supp1.docx,jwh0211518supp1.docx,2026-08-21 09:54:43,ok,16230,3530f18cf0ae5d591f7ab41cece4eb1a52a09d9e9c2075b9b1d493d6ea3c80eb,data-raw/suppfiles/files/jwh/10.2166_wh.2023.157/jwh0211518supp1.docx,2026-08-20 04:30:08
jwh,97761,10.2166/wh.2023.262,https://iwa.silverchair-cdn.com/iwa/content_public/journal/jwh/21/10/10.2166_wh.2023.262/1/jwh0211530supp1.docx,jwh0211530supp1.docx,2026-08-25 16:45:12,ok,25460,235cffc2e67faaa1b8527dc0b5aa84c20e53f25c6ebbe5e455a926c10e86c2b6,data-raw/suppfiles/files/jwh/10.2166_wh.2023.262/jwh0211530supp1.docx,2026-08-20 04:30:10
jwh,97633,10.2166/wh.2023.261,https://iwa.silverchair-cdn.com/iwa/content_public/journal/jwh/21/10/10.2166_wh.2023.261/1/jwh0211611supp1.docx,jwh0211611supp1.docx,2026-08-23 06:29:03,ok,46857,ad102c73779f29fbc124b7a4acf703ee9448027fe225ab3ea4c6e953cea1b8e2,data-raw/suppfiles/files/jwh/10.2166_wh.2023.261/jwh0211611supp1.docx,2026-08-20 04:30:14
jwh,98180,10.2166/wh.2023.121,https://iwa.silverchair-cdn.com/iwa/content_public/journal/jwh/21/11/10.2166_wh.2023.121/1/jwh0211651supp1.docx,jwh0211651supp1.docx,2026-08-23 12:59:54,ok,30273,3a230f43c73168840045d5b0ea27a330b5531821cbb34096a019011506f2ce1d,data-raw/suppfiles/files/jwh/10.2166_wh.2023.121/jwh0211651supp1.docx,2026-08-20 04:30:17
jwh,98015,10.2166/wh.2023.130,https://iwa.silverchair-cdn.com/iwa/content_public/journal/jwh/21/11/10.2166_wh.2023.130/1/jwh0211663supp1.docx,jwh0211663supp1.docx,2026-08-23 06:10:21,ok,27908,906056345daaf06129745bbd9211b5038601db93db103e9f6f49528f429ee0ae,data-raw/suppfiles/files/jwh/10.2166_wh.2023.130/jwh0211663supp1.docx,2026-08-20 04:30:20
jwh,98609,10.2166/wh.2023.088,https://iwa.silverchair-cdn.com/iwa/content_public/journal/jwh/21/12/10.2166_wh.2023.088/1/jwh0211747supp1.pdf,jwh0211747supp1.pdf,2026-08-22 16:13:35,ok,1118812,c4d84b348ac936cea48f2f24a0df9cef54a25aa4c2127fde576aaa6eef352c70,data-raw/suppfiles/files/jwh/10.2166_wh.2023.088/jwh0211747supp1.pdf,2026-08-20 04:30:24
jwh,98521,10.2166/wh.2023.204,https://iwa.silverchair-cdn.com/iwa/content_public/journal/jwh/21/12/10.2166_wh.2023.204/1/jwh0211772supp1.docx,jwh0211772supp1.docx,2026-08-23 22:09:56,ok,46049,388cb85b70a1402ba936685b81ad02bc754ded52b90c9035b458d641e31a999e,data-raw/suppfiles/files/jwh/10.2166_wh.2023.204/jwh0211772supp1.docx,2026-08-20 04:30:28
jwh,98613,10.2166/wh.2023.129,https://iwa.silverchair-cdn.com/iwa/content_public/journal/jwh/21/12/10.2166_wh.2023.129/1/jwh0211795supp1.docx,jwh0211795supp1.docx,2026-08-24 09:25:31,ok,247275,1eb63bd6c7d69a6cd6dab6f0265dba550b09fbc7281aff0665299f3f248c67dc,data-raw/suppfiles/files/jwh/10.2166_wh.2023.129/jwh0211795supp1.docx,2026-08-20 04:30:33
jwh,98626,10.2166/wh.2023.174,https://iwa.silverchair-cdn.com/iwa/content_public/journal/jwh/21/12/10.2166_wh.2023.174/1/jwh0211834supp1.docx,jwh0211834supp1.docx,2026-08-27 10:24:03,ok,16488,6364425ffcbe683c95eecf5b4356b35a9e7277ef8a4e9b9dbe84dbaa60d9efc9,data-raw/suppfiles/files/jwh/10.2166_wh.2023.174/jwh0211834supp1.docx,2026-08-20 04:30:37
jwh,98626,10.2166/wh.2023.174,https://iwa.silverchair-cdn.com/iwa/content_public/journal/jwh/21/12/10.2166_wh.2023.174/1/jwh0211834supp2.xlsx,jwh0211834supp2.xlsx,2026-08-27 10:24:03,ok,71308,f27e2cb0cfca817de6cac5cdce49fb72a1e174754549a164ef27af31e18b8d4c,data-raw/suppfiles/files/jwh/10.2166_wh.2023.174/jwh0211834supp2.xlsx,2026-08-20 04:30:40
jwh,99279,10.2166/wh.2023.205,https://iwa.silverchair-cdn.com/iwa/content_public/journal/jwh/21/12/10.2166_wh.2023.205/1/jwh0211847supp1.docx,jwh0211847supp1.docx,2026-08-22 21:08:06,ok,19762,11b2486425d513919c877c07825ef75468f96bf3edfd6a4271c964584606483a,data-raw/suppfiles/files/jwh/10.2166_wh.2023.205/jwh0211847supp1.docx,2026-08-20 04:30:43
jwh,99252,10.2166/wh.2023.245,https://iwa.silverchair-cdn.com/iwa/content_public/journal/jwh/21/12/10.2166_wh.2023.245/1/jwh0211922supp1.docx,jwh0211922supp1.docx,2026-08-25 08:28:09,ok,194489,10b6f0fd5cfd99405afef9a1867ea9454ac5f080d0c545f94a1307fc454ee935,data-raw/suppfiles/files/jwh/10.2166_wh.2023.245/jwh0211922supp1.docx,2026-08-20 04:30:46
jwh,99402,10.2166/wh.2023.072,https://iwa.silverchair-cdn.com/iwa/content_public/journal/jwh/22/1/10.2166_wh.2023.072/1/jwh0220052supp1.docx,jwh0220052supp1.docx,2026-08-20 18:05:47,ok,17153,f1cf232b4e8b8f288fd2a99d8d5ee87596f276658f491cfa65d3189f51469d07,data-raw/suppfiles/files/jwh/10.2166_wh.2023.072/jwh0220052supp1.docx,2026-08-20 04:30:50
jwh,99546,10.2166/wh.2023.082,https://iwa.silverchair-cdn.com/iwa/content_public/journal/jwh/22/2/10.2166_wh.2023.082/1/jwh0220235supp1.docx,jwh0220235supp1.docx,2026-08-22 18:37:12,ok,4644378,47485ceaae7d89c24e32ca904b076e97d69f877a4114bc19ebf34a41d042e924,data-raw/suppfiles/files/jwh/10.2166_wh.2023.082/jwh0220235supp1.docx,2026-08-20 04:30:54
jwh,99853,10.2166/wh.2024.233,https://iwa.silverchair-cdn.com/iwa/content_public/journal/jwh/22/2/10.2166_wh.2024.233/1/jwh0220309supp1.docx,jwh0220309supp1.docx,2026-08-25 07:23:24,ok,58771,f48f15e5829fbd2ffb3ea2268699375c407f1f4cdd461309d5da50a46a90a814,data-raw/suppfiles/files/jwh/10.2166_wh.2024.233/jwh0220309supp1.docx,2026-08-20 04:30:58
jwh,99906,10.2166/wh.2024.309,https://iwa.silverchair-cdn.com/iwa/content_public/journal/jwh/22/2/10.2166_wh.2024.309/1/jwh0220372supp1.docx,jwh0220372supp1.docx,2026-08-26 13:21:39,ok,295841,457030fcddd7448d822dc07511efe85b32893f1550b99cd0cb4fa46e5f38e9fc,data-raw/suppfiles/files/jwh/10.2166_wh.2024.309/jwh0220372supp1.docx,2026-08-20 04:31:02
jwh,99843,10.2166/wh.2024.316,https://iwa.silverchair-cdn.com/iwa/content_public/journal/jwh/22/2/10.2166_wh.2024.316/1/jwh0220385supp1.doc,jwh0220385supp1.doc,2026-08-26 16:24:51,ok,257024,e0d8ca3a4c334ac47cf15f0532a5afb4d16c9d42d5bef36727ce650ebc0ac005,data-raw/suppfiles/files/jwh/10.2166_wh.2024.316/jwh0220385supp1.doc,2026-08-20 04:31:07
jwh,100390,10.2166/wh.2024.345,https://iwa.silverchair-cdn.com/iwa/content_public/journal/jwh/22/3/10.2166_wh.2024.345/1/jwh0220584supp1.docx,jwh0220584supp1.docx,2026-08-26 10:21:40,ok,717312,dec917128279ecc372fab9147a291649736a5fea753c23572ca384c7d44180d6,data-raw/suppfiles/files/jwh/10.2166_wh.2024.345/jwh0220584supp1.docx,2026-08-20 04:31:11
jwh,100428,10.2166/wh.2024.348,https://iwa.silverchair-cdn.com/iwa/content_public/journal/jwh/22/3/10.2166_wh.2024.348/1/jwh0220601supp1.pdf,jwh0220601supp1.pdf,2026-08-21 10:09:28,ok,452262,09eb9efd40d6ff994a7b9eff7b13453bde1b2d7f6c84a6f626a90b0594f93549,data-raw/suppfiles/files/jwh/10.2166_wh.2024.348/jwh0220601supp1.pdf,2026-08-20 04:31:15
jwh,100428,10.2166/wh.2024.348,https://iwa.silverchair-cdn.com/iwa/content_public/journal/jwh/22/3/10.2166_wh.2024.348/1/jwh0220601supp2.pdf,jwh0220601supp2.pdf,2026-08-21 10:09:28,ok,79286,0dd4c1f2122de478ca5e773f4a4c020a3feacaaaba1ec54c863ebd3480df6aff,data-raw/suppfiles/files/jwh/10.2166_wh.2024.348/jwh0220601supp2.pdf,2026-08-20 04:31:18
jwh,100565,10.2166/wh.2024.327,https://iwa.silverchair-cdn.com/iwa/content_public/journal/jwh/22/4/10.2166_wh.2024.327/1/jwh0220717supp1.docx,jwh0220717supp1.docx,2026-08-25 08:21:39,ok,38927,2502dbc3eb440a769650cd2afec425b042fb4bd935b2fe6628d611dd0882721f,data-raw/suppfiles/files/jwh/10.2166_wh.2024.327/jwh0220717supp1.docx,2026-08-20 04:31:23
jwh,100892,10.2166/wh.2024.018,https://iwa.silverchair-cdn.com/iwa/content_public/journal/jwh/22/4/10.2166_wh.2024.018/1/jwh0220757supp1.docx,jwh0220757supp1.docx,2026-08-24 08:02:11,ok,351797,65ccb213fac7ff6d5c1fb6695296203f9b6ec52c93595f412e8430b71996addf,data-raw/suppfiles/files/jwh/10.2166_wh.2024.018/jwh0220757supp1.docx,2026-08-20 04:31:26
jwh,102051,10.2166/wh.2024.293,https://iwa.silverchair-cdn.com/iwa/content_public/journal/jwh/22/5/10.2166_wh.2024.293/1/jwh0220811supp1.docx,jwh0220811supp1.docx,2026-08-28 14:10:03,ok,246116,26e30df84df7121342e8fa7624dbaf77909418e8a5a0cde982ec1bb00430153c,data-raw/suppfiles/files/jwh/10.2166_wh.2024.293/jwh0220811supp1.docx,2026-08-20 04:31:30
jwh,101132,10.2166/wh.2024.312,https://iwa.silverchair-cdn.com/iwa/content_public/journal/jwh/22/5/10.2166_wh.2024.312/1/jwh0220842supp1.docx,jwh0220842supp1.docx,2026-08-23 11:04:52,ok,127316,254cf2b58ae0283957c4cccc51038f85a405d903956e7ee086a532c3ffb8edcb,data-raw/suppfiles/files/jwh/10.2166_wh.2024.312/jwh0220842supp1.docx,2026-08-20 04:31:32
jwh,101335,10.2166/wh.2024.059,https://iwa.silverchair-cdn.com/iwa/content_public/journal/jwh/22/5/10.2166_wh.2024.059/1/jwh0220939supp1.docx,jwh0220939supp1.docx,2026-08-28 16:08:41,ok,48789,aceac132990de4d494e2a99745d7da2326972eff131fd8431fd5181662623980,data-raw/suppfiles/files/jwh/10.2166_wh.2024.059/jwh0220939supp1.docx,2026-08-20 04:31:37
jwh,102448,10.2166/wh.2024.251,https://iwa.silverchair-cdn.com/iwa/content_public/journal/jwh/22/6/10.2166_wh.2024.251/1/jwh0220967supp1.docx,jwh0220967supp1.docx,2026-08-28 16:09:27,ok,166645,cededbaf7a1a2c1fc1b33a81ffec41457c4320d081f4ab314721bad1b1771c34,data-raw/suppfiles/files/jwh/10.2166_wh.2024.251/jwh0220967supp1.docx,2026-08-20 04:31:41
jwh,101631,10.2166/wh.2024.303,https://iwa.silverchair-cdn.com/iwa/content_public/journal/jwh/22/6/10.2166_wh.2024.303/1/jwh0220978supp1.docx,jwh0220978supp1.docx,2026-08-20 13:55:08,ok,1986902,0fdea80c8c90f58529a5c5b713ba7cf11f6d1a6df5d07f79a87bec952d5c824f,data-raw/suppfiles/files/jwh/10.2166_wh.2024.303/jwh0220978supp1.docx,2026-08-20 04:31:46
jwh,102892,10.2166/wh.2024.043,https://iwa.silverchair-cdn.com/iwa/content_public/journal/jwh/22/7/10.2166_wh.2024.043/1/jwh0221209supp1.docx,jwh0221209supp1.docx,2026-08-24 14:48:33,ok,47493,69a52713a268144d8159d3f6d796cf3d67c0d5a673ae7b618760528e02604a6b,data-raw/suppfiles/files/jwh/10.2166_wh.2024.043/jwh0221209supp1.docx,2026-08-20 04:31:50
jwh,102447,10.2166/wh.2024.060,https://iwa.silverchair-cdn.com/iwa/content_public/journal/jwh/22/7/10.2166_wh.2024.060/1/jwh0221235supp1.docx,jwh0221235supp1.docx,2026-08-24 05:27:22,ok,120863,b3f4335bcf1af510b7df11d79812ac6ba1985b0554e329c5690e4137440c3a44,data-raw/suppfiles/files/jwh/10.2166_wh.2024.060/jwh0221235supp1.docx,2026-08-20 04:31:54
jwh,104043,10.2166/wh.2024.377,https://iwa.silverchair-cdn.com/iwa/content_public/journal/jwh/22/8/10.2166_wh.2024.377/1/jwh0221347supp1.docx,jwh0221347supp1.docx,2026-08-25 16:52:06,ok,17674,153b365ea936acd72d50beed615b58fb7f06512c46189ce492ce87b118cd0728,data-raw/suppfiles/files/jwh/10.2166_wh.2024.377/jwh0221347supp1.docx,2026-08-20 04:31:59
jwh,103308,10.2166/wh.2024.074,https://iwa.silverchair-cdn.com/iwa/content_public/journal/jwh/22/8/10.2166_wh.2024.074/1/jwh0221409supp1.docx,jwh0221409supp1.docx,2026-08-23 23:19:09,ok,40422,4dc1b56f2d7c31b62fd22de5db53eb718e7b0224252850a3990109af4f9680b6,data-raw/suppfiles/files/jwh/10.2166_wh.2024.074/jwh0221409supp1.docx,2026-08-20 04:32:02
jwh,103100,10.2166/wh.2024.107,https://iwa.silverchair-cdn.com/iwa/content_public/journal/jwh/22/8/10.2166_wh.2024.107/1/jwh0221491supp1.docx,jwh0221491supp1.docx,2026-08-26 10:29:41,ok,126773,cf59729db846826cf3de13f7a91916f9460056033f0b843c64e0b99159c1a195,data-raw/suppfiles/files/jwh/10.2166_wh.2024.107/jwh0221491supp1.docx,2026-08-20 04:32:06
jwh,104024,10.2166/wh.2024.186,https://iwa.silverchair-cdn.com/iwa/content_public/journal/jwh/22/8/10.2166_wh.2024.186/1/jwh0221556supp1.docx,jwh0221556supp1.docx,2026-08-24 12:42:21,ok,1622627,ce336b32b165a1384da0de7124dd882efd11be75bbd3f8348cda58fad6da98ab,data-raw/suppfiles/files/jwh/10.2166_wh.2024.186/jwh0221556supp1.docx,2026-08-20 04:32:10
jwh,104005,10.2166/wh.2024.338,https://iwa.silverchair-cdn.com/iwa/content_public/journal/jwh/22/9/10.2166_wh.2024.338/1/jwh0221594supp1.docx,jwh0221594supp1.docx,2026-08-23 00:59:52,ok,431712,90fd33810f6c3e41be1fd590388167f5a531448985c35c0b7d3805e80453d803,data-raw/suppfiles/files/jwh/10.2166_wh.2024.338/jwh0221594supp1.docx,2026-08-20 04:32:14
jwh,104248,10.2166/wh.2024.376,https://iwa.silverchair-cdn.com/iwa/content_public/journal/jwh/22/9/10.2166_wh.2024.376/1/jwh0221606supp1.docx,jwh0221606supp1.docx,2026-08-24 02:59:24,ok,169054,cc50f0cd0ff3a3dd1a3cac3191b7eaf23ab101582a73c981d8d7b3db96f4b04c,data-raw/suppfiles/files/jwh/10.2166_wh.2024.376/jwh0221606supp1.docx,2026-08-20 04:32:17
jwh,104563,10.2166/wh.2024.108,https://iwa.silverchair-cdn.com/iwa/content_public/journal/jwh/22/9/10.2166_wh.2024.108/1/jwh0221641supp1.docx,jwh0221641supp1.docx,2026-08-24 02:06:38,ok,16057,0b19e11917d4842339eefffb117817b670d6a9ce3aad8569d840b3fda891a638,data-raw/suppfiles/files/jwh/10.2166_wh.2024.108/jwh0221641supp1.docx,2026-08-20 04:32:20
jwh,104040,10.2166/wh.2024.115,https://iwa.silverchair-cdn.com/iwa/content_public/journal/jwh/22/9/10.2166_wh.2024.115/1/jwh0221650supp1.docx,jwh0221650supp1.docx,2026-08-24 02:21:37,ok,21330,355ed86909bc65c7cd59957f71753fc302c758646f0730ec9a817713a1cae0ad,data-raw/suppfiles/files/jwh/10.2166_wh.2024.115/jwh0221650supp1.docx,2026-08-20 04:32:25
jwh,104023,10.2166/wh.2024.161,https://iwa.silverchair-cdn.com/iwa/content_public/journal/jwh/22/9/10.2166_wh.2024.161/1/jwh0221683supp1.pdf,jwh0221683supp1.pdf,2026-08-28 16:25:33,ok,1899641,a44af74b4d10e5c6c08969962057163d67e8c4b9cb3b549886eddce1bf53cacf,data-raw/suppfiles/files/jwh/10.2166_wh.2024.161/jwh0221683supp1.pdf,2026-08-20 04:32:28
jwh,104988,10.2166/wh.2024.392,https://iwa.silverchair-cdn.com/iwa/content_public/journal/jwh/22/10/10.2166_wh.2024.392/1/jwh0221743supp1.doc,jwh0221743supp1.doc,2026-08-23 08:33:08,ok,92672,e7daae0c174c52bb8abd8a78af12de909e1cdeb7bcc2eb04578baaaac7e7ec63,data-raw/suppfiles/files/jwh/10.2166_wh.2024.392/jwh0221743supp1.doc,2026-08-20 04:32:33
jwh,105080,10.2166/wh.2024.024,https://iwa.silverchair-cdn.com/iwa/content_public/journal/jwh/22/10/10.2166_wh.2024.024/1/jwh0221756supp1.docx,jwh0221756supp1.docx,2026-08-25 16:34:49,ok,119176,4c454fa4d6de80e8ae350f7829f805f1c1f59e108283791ed51f7a87dafdd99b,data-raw/suppfiles/files/jwh/10.2166_wh.2024.024/jwh0221756supp1.docx,2026-08-20 04:32:37
jwh,104865,10.2166/wh.2024.081,https://iwa.silverchair-cdn.com/iwa/content_public/journal/jwh/22/10/10.2166_wh.2024.081/1/jwh0221781supp1.docx,jwh0221781supp1.docx,2026-08-22 20:46:11,ok,3569747,27128dd54f399315ca1381c15972dde272282b7bbff3d3481b6d0a84fa4dfd0b,data-raw/suppfiles/files/jwh/10.2166_wh.2024.081/jwh0221781supp1.docx,2026-08-20 04:32:41
jwh,105724,10.2166/wh.2024.205,https://iwa.silverchair-cdn.com/iwa/content_public/journal/jwh/22/11/10.2166_wh.2024.205/1/jwh0222060supp1.docx,jwh0222060supp1.docx,2026-08-27 16:10:15,ok,369942,fc188a3e66a6da592cdb34d674cfc7352e7e83246e9b333a68d1d1ee7e03affb,data-raw/suppfiles/files/jwh/10.2166_wh.2024.205/jwh0222060supp1.docx,2026-08-20 04:32:45
jwh,105376,10.2166/wh.2024.285,https://iwa.silverchair-cdn.com/iwa/content_public/journal/jwh/22/11/10.2166_wh.2024.285/1/jwh0222171supp1.docx,jwh0222171supp1.docx,2026-08-24 06:55:39,ok,18299,413e4b7da25dfcf87b4c22ff5e98201cc62ace5871548485a577ae69b87d22d6,data-raw/suppfiles/files/jwh/10.2166_wh.2024.285/jwh0222171supp1.docx,2026-08-20 04:32:48
jwh,105430,10.2166/wh.2024.301,https://iwa.silverchair-cdn.com/iwa/content_public/journal/jwh/22/11/10.2166_wh.2024.301/1/jwh0222218supp1.docx,jwh0222218supp1.docx,2026-08-20 11:13:59,ok,595196,6bbe3876f5318fbae8acd9c6cca01a19beda6c5bbc04d040aff40c3e57196487,data-raw/suppfiles/files/jwh/10.2166_wh.2024.301/jwh0222218supp1.docx,2026-08-20 04:32:53
jwh,105920,10.2166/wh.2024.126,https://iwa.silverchair-cdn.com/iwa/content_public/journal/jwh/22/12/10.2166_wh.2024.126/1/jwh0222276supp1.docx,jwh0222276supp1.docx,2026-08-21 20:44:30,ok,1334734,611accf8f2e77decddc2e5f7b3ff5cd7ca58a6454dc509cf05cd1e042a3c2a8c,data-raw/suppfiles/files/jwh/10.2166_wh.2024.126/jwh0222276supp1.docx,2026-08-20 04:32:58
jwh,106142,10.2166/wh.2024.270,https://iwa.silverchair-cdn.com/iwa/content_public/journal/jwh/22/12/10.2166_wh.2024.270/1/jwh0222358supp1.docx,jwh0222358supp1.docx,2026-08-28 08:40:52,ok,40706,dc0d24bdea80e49503800810dd4d4ca197bebaab5a7a186a506fccf23b84bf5e,data-raw/suppfiles/files/jwh/10.2166_wh.2024.270/jwh0222358supp1.docx,2026-08-20 04:33:01
jwh,106005,10.2166/wh.2024.284,https://iwa.silverchair-cdn.com/iwa/content_public/journal/jwh/22/12/10.2166_wh.2024.284/1/jwh0222398supp1.xlsx,jwh0222398supp1.xlsx,2026-08-20 11:25:01,ok,22562,76faced59a93c1fa320c00fd8c67de44e0d420252579637fa87a434148ef2c98,data-raw/suppfiles/files/jwh/10.2166_wh.2024.284/jwh0222398supp1.xlsx,2026-08-20 04:33:04
jwh,106005,10.2166/wh.2024.284,https://iwa.silverchair-cdn.com/iwa/content_public/journal/jwh/22/12/10.2166_wh.2024.284/1/jwh0222398supp2.xlsx,jwh0222398supp2.xlsx,2026-08-20 11:25:01,ok,11448,32ed4141b2daaacdfcd152d62a660c2b9178266e6668a438ab1782128bdee792,data-raw/suppfiles/files/jwh/10.2166_wh.2024.284/jwh0222398supp2.xlsx,2026-08-20 04:33:08
jwh,106290,10.2166/wh.2024.113,https://iwa.silverchair-cdn.com/iwa/content_public/journal/jwh/23/1/10.2166_wh.2024.113/2/jwh0230016supp1.docx,jwh0230016supp1.docx,2026-08-21 04:49:11,ok,37943,fc4cb27be6386251f4c0941734918030153659f5453c22fd433c6cc175c75c86,data-raw/suppfiles/files/jwh/10.2166_wh.2024.113/jwh0230016supp1.docx,2026-08-20 04:33:11
jwh,106290,10.2166/wh.2024.113,https://iwa.silverchair-cdn.com/iwa/content_public/journal/jwh/23/1/10.2166_wh.2024.113/2/jwh0230016supp2.docx,jwh0230016supp2.docx,2026-08-21 04:49:11,ok,28733,512fcb3226b58d6b5a4f7f47a8a6d0249581144581c9fd45df3c76fbe89f7d6e,data-raw/suppfiles/files/jwh/10.2166_wh.2024.113/jwh0230016supp2.docx,2026-08-20 04:33:14
jwh,106269,10.2166/wh.2024.399,https://iwa.silverchair-cdn.com/iwa/content_public/journal/jwh/23/1/10.2166_wh.2024.399/2/jwh0230043supp1.docx,jwh0230043supp1.docx,2026-08-27 15:03:08,ok,18661886,03f2cafde7812ef3b19c603f2f679128f1ff1e55ab1c9aae19dc51f504246477,data-raw/suppfiles/files/jwh/10.2166_wh.2024.399/jwh0230043supp1.docx,2026-08-20 04:33:19
jwh,106268,10.2166/wh.2024.314,https://iwa.silverchair-cdn.com/iwa/content_public/journal/jwh/23/1/10.2166_wh.2024.314/2/jwh0230058supp1.docx,jwh0230058supp1.docx,2026-08-26 22:28:10,ok,68889,12f973b364c3e12a57a7d3c9154efbcf3ad90ed710982c0c05b26be38888bfdf,data-raw/suppfiles/files/jwh/10.2166_wh.2024.314/jwh0230058supp1.docx,2026-08-20 04:33:23
jwh,106965,10.2166/wh.2025.164,https://iwa.silverchair-cdn.com/iwa/content_public/journal/jwh/23/2/10.2166_wh.2025.164/1/jwh0230089supp1.docx,jwh0230089supp1.docx,2026-08-20 20:02:16,ok,4639569,3e32b1b5af6a46f65e6226aa68aeb1e0ee1c848649d0862833e6d1522b7d2a55,data-raw/suppfiles/files/jwh/10.2166_wh.2025.164/jwh0230089supp1.docx,2026-08-20 04:33:27
jwh,106192,10.2166/wh.2024.225,https://iwa.silverchair-cdn.com/iwa/content_public/journal/jwh/23/2/10.2166_wh.2024.225/1/jwh0230100supp1.docx,jwh0230100supp1.docx,2026-08-25 12:56:58,ok,39052,a1bd40f5ddd37890f63bddfbc4b091905155b83e0978da141d57c3558a215f54,data-raw/suppfiles/files/jwh/10.2166_wh.2024.225/jwh0230100supp1.docx,2026-08-20 04:33:30
jwh,106972,10.2166/wh.2025.380,https://iwa.silverchair-cdn.com/iwa/content_public/journal/jwh/23/2/10.2166_wh.2025.380/1/jwh0230260supp1.docx,jwh0230260supp1.docx,2026-08-28 16:45:13,ok,42151,22070600b7fb511d347506b1efa50aa99fc2fd4baa6a4b1f785cd732d5db4a45,data-raw/suppfiles/files/jwh/10.2166_wh.2025.380/jwh0230260supp1.docx,2026-08-20 04:33:34
jwh,103645,10.2166/wh.2024.145,https://iwa.silverchair-cdn.com/iwa/content_public/journal/jwh/23/3/10.2166_wh.2024.145/1/jwh0230288supp1.docx,jwh0230288supp1.docx,2026-08-28 08:03:59,ok,399536,2ec93e3d946321e6b9d79d6adbbfda98d809a53d0743e2b847966a803ba6e1ca,data-raw/suppfiles/files/jwh/10.2166_wh.2024.145/jwh0230288supp1.docx,2026-08-20 04:33:38
jwh,107444,10.2166/wh.2025.289,https://iwa.silverchair-cdn.com/iwa/content_public/journal/jwh/23/3/10.2166_wh.2025.289/1/jwh0230350supp1.docx,jwh0230350supp1.docx,2026-08-22 07:16:43,ok,44986,e33537a7b846269ca86ec993107e186ccfa4aabcaf9ba070fa84b3f938ad78a3,data-raw/suppfiles/files/jwh/10.2166_wh.2025.289/jwh0230350supp1.docx,2026-08-20 04:33:41
jwh,107290,10.2166/wh.2025.352,https://iwa.silverchair-cdn.com/iwa/content_public/journal/jwh/23/3/10.2166_wh.2025.352/1/jwh0230413supp1.pdf,jwh0230413supp1.pdf,2026-08-27 12:30:12,ok,713752,172cb51d1c35167749cbe673f7f599d1e91118f4cd33b9d363457fcf0f3beb09,data-raw/suppfiles/files/jwh/10.2166_wh.2025.352/jwh0230413supp1.pdf,2026-08-20 04:33:46
jwh,107834,10.2166/wh.2025.174,https://iwa.silverchair-cdn.com/iwa/content_public/journal/jwh/23/4/10.2166_wh.2025.174/1/jwh0230439supp1.docx,jwh0230439supp1.docx,2026-08-25 03:38:15,ok,19525,50ca7016805707f88c8e337471dab89c22c83100526a1cd62e3157ac1f62f0c6,data-raw/suppfiles/files/jwh/10.2166_wh.2025.174/jwh0230439supp1.docx,2026-08-20 04:33:50
jwh,107834,10.2166/wh.2025.174,https://iwa.silverchair-cdn.com/iwa/content_public/journal/jwh/23/4/10.2166_wh.2025.174/1/jwh0230439supp2.docx,jwh0230439supp2.docx,2026-08-25 03:38:15,ok,19229,c7a57f8e43a7b0046e00fa7134616dcd347a8014dce1f63720bebc13d774d06f,data-raw/suppfiles/files/jwh/10.2166_wh.2025.174/jwh0230439supp2.docx,2026-08-20 04:33:53
jwh,107777,10.2166/wh.2025.343,https://iwa.silverchair-cdn.com/iwa/content_public/journal/jwh/23/5/10.2166_wh.2025.343/1/jwh0230615supp1.docx,jwh0230615supp1.docx,2026-08-27 18:26:03,ok,21054,962bb8f8fc1b3e3d5e6760aeb0efeed4f5fb4a8760b1df7078c8a4b68b2f3692,data-raw/suppfiles/files/jwh/10.2166_wh.2025.343/jwh0230615supp1.docx,2026-08-20 04:33:56
jwh,108133,10.2166/wh.2025.022,https://iwa.silverchair-cdn.com/iwa/content_public/journal/jwh/23/5/10.2166_wh.2025.022/1/jwh0230648supp1.xlsx,jwh0230648supp1.xlsx,2026-08-20 14:49:14,ok,88773,2dd230ee3456eddf14265a8171bf1e28c8761303e5a42d654705481987332404,data-raw/suppfiles/files/jwh/10.2166_wh.2025.022/jwh0230648supp1.xlsx,2026-08-20 04:34:00
jwh,108156,10.2166/wh.2025.274,https://iwa.silverchair-cdn.com/iwa/content_public/journal/jwh/23/6/10.2166_wh.2025.274/1/jwh0230684supp1.docx,jwh0230684supp1.docx,2026-08-24 14:38:52,ok,143739,360efd82c41304efc9a0f1307b8c2a500b871fe17aa43deb45c898e418b309a6,data-raw/suppfiles/files/jwh/10.2166_wh.2025.274/jwh0230684supp1.docx,2026-08-20 04:34:03
jwh,108131,10.2166/wh.2025.374,https://iwa.silverchair-cdn.com/iwa/content_public/journal/jwh/23/6/10.2166_wh.2025.374/1/jwh0230727supp1.docx,jwh0230727supp1.docx,2026-08-20 20:09:58,ok,484693,a01208760eb3844ab5955938b817105130affd0d6222b4e6fd81c155aafa1ddb,data-raw/suppfiles/files/jwh/10.2166_wh.2025.374/jwh0230727supp1.docx,2026-08-20 04:34:06
jwh,108129,10.2166/wh.2025.020,https://iwa.silverchair-cdn.com/iwa/content_public/journal/jwh/23/6/10.2166_wh.2025.020/1/jwh0230764supp1.docx,jwh0230764supp1.docx,2026-08-28 16:55:59,ok,63284,aa11255cf7102e3b908edd466799217bd741fef4b5650664878f72f6f89fa090,data-raw/suppfiles/files/jwh/10.2166_wh.2025.020/jwh0230764supp1.docx,2026-08-20 04:34:10
jwh,108179,10.2166/wh.2025.027,https://iwa.silverchair-cdn.com/iwa/content_public/journal/jwh/23/6/10.2166_wh.2025.027/1/jwh0230794supp1.docx,jwh0230794supp1.docx,2026-08-28 16:56:28,ok,30060,ae3656d7b2eaa7eb9d601d7855eceb0414a170dd825daa43405e7d483a5c8ffb,data-raw/suppfiles/files/jwh/10.2166_wh.2025.027/jwh0230794supp1.docx,2026-08-20 04:34:13
jwh,108717,10.2166/wh.2025.009,https://iwa.silverchair-cdn.com/iwa/content_public/journal/jwh/23/7/10.2166_wh.2025.009/1/jwh0230894supp1.docx,jwh0230894supp1.docx,2026-08-26 18:11:50,ok,22935,7baed7261c342ce5252a6488119588e6a47c223092241f056585425e57dfc684,data-raw/suppfiles/files/jwh/10.2166_wh.2025.009/jwh0230894supp1.docx,2026-08-20 04:34:15
jwh,108750,10.2166/wh.2025.041,https://iwa.silverchair-cdn.com/iwa/content_public/journal/jwh/23/8/10.2166_wh.2025.041/4/jwh0230923supp1.docx,jwh0230923supp1.docx,2026-08-21 05:56:25,ok,34633,3daa207f8af6dc14be64d38562312ade9de8248b399b2a0b8b16808ba9667635,data-raw/suppfiles/files/jwh/10.2166_wh.2025.041/jwh0230923supp1.docx,2026-08-20 04:34:18
jwh,108970,10.2166/wh.2025.059,https://iwa.silverchair-cdn.com/iwa/content_public/journal/jwh/23/8/10.2166_wh.2025.059/3/jwh0230952supp1.docx,jwh0230952supp1.docx,2026-08-22 09:04:43,ok,24909,c656c7e7f32b09046f3dec0314e0d13a3e1b4d1f7ed195031ae3abc5cac1cf5e,data-raw/suppfiles/files/jwh/10.2166_wh.2025.059/jwh0230952supp1.docx,2026-08-20 04:34:22
jwh,108970,10.2166/wh.2025.059,https://iwa.silverchair-cdn.com/iwa/content_public/journal/jwh/23/8/10.2166_wh.2025.059/3/jwh0230952supp2.xlsx,jwh0230952supp2.xlsx,2026-08-22 09:04:43,ok,28352,9a1e809a314ec7eb1b1a1e6b73d39162059b90cd3d94214d65347dd3e36d3d7b,data-raw/suppfiles/files/jwh/10.2166_wh.2025.059/jwh0230952supp2.xlsx,2026-08-20 04:34:25
jwh,109379,10.2166/wh.2025.346,https://iwa.silverchair-cdn.com/iwa/content_public/journal/jwh/23/9/10.2166_wh.2025.346/1/jwh0230991supp1.xlsx,jwh0230991supp1.xlsx,2026-08-24 03:12:44,ok,46782,108090a96fd552508e215e8bc7898801ed1ceb5ac0ab48357060077dea602589,data-raw/suppfiles/files/jwh/10.2166_wh.2025.346/jwh0230991supp1.xlsx,2026-08-20 04:34:29
jwh,109222,10.2166/wh.2025.082,https://iwa.silverchair-cdn.com/iwa/content_public/journal/jwh/23/9/10.2166_wh.2025.082/1/jwh0231109supp1.docx,jwh0231109supp1.docx,2026-08-23 14:11:21,ok,372989,89a2118a0834000fc97c196f7c380957d76df7192eb50689190156767b6391a3,data-raw/suppfiles/files/jwh/10.2166_wh.2025.082/jwh0231109supp1.docx,2026-08-20 04:34:33
jwh,109782,10.2166/wh.2025.045,https://iwa.silverchair-cdn.com/iwa/content_public/journal/jwh/23/10/10.2166_wh.2025.045/3/jwh0231196supp1.docx,jwh0231196supp1.docx,2026-08-28 03:25:08,ok,103557,6a4d769597016d24abd8951854d80cd33501555e21d01537760a056177c07129,data-raw/suppfiles/files/jwh/10.2166_wh.2025.045/jwh0231196supp1.docx,2026-08-20 04:34:37
jwh,109749,10.2166/wh.2025.062,https://iwa.silverchair-cdn.com/iwa/content_public/journal/jwh/23/10/10.2166_wh.2025.062/3/jwh0231224supp1.docx,jwh0231224supp1.docx,2026-08-20 17:55:05,ok,90142,14ef401d20bff3497ada13c8fea03f0f12be08f1edda707901878704cf7f57f0,data-raw/suppfiles/files/jwh/10.2166_wh.2025.062/jwh0231224supp1.docx,2026-08-20 04:34:41
jwh,109916,10.2166/wh.2025.053,https://iwa.silverchair-cdn.com/iwa/content_public/journal/jwh/23/11/10.2166_wh.2025.053/1/jwh0231341supp1.docx,jwh0231341supp1.docx,2026-08-28 17:08:17,ok,60493,f95f16bad84081bfecd565e51f2dc8b30a32194b72892aafe7392b653ddd3fea,data-raw/suppfiles/files/jwh/10.2166_wh.2025.053/jwh0231341supp1.docx,2026-08-20 04:34:44
jwh,110166,10.2166/wh.2025.077,https://iwa.silverchair-cdn.com/iwa/content_public/journal/jwh/23/11/10.2166_wh.2025.077/1/jwh0231355supp1.docx,jwh0231355supp1.docx,2026-08-27 17:01:08,ok,1162710,4e0a1cda9b0c29aacafc4045c201f1884585ebf48bebf43628a2e3c396d7a2ff,data-raw/suppfiles/files/jwh/10.2166_wh.2025.077/jwh0231355supp1.docx,2026-08-20 04:34:49
jwh,109784,10.2166/wh.2025.083,https://iwa.silverchair-cdn.com/iwa/content_public/journal/jwh/23/11/10.2166_wh.2025.083/1/jwh0231368supp1.docx,jwh0231368supp1.docx,2026-08-20 04:31:05,http_403,NA,NA,data-raw/suppfiles/files/jwh/10.2166_wh.2025.083/jwh0231368supp1.docx,2026-08-20 04:35:07
jwh,110239,10.2166/wh.2025.036,https://iwa.silverchair-cdn.com/iwa/content_public/journal/jwh/23/12/10.2166_wh.2025.036/1/jwh0231415supp1.pdf,jwh0231415supp1.pdf,2026-08-25 13:06:36,ok,382177,02f75f20a36f0e8b0c85f57507bd0b7f243f32e744148c39863ca739bcc5ded6,data-raw/suppfiles/files/jwh/10.2166_wh.2025.036/jwh0231415supp1.pdf,2026-08-20 04:35:12
jwh,110185,10.2166/wh.2025.126,https://iwa.silverchair-cdn.com/iwa/content_public/journal/jwh/23/12/10.2166_wh.2025.126/1/jwh0231430supp1.docx,jwh0231430supp1.docx,2026-08-28 03:28:52,ok,966772,daa7b7ae5422f4f1e88c6c7c530e16bea21c1ade133ad10abfb59777a5ce9609,data-raw/suppfiles/files/jwh/10.2166_wh.2025.126/jwh0231430supp1.docx,2026-08-20 04:35:15
jwh,110660,10.2166/wh.2025.391,https://iwa.silverchair-cdn.com/iwa/content_public/journal/jwh/24/1/10.2166_wh.2025.391/1/jwh0240001supp1.docx,jwh0240001supp1.docx,2026-08-28 17:10:52,ok,26841,db62ec8df409a2131bb13dca0121800f2f1ffd0901511079ca7cc4e974b43329,data-raw/suppfiles/files/jwh/10.2166_wh.2025.391/jwh0240001supp1.docx,2026-08-20 04:35:18
jwh,110610,10.2166/wh.2025.364,https://iwa.silverchair-cdn.com/iwa/content_public/journal/jwh/24/1/10.2166_wh.2025.364/1/jwh0240036supp1.docx,jwh0240036supp1.docx,2026-08-24 09:26:21,ok,367322,a97832cdc5bf72301bd3a5f7cb8939c1dd3cf14711350a2c63da12d69ebe1833,data-raw/suppfiles/files/jwh/10.2166_wh.2025.364/jwh0240036supp1.docx,2026-08-20 04:35:22
jwh,110650,10.2166/wh.2025.167,https://iwa.silverchair-cdn.com/iwa/content_public/journal/jwh/24/1/10.2166_wh.2025.167/1/jwh0240050supp1.docx,jwh0240050supp1.docx,2026-08-24 16:40:44,ok,600693,96cb8045f06d3190b4a8ecd53da3da2568a3da561d4a53e96fba55cbaec70955,data-raw/suppfiles/files/jwh/10.2166_wh.2025.167/jwh0240050supp1.docx,2026-08-20 04:35:26
jwh,110650,10.2166/wh.2025.167,https://iwa.silverchair-cdn.com/iwa/content_public/journal/jwh/24/1/10.2166_wh.2025.167/1/jwh0240050supp2.pdf,jwh0240050supp2.pdf,2026-08-24 16:40:44,ok,963608,e779df34f08e5d96457d8873a1bebabe6d0b283b860e626c3c3bd068ce079771,data-raw/suppfiles/files/jwh/10.2166_wh.2025.167/jwh0240050supp2.pdf,2026-08-20 04:35:30
jwh,110650,10.2166/wh.2025.167,https://iwa.silverchair-cdn.com/iwa/content_public/journal/jwh/24/1/10.2166_wh.2025.167/1/jwh0240050supp3.docx,jwh0240050supp3.docx,2026-08-24 16:40:44,ok,52798,4d22b69d42b9efcdf819334280d1ada9ea308f4ca2ad1ec0cb14591b6f01a7f8,data-raw/suppfiles/files/jwh/10.2166_wh.2025.167/jwh0240050supp3.docx,2026-08-20 04:35:33
jwh,110668,10.2166/wh.2026.182,https://iwa.silverchair-cdn.com/iwa/content_public/journal/jwh/24/1/10.2166_wh.2026.182/1/jwh0240065supp1.pdf,jwh0240065supp1.pdf,2026-08-22 02:00:58,ok,4792495,6e2cc7999f2534715f073c86ef2d7cf9521351b31cb13401d5bf45f9ea142dd1,data-raw/suppfiles/files/jwh/10.2166_wh.2026.182/jwh0240065supp1.pdf,2026-08-20 04:35:38
jwh,110858,10.2166/wh.2026.175,https://iwa.silverchair-cdn.com/iwa/content_public/journal/jwh/24/2/10.2166_wh.2026.175/2/jwh0240160supp1.docx,jwh0240160supp1.docx,2026-08-28 17:13:58,ok,47070,b5293d8e7a3b8a205ec0553ad9bda81de4dcc5fa8930599068721c4206d0af2e,data-raw/suppfiles/files/jwh/10.2166_wh.2026.175/jwh0240160supp1.docx,2026-08-20 04:35:41
jwh,110801,10.2166/wh.2026.176,https://iwa.silverchair-cdn.com/iwa/content_public/journal/jwh/24/2/10.2166_wh.2026.176/2/jwh0240176supp1.docx,jwh0240176supp1.docx,2026-08-28 04:06:45,ok,11920799,0b1154dd2fff505ed2c70cc204b2df9d2f7d8386d3a04145a474bde389201712,data-raw/suppfiles/files/jwh/10.2166_wh.2026.176/jwh0240176supp1.docx,2026-08-20 04:35:45
jwh,110802,10.2166/wh.2026.228,https://iwa.silverchair-cdn.com/iwa/content_public/journal/jwh/24/2/10.2166_wh.2026.228/2/jwh0240204supp1.docx,jwh0240204supp1.docx,2026-08-23 21:15:18,ok,1584173,fee3782e973c14810c255d1e2953edf64aad18ee7acacb6c665358df22dbe117,data-raw/suppfiles/files/jwh/10.2166_wh.2026.228/jwh0240204supp1.docx,2026-08-20 04:35:48
jwh,110854,10.2166/wh.2026.243,https://iwa.silverchair-cdn.com/iwa/content_public/journal/jwh/24/2/10.2166_wh.2026.243/2/jwh0240239supp1.docx,jwh0240239supp1.docx,2026-08-28 17:15:30,ok,416468,75d111fb2416d1321563a9fd22e42d3b3ce3fc2867f486c9d659a2c309a18c6c,data-raw/suppfiles/files/jwh/10.2166_wh.2026.243/jwh0240239supp1.docx,2026-08-20 04:35:52
jwh,110825,10.2166/wh.2026.252,https://iwa.silverchair-cdn.com/iwa/content_public/journal/jwh/24/2/10.2166_wh.2026.252/2/jwh0240278supp1.docx,jwh0240278supp1.docx,2026-08-27 13:17:07,ok,27553,09a2ff6ab587c7a4d58853db743ee33efe4e09439ef09aa79096a186e076bc03,data-raw/suppfiles/files/jwh/10.2166_wh.2026.252/jwh0240278supp1.docx,2026-08-20 04:35:56
jwh,111119,10.2166/wh.2026.076,https://iwa.silverchair-cdn.com/iwa/content_public/journal/jwh/24/3/10.2166_wh.2026.076/1/jwh0240324supp1.docx,jwh0240324supp1.docx,2026-08-23 11:38:28,ok,26243,56d756a09f8bb62b601358c98839a06f88aa4a4a514f96ba34a5987c4ad725c5,data-raw/suppfiles/files/jwh/10.2166_wh.2026.076/jwh0240324supp1.docx,2026-08-20 04:35:59
jwh,111056,10.2166/wh.2026.197,https://iwa.silverchair-cdn.com/iwa/content_public/journal/jwh/24/3/10.2166_wh.2026.197/1/jwh0240387supp1.docx,jwh0240387supp1.docx,2026-08-21 05:16:48,ok,210000,2de75a63b6a59099ada9cc77678129258b5a31e24818281b0f2a64598eb7b730,data-raw/suppfiles/files/jwh/10.2166_wh.2026.197/jwh0240387supp1.docx,2026-08-20 04:36:03
jwh,111190,10.2166/wh.2026.212,https://iwa.silverchair-cdn.com/iwa/content_public/journal/jwh/24/3/10.2166_wh.2026.212/1/jwh0240415supp1.docx,jwh0240415supp1.docx,2026-08-26 17:38:48,ok,282656,d7295d2f97579318170191759a7cc0c57a6941e3069f3919864f5c8d229c50a9,data-raw/suppfiles/files/jwh/10.2166_wh.2026.212/jwh0240415supp1.docx,2026-08-20 04:36:08
jwh,111103,10.2166/wh.2026.234,https://iwa.silverchair-cdn.com/iwa/content_public/journal/jwh/24/3/10.2166_wh.2026.234/1/jwh0240432supp1.docx,jwh0240432supp1.docx,2026-08-26 21:48:54,ok,33510,ff6452a7f9194091378c94a123d1c4a0856e3b7f5d52bd3ef1747c8c1f5bca7d,data-raw/suppfiles/files/jwh/10.2166_wh.2026.234/jwh0240432supp1.docx,2026-08-20 04:36:12
jwh,111219,10.2166/wh.2026.273,https://iwa.silverchair-cdn.com/iwa/content_public/journal/jwh/24/3/10.2166_wh.2026.273/1/jwh0240446supp1.docx,jwh0240446supp1.docx,2026-08-27 21:56:46,ok,21579,bd0b4b8298bcf2d49d0ca978abd1e4ee7bf12d81cfc5d9a4dea698a2c526da74,data-raw/suppfiles/files/jwh/10.2166_wh.2026.273/jwh0240446supp1.docx,2026-08-20 04:36:15
jwh,111219,10.2166/wh.2026.273,https://iwa.silverchair-cdn.com/iwa/content_public/journal/jwh/24/3/10.2166_wh.2026.273/1/jwh0240446supp2.docx,jwh0240446supp2.docx,2026-08-27 21:56:46,ok,18032,73d2112dbedbfc662a901d2bc4aa50d57b07319379157dfdfe77d8c6a249ff57,data-raw/suppfiles/files/jwh/10.2166_wh.2026.273/jwh0240446supp2.docx,2026-08-20 04:36:19
jwh,111151,10.2166/wh.2026.281,https://iwa.silverchair-cdn.com/iwa/content_public/journal/jwh/24/3/10.2166_wh.2026.281/1/jwh0240460supp1.docx,jwh0240460supp1.docx,2026-08-24 02:48:48,ok,54828,7966a522fa1b6ff1704e54db914584c899647987d7c4e6177ec7fa2f332ab99c,data-raw/suppfiles/files/jwh/10.2166_wh.2026.281/jwh0240460supp1.docx,2026-08-20 04:36:22
jwh,111256,10.2166/wh.2026.173,https://iwa.silverchair-cdn.com/iwa/content_public/journal/jwh/24/4/10.2166_wh.2026.173/2/jwh0240518supp1.docx,jwh0240518supp1.docx,2026-08-22 19:43:39,ok,588909,52d93ef9df6d33ba510cca16149851453088116297989e10b21802d74677de07,data-raw/suppfiles/files/jwh/10.2166_wh.2026.173/jwh0240518supp1.docx,2026-08-20 04:36:27
jwh,111246,10.2166/wh.2026.237,https://iwa.silverchair-cdn.com/iwa/content_public/journal/jwh/24/4/10.2166_wh.2026.237/2/jwh0240607supp1.docx,jwh0240607supp1.docx,2026-08-22 20:25:07,ok,801661,16ab787da771b37fce64105eaac53fd31955a93458bf3e033cec71440eb04efd,data-raw/suppfiles/files/jwh/10.2166_wh.2026.237/jwh0240607supp1.docx,2026-08-20 04:36:30
jwh,111740,10.2166/wh.2026.075,https://iwa.silverchair-cdn.com/iwa/content_public/journal/jwh/24/5/10.2166_wh.2026.075/1/jwh0240651supp1.docx,jwh0240651supp1.docx,2026-08-25 13:31:29,ok,22441,8aab426a0d95bfcec4b375a43815561dac859fe5f0f3300b61ebbb35212efca0,data-raw/suppfiles/files/jwh/10.2166_wh.2026.075/jwh0240651supp1.docx,2026-08-20 04:36:34
jwh,111631,10.2166/wh.2026.030,https://iwa.silverchair-cdn.com/iwa/content_public/journal/jwh/24/5/10.2166_wh.2026.030/1/jwh0240693supp1.docx,jwh0240693supp1.docx,2026-08-27 14:11:12,ok,50851,92237bcaafb69797b1a132c3c88ba6d3c3398332df7b4b55d576a4c1e68f2424,data-raw/suppfiles/files/jwh/10.2166_wh.2026.030/jwh0240693supp1.docx,2026-08-20 04:36:38
aqua,29030,10.2166/aqua.2009.103,https://iwa.silverchair-cdn.com/iwa/content_public/journal/aqua/58/5/10.2166_aqua.2009.103/2/0003.pdf,0003.pdf,2026-08-21 10:09:57,ok,42266,5c63b7cdf1f1401c3ca34754720769b3bc521b27fb4444a82d5af7a82b74b517,data-raw/suppfiles/files/aqua/10.2166_aqua.2009.103/0003.pdf,2026-08-20 04:36:42
aqua,29056,10.2166/aqua.2012.079,https://iwa.silverchair-cdn.com/iwa/content_public/journal/aqua/61/3/10.2166_aqua.2012.079/4/079.pdf,079.pdf,2026-08-22 07:48:52,ok,509540,6137b800072107639b27b05293bf8bc221a211188eed51b3f812776e8bbdf051,data-raw/suppfiles/files/aqua/10.2166_aqua.2012.079/079.pdf,2026-08-20 04:36:45
aqua,29060,10.2166/aqua.2012.005,https://iwa.silverchair-cdn.com/iwa/content_public/journal/aqua/61/5/10.2166_aqua.2012.005/4/005.pdf,005.pdf,2026-08-22 03:11:23,ok,113142,53b96d45063f555b9e20a204d81d09b512975238bd8345597e7b1fc9e3d2518f,data-raw/suppfiles/files/aqua/10.2166_aqua.2012.005/005.pdf,2026-08-20 04:36:48
aqua,31188,10.2166/aqua.2012.047,https://iwa.silverchair-cdn.com/iwa/content_public/journal/aqua/61/8/10.2166_aqua.2012.047/4/047.pdf,047.pdf,2026-08-22 16:26:39,ok,192939,e68128d8ea89179de7229384fce0ada4ee867753c837d5a72209c76c48b18c02,data-raw/suppfiles/files/aqua/10.2166_aqua.2012.047/047.pdf,2026-08-20 04:36:51
aqua,31189,10.2166/aqua.2012.070,https://iwa.silverchair-cdn.com/iwa/content_public/journal/aqua/61/8/10.2166_aqua.2012.070/4/070.pdf,070.pdf,2026-08-21 09:13:11,ok,611245,1e4d44f2400bb6565d2e38fa812f0b1d30c4727bdeb6ced868e099c18e4b35b5,data-raw/suppfiles/files/aqua/10.2166_aqua.2012.070/070.pdf,2026-08-20 04:36:55
aqua,29195,10.2166/aqua.2013.060,https://iwa.silverchair-cdn.com/iwa/content_public/journal/aqua/62/7/10.2166_aqua.2013.060/4/037.pdf,037.pdf,2026-08-21 04:41:05,ok,35418,00cefce94a06a0dfce7aba74992d786de118b1d856304241d0a60133f39f6227,data-raw/suppfiles/files/aqua/10.2166_aqua.2013.060/037.pdf,2026-08-20 04:36:58
aqua,29200,10.2166/aqua.2013.115,https://iwa.silverchair-cdn.com/iwa/content_public/journal/aqua/62/7/10.2166_aqua.2013.115/4/060.pdf,060.pdf,2026-08-20 06:23:01,ok,65887,e2aac210a15cf09ff9f0ff4e9aceecb86f14e0c5ce84bdb03255061fe667c2a0,data-raw/suppfiles/files/aqua/10.2166_aqua.2013.115/060.pdf,2026-08-20 04:37:02
aqua,29201,10.2166/aqua.2013.037,https://iwa.silverchair-cdn.com/iwa/content_public/journal/aqua/62/7/10.2166_aqua.2013.037/4/115.pdf,115.pdf,2026-08-28 21:26:52,ok,474050,441a2f9f94352d0ca86bb8db3c43321df2bb6e5031e3d15bb0355d7b7baacb89,data-raw/suppfiles/files/aqua/10.2166_aqua.2013.037/115.pdf,2026-08-20 04:37:05
aqua,28954,10.2166/aqua.2013.081,https://iwa.silverchair-cdn.com/iwa/content_public/journal/aqua/63/1/10.2166_aqua.2013.081/4/081.pdf,081.pdf,2026-08-23 07:36:34,ok,265063,c109b2257b917e0969030f0e47fc0f0f1ad15be0c331303e5794027727a1d998,data-raw/suppfiles/files/aqua/10.2166_aqua.2013.081/081.pdf,2026-08-20 04:37:09
aqua,29007,10.2166/aqua.2014.021,https://iwa.silverchair-cdn.com/iwa/content_public/journal/aqua/63/4/10.2166_aqua.2014.021/3/021.pdf,021.pdf,2026-08-23 10:39:17,ok,119086,59433d9e3b99fb477fcaa74afdd093ac21eee95d5297dcd40d8429fa8acfbd13,data-raw/suppfiles/files/aqua/10.2166_aqua.2014.021/021.pdf,2026-08-20 04:37:14
aqua,29243,10.2166/aqua.2014.135,https://iwa.silverchair-cdn.com/iwa/content_public/journal/aqua/63/6/10.2166_aqua.2014.135/4/135.pdf,135.pdf,2026-08-20 06:14:43,ok,97965,8116ad8a043c771b656e6722edb18cdc794abf459c6bee33cc45714cb92a2f91,data-raw/suppfiles/files/aqua/10.2166_aqua.2014.135/135.pdf,2026-08-20 04:37:17
aqua,29314,10.2166/aqua.2015.123,https://iwa.silverchair-cdn.com/iwa/content_public/journal/aqua/64/4/10.2166_aqua.2015.123/4/123.pdf,123.pdf,2026-08-23 13:53:07,ok,45067,11e869e37b6af88a88c9c21766202957a94826ec3a1bcdd7d0e8639da921fb54,data-raw/suppfiles/files/aqua/10.2166_aqua.2015.123/123.pdf,2026-08-20 04:37:20
aqua,29016,10.2166/aqua.2015.086,https://iwa.silverchair-cdn.com/iwa/content_public/journal/aqua/65/2/10.2166_aqua.2015.086/4/jws2015086supp.pdf,jws2015086supp.pdf,2026-08-27 13:21:14,ok,388328,e19a5850677918443e97f614e6b541b8ea46462101cc8c1d961dfebd512e8e82,data-raw/suppfiles/files/aqua/10.2166_aqua.2015.086/jws2015086supp.pdf,2026-08-20 04:37:24
aqua,29230,10.2166/aqua.2016.030,https://iwa.silverchair-cdn.com/iwa/content_public/journal/aqua/65/6/10.2166_aqua.2016.030/4/jws2016030supp.docx,jws2016030supp.docx,2026-08-20 06:26:43,ok,21706,8a04907561cc8e9d5c221bafeeb6a33e7ff8d4d42c93210c4bef48b5eadefcb2,data-raw/suppfiles/files/aqua/10.2166_aqua.2016.030/jws2016030supp.docx,2026-08-20 04:37:27
aqua,29236,10.2166/aqua.2016.001,https://iwa.silverchair-cdn.com/iwa/content_public/journal/aqua/65/6/10.2166_aqua.2016.001/4/jws2016001supp.docx,jws2016001supp.docx,2026-08-22 23:21:12,ok,72880,393c2dceaf803fb93d803e4d478d1f72dd23a9859e42ef0f908daf33e5224e63,data-raw/suppfiles/files/aqua/10.2166_aqua.2016.001/jws2016001supp.docx,2026-08-20 04:37:31
aqua,29176,10.2166/aqua.2016.012,https://iwa.silverchair-cdn.com/iwa/content_public/journal/aqua/65/7/10.2166_aqua.2016.012/4/jws2016012supp.docx,jws2016012supp.docx,2026-08-28 02:53:15,ok,17773,9d792fa7ccc8f9639fcb14c17e363626bb3af55561b90034323565abff142876,data-raw/suppfiles/files/aqua/10.2166_aqua.2016.012/jws2016012supp.docx,2026-08-20 04:37:35
aqua,29284,10.2166/aqua.2016.102,https://iwa.silverchair-cdn.com/iwa/content_public/journal/aqua/66/1/10.2166_aqua.2016.102/2/jws2016102supp.docx,jws2016102supp.docx,2026-08-22 16:08:53,ok,100502,15d93560c12525c9cc71a1c829acefb840121e2e5c63fbfa141028e6435438fd,data-raw/suppfiles/files/aqua/10.2166_aqua.2016.102/jws2016102supp.docx,2026-08-20 04:37:39
aqua,29251,10.2166/aqua.2017.027,https://iwa.silverchair-cdn.com/iwa/content_public/journal/aqua/66/2/10.2166_aqua.2017.027/3/jws2017027supp.docx,jws2017027supp.docx,2026-08-20 20:04:42,ok,16215,cfee4e36d6d511bef748e0f8a1ecf04177249bd8c210ca5cc1bebc9d0cae3f27,data-raw/suppfiles/files/aqua/10.2166_aqua.2017.027/jws2017027supp.docx,2026-08-20 04:37:42
aqua,29179,10.2166/aqua.2017.049,https://iwa.silverchair-cdn.com/iwa/content_public/journal/aqua/66/3/10.2166_aqua.2017.049/4/jws2017049supp.docx,jws2017049supp.docx,2026-08-21 03:02:26,ok,14642,5ca2f4fabc8b6028ed75202d5b181735b6e88add07d8f8d12191142e1aad7cf7,data-raw/suppfiles/files/aqua/10.2166_aqua.2017.049/jws2017049supp.docx,2026-08-20 04:37:45
aqua,29191,10.2166/aqua.2017.099,https://iwa.silverchair-cdn.com/iwa/content_public/journal/aqua/66/3/10.2166_aqua.2017.099/4/jws2017099supp.docx,jws2017099supp.docx,2026-08-21 04:19:33,ok,69156,fabaf36aff1c7684b0dffa1a99d61e35d700478ce76eb8da3d51550052f3ff63,data-raw/suppfiles/files/aqua/10.2166_aqua.2017.099/jws2017099supp.docx,2026-08-20 04:37:49
aqua,29346,10.2166/aqua.2017.083,https://iwa.silverchair-cdn.com/iwa/content_public/journal/aqua/66/4/10.2166_aqua.2017.083/4/jws2017083supp.docx,jws2017083supp.docx,2026-08-24 18:43:35,ok,268236,e0845b1d9c48896b113d30884a09d273203e7bb9e9e1b925f2d36d7bf95a0acf,data-raw/suppfiles/files/aqua/10.2166_aqua.2017.083/jws2017083supp.docx,2026-08-20 04:37:54
aqua,29352,10.2166/aqua.2017.106,https://iwa.silverchair-cdn.com/iwa/content_public/journal/aqua/66/4/10.2166_aqua.2017.106/4/jws2017106supp.docx,jws2017106supp.docx,2026-08-27 05:10:24,ok,95971,8da902be3c7c8c6af7324cf62ccd16ebbffe7c3851f3bea89704c7193654f0df,data-raw/suppfiles/files/aqua/10.2166_aqua.2017.106/jws2017106supp.docx,2026-08-20 04:37:58
aqua,38080,10.2166/aqua.2017.183,https://iwa.silverchair-cdn.com/iwa/content_public/journal/aqua/66/8/10.2166_aqua.2017.183/2/jws2017183supp.docx,jws2017183supp.docx,2026-08-20 20:22:36,ok,59188,b0b87bcd00a7564a7f3dcb8d75497cf59f65654224cd497093505d62b033ac35,data-raw/suppfiles/files/aqua/10.2166_aqua.2017.183/jws2017183supp.docx,2026-08-20 04:38:01
aqua,38078,10.2166/aqua.2017.084,https://iwa.silverchair-cdn.com/iwa/content_public/journal/aqua/66/8/10.2166_aqua.2017.084/1/jws2017084supp.docx,jws2017084supp.docx,2026-08-20 18:01:07,ok,421748,c774960d87bf1ecc816fd47b17d61ed89ec3cc14a860c374aca27132110c88d1,data-raw/suppfiles/files/aqua/10.2166_aqua.2017.084/jws2017084supp.docx,2026-08-20 04:38:04
aqua,38113,10.2166/aqua.2017.103,https://iwa.silverchair-cdn.com/iwa/content_public/journal/aqua/67/1/10.2166_aqua.2017.103/1/aqua2017103supp.pdf,aqua2017103supp.pdf,2026-08-21 23:11:53,ok,56107,5171780a195deb1f786b81fb241328faebf7c951a81e3ae8807905e50d654310,data-raw/suppfiles/files/aqua/10.2166_aqua.2017.103/aqua2017103supp.pdf,2026-08-20 04:38:08
aqua,39345,10.2166/aqua.2018.021,https://iwa.silverchair-cdn.com/iwa/content_public/journal/aqua/67/5/10.2166_aqua.2018.021/1/jws2018021supp.docx,jws2018021supp.docx,2026-08-23 00:15:23,ok,42429,4604e1cb4878c2bd21c85f013056535a6d201090f5166eb07eea204f4e8b9f1d,data-raw/suppfiles/files/aqua/10.2166_aqua.2018.021/jws2018021supp.docx,2026-08-20 04:38:12
aqua,64330,10.2166/aqua.2018.075,https://iwa.silverchair-cdn.com/iwa/content_public/journal/aqua/67/7/10.2166_aqua.2018.075/2/jws2018075supp.docx,jws2018075supp.docx,2026-08-25 02:32:07,ok,178955,15387fccc6cfeae56b70db8ad47303285d591cf6f601aaf1a56f4afde25aea10,data-raw/suppfiles/files/aqua/10.2166_aqua.2018.075/jws2018075supp.docx,2026-08-20 04:38:16
aqua,63276,10.2166/aqua.2018.052,https://iwa.silverchair-cdn.com/iwa/content_public/journal/aqua/67/8/10.2166_aqua.2018.052/1/jws2018052supp.docx,jws2018052supp.docx,2026-08-26 08:25:18,ok,46679,bd542261352b1ed060d61b3b46962331152c41dd9c8bd3f2be827590596f25e3,data-raw/suppfiles/files/aqua/10.2166_aqua.2018.052/jws2018052supp.docx,2026-08-20 04:38:20
aqua,64603,10.2166/aqua.2018.104,https://iwa.silverchair-cdn.com/iwa/content_public/journal/aqua/67/8/10.2166_aqua.2018.104/1/jws2018104supp.docx,jws2018104supp.docx,2026-08-28 23:13:16,ok,36189,4a1a46d65143f565b87dc6e77566ded92075fe0c6d512907ecea2720c0685334,data-raw/suppfiles/files/aqua/10.2166_aqua.2018.104/jws2018104supp.docx,2026-08-20 04:38:22
aqua,66692,10.2166/aqua.2019.138,https://iwa.silverchair-cdn.com/iwa/content_public/journal/aqua/68/3/10.2166_aqua.2019.138/2/jws2019138supp.pdf,jws2019138supp.pdf,2026-08-21 08:39:53,ok,94876,bd5d6a2d4a8ad3480468358cc57bda6ff9a053766eb9c2ea7733415451eb1434,data-raw/suppfiles/files/aqua/10.2166_aqua.2019.138/jws2019138supp.pdf,2026-08-20 04:38:25
aqua,67247,10.2166/aqua.2019.134,https://iwa.silverchair-cdn.com/iwa/content_public/journal/aqua/68/5/10.2166_aqua.2019.134/1/jws2019134supp.docx,jws2019134supp.docx,2026-08-22 01:41:14,ok,166499,7e71607f33481c6bb67644a168c5ef98d818cc92a3099292f3ee96fd026a0190,data-raw/suppfiles/files/aqua/10.2166_aqua.2019.134/jws2019134supp.docx,2026-08-20 04:38:29
aqua,68627,10.2166/aqua.2019.157,https://iwa.silverchair-cdn.com/iwa/content_public/journal/aqua/68/6/10.2166_aqua.2019.157/1/jws2019157supp.docx,jws2019157supp.docx,2026-08-27 04:23:09,ok,24527,1bcb6acf761d5b212d07fa13c36b87cd60e9331076addb8f144f2be32dff9ac9,data-raw/suppfiles/files/aqua/10.2166_aqua.2019.157/jws2019157supp.docx,2026-08-20 04:38:32
aqua,70236,10.2166/aqua.2019.078,https://iwa.silverchair-cdn.com/iwa/content_public/journal/aqua/68/7/10.2166_aqua.2019.078/1/jws2019078supp.docx,jws2019078supp.docx,2026-08-28 23:27:37,ok,160632,8279c8c196ac2e2d575028fe499dd656dda68fbfd5c328c252e299000c002d36,data-raw/suppfiles/files/aqua/10.2166_aqua.2019.078/jws2019078supp.docx,2026-08-20 04:38:35
aqua,69036,10.2166/aqua.2019.027,https://iwa.silverchair-cdn.com/iwa/content_public/journal/aqua/68/8/10.2166_aqua.2019.027/1/jws2019027supp.doc,jws2019027supp.doc,2026-08-24 23:32:16,ok,640512,36a8d8b82c47db5ecfa065fffdf060af8332d23c176b7efd5a10eeba840f7d27,data-raw/suppfiles/files/aqua/10.2166_aqua.2019.027/jws2019027supp.doc,2026-08-20 04:38:38
aqua,70269,10.2166/aqua.2019.063,https://iwa.silverchair-cdn.com/iwa/content_public/journal/aqua/68/8/10.2166_aqua.2019.063/1/jws2019063supp.doc,jws2019063supp.doc,2026-08-22 22:50:06,ok,61440,12e3772afe4feb18857719fec876882075036c3889baa252a6e50f7320faeb62,data-raw/suppfiles/files/aqua/10.2166_aqua.2019.063/jws2019063supp.doc,2026-08-20 04:38:42
aqua,71028,10.2166/aqua.2019.111,https://iwa.silverchair-cdn.com/iwa/content_public/journal/aqua/68/8/10.2166_aqua.2019.111/1/jws2019111supp.docx,jws2019111supp.docx,2026-08-20 06:28:23,ok,596261,8a56508f4b9be3c8172008f2a177a6e78158ac4889819eae0c116e1598f85a3d,data-raw/suppfiles/files/aqua/10.2166_aqua.2019.111/jws2019111supp.docx,2026-08-20 04:38:45
aqua,71145,10.2166/aqua.2019.210,https://iwa.silverchair-cdn.com/iwa/content_public/journal/aqua/68/8/10.2166_aqua.2019.210/1/jws2019210supp.docx,jws2019210supp.docx,2026-08-20 15:09:32,ok,15919,b3e4b3bcc264d7d4037dfee803ded150e8cc643a4fc2832f0624bf787e345a29,data-raw/suppfiles/files/aqua/10.2166_aqua.2019.210/jws2019210supp.docx,2026-08-20 04:38:49
aqua,71096,10.2166/aqua.2019.084,https://iwa.silverchair-cdn.com/iwa/content_public/journal/aqua/68/8/10.2166_aqua.2019.084/1/jws2019084supp.docx,jws2019084supp.docx,2026-08-21 12:43:04,ok,35078,02ec73935b70322c5a8015309ecdcfe29252e35e531a70c15a113028a6844c0f,data-raw/suppfiles/files/aqua/10.2166_aqua.2019.084/jws2019084supp.docx,2026-08-20 04:38:52
aqua,70880,10.2166/aqua.2019.075,https://iwa.silverchair-cdn.com/iwa/content_public/journal/aqua/69/1/10.2166_aqua.2019.075/4/jws2019075supp.docx,jws2019075supp.docx,2026-08-21 02:35:54,ok,42777,073704faf0398523bb0ea3adad338321df053171099bfd83132b829b2c2f5a7d,data-raw/suppfiles/files/aqua/10.2166_aqua.2019.075/jws2019075supp.docx,2026-08-20 04:38:56
aqua,71661,10.2166/aqua.2019.004,https://iwa.silverchair-cdn.com/iwa/content_public/journal/aqua/69/2/10.2166_aqua.2019.004/3/jws2019004supp.docx,jws2019004supp.docx,2026-08-25 08:52:16,ok,1143537,919bc2724a315c425d696caa3bd7beed29dc49af036d5b3cd76b2984852bb64e,data-raw/suppfiles/files/aqua/10.2166_aqua.2019.004/jws2019004supp.docx,2026-08-20 04:39:00
aqua,71449,10.2166/aqua.2019.113,https://iwa.silverchair-cdn.com/iwa/content_public/journal/aqua/69/2/10.2166_aqua.2019.113/3/jws2019113supp.docx,jws2019113supp.docx,2026-08-24 23:07:49,ok,3135443,31180ac1d8bcd491b23f2044e3a8a27b5aa1ea2ff38656ac1f7c48fae46f97dd,data-raw/suppfiles/files/aqua/10.2166_aqua.2019.113/jws2019113supp.docx,2026-08-20 04:39:04
aqua,73749,10.2166/aqua.2020.143,https://iwa.silverchair-cdn.com/iwa/content_public/journal/aqua/69/3/10.2166_aqua.2020.143/4/jws2020143supp.docx,jws2020143supp.docx,2026-08-28 23:41:05,ok,22942,66550bfdd835a43b9805dc644a445bb6c41146135ece6e1e209b369c79801f9c,data-raw/suppfiles/files/aqua/10.2166_aqua.2020.143/jws2020143supp.docx,2026-08-20 04:39:07
aqua,72316,10.2166/aqua.2020.109,https://iwa.silverchair-cdn.com/iwa/content_public/journal/aqua/69/4/10.2166_aqua.2020.109/3/jws2020109supp.docx,jws2020109supp.docx,2026-08-23 01:26:05,ok,66308,e1226a5fdbe6822df800c45d5f3013a1abfddac2857fbf0f5baa505be33fb9f7,data-raw/suppfiles/files/aqua/10.2166_aqua.2020.109/jws2020109supp.docx,2026-08-20 04:39:11
aqua,73291,10.2166/aqua.2020.127,https://iwa.silverchair-cdn.com/iwa/content_public/journal/aqua/69/4/10.2166_aqua.2020.127/3/jws2020127supp.docx,jws2020127supp.docx,2026-08-23 06:13:18,ok,464058,32eff48a05b856e4ff94aa4fee35160bbf11397777676097fea6aec2ed85a0ad,data-raw/suppfiles/files/aqua/10.2166_aqua.2020.127/jws2020127supp.docx,2026-08-20 04:39:15
aqua,75282,10.2166/aqua.2020.146,https://iwa.silverchair-cdn.com/iwa/content_public/journal/aqua/69/6/10.2166_aqua.2020.146/1/jws2020146supp1.docx,jws2020146supp1.docx,2026-08-24 22:18:14,ok,371059,09f737ecf85c18a6866f49510242bd3e5dfb84893cc3698ba2ba7d6619935389,data-raw/suppfiles/files/aqua/10.2166_aqua.2020.146/jws2020146supp1.docx,2026-08-20 04:39:19
aqua,75282,10.2166/aqua.2020.146,https://iwa.silverchair-cdn.com/iwa/content_public/journal/aqua/69/6/10.2166_aqua.2020.146/1/jws2020146supp2.pptx,jws2020146supp2.pptx,2026-08-24 22:18:14,ok,22325080,b330e2bedbd668f6f5f4e5501c8c687afbc1a65e9ecb0aba0c6466806d836139,data-raw/suppfiles/files/aqua/10.2166_aqua.2020.146/jws2020146supp2.pptx,2026-08-20 04:39:24
aqua,75823,10.2166/aqua.2020.010,https://iwa.silverchair-cdn.com/iwa/content_public/journal/aqua/69/6/10.2166_aqua.2020.010/1/jws2020010supp.docx,jws2020010supp.docx,2026-08-20 09:37:32,ok,107903,0480a975af122aca891f8c27b16a072e7ca776709d0a6d857fa2e54b75287e80,data-raw/suppfiles/files/aqua/10.2166_aqua.2020.010/jws2020010supp.docx,2026-08-20 04:39:28
aqua,76707,10.2166/aqua.2020.212,https://iwa.silverchair-cdn.com/iwa/content_public/journal/aqua/69/7/10.2166_aqua.2020.212/1/jws2020212supp.docx,jws2020212supp.docx,2026-08-21 13:50:20,ok,12206,e0d9c8a22465a2649d8084fe5e3cccea5d01addc7b1e44eacf74d287e9be963e,data-raw/suppfiles/files/aqua/10.2166_aqua.2020.212/jws2020212supp.docx,2026-08-20 04:39:32
aqua,77837,10.2166/aqua.2020.053,https://iwa.silverchair-cdn.com/iwa/content_public/journal/aqua/69/8/10.2166_aqua.2020.053/4/jws2020053supp.docx,jws2020053supp.docx,2026-08-20 17:18:04,ok,445876,356fa66b3b6b89e5751758534be69d98aee01a4bc7bbd619008a4a608a77b4da,data-raw/suppfiles/files/aqua/10.2166_aqua.2020.053/jws2020053supp.docx,2026-08-20 04:39:36
aqua,78594,10.2166/aqua.2020.057,https://iwa.silverchair-cdn.com/iwa/content_public/journal/aqua/69/8/10.2166_aqua.2020.057/3/jws2020057supp.docx,jws2020057supp.docx,2026-08-20 06:24:22,ok,469130,af2bb66b7f27807602109d204e00e6946cd36acc04c0a057e7d5e69035be4346,data-raw/suppfiles/files/aqua/10.2166_aqua.2020.057/jws2020057supp.docx,2026-08-20 04:39:40
aqua,78084,10.2166/aqua.2020.094,https://iwa.silverchair-cdn.com/iwa/content_public/journal/aqua/70/1/10.2166_aqua.2020.094/1/jws2020094supp.docx,jws2020094supp.docx,2026-08-24 02:19:56,ok,81664,073dcfeb70674784294285d717f7473acbb3a0b55ad3d9fefb80c2809b486799,data-raw/suppfiles/files/aqua/10.2166_aqua.2020.094/jws2020094supp.docx,2026-08-20 04:39:43
aqua,80017,10.2166/aqua.2021.039,https://iwa.silverchair-cdn.com/iwa/content_public/journal/aqua/70/2/10.2166_aqua.2021.039/1/jws2021039supp1.docx,jws2021039supp1.docx,2026-08-26 13:53:51,ok,24073,2ded043728cda015d83cb3a788f2d0634e233ffbf7d12c3d1505d145b19fd71f,data-raw/suppfiles/files/aqua/10.2166_aqua.2021.039/jws2021039supp1.docx,2026-08-20 04:39:47
aqua,80017,10.2166/aqua.2021.039,https://iwa.silverchair-cdn.com/iwa/content_public/journal/aqua/70/2/10.2166_aqua.2021.039/1/jws2021039supp2.docx,jws2021039supp2.docx,2026-08-26 13:53:51,ok,32041,b380b23b34984b4864d308a0f1b8c666a2ee522a93473e596e0f2b231a60f5c9,data-raw/suppfiles/files/aqua/10.2166_aqua.2021.039/jws2021039supp2.docx,2026-08-20 04:39:51
aqua,80325,10.2166/aqua.2021.105,https://iwa.silverchair-cdn.com/iwa/content_public/journal/aqua/70/3/10.2166_aqua.2021.105/3/jws2021105supp.pdf,jws2021105supp.pdf,2026-08-21 08:54:39,ok,283964,381264c8b1e0a58039c768f82fa431ea599e618209e0f79913b2c249e9be5b54,data-raw/suppfiles/files/aqua/10.2166_aqua.2021.105/jws2021105supp.pdf,2026-08-20 04:39:55
aqua,81370,10.2166/aqua.2021.163,https://iwa.silverchair-cdn.com/iwa/content_public/journal/aqua/70/4/10.2166_aqua.2021.163/1/jws2021163supp.docx,jws2021163supp.docx,2026-08-20 06:57:27,ok,501167,79506a3a588fc9c7b03f7117db1b02d30b978b959aeafff0fcc73d0de54c4c17,data-raw/suppfiles/files/aqua/10.2166_aqua.2021.163/jws2021163supp.docx,2026-08-20 04:39:58
aqua,82365,10.2166/aqua.2021.032,https://iwa.silverchair-cdn.com/iwa/content_public/journal/aqua/70/5/10.2166_aqua.2021.032/1/jws2021032supp.docx,jws2021032supp.docx,2026-08-29 00:11:00,ok,166567,12d092815a41af88abbe42d11c6b259bba534d1c1826f6efb13c5d381c95b13a,data-raw/suppfiles/files/aqua/10.2166_aqua.2021.032/jws2021032supp.docx,2026-08-20 04:40:03
aqua,82960,10.2166/aqua.2021.050,https://iwa.silverchair-cdn.com/iwa/content_public/journal/aqua/70/6/10.2166_aqua.2021.050/1/jws2021050supp.docx,jws2021050supp.docx,2026-08-23 08:36:30,ok,3573771,ae35306b16602f46383db1f6381f6ce1a7cc2afcd2d1466947d32fa5aa70fc8d,data-raw/suppfiles/files/aqua/10.2166_aqua.2021.050/jws2021050supp.docx,2026-08-20 04:40:08
aqua,83327,10.2166/aqua.2021.018,https://iwa.silverchair-cdn.com/iwa/content_public/journal/aqua/70/6/10.2166_aqua.2021.018/1/jws2021018supp.docx,jws2021018supp.docx,2026-08-21 13:47:07,ok,41553,d67dc4a8249198f7cdcc2d6a74ba4f8f31c6a48c8fe10890c2415c8ed4deb02a,data-raw/suppfiles/files/aqua/10.2166_aqua.2021.018/jws2021018supp.docx,2026-08-20 04:40:12
aqua,83690,10.2166/aqua.2021.146,https://iwa.silverchair-cdn.com/iwa/content_public/journal/aqua/70/7/10.2166_aqua.2021.146/1/jws2021146supp.docx,jws2021146supp.docx,2026-08-24 19:07:02,ok,72828,6dc1a57644c316ce1d08573b07a25cba02ab5cf983fdaab821135fd0cc06a33b,data-raw/suppfiles/files/aqua/10.2166_aqua.2021.146/jws2021146supp.docx,2026-08-20 04:40:15
aqua,83539,10.2166/aqua.2021.056,https://iwa.silverchair-cdn.com/iwa/content_public/journal/aqua/70/7/10.2166_aqua.2021.056/1/jws2021056supp.docx,jws2021056supp.docx,2026-08-21 05:52:20,ok,88109,d8e8e892b479038170eb1d6d012346bf08c241bad8cee054b0fc4fae04825883,data-raw/suppfiles/files/aqua/10.2166_aqua.2021.056/jws2021056supp.docx,2026-08-20 04:40:19
aqua,84403,10.2166/aqua.2021.082,https://iwa.silverchair-cdn.com/iwa/content_public/journal/aqua/70/8/10.2166_aqua.2021.082/1/jws2021082supp1.pdf,jws2021082supp1.pdf,2026-08-20 05:46:54,ok,310376,4a4d4e0c266593c0457be4a2a1fc7d05da47b05d8d6725da25697f0c67905707,data-raw/suppfiles/files/aqua/10.2166_aqua.2021.082/jws2021082supp1.pdf,2026-08-20 04:40:23
aqua,84403,10.2166/aqua.2021.082,https://iwa.silverchair-cdn.com/iwa/content_public/journal/aqua/70/8/10.2166_aqua.2021.082/1/jws2021082supp2.xlsx,jws2021082supp2.xlsx,2026-08-20 05:46:54,ok,445764,e3aa83e0a22b8c20690a6f187144df421d30f4ad05770a16a454d43dafc1a5dc,data-raw/suppfiles/files/aqua/10.2166_aqua.2021.082/jws2021082supp2.xlsx,2026-08-20 04:40:26
aqua,84403,10.2166/aqua.2021.082,https://iwa.silverchair-cdn.com/iwa/content_public/journal/aqua/70/8/10.2166_aqua.2021.082/1/jws2021082supp3.pdf,jws2021082supp3.pdf,2026-08-20 05:46:54,ok,1862170,00bb1b8fee7a3c17e209fcaaf62afd0072b69f7f03c42334de8acc77301dce61,data-raw/suppfiles/files/aqua/10.2166_aqua.2021.082/jws2021082supp3.pdf,2026-08-20 04:40:29
aqua,85076,10.2166/aqua.2021.088,https://iwa.silverchair-cdn.com/iwa/content_public/journal/aqua/70/8/10.2166_aqua.2021.088/2/jws2021088supp1.jpeg,jws2021088supp1.jpeg,2026-08-22 08:41:28,ok,299268,123f6e02fdb52bb9ab2dbfc5a86e875c41bd417041aae3b7ed344171c635e8fb,data-raw/suppfiles/files/aqua/10.2166_aqua.2021.088/jws2021088supp1.jpeg,2026-08-20 04:40:33
aqua,85076,10.2166/aqua.2021.088,https://iwa.silverchair-cdn.com/iwa/content_public/journal/aqua/70/8/10.2166_aqua.2021.088/2/jws2021088supp2.jpeg,jws2021088supp2.jpeg,2026-08-22 08:41:28,ok,309439,3d51155cf5f5618bfe120ace9d39231f80e2d58d54bee741e01b7ec438f4789b,data-raw/suppfiles/files/aqua/10.2166_aqua.2021.088/jws2021088supp2.jpeg,2026-08-20 04:40:37
aqua,85076,10.2166/aqua.2021.088,https://iwa.silverchair-cdn.com/iwa/content_public/journal/aqua/70/8/10.2166_aqua.2021.088/2/jws2021088supp3.jpeg,jws2021088supp3.jpeg,2026-08-22 08:41:28,ok,304664,53300ff1d986e32dcfb5da56f54db3ac41005f465e81ec9f71398df1b779f0fb,data-raw/suppfiles/files/aqua/10.2166_aqua.2021.088/jws2021088supp3.jpeg,2026-08-20 04:40:40
aqua,86389,10.2166/aqua.2022.118,https://iwa.silverchair-cdn.com/iwa/content_public/journal/aqua/71/2/10.2166_aqua.2022.118/1/jws2022118supp.docx,jws2022118supp.docx,2026-08-21 20:32:58,ok,145122,9b6ef3e422c8dee6181e1d9d56e6d1cb0ede1cdccb319c7ba97d4d06ad19936e,data-raw/suppfiles/files/aqua/10.2166_aqua.2022.118/jws2022118supp.docx,2026-08-20 04:40:44
aqua,87108,10.2166/aqua.2022.128,https://iwa.silverchair-cdn.com/iwa/content_public/journal/aqua/71/3/10.2166_aqua.2022.128/1/jws2022128supp.docx,jws2022128supp.docx,2026-08-20 06:11:50,ok,127674,631af0dd9b6f44aefc08ea0e59c54abc82480c61342d92c28e2b06cb2c8ebcd6,data-raw/suppfiles/files/aqua/10.2166_aqua.2022.128/jws2022128supp.docx,2026-08-20 04:40:47
aqua,87730,10.2166/aqua.2022.157,https://iwa.silverchair-cdn.com/iwa/content_public/journal/aqua/71/4/10.2166_aqua.2022.157/1/jws2022157supp.docx,jws2022157supp.docx,2026-08-27 20:04:18,ok,231821,bc132e3dbc355b61cfc1ed3e47680c42a4b8ed3f5ff5c0652cb2935907fdd337,data-raw/suppfiles/files/aqua/10.2166_aqua.2022.157/jws2022157supp.docx,2026-08-20 04:40:52
aqua,88060,10.2166/aqua.2022.161,https://iwa.silverchair-cdn.com/iwa/content_public/journal/aqua/71/4/10.2166_aqua.2022.161/1/jws2022161supp.docx,jws2022161supp.docx,2026-08-20 18:11:25,ok,35548,4fe060feb88625a22324f3b23187381dcbeb92c52bf52461c45e3f951772dca9,data-raw/suppfiles/files/aqua/10.2166_aqua.2022.161/jws2022161supp.docx,2026-08-20 04:40:55
aqua,88323,10.2166/aqua.2022.032,https://iwa.silverchair-cdn.com/iwa/content_public/journal/aqua/71/5/10.2166_aqua.2022.032/2/jws2022032supp.docx,jws2022032supp.docx,2026-08-20 09:45:39,ok,698498,8eadfa4ed26602b2f207b56bb2b24a898bf85d0e9af99b3909ed3d0409ba8ea0,data-raw/suppfiles/files/aqua/10.2166_aqua.2022.032/jws2022032supp.docx,2026-08-20 04:40:59
aqua,89607,10.2166/aqua.2022.052,https://iwa.silverchair-cdn.com/iwa/content_public/journal/aqua/71/7/10.2166_aqua.2022.052/1/jws0710801supp1.docx,jws0710801supp1.docx,2026-08-20 06:50:47,ok,33011,624f7262e0f8663e8eeecb4c792bc25865d55e05cdf0cde92dad6a2268561fbc,data-raw/suppfiles/files/aqua/10.2166_aqua.2022.052/jws0710801supp1.docx,2026-08-20 04:41:01
aqua,89916,10.2166/aqua.2022.029,https://iwa.silverchair-cdn.com/iwa/content_public/journal/aqua/71/8/10.2166_aqua.2022.029/1/jws0710910supp1.docx,jws0710910supp1.docx,2026-08-29 00:40:52,ok,31227,cfd4f4ecc3111c18de28dcdd743d9459987ff05fe6e73265d9e383d3b7cec831,data-raw/suppfiles/files/aqua/10.2166_aqua.2022.029/jws0710910supp1.docx,2026-08-20 04:41:05
aqua,93558,10.2166/aqua.2023.113,https://iwa.silverchair-cdn.com/iwa/content_public/journal/aqua/72/3/10.2166_aqua.2023.113/2/jws0720230supp1.docx,jws0720230supp1.docx,2026-08-23 19:44:16,ok,1188269,7207c4a5885887d608ddf27bb2b0ba70eeba75f779e44a0f5af0989a9a2e53af,data-raw/suppfiles/files/aqua/10.2166_aqua.2023.113/jws0720230supp1.docx,2026-08-20 04:41:08
aqua,93607,10.2166/aqua.2023.217,https://iwa.silverchair-cdn.com/iwa/content_public/journal/aqua/72/3/10.2166_aqua.2023.217/2/jws0720313supp1.docx,jws0720313supp1.docx,2026-08-25 09:47:04,ok,1429888,b704594092eb98af6de2ed81600f439acb21b2159ef3fbcb4c0e63d30d31fed6,data-raw/suppfiles/files/aqua/10.2166_aqua.2023.217/jws0720313supp1.docx,2026-08-20 04:41:13
aqua,94059,10.2166/aqua.2023.211,https://iwa.silverchair-cdn.com/iwa/content_public/journal/aqua/72/4/10.2166_aqua.2023.211/1/jws0720491supp1.docx,jws0720491supp1.docx,2026-08-23 10:51:31,ok,533002,d923881fa0fa9e6fee638b443b4396fa6c4877ee7c8891205599fa68a148fa35,data-raw/suppfiles/files/aqua/10.2166_aqua.2023.211/jws0720491supp1.docx,2026-08-20 04:41:17
aqua,94079,10.2166/aqua.2023.219,https://iwa.silverchair-cdn.com/iwa/content_public/journal/aqua/72/4/10.2166_aqua.2023.219/1/jws0720520supp1.docx,jws0720520supp1.docx,2026-08-20 06:02:19,ok,384111,ff86a347f94c73842ee65aa540079836240d91ec30a3a27a3e4467eb96629448,data-raw/suppfiles/files/aqua/10.2166_aqua.2023.219/jws0720520supp1.docx,2026-08-20 04:41:20
aqua,94528,10.2166/aqua.2023.067,https://iwa.silverchair-cdn.com/iwa/content_public/journal/aqua/72/5/10.2166_aqua.2023.067/4/jws0720577supp1.docx,jws0720577supp1.docx,2026-08-21 09:58:10,ok,3651242,c5eb4a18eca161ddaa8eccc27354df4c68b4ff7c81a75bb8184b3c1f312cec4d,data-raw/suppfiles/files/aqua/10.2166_aqua.2023.067/jws0720577supp1.docx,2026-08-20 04:41:24
aqua,94524,10.2166/aqua.2023.120,https://iwa.silverchair-cdn.com/iwa/content_public/journal/aqua/72/5/10.2166_aqua.2023.120/4/jws0720633supp1.docx,jws0720633supp1.docx,2026-08-20 05:57:45,ok,1805447,0eaef5decf7583df4164af7798fac847f3feb4ad28684a5290868655248b5717,data-raw/suppfiles/files/aqua/10.2166_aqua.2023.120/jws0720633supp1.docx,2026-08-20 04:41:28
aqua,94746,10.2166/aqua.2023.218,https://iwa.silverchair-cdn.com/iwa/content_public/journal/aqua/72/5/10.2166_aqua.2023.218/5/jws0720701supp1.docx,jws0720701supp1.docx,2026-08-25 10:44:22,ok,20535,7a672a4ebdd76f86ddac797e080cff3edbef557425bab65654ebc36aa1ec6cd6,data-raw/suppfiles/files/aqua/10.2166_aqua.2023.218/jws0720701supp1.docx,2026-08-20 04:41:32
aqua,94599,10.2166/aqua.2023.007,https://iwa.silverchair-cdn.com/iwa/content_public/journal/aqua/72/5/10.2166_aqua.2023.007/5/jws0720721supp1.docx,jws0720721supp1.docx,2026-08-23 06:21:05,ok,342245,49b85ceb32ce69ac5571241a37721454dc643ce84e6134f629055f283e5fb8ee,data-raw/suppfiles/files/aqua/10.2166_aqua.2023.007/jws0720721supp1.docx,2026-08-20 04:41:35
aqua,94523,10.2166/aqua.2023.021,https://iwa.silverchair-cdn.com/iwa/content_public/journal/aqua/72/5/10.2166_aqua.2023.021/4/jws0720750supp1.docx,jws0720750supp1.docx,2026-08-26 11:51:44,ok,33089,040bb9eb08f53df977a22bdae2f78bf006d89b7131ba996bf5523d243023339d,data-raw/suppfiles/files/aqua/10.2166_aqua.2023.021/jws0720750supp1.docx,2026-08-20 04:41:38
aqua,94741,10.2166/aqua.2023.049,https://iwa.silverchair-cdn.com/iwa/content_public/journal/aqua/72/5/10.2166_aqua.2023.049/4/jws0720814supp1.docx,jws0720814supp1.docx,2026-08-21 17:15:50,ok,3432569,2c4f1d7b198931f25e4fe7fb20dab353cdbe7a5908cacd076eb58e16f0be4fb9,data-raw/suppfiles/files/aqua/10.2166_aqua.2023.049/jws0720814supp1.docx,2026-08-20 04:41:43
aqua,94741,10.2166/aqua.2023.049,https://iwa.silverchair-cdn.com/iwa/content_public/journal/aqua/72/5/10.2166_aqua.2023.049/4/jws0720814supp2.xlsx,jws0720814supp2.xlsx,2026-08-21 17:15:50,ok,15187,18ab595de5b71e93699399b887ff4e1bbe9a6c286fc72574d99155b7c16ecf12,data-raw/suppfiles/files/aqua/10.2166_aqua.2023.049/jws0720814supp2.xlsx,2026-08-20 04:41:45
aqua,94741,10.2166/aqua.2023.049,https://iwa.silverchair-cdn.com/iwa/content_public/journal/aqua/72/5/10.2166_aqua.2023.049/4/jws0720814supp3.xlsx,jws0720814supp3.xlsx,2026-08-21 17:15:50,ok,10610,0b9e920985c2b9fd8080830f4a6a07b5b4f58674a7d9d33373bb8affefce68fc,data-raw/suppfiles/files/aqua/10.2166_aqua.2023.049/jws0720814supp3.xlsx,2026-08-20 04:41:48
aqua,95171,10.2166/aqua.2023.204,https://iwa.silverchair-cdn.com/iwa/content_public/journal/aqua/72/6/10.2166_aqua.2023.204/3/jws0720930supp1.docx,jws0720930supp1.docx,2026-08-20 05:07:54,ok,2463851,3b8fe3ab41186f24059ae88a94164db2f9c63b73409548ff3bf737275c63186f,data-raw/suppfiles/files/aqua/10.2166_aqua.2023.204/jws0720930supp1.docx,2026-08-20 04:41:53
aqua,94901,10.2166/aqua.2023.017,https://iwa.silverchair-cdn.com/iwa/content_public/journal/aqua/72/6/10.2166_aqua.2023.017/3/jws0720983supp1.docx,jws0720983supp1.docx,2026-08-22 18:16:48,ok,559650,cd3a1c940858940bb6f036b127e0c05f6086bffbc4c879e888b8d33bb7ecd2b6,data-raw/suppfiles/files/aqua/10.2166_aqua.2023.017/jws0720983supp1.docx,2026-08-20 04:41:57
aqua,95110,10.2166/aqua.2023.077,https://iwa.silverchair-cdn.com/iwa/content_public/journal/aqua/72/6/10.2166_aqua.2023.077/3/jws0721084supp1.docx,jws0721084supp1.docx,2026-08-28 14:25:42,ok,1096108,8f50e16d7b3ff0f09fba76853d47df2ce120dc6eb8421d62a4bb041b1fc1e893,data-raw/suppfiles/files/aqua/10.2166_aqua.2023.077/jws0721084supp1.docx,2026-08-20 04:42:02
aqua,96720,10.2166/aqua.2023.225,https://iwa.silverchair-cdn.com/iwa/content_public/journal/aqua/72/8/10.2166_aqua.2023.225/4/jws0721386supp1.pdf,jws0721386supp1.pdf,2026-08-26 07:53:46,ok,252796,1fa371d38d0d225cbaa9bf54f6c9ace1db8b443806cf650b4245bfd3af3f3a79,data-raw/suppfiles/files/aqua/10.2166_aqua.2023.225/jws0721386supp1.pdf,2026-08-20 04:42:05
aqua,96474,10.2166/aqua.2023.063,https://iwa.silverchair-cdn.com/iwa/content_public/journal/aqua/72/8/10.2166_aqua.2023.063/4/jws0721512supp1.pdf,jws0721512supp1.pdf,2026-08-22 03:37:51,ok,801546,3d3572ce1f8e35f65df2e154998c603b0356e6b7024b04cd7a84f90f101c8ab2,data-raw/suppfiles/files/aqua/10.2166_aqua.2023.063/jws0721512supp1.pdf,2026-08-20 04:42:10
aqua,96474,10.2166/aqua.2023.063,https://iwa.silverchair-cdn.com/iwa/content_public/journal/aqua/72/8/10.2166_aqua.2023.063/4/jws0721512supp2.docx,jws0721512supp2.docx,2026-08-22 03:37:51,ok,91280,2f3608e4abe2e105e4c29d8ef8f8477c4082d6a52f088e9deb3db990b07b8562,data-raw/suppfiles/files/aqua/10.2166_aqua.2023.063/jws0721512supp2.docx,2026-08-20 04:42:14
aqua,96847,10.2166/aqua.2023.197,https://iwa.silverchair-cdn.com/iwa/content_public/journal/aqua/72/8/10.2166_aqua.2023.197/3/jws0721582supp1.docx,jws0721582supp1.docx,2026-08-26 02:20:56,ok,884174,e876639d3d591df83fceb5062593b2172b1ac7d83941ecefbaa96166dc9f3b49,data-raw/suppfiles/files/aqua/10.2166_aqua.2023.197/jws0721582supp1.docx,2026-08-20 04:42:17
aqua,97499,10.2166/aqua.2023.081,https://iwa.silverchair-cdn.com/iwa/content_public/journal/aqua/72/10/10.2166_aqua.2023.081/1/jws0721852supp1.docx,jws0721852supp1.docx,2026-08-20 22:11:52,ok,344246,9ddccbce7a43dce93855d7e34227079afd0144e3034bc3b9367c4672824c6274,data-raw/suppfiles/files/aqua/10.2166_aqua.2023.081/jws0721852supp1.docx,2026-08-20 04:42:20
aqua,98016,10.2166/aqua.2023.127,https://iwa.silverchair-cdn.com/iwa/content_public/journal/aqua/72/10/10.2166_aqua.2023.127/1/jws0721881supp1.docx,jws0721881supp1.docx,2026-08-26 11:52:04,ok,232776,05101136adb7db13816eceedf3226d4a3496a2e75749d9f8ec0df704a41c9c2f,data-raw/suppfiles/files/aqua/10.2166_aqua.2023.127/jws0721881supp1.docx,2026-08-20 04:42:24
aqua,98048,10.2166/aqua.2023.388,https://iwa.silverchair-cdn.com/iwa/content_public/journal/aqua/72/10/10.2166_aqua.2023.388/1/jws0721920supp1.docx,jws0721920supp1.docx,2026-08-25 12:42:18,ok,33866,5bdd81504f576a81a856ad84dce303631f9731a669c26accfaa100576c676929,data-raw/suppfiles/files/aqua/10.2166_aqua.2023.388/jws0721920supp1.docx,2026-08-20 04:42:27
aqua,98064,10.2166/aqua.2023.284,https://iwa.silverchair-cdn.com/iwa/content_public/journal/aqua/72/11/10.2166_aqua.2023.284/1/jws0722109supp1.docx,jws0722109supp1.docx,2026-08-26 04:12:13,ok,53968050,9ea2dea69a2b30cef137f85b5a00aa2bd1b606c41f141c1088816b101e2ab555,data-raw/suppfiles/files/aqua/10.2166_aqua.2023.284/jws0722109supp1.docx,2026-08-20 04:42:33
aqua,98246,10.2166/aqua.2023.299,https://iwa.silverchair-cdn.com/iwa/content_public/journal/aqua/72/11/10.2166_aqua.2023.299/1/jws0722170supp1.docx,jws0722170supp1.docx,2026-08-29 01:33:52,ok,400758,5c7ef02a1d21b4fdc8eff35102ad562da31ea4b12220cffa83983181b8ce8260,data-raw/suppfiles/files/aqua/10.2166_aqua.2023.299/jws0722170supp1.docx,2026-08-20 04:42:37
aqua,98900,10.2166/aqua.2023.134,https://iwa.silverchair-cdn.com/iwa/content_public/journal/aqua/72/12/10.2166_aqua.2023.134/1/jws0722277supp1.pdf,jws0722277supp1.pdf,2026-08-20 06:08:14,ok,71750,4d09ac996fe9ead0720c30ee1e2c86df56e4f88b236cc7b373804d2cdcd0c0e5,data-raw/suppfiles/files/aqua/10.2166_aqua.2023.134/jws0722277supp1.pdf,2026-08-20 04:42:41
aqua,98705,10.2166/aqua.2023.278,https://iwa.silverchair-cdn.com/iwa/content_public/journal/aqua/72/12/10.2166_aqua.2023.278/1/jws0722347supp1.docx,jws0722347supp1.docx,2026-08-21 09:51:23,ok,388619,250d71f9866f2e2a7ad2d35396d34bc373d6982e899f9ee030d57f270d5d3174,data-raw/suppfiles/files/aqua/10.2166_aqua.2023.278/jws0722347supp1.docx,2026-08-20 04:42:44
aqua,98951,10.2166/aqua.2023.215,https://iwa.silverchair-cdn.com/iwa/content_public/journal/aqua/72/12/10.2166_aqua.2023.215/1/jws0722408supp1.docx,jws0722408supp1.docx,2026-08-25 12:25:26,ok,28894,987dc97a47eb138d8552b45d340f7dfca56ebcf82e73c3754fe97018681f2129,data-raw/suppfiles/files/aqua/10.2166_aqua.2023.215/jws0722408supp1.docx,2026-08-20 04:42:48
aqua,100274,10.2166/aqua.2024.305,https://iwa.silverchair-cdn.com/iwa/content_public/journal/aqua/73/2/10.2166_aqua.2024.305/1/jws0730286supp1.xlsx,jws0730286supp1.xlsx,2026-08-28 18:37:37,ok,153236,cb9551485340466aa0670870f60665241661655ca387b24bdce12122c8a758b2,data-raw/suppfiles/files/aqua/10.2166_aqua.2024.305/jws0730286supp1.xlsx,2026-08-20 04:42:51
aqua,100340,10.2166/aqua.2024.327,https://iwa.silverchair-cdn.com/iwa/content_public/journal/aqua/73/2/10.2166_aqua.2024.327/1/jws0730322supp1.docx,jws0730322supp1.docx,2026-08-23 05:22:07,ok,66374,d5882d31ed397e39d4b6aed525ac05d2443c4aa11064f0e7f9de3e9ae1cf70bd,data-raw/suppfiles/files/aqua/10.2166_aqua.2024.327/jws0730322supp1.docx,2026-08-20 04:42:56
aqua,100595,10.2166/aqua.2024.220,https://iwa.silverchair-cdn.com/iwa/content_public/journal/aqua/73/3/10.2166_aqua.2024.220/3/jws0730407supp1.docx,jws0730407supp1.docx,2026-08-25 03:53:12,ok,650308,9fc6d9811384bb5e96776d4412fdbef21a73abf8de86c78d776e298aec1356ff,data-raw/suppfiles/files/aqua/10.2166_aqua.2024.220/jws0730407supp1.docx,2026-08-20 04:43:00
aqua,100596,10.2166/aqua.2024.235,https://iwa.silverchair-cdn.com/iwa/content_public/journal/aqua/73/3/10.2166_aqua.2024.235/3/jws0730424supp1.docx,jws0730424supp1.docx,2026-08-27 10:31:43,ok,138942,f7368aca98dbc5523c70f653f0317cd55dc912d84ecd5c32c8ad604718a09861,data-raw/suppfiles/files/aqua/10.2166_aqua.2024.235/jws0730424supp1.docx,2026-08-20 04:43:04
aqua,100580,10.2166/aqua.2024.246,https://iwa.silverchair-cdn.com/iwa/content_public/journal/aqua/73/3/10.2166_aqua.2024.246/3/jws0730453supp1.docx,jws0730453supp1.docx,2026-08-27 09:15:42,ok,3687753,5f3680ee2a5fa42f64eb3cc531bcb88905fbbb01d7bef41cfd03e44c55efd8e7,data-raw/suppfiles/files/aqua/10.2166_aqua.2024.246/jws0730453supp1.docx,2026-08-20 04:43:08
aqua,100847,10.2166/aqua.2024.255,https://iwa.silverchair-cdn.com/iwa/content_public/journal/aqua/73/3/10.2166_aqua.2024.255/3/jws0730464supp1.docx,jws0730464supp1.docx,2026-08-29 01:48:00,ok,476440,eeefd756a5327c7c53fb0fd8899ada7d2208150a62cc9bdcc500e1aad9d90260,data-raw/suppfiles/files/aqua/10.2166_aqua.2024.255/jws0730464supp1.docx,2026-08-20 04:43:12
aqua,100820,10.2166/aqua.2024.307,https://iwa.silverchair-cdn.com/iwa/content_public/journal/aqua/73/3/10.2166_aqua.2024.307/3/jws0730569supp1.xlsx,jws0730569supp1.xlsx,2026-08-23 09:33:26,ok,390830,85f46bd49f6947be680f322eae9dde510fb1341beb7314db9e5351d10241d12d,data-raw/suppfiles/files/aqua/10.2166_aqua.2024.307/jws0730569supp1.xlsx,2026-08-20 04:43:16
aqua,100820,10.2166/aqua.2024.307,https://iwa.silverchair-cdn.com/iwa/content_public/journal/aqua/73/3/10.2166_aqua.2024.307/3/jws0730569supp2.pdf,jws0730569supp2.pdf,2026-08-23 09:33:26,ok,308323,1e744e92ba78b4d7d5ed6acd9389f3e2570119f14143b418af70020eb77b00ad,data-raw/suppfiles/files/aqua/10.2166_aqua.2024.307/jws0730569supp2.pdf,2026-08-20 04:43:21
aqua,102994,10.2166/aqua.2024.130,https://iwa.silverchair-cdn.com/iwa/content_public/journal/aqua/73/7/10.2166_aqua.2024.130/1/jws0731467supp1.docx,jws0731467supp1.docx,2026-08-22 08:25:04,ok,68172,f7362938db67e8b1ec1a14b8458ebf439c56a00bc2c10868ea343e327af3f433,data-raw/suppfiles/files/aqua/10.2166_aqua.2024.130/jws0731467supp1.docx,2026-08-20 04:43:24
aqua,103510,10.2166/aqua.2024.259,https://iwa.silverchair-cdn.com/iwa/content_public/journal/aqua/73/8/10.2166_aqua.2024.259/1/jws0731565supp1.docx,jws0731565supp1.docx,2026-08-23 06:43:22,ok,17384,155e5026e43dd039fd7df0e5b0e40a098487c5083e200fc6f77e80cf81890c51,data-raw/suppfiles/files/aqua/10.2166_aqua.2024.259/jws0731565supp1.docx,2026-08-20 04:43:27
aqua,103254,10.2166/aqua.2024.087,https://iwa.silverchair-cdn.com/iwa/content_public/journal/aqua/73/8/10.2166_aqua.2024.087/1/jws0731611supp1.docx,jws0731611supp1.docx,2026-08-22 00:17:35,ok,57299,1299df041ddaea117d021ff1886495f4d138bd00b122cc673759ed1f935e388d,data-raw/suppfiles/files/aqua/10.2166_aqua.2024.087/jws0731611supp1.docx,2026-08-20 04:43:30
aqua,103352,10.2166/aqua.2024.212,https://iwa.silverchair-cdn.com/iwa/content_public/journal/aqua/73/8/10.2166_aqua.2024.212/1/jws0731643supp1.docx,jws0731643supp1.docx,2026-08-20 06:03:38,ok,57566,2d106257f4940c40cc792c7a5837af58c8715a63c111ab6419e6a3df85a3d249,data-raw/suppfiles/files/aqua/10.2166_aqua.2024.212/jws0731643supp1.docx,2026-08-20 04:43:33
aqua,104243,10.2166/aqua.2024.182,https://iwa.silverchair-cdn.com/iwa/content_public/journal/aqua/73/9/10.2166_aqua.2024.182/1/jws0731884supp1.docx,jws0731884supp1.docx,2026-08-28 07:09:23,ok,35543,ef041b5a79c98c26cfcea4eae3311cafbe2a40da6b129ff904fe648448a6b906,data-raw/suppfiles/files/aqua/10.2166_aqua.2024.182/jws0731884supp1.docx,2026-08-20 04:43:37
aqua,104735,10.2166/aqua.2024.203,https://iwa.silverchair-cdn.com/iwa/content_public/journal/aqua/73/9/10.2166_aqua.2024.203/1/jws0731917supp1.docx,jws0731917supp1.docx,2026-08-26 12:09:23,ok,226832,576247ea39a1979660ccc36b3bb0762c91f9d379b999f776b09bb59cf054a014,data-raw/suppfiles/files/aqua/10.2166_aqua.2024.203/jws0731917supp1.docx,2026-08-20 04:43:40
aqua,105084,10.2166/aqua.2024.205,https://iwa.silverchair-cdn.com/iwa/content_public/journal/aqua/73/10/10.2166_aqua.2024.205/1/jws0732013supp1.docx,jws0732013supp1.docx,2026-08-20 07:53:18,ok,31034,6f7e943314ae264ccb4db4997600ecf1d69263a8d722499d8a76944b416d1cc1,data-raw/suppfiles/files/aqua/10.2166_aqua.2024.205/jws0732013supp1.docx,2026-08-20 04:43:43
aqua,105414,10.2166/aqua.2024.365,https://iwa.silverchair-cdn.com/iwa/content_public/journal/aqua/73/11/10.2166_aqua.2024.365/1/jws0732229supp1.pdf,jws0732229supp1.pdf,2026-08-27 00:02:18,ok,171363,661db628a4d0c58ebf22ec2907818f7b310736bad2e225379b9898b361c406ef,data-raw/suppfiles/files/aqua/10.2166_aqua.2024.365/jws0732229supp1.pdf,2026-08-20 04:43:45
aqua,108516,10.2166/aqua.2025.204,https://iwa.silverchair-cdn.com/iwa/content_public/journal/aqua/74/6/10.2166_aqua.2025.204/1/jws0740405supp1.docx,jws0740405supp1.docx,2026-08-23 01:43:45,ok,413065,12f329a3e097214b77218a346e1d84db2b67a02231af1f40708eb52162109662,data-raw/suppfiles/files/aqua/10.2166_aqua.2025.204/jws0740405supp1.docx,2026-08-20 04:43:49
aqua,108509,10.2166/aqua.2025.299,https://iwa.silverchair-cdn.com/iwa/content_public/journal/aqua/74/7/10.2166_aqua.2025.299/3/jws0740435supp1.docx,jws0740435supp1.docx,2026-08-23 00:30:44,ok,363316,cfdd289480d0f59660664c50f52cbc97b3e2529215be19122883898ba3320ad9,data-raw/suppfiles/files/aqua/10.2166_aqua.2025.299/jws0740435supp1.docx,2026-08-20 04:43:52
aqua,109410,10.2166/aqua.2025.047,https://iwa.silverchair-cdn.com/iwa/content_public/journal/aqua/74/9/10.2166_aqua.2025.047/1/jws0740647supp1.pdf,jws0740647supp1.pdf,2026-08-28 08:10:07,ok,6948984,d3567cc32bcac3addf6f55f59142f174eba8af4fa07179cb156e08463b985729,data-raw/suppfiles/files/aqua/10.2166_aqua.2025.047/jws0740647supp1.pdf,2026-08-20 04:43:56
aqua,109786,10.2166/aqua.2025.044,https://iwa.silverchair-cdn.com/iwa/content_public/journal/aqua/74/10/10.2166_aqua.2025.044/1/jws0740715supp1.docx,jws0740715supp1.docx,2026-08-29 02:35:31,ok,124344,abac12310db0e819c22396f5c4ffa05e064fa888a0394899d381ffaa2525f08b,data-raw/suppfiles/files/aqua/10.2166_aqua.2025.044/jws0740715supp1.docx,2026-08-20 04:44:00
aqua,110156,10.2166/aqua.2025.036,https://iwa.silverchair-cdn.com/iwa/content_public/journal/aqua/74/11/10.2166_aqua.2025.036/1/jws0740762supp1.docx,jws0740762supp1.docx,2026-08-21 10:35:47,ok,3764975,9066f49f166e9e73067502146227d683f38507ca7745ad771efff602cb5532a4,data-raw/suppfiles/files/aqua/10.2166_aqua.2025.036/jws0740762supp1.docx,2026-08-20 04:44:05
aqua,110220,10.2166/aqua.2025.040,https://iwa.silverchair-cdn.com/iwa/content_public/journal/aqua/74/12/10.2166_aqua.2025.040/1/jws0740828supp1.docx,jws0740828supp1.docx,2026-08-22 03:06:27,ok,156748,6843b4bfee7f64b98381911402d206bc7089af1543145dc844d6f3decb547a03,data-raw/suppfiles/files/aqua/10.2166_aqua.2025.040/jws0740828supp1.docx,2026-08-20 04:44:08
aqua,110220,10.2166/aqua.2025.040,https://iwa.silverchair-cdn.com/iwa/content_public/journal/aqua/74/12/10.2166_aqua.2025.040/1/jws0740828supp2.pdf,jws0740828supp2.pdf,2026-08-22 03:06:27,ok,324402,5b7b3236d965bd40cb417acb108fcebe831e5ead7966f2237c6348b7f0dceeb9,data-raw/suppfiles/files/aqua/10.2166_aqua.2025.040/jws0740828supp2.pdf,2026-08-20 04:44:11
aqua,110446,10.2166/aqua.2025.087,https://iwa.silverchair-cdn.com/iwa/content_public/journal/aqua/74/12/10.2166_aqua.2025.087/1/jws0740839supp1.docx,jws0740839supp1.docx,2026-08-26 08:43:08,ok,1766008,5dd16dbfb28b642bb5b00479acaa99efb7f844af255e09a8d9bdda22e9eb4f1d,data-raw/suppfiles/files/aqua/10.2166_aqua.2025.087/jws0740839supp1.docx,2026-08-20 04:44:15
aqua,111107,10.2166/aqua.2026.110,https://iwa.silverchair-cdn.com/iwa/content_public/journal/aqua/75/3/10.2166_aqua.2026.110/1/jws0750129supp1.docx,jws0750129supp1.docx,2026-08-22 10:14:02,ok,40467,7324672ed6ac65dacd9fe834f429c8f1857fc735306c5eca9044b2f3dd5fcc3b,data-raw/suppfiles/files/aqua/10.2166_aqua.2026.110/jws0750129supp1.docx,2026-08-20 04:44:19
aqua,111137,10.2166/aqua.2026.111,https://iwa.silverchair-cdn.com/iwa/content_public/journal/aqua/75/3/10.2166_aqua.2026.111/1/jws0750143supp1.docx,jws0750143supp1.docx,2026-08-25 05:58:19,ok,1761063,eb12b063f2bae421e81f45b976eee58629896fc3fc371c748e5b41f0068f5ef1,data-raw/suppfiles/files/aqua/10.2166_aqua.2026.111/jws0750143supp1.docx,2026-08-20 04:44:23
aqua,112075,10.2166/aqua.2026.084,https://iwa.silverchair-cdn.com/iwa/content_public/journal/aqua/75/6/10.2166_aqua.2026.084/2/jws0750293supp1.docx,jws0750293supp1.docx,2026-08-21 07:50:51,ok,47626,405eee16d4373fa623be108ecc6d5d7cad20e38a0b5214b97695d852579f60c3,data-raw/suppfiles/files/aqua/10.2166_aqua.2026.084/jws0750293supp1.docx,2026-08-20 04:44:26
aqua,112075,10.2166/aqua.2026.084,https://iwa.silverchair-cdn.com/iwa/content_public/journal/aqua/75/6/10.2166_aqua.2026.084/2/jws0750293supp2.pdf,jws0750293supp2.pdf,2026-08-21 07:50:51,ok,1163284,326b3ecf4c79a7f40f48c8ad5e666517b14ea9c741535ae4bb5d0f2612533fa8,data-raw/suppfiles/files/aqua/10.2166_aqua.2026.084/jws0750293supp2.pdf,2026-08-20 04:44:30
aqua,112075,10.2166/aqua.2026.084,https://iwa.silverchair-cdn.com/iwa/content_public/journal/aqua/75/6/10.2166_aqua.2026.084/2/jws0750293supp3.pdf,jws0750293supp3.pdf,2026-08-21 07:50:51,ok,2389497,70ca7ae2f26b186ae3cf6ebd7b50c66f55238eb486deebef4c6ad23a312e2889,data-raw/suppfiles/files/aqua/10.2166_aqua.2026.084/jws0750293supp3.pdf,2026-08-20 04:44:34
aqua,112080,10.2166/aqua.2026.099,https://iwa.silverchair-cdn.com/iwa/content_public/journal/aqua/75/6/10.2166_aqua.2026.099/2/jws0750321supp1.docx,jws0750321supp1.docx,2026-08-20 12:54:10,ok,1900778,5e44b450aa8141080790987ceed539ca84cad7c1e176eedaf7e10b476191a59c,data-raw/suppfiles/files/aqua/10.2166_aqua.2026.099/jws0750321supp1.docx,2026-08-20 04:44:38
ws,25194,10.2166/ws.2011.057,https://iwa.silverchair-cdn.com/iwa/content_public/journal/ws/11/4/10.2166_ws.2011.057/4/057.pdf,057.pdf,2026-08-23 01:17:32,ok,48638,0dd7e93c14bef9140474f1b1ef6003972ef9b97f4a8e5ac6a2f38c8d0689488f,data-raw/suppfiles/files/ws/10.2166_ws.2011.057/057.pdf,2026-08-20 04:44:41
ws,25251,10.2166/ws.2012.127,https://iwa.silverchair-cdn.com/iwa/content_public/journal/ws/12/2/10.2166_ws.2012.127/4/127.pdf,127.pdf,2026-08-20 15:35:10,ok,57331,618e239253f2ab38fd680587f308a2518393e989c5f56309e9087027e46450de,data-raw/suppfiles/files/ws/10.2166_ws.2012.127/127.pdf,2026-08-20 04:44:44
ws,25316,10.2166/ws.2012.053,https://iwa.silverchair-cdn.com/iwa/content_public/journal/ws/12/6/10.2166_ws.2012.053/4/053.pdf,053.pdf,2026-08-21 17:56:39,ok,1455090,c61be46301d59abf204435ca7a58f30437c7e6f8254f7a21ea924cf2285d9b96,data-raw/suppfiles/files/ws/10.2166_ws.2012.053/053.pdf,2026-08-20 04:44:47
ws,25332,10.2166/ws.2012.091,https://iwa.silverchair-cdn.com/iwa/content_public/journal/ws/13/1/10.2166_ws.2012.091/4/091.pdf,091.pdf,2026-08-24 04:35:39,ok,1057092,7e044130c5f991549672fac772ae0426f0fd23e0f693feb094c9c591d70277b3,data-raw/suppfiles/files/ws/10.2166_ws.2012.091/091.pdf,2026-08-20 04:44:50
ws,27295,10.2166/ws.2013.149,https://iwa.silverchair-cdn.com/iwa/content_public/journal/ws/13/5/10.2166_ws.2013.149/4/149.pdf,149.pdf,2026-08-23 06:54:01,ok,35141,f25bef09f90761d25d8ea561618242aa09140c9c188a082925466994242d9099,data-raw/suppfiles/files/ws/10.2166_ws.2013.149/149.pdf,2026-08-20 04:44:54
ws,25345,10.2166/ws.2013.109,https://iwa.silverchair-cdn.com/iwa/content_public/journal/ws/13/6/10.2166_ws.2013.109/4/109.pdf,109.pdf,2026-08-20 06:46:29,ok,112243,1a77906fae2d13289c2891c2626136dd28f0ddcfc448e9dbd0ae38a8ececa821,data-raw/suppfiles/files/ws/10.2166_ws.2013.109/109.pdf,2026-08-20 04:44:59
ws,25367,10.2166/ws.2013.173,https://iwa.silverchair-cdn.com/iwa/content_public/journal/ws/13/6/10.2166_ws.2013.173/4/173.pdf,173.pdf,2026-08-22 14:47:02,ok,36286,a5e2429770dc344b63c3dc58ef27bc1f7e118601c4fccb3ed5787ebffcf8fc0f,data-raw/suppfiles/files/ws/10.2166_ws.2013.173/173.pdf,2026-08-20 04:45:02
ws,25389,10.2166/ws.2013.169,https://iwa.silverchair-cdn.com/iwa/content_public/journal/ws/14/1/10.2166_ws.2013.169/4/169.pdf,169.pdf,2026-08-22 12:57:39,ok,322436,efcf2d0faf1e7f2e8369568ec71579339f53582f53a001736d0383b58af97f99,data-raw/suppfiles/files/ws/10.2166_ws.2013.169/169.pdf,2026-08-20 04:45:06
ws,25384,10.2166/ws.2013.186,https://iwa.silverchair-cdn.com/iwa/content_public/journal/ws/14/1/10.2166_ws.2013.186/4/186.pdf,186.pdf,2026-08-20 06:34:37,ok,403776,77e972816791ed4c5cacb926b6e2c6326ae8b10e13588433e7c73f6f911f7b11,data-raw/suppfiles/files/ws/10.2166_ws.2013.186/186.pdf,2026-08-20 04:45:10
ws,27390,10.2166/ws.2014.007,https://iwa.silverchair-cdn.com/iwa/content_public/journal/ws/14/4/10.2166_ws.2014.007/5/007.pdf,007.pdf,2026-08-21 03:24:54,ok,142233,90ac454a8cc23f62d3de3267f40b80879f0f2c07b08b5956bda1819e4f09c26e,data-raw/suppfiles/files/ws/10.2166_ws.2014.007/007.pdf,2026-08-20 04:45:13
ws,27393,10.2166/ws.2014.011,https://iwa.silverchair-cdn.com/iwa/content_public/journal/ws/14/4/10.2166_ws.2014.011/5/011.pdf,011.pdf,2026-08-20 16:06:19,ok,116016,f80ba4b97a233eacca9529031fbee18de3508a91a9de36dfa2b6aa9d7928b944,data-raw/suppfiles/files/ws/10.2166_ws.2014.011/011.pdf,2026-08-20 04:45:17
ws,27402,10.2166/ws.2014.017,https://iwa.silverchair-cdn.com/iwa/content_public/journal/ws/14/4/10.2166_ws.2014.017/5/017.pdf,017.pdf,2026-08-22 22:20:09,ok,315993,e804081f9e099b0d368fa21fb378dd9a2a8dc8f4bd71bb709ef61083b583d3b9,data-raw/suppfiles/files/ws/10.2166_ws.2014.017/017.pdf,2026-08-20 04:45:20
ws,27406,10.2166/ws.2014.025,https://iwa.silverchair-cdn.com/iwa/content_public/journal/ws/14/4/10.2166_ws.2014.025/5/025.pdf,025.pdf,2026-08-29 11:32:12,ok,114128,fed9f358395babca8276fc71ecee6a3e9a39140a04ab85ae9cf3b6d706ff1e1e,data-raw/suppfiles/files/ws/10.2166_ws.2014.025/025.pdf,2026-08-20 04:45:23
ws,27410,10.2166/ws.2014.054,https://iwa.silverchair-cdn.com/iwa/content_public/journal/ws/14/5/10.2166_ws.2014.054/4/054.pdf,054.pdf,2026-08-29 11:33:19,ok,68182,98e663ae75a84b36c3c24f98016bd1c2778eccc0fdca3801fbd29fcad7b23d05,data-raw/suppfiles/files/ws/10.2166_ws.2014.054/054.pdf,2026-08-20 04:45:27
ws,27421,10.2166/ws.2014.035,https://iwa.silverchair-cdn.com/iwa/content_public/journal/ws/14/5/10.2166_ws.2014.035/4/035.pdf,035.pdf,2026-08-20 22:06:54,ok,728633,09aff8ae01d25d453a854abc8d233cbf1dce97b1654af99146037ee8ccd9a10f,data-raw/suppfiles/files/ws/10.2166_ws.2014.035/035.pdf,2026-08-20 04:45:30
ws,27435,10.2166/ws.2014.048,https://iwa.silverchair-cdn.com/iwa/content_public/journal/ws/14/5/10.2166_ws.2014.048/4/048.pdf,048.pdf,2026-08-20 18:58:02,ok,702364,591dd2aca4361bc38717573bffa971ccfeeeec2ef909bcbec751e122bf2c26dc,data-raw/suppfiles/files/ws/10.2166_ws.2014.048/048.pdf,2026-08-20 04:45:33
ws,27471,10.2166/ws.2014.091,https://iwa.silverchair-cdn.com/iwa/content_public/journal/ws/15/1/10.2166_ws.2014.091/4/091.pdf,091.pdf,2026-08-23 11:38:56,ok,430692,26e1a665aa461a2975eec31898f97c388331e33c6a263971e32e5a50b16f3335,data-raw/suppfiles/files/ws/10.2166_ws.2014.091/091.pdf,2026-08-20 04:45:37
ws,27439,10.2166/ws.2014.098,https://iwa.silverchair-cdn.com/iwa/content_public/journal/ws/15/2/10.2166_ws.2014.098/4/098.pdf,098.pdf,2026-08-29 11:54:59,ok,55160,e1be391f94b39e05af637ee89a3f6af4ffaca609cba45c8867795f4dd2600f76,data-raw/suppfiles/files/ws/10.2166_ws.2014.098/098.pdf,2026-08-20 04:45:41
ws,27473,10.2166/ws.2014.129,https://iwa.silverchair-cdn.com/iwa/content_public/journal/ws/15/2/10.2166_ws.2014.129/4/129.pdf,129.pdf,2026-08-23 04:06:49,ok,85607,e78e0afb5dfa57b8843d8c0257c95976c167415f74751433a2912132bdad039e,data-raw/suppfiles/files/ws/10.2166_ws.2014.129/129.pdf,2026-08-20 04:45:45
ws,27497,10.2166/ws.2015.002,https://iwa.silverchair-cdn.com/iwa/content_public/journal/ws/15/3/10.2166_ws.2015.002/4/002.pdf,002.pdf,2026-08-22 23:29:54,ok,1933013,a44966b1e4b1f494c3aabc07d9d3f3cb8837e49a2c3a6561f3277932112ae905,data-raw/suppfiles/files/ws/10.2166_ws.2015.002/002.pdf,2026-08-20 04:45:49
ws,27504,10.2166/ws.2015.013,https://iwa.silverchair-cdn.com/iwa/content_public/journal/ws/15/3/10.2166_ws.2015.013/4/013.pdf,013.pdf,2026-08-23 10:34:58,ok,1320574,3c74ab3089d744653d6abaf755d08a92f204cab6aba0c99efbeedccf2138bf58,data-raw/suppfiles/files/ws/10.2166_ws.2015.013/013.pdf,2026-08-20 04:45:54
ws,27561,10.2166/ws.2015.041,https://iwa.silverchair-cdn.com/iwa/content_public/journal/ws/15/4/10.2166_ws.2015.041/4/041.pdf,041.pdf,2026-08-23 07:17:08,ok,2504322,d94e3ea7e75a059ba8478ce72abdd7d1fde4639f178aeb4b20742a3f58e045d9,data-raw/suppfiles/files/ws/10.2166_ws.2015.041/041.pdf,2026-08-20 04:45:58
ws,27495,10.2166/ws.2015.046,https://iwa.silverchair-cdn.com/iwa/content_public/journal/ws/15/5/10.2166_ws.2015.046/4/ws2015046supp.pdf,ws2015046supp.pdf,2026-08-25 09:20:22,ok,77839,ba904b179de62216d893d1f230a56d17ffdd10b52482caaab644a5114b356c8e,data-raw/suppfiles/files/ws/10.2166_ws.2015.046/ws2015046supp.pdf,2026-08-20 04:46:02
ws,27529,10.2166/ws.2015.061,https://iwa.silverchair-cdn.com/iwa/content_public/journal/ws/15/5/10.2166_ws.2015.061/4/ws2015061supp.pdf,ws2015061supp.pdf,2026-08-22 01:42:16,ok,46752,e6aa71e130748e9888d2730b86c25cfbfc7b75dc240182598b036e850bf3e4ec,data-raw/suppfiles/files/ws/10.2166_ws.2015.061/ws2015061supp.pdf,2026-08-20 04:46:05
ws,28062,10.2166/ws.2015.084,https://iwa.silverchair-cdn.com/iwa/content_public/journal/ws/15/6/10.2166_ws.2015.084/4/ws2015084supp.pdf,ws2015084supp.pdf,2026-08-20 21:30:10,ok,46814,cd289473641ba567fab750cca00c295cc52e8363039fe0394d453c413cf8c447,data-raw/suppfiles/files/ws/10.2166_ws.2015.084/ws2015084supp.pdf,2026-08-20 04:46:09
ws,28077,10.2166/ws.2015.094,https://iwa.silverchair-cdn.com/iwa/content_public/journal/ws/15/6/10.2166_ws.2015.094/4/ws2015094supp.pdf,ws2015094supp.pdf,2026-08-20 18:45:23,ok,181939,91d643e8e535719971197a02e41e5adc97b47cdf6ce3c253a21515d3cdff4017,data-raw/suppfiles/files/ws/10.2166_ws.2015.094/ws2015094supp.pdf,2026-08-20 04:46:12
ws,28087,10.2166/ws.2015.098,https://iwa.silverchair-cdn.com/iwa/content_public/journal/ws/15/6/10.2166_ws.2015.098/4/ws2015098supp.pdf,ws2015098supp.pdf,2026-08-22 03:43:27,ok,55591,6dcd81ff501ec90e6f305f169a8d4b6f32e0f8bbc12088c61fe133126a7adbc1,data-raw/suppfiles/files/ws/10.2166_ws.2015.098/ws2015098supp.pdf,2026-08-20 04:46:17
ws,27567,10.2166/ws.2015.105,https://iwa.silverchair-cdn.com/iwa/content_public/journal/ws/16/1/10.2166_ws.2015.105/4/ws2015105supp.pdf,ws2015105supp.pdf,2026-08-20 13:07:40,ok,158657,66fa57c07a548fe49cfde35dab214f990289db48220baab258efb847770be00a,data-raw/suppfiles/files/ws/10.2166_ws.2015.105/ws2015105supp.pdf,2026-08-20 04:46:21
ws,27594,10.2166/ws.2015.111,https://iwa.silverchair-cdn.com/iwa/content_public/journal/ws/16/1/10.2166_ws.2015.111/4/ws2015111supp.pdf,ws2015111supp.pdf,2026-08-21 03:09:56,ok,323272,39dbcabfe5d326aa11f573e41e38c76b8f45be7a91c56e96470ae89fa36ecc09,data-raw/suppfiles/files/ws/10.2166_ws.2015.111/ws2015111supp.pdf,2026-08-20 04:46:26
ws,27608,10.2166/ws.2015.113,https://iwa.silverchair-cdn.com/iwa/content_public/journal/ws/16/1/10.2166_ws.2015.113/4/ws2015113supp.pdf,ws2015113supp.pdf,2026-08-20 19:28:54,ok,32175,d3ab261e92e5f5fe7dca937685e180782abe2452bfb10fc0d621ee28c0a67e08,data-raw/suppfiles/files/ws/10.2166_ws.2015.113/ws2015113supp.pdf,2026-08-20 04:46:28
ws,27635,10.2166/ws.2015.106,https://iwa.silverchair-cdn.com/iwa/content_public/journal/ws/16/1/10.2166_ws.2015.106/4/ws2015106supp.pdf,ws2015106supp.pdf,2026-08-24 18:50:40,ok,52228,86260d61f53ee18d80ab532f1e9ebd0453c9d5ed54aa68f5bf4cfd7e569e4678,data-raw/suppfiles/files/ws/10.2166_ws.2015.106/ws2015106supp.pdf,2026-08-20 04:46:31
ws,3173,10.2166/ws.2015.148,https://iwa.silverchair-cdn.com/iwa/content_public/journal/ws/16/2/10.2166_ws.2015.148/4/ws2015148supp.pdf,ws2015148supp.pdf,2026-08-21 05:15:50,ok,182226,2c01b0a5ac076038632949acb89bebb87a6a8374d3ff04366a455d88799b9f89,data-raw/suppfiles/files/ws/10.2166_ws.2015.148/ws2015148supp.pdf,2026-08-20 04:46:35
ws,3202,10.2166/ws.2015.152,https://iwa.silverchair-cdn.com/iwa/content_public/journal/ws/16/2/10.2166_ws.2015.152/4/ws2015152supp.pdf,ws2015152supp.pdf,2026-08-22 07:08:27,ok,57965,e8f3d35fd27af346751c5b52b9b28bf9c408c47456dbad85b3b5702628ad61a8,data-raw/suppfiles/files/ws/10.2166_ws.2015.152/ws2015152supp.pdf,2026-08-20 04:46:39
ws,27734,10.2166/ws.2015.169,https://iwa.silverchair-cdn.com/iwa/content_public/journal/ws/16/3/10.2166_ws.2015.169/4/ws2015169supp.pdf,ws2015169supp.pdf,2026-08-23 01:23:51,ok,1209399,bb59c02bc38fec2d8fd9755b1bfea5e4a803e3d281db07a0f8d754eae90d1b43,data-raw/suppfiles/files/ws/10.2166_ws.2015.169/ws2015169supp.pdf,2026-08-20 04:46:42
ws,27782,10.2166/ws.2015.180,https://iwa.silverchair-cdn.com/iwa/content_public/journal/ws/16/3/10.2166_ws.2015.180/4/ws2015180supp.pdf,ws2015180supp.pdf,2026-08-28 21:33:57,ok,35163,42bc689765d957f87a8c44acf0f50b4a28c6c23bb762a332af069ac463222b3c,data-raw/suppfiles/files/ws/10.2166_ws.2015.180/ws2015180supp.pdf,2026-08-20 04:46:45
ws,27827,10.2166/ws.2015.191,https://iwa.silverchair-cdn.com/iwa/content_public/journal/ws/16/3/10.2166_ws.2015.191/4/ws2015191supp.pdf,ws2015191supp.pdf,2026-08-24 17:26:53,ok,146944,edb4f6d7d0b05ed58441eb6fb89029058c7cff71e58287f3d9e0d65e96fb6af6,data-raw/suppfiles/files/ws/10.2166_ws.2015.191/ws2015191supp.pdf,2026-08-20 04:46:48
ws,28023,10.2166/ws.2016.001,https://iwa.silverchair-cdn.com/iwa/content_public/journal/ws/16/4/10.2166_ws.2016.001/4/ws2016001supp.pdf,ws2016001supp.pdf,2026-08-21 09:25:22,ok,37320,3731d2ce8a65d3850c3a55bad485d9848823d5cf4fa71cc51d19ea00ce1909bc,data-raw/suppfiles/files/ws/10.2166_ws.2016.001/ws2016001supp.pdf,2026-08-20 04:46:51
ws,28026,10.2166/ws.2016.021,https://iwa.silverchair-cdn.com/iwa/content_public/journal/ws/16/4/10.2166_ws.2016.021/4/ws2016021supp.docx,ws2016021supp.docx,2026-08-29 13:00:32,ok,48171,6be81dab79062957ab91993f83f89080fb6d2b4ef6cd815020bab2907d1f56c2,data-raw/suppfiles/files/ws/10.2166_ws.2016.021/ws2016021supp.docx,2026-08-20 04:46:55
ws,28027,10.2166/ws.2016.023,https://iwa.silverchair-cdn.com/iwa/content_public/journal/ws/16/4/10.2166_ws.2016.023/4/ws2016023supp.docx,ws2016023supp.docx,2026-08-29 13:00:50,ok,14593,aec4a73fb2c397061a210424b11543b052b1aecd5d142e28b4df0c1de8ba362f,data-raw/suppfiles/files/ws/10.2166_ws.2016.023/ws2016023supp.docx,2026-08-20 04:46:58
ws,28056,10.2166/ws.2016.019,https://iwa.silverchair-cdn.com/iwa/content_public/journal/ws/16/4/10.2166_ws.2016.019/4/ws2016019supp.docx,ws2016019supp.docx,2026-08-21 00:48:18,ok,36172,8677b172ef2822b9306c409d54335eead6cf2b98511b83a627a318c9df806920,data-raw/suppfiles/files/ws/10.2166_ws.2016.019/ws2016019supp.docx,2026-08-20 04:47:02
ws,31663,10.2166/ws.2016.056,https://iwa.silverchair-cdn.com/iwa/content_public/journal/ws/16/5/10.2166_ws.2016.056/4/ws2016056supp.docx,ws2016056supp.docx,2026-08-24 22:01:01,ok,153787,bd42db0f750b2634597b214263325cf637a094c36b488d6ec2f4279964ad5e9e,data-raw/suppfiles/files/ws/10.2166_ws.2016.056/ws2016056supp.docx,2026-08-20 04:47:06
ws,28120,10.2166/ws.2016.088,https://iwa.silverchair-cdn.com/iwa/content_public/journal/ws/16/6/10.2166_ws.2016.088/4/ws2016088supp.docx,ws2016088supp.docx,2026-08-23 11:23:06,ok,153614,f980d35a704cff90ede5b253b92b60add6fbde69e803c411c652bbbb7bd67254,data-raw/suppfiles/files/ws/10.2166_ws.2016.088/ws2016088supp.docx,2026-08-20 04:47:11
ws,28140,10.2166/ws.2016.090,https://iwa.silverchair-cdn.com/iwa/content_public/journal/ws/16/6/10.2166_ws.2016.090/4/ws2016090supp.docx,ws2016090supp.docx,2026-08-23 04:22:54,ok,70571,f057aad4c4f43fdb6ad04e31cf7a3e5e9d6d6f137b83ae1429f213e646e45316,data-raw/suppfiles/files/ws/10.2166_ws.2016.090/ws2016090supp.docx,2026-08-20 04:47:15
ws,29974,10.2166/ws.2016.098,https://iwa.silverchair-cdn.com/iwa/content_public/journal/ws/17/1/10.2166_ws.2016.098/4/ws2016098supp.docx,ws2016098supp.docx,2026-08-22 05:43:17,ok,17229,84fe97e5bf8219b82421718545831208bcbe68b0b5df48f52b28161a707cc9da,data-raw/suppfiles/files/ws/10.2166_ws.2016.098/ws2016098supp.docx,2026-08-20 04:47:18
ws,29983,10.2166/ws.2016.114,https://iwa.silverchair-cdn.com/iwa/content_public/journal/ws/17/1/10.2166_ws.2016.114/4/ws2016114supp.docx,ws2016114supp.docx,2026-08-20 22:05:04,ok,346156,415197b577bb926a55bef50e9e84cc3ffa862dabee09b7db7b71c184df894977,data-raw/suppfiles/files/ws/10.2166_ws.2016.114/ws2016114supp.docx,2026-08-20 04:47:23
ws,29989,10.2166/ws.2016.121,https://iwa.silverchair-cdn.com/iwa/content_public/journal/ws/17/1/10.2166_ws.2016.121/4/ws2016121supp.doc,ws2016121supp.doc,2026-08-23 04:46:17,ok,321024,65d8d0e1b797da57a4be22b450f889bf763e24b966f775574db147753d125442,data-raw/suppfiles/files/ws/10.2166_ws.2016.121/ws2016121supp.doc,2026-08-20 04:47:26
ws,30007,10.2166/ws.2016.132,https://iwa.silverchair-cdn.com/iwa/content_public/journal/ws/17/1/10.2166_ws.2016.132/4/ws2016132supp.doc,ws2016132supp.doc,2026-08-23 08:35:42,ok,501248,ca66cc5eab653aa5a23d4f7b8462d7d1c31645a4781d4d0ecd15adfd01480fc9,data-raw/suppfiles/files/ws/10.2166_ws.2016.132/ws2016132supp.doc,2026-08-20 04:47:29
ws,28177,10.2166/ws.2016.160,https://iwa.silverchair-cdn.com/iwa/content_public/journal/ws/17/2/10.2166_ws.2016.160/4/ws2016160supp.docx,ws2016160supp.docx,2026-08-20 21:34:43,ok,609442,eed8735a890d55a5974db43ae2ad663c688362e6b44f7a7f27adfb1d4d72b771,data-raw/suppfiles/files/ws/10.2166_ws.2016.160/ws2016160supp.docx,2026-08-20 04:47:32
ws,28179,10.2166/ws.2016.165,https://iwa.silverchair-cdn.com/iwa/content_public/journal/ws/17/2/10.2166_ws.2016.165/4/ws2016165supp.docx,ws2016165supp.docx,2026-08-22 16:26:43,ok,2834842,173edcdd7b341943eaf64011f6dd6c75014c8ea052b9c32db4c26a2e3ec6495a,data-raw/suppfiles/files/ws/10.2166_ws.2016.165/ws2016165supp.docx,2026-08-20 04:47:37
ws,28183,10.2166/ws.2016.161,https://iwa.silverchair-cdn.com/iwa/content_public/journal/ws/17/2/10.2166_ws.2016.161/4/ws2016161supp.doc,ws2016161supp.doc,2026-08-22 20:32:50,ok,70656,8e78ef6a244b7e2fa4aae04ee98f132a3c87c72f7e2f88d42b3e508066e75bf4,data-raw/suppfiles/files/ws/10.2166_ws.2016.161/ws2016161supp.doc,2026-08-20 04:47:40
ws,28193,10.2166/ws.2016.151,https://iwa.silverchair-cdn.com/iwa/content_public/journal/ws/17/2/10.2166_ws.2016.151/4/ws2016151supp.docx,ws2016151supp.docx,2026-08-22 23:31:27,ok,20064,20372adc0f52d114ed0a90df2c823b8fce685c736b8e848f5d63916a7d0dc371,data-raw/suppfiles/files/ws/10.2166_ws.2016.151/ws2016151supp.docx,2026-08-20 04:47:43
ws,30646,10.2166/ws.2016.145,https://iwa.silverchair-cdn.com/iwa/content_public/journal/ws/17/3/10.2166_ws.2016.145/4/ws2016145supp.docx,ws2016145supp.docx,2026-08-26 21:03:44,ok,247098,a617f194ed9db2c6863ce3d1f50768959ac8959b6ef4e325226b63ac3988095b,data-raw/suppfiles/files/ws/10.2166_ws.2016.145/ws2016145supp.docx,2026-08-20 04:47:47
ws,30653,10.2166/ws.2016.148,https://iwa.silverchair-cdn.com/iwa/content_public/journal/ws/17/3/10.2166_ws.2016.148/4/ws2016148supp.docx,ws2016148supp.docx,2026-08-20 18:02:36,ok,127178,2a12bd045618cf261f9776b68f279625b98febec03f70632731c70f7f61a2d99,data-raw/suppfiles/files/ws/10.2166_ws.2016.148/ws2016148supp.docx,2026-08-20 04:47:50
ws,14984,10.2166/ws.2016.199,https://iwa.silverchair-cdn.com/iwa/content_public/journal/ws/17/4/10.2166_ws.2016.199/4/ws2016199supp.docx,ws2016199supp.docx,2026-08-23 02:52:56,ok,39454,b677b99ce6d32e7d54b51548875277f8de1dd9490b1c7d4ffd8d2c34c37c134c,data-raw/suppfiles/files/ws/10.2166_ws.2016.199/ws2016199supp.docx,2026-08-20 04:47:53
ws,15111,10.2166/ws.2017.037,https://iwa.silverchair-cdn.com/iwa/content_public/journal/ws/17/5/10.2166_ws.2017.037/4/ws2017037supp.doc,ws2017037supp.doc,2026-08-21 05:44:24,ok,2249728,93f5833a2951c59d67b0df2d2b162b79c28df69481da71bf7c489c7e62a61888,data-raw/suppfiles/files/ws/10.2166_ws.2017.037/ws2017037supp.doc,2026-08-20 04:47:58
ws,15136,10.2166/ws.2017.040,https://iwa.silverchair-cdn.com/iwa/content_public/journal/ws/17/5/10.2166_ws.2017.040/4/ws2017040supp.doc,ws2017040supp.doc,2026-08-20 22:05:04,ok,2139648,9e408cf29c2abeb4ab3badd010ef3a6a3eddf5bf9fb4ca321dc3e83a13021a88,data-raw/suppfiles/files/ws/10.2166_ws.2017.040/ws2017040supp.doc,2026-08-20 04:48:02
ws,15247,10.2166/ws.2017.043,https://iwa.silverchair-cdn.com/iwa/content_public/journal/ws/17/5/10.2166_ws.2017.043/4/ws2017043supp.docx,ws2017043supp.docx,2026-08-20 05:32:26,ok,17965,bbe0e5ffbb36f1b631c96f127800d9851320f034164cf9fd457f7cb14f2fd997,data-raw/suppfiles/files/ws/10.2166_ws.2017.043/ws2017043supp.docx,2026-08-20 04:48:06
ws,38178,10.2166/ws.2017.063,https://iwa.silverchair-cdn.com/iwa/content_public/journal/ws/17/6/10.2166_ws.2017.063/1/ws2017063supp.docx,ws2017063supp.docx,2026-08-21 08:59:35,ok,83263,7c118dbf9d81438dd5ae33c4d9feeda0aca48af40c6efd55c5c917ed1cc12664,data-raw/suppfiles/files/ws/10.2166_ws.2017.063/ws2017063supp.docx,2026-08-20 04:48:10
ws,38211,10.2166/ws.2017.081,https://iwa.silverchair-cdn.com/iwa/content_public/journal/ws/18/1/10.2166_ws.2017.081/1/ws2017081supp.docx,ws2017081supp.docx,2026-08-23 18:07:43,ok,356373,39cbbe2235fe8feca52f42e8dc38acec379d9ec1fce3174cbfefce082422e127,data-raw/suppfiles/files/ws/10.2166_ws.2017.081/ws2017081supp.docx,2026-08-20 04:48:13
ws,38208,10.2166/ws.2017.097,https://iwa.silverchair-cdn.com/iwa/content_public/journal/ws/18/1/10.2166_ws.2017.097/1/ws2017097supp.docx,ws2017097supp.docx,2026-08-22 04:02:45,ok,1517632,2797d567040e126febd7b37d45fd466bf3e2f4bab433b2fe07b22f88991c8f36,data-raw/suppfiles/files/ws/10.2166_ws.2017.097/ws2017097supp.docx,2026-08-20 04:48:18
ws,38213,10.2166/ws.2017.092,https://iwa.silverchair-cdn.com/iwa/content_public/journal/ws/18/1/10.2166_ws.2017.092/1/ws2017092supp.docx,ws2017092supp.docx,2026-08-21 17:45:56,ok,6595202,982931c7e2fb1fca2377fa3f3895f9db282bd5f690b9ef71d8c5e3aeee806db7,data-raw/suppfiles/files/ws/10.2166_ws.2017.092/ws2017092supp.docx,2026-08-20 04:48:22
ws,38220,10.2166/ws.2017.070,https://iwa.silverchair-cdn.com/iwa/content_public/journal/ws/18/1/10.2166_ws.2017.070/1/ws2017070supp.doc,ws2017070supp.doc,2026-08-20 22:31:54,ok,487424,2898a225cd9395579edebaf94e154c543546dc08c75ab9a9d4a4e52fac42a40a,data-raw/suppfiles/files/ws/10.2166_ws.2017.070/ws2017070supp.doc,2026-08-20 04:48:26
ws,38266,10.2166/ws.2017.126,https://iwa.silverchair-cdn.com/iwa/content_public/journal/ws/18/2/10.2166_ws.2017.126/1/ws2017126supp.docx,ws2017126supp.docx,2026-08-22 23:34:16,ok,22431,3523f67f293b8672ccdb74bf73fb087d6bfec57d02fa0b089cd5da5304ab65ac,data-raw/suppfiles/files/ws/10.2166_ws.2017.126/ws2017126supp.docx,2026-08-20 04:48:30
ws,38287,10.2166/ws.2017.153,https://iwa.silverchair-cdn.com/iwa/content_public/journal/ws/18/3/10.2166_ws.2017.153/2/ws2017153supp.docx,ws2017153supp.docx,2026-08-26 10:30:19,ok,88475,9e34cf958021128e98b22ca820a294aef52ca7d606e66e3ee0b58adc63596f4a,data-raw/suppfiles/files/ws/10.2166_ws.2017.153/ws2017153supp.docx,2026-08-20 04:48:33
ws,38282,10.2166/ws.2017.143,https://iwa.silverchair-cdn.com/iwa/content_public/journal/ws/18/3/10.2166_ws.2017.143/2/ws2017143supp.docx,ws2017143supp.docx,2026-08-22 17:39:32,ok,97560,28f6c39352a11ecc84fe21c1a8f062d527122c0070426e8e3de8a6529f57a92c,data-raw/suppfiles/files/ws/10.2166_ws.2017.143/ws2017143supp.docx,2026-08-20 04:48:36
ws,38310,10.2166/ws.2017.185,https://iwa.silverchair-cdn.com/iwa/content_public/journal/ws/18/3/10.2166_ws.2017.185/2/ws2017185supp.docx,ws2017185supp.docx,2026-08-25 14:48:04,ok,45700,589c377f8fa91742d91210e3e61ae9bc2e641f3967994031497d0befaed9465d,data-raw/suppfiles/files/ws/10.2166_ws.2017.185/ws2017185supp.docx,2026-08-20 04:48:39
ws,39247,10.2166/ws.2017.203,https://iwa.silverchair-cdn.com/iwa/content_public/journal/ws/18/4/10.2166_ws.2017.203/1/ws2017203supp.docx,ws2017203supp.docx,2026-08-23 10:20:41,ok,64454,5d3f91231a49d130efc9a778184f9f744c379456b9b7b5fd17c35e8b60f78f4d,data-raw/suppfiles/files/ws/10.2166_ws.2017.203/ws2017203supp.docx,2026-08-20 04:48:42
ws,39259,10.2166/ws.2017.215,https://iwa.silverchair-cdn.com/iwa/content_public/journal/ws/18/4/10.2166_ws.2017.215/1/ws2017215supp.docx,ws2017215supp.docx,2026-08-22 10:38:25,ok,379064,a0bfcb9af49c4a85102005bd1eb328bc00de0add5b5a3ea21fb74ad9a2c64206,data-raw/suppfiles/files/ws/10.2166_ws.2017.215/ws2017215supp.docx,2026-08-20 04:48:46
ws,39260,10.2166/ws.2017.216,https://iwa.silverchair-cdn.com/iwa/content_public/journal/ws/18/5/10.2166_ws.2017.216/1/ws2017216supp.docx,ws2017216supp.docx,2026-08-22 00:20:00,ok,267308,c2132ddb6339e3ce851c53c84833b899ce47064a9265be870944f2c7e7d0358f,data-raw/suppfiles/files/ws/10.2166_ws.2017.216/ws2017216supp.docx,2026-08-20 04:48:51
ws,39310,10.2166/ws.2018.026,https://iwa.silverchair-cdn.com/iwa/content_public/journal/ws/18/6/10.2166_ws.2018.026/4/ws2018026supp.docx,ws2018026supp.docx,2026-08-21 11:29:42,ok,633399,23c6b3f855a17ccf5c92e315c67e0ea7fad3f6029b8667b9c8e0fcbc002fbbd1,data-raw/suppfiles/files/ws/10.2166_ws.2018.026/ws2018026supp.docx,2026-08-20 04:48:55
ws,39327,10.2166/ws.2018.043,https://iwa.silverchair-cdn.com/iwa/content_public/journal/ws/18/6/10.2166_ws.2018.043/4/ws2018043supp.docx,ws2018043supp.docx,2026-08-20 20:28:36,ok,32213,505c855eed9044b35ad1ee0aae9dbffcc73fcf7efeff4b7b10eda0d96bc49b57,data-raw/suppfiles/files/ws/10.2166_ws.2018.043/ws2018043supp.docx,2026-08-20 04:48:58
ws,39332,10.2166/ws.2018.048,https://iwa.silverchair-cdn.com/iwa/content_public/journal/ws/19/1/10.2166_ws.2018.048/1/ws2018048supp.docx,ws2018048supp.docx,2026-08-22 05:02:58,ok,343471,1ac16b20ca60026f802a7a2aa2ece24d55d43c6030014d1c97064bdd872312bf,data-raw/suppfiles/files/ws/10.2166_ws.2018.048/ws2018048supp.docx,2026-08-20 04:49:02
ws,39334,10.2166/ws.2018.050,https://iwa.silverchair-cdn.com/iwa/content_public/journal/ws/19/1/10.2166_ws.2018.050/1/ws2018050supp.docx,ws2018050supp.docx,2026-08-20 21:46:27,ok,41998,ccd772d7a8819e0153c7a78209b1bef24be2f5c4dae7328c5ea1bbd9a74b8dc6,data-raw/suppfiles/files/ws/10.2166_ws.2018.050/ws2018050supp.docx,2026-08-20 04:49:06
ws,39222,10.2166/ws.2018.085,https://iwa.silverchair-cdn.com/iwa/content_public/journal/ws/19/2/10.2166_ws.2018.085/4/ws2018085supp.pdf,ws2018085supp.pdf,2026-08-28 18:01:55,ok,3630769,2458583768d38b0d34b67451ea65eef72cc44df8dbbaf0e63eac27932bd0c1e5,data-raw/suppfiles/files/ws/10.2166_ws.2018.085/ws2018085supp.pdf,2026-08-20 04:49:11
ws,39188,10.2166/ws.2018.089,https://iwa.silverchair-cdn.com/iwa/content_public/journal/ws/19/2/10.2166_ws.2018.089/3/ws2018089supp.docx,ws2018089supp.docx,2026-08-21 10:43:47,ok,226426,35a4e161081ef2d304cd76339bd1c6ce50ca79472f63b75bd99485ce2409b734,data-raw/suppfiles/files/ws/10.2166_ws.2018.089/ws2018089supp.docx,2026-08-20 04:49:14
ws,39189,10.2166/ws.2018.091,https://iwa.silverchair-cdn.com/iwa/content_public/journal/ws/19/2/10.2166_ws.2018.091/3/ws2018091supp.doc,ws2018091supp.doc,2026-08-22 21:46:14,ok,225280,e0e9a349d643a23c318bd6b3d6d1f78aa7de9ccb59513ac82636dba557ffcd25,data-raw/suppfiles/files/ws/10.2166_ws.2018.091/ws2018091supp.doc,2026-08-20 04:49:17
ws,39242,10.2166/ws.2018.097,https://iwa.silverchair-cdn.com/iwa/content_public/journal/ws/19/2/10.2166_ws.2018.097/3/ws2018097supp.docx,ws2018097supp.docx,2026-08-20 23:46:34,ok,511588,c5a5be0dd897714397dd81e4325b62b336a1a0ed51012be4c40b799f3693f63f,data-raw/suppfiles/files/ws/10.2166_ws.2018.097/ws2018097supp.docx,2026-08-20 04:49:21
ws,39350,10.2166/ws.2018.104,https://iwa.silverchair-cdn.com/iwa/content_public/journal/ws/19/2/10.2166_ws.2018.104/3/ws2018104supp.docx,ws2018104supp.docx,2026-08-27 23:44:26,ok,489836,774b7d4a977112f7a1dd9439aa1e359631eb6e7da8684729f8eff098465a710e,data-raw/suppfiles/files/ws/10.2166_ws.2018.104/ws2018104supp.docx,2026-08-20 04:49:25
ws,39351,10.2166/ws.2018.105,https://iwa.silverchair-cdn.com/iwa/content_public/journal/ws/19/2/10.2166_ws.2018.105/3/ws2018105supp.doc,ws2018105supp.doc,2026-08-20 04:51:18,ok,653312,683f1f76b59a16f9dc52547e79ea935f6a905f7e4d2556ca17a1460e8a9349da,data-raw/suppfiles/files/ws/10.2166_ws.2018.105/ws2018105supp.doc,2026-08-20 04:49:29
ws,39352,10.2166/ws.2018.106,https://iwa.silverchair-cdn.com/iwa/content_public/journal/ws/19/2/10.2166_ws.2018.106/3/ws2018106supp.docx,ws2018106supp.docx,2026-08-26 13:46:32,ok,104317,ea4fda03bfb83b3ecaaaee53316f23354537acc0c98fe0ed7c589b88f8e1bf13,data-raw/suppfiles/files/ws/10.2166_ws.2018.106/ws2018106supp.docx,2026-08-20 04:49:32
ws,40814,10.2166/ws.2018.110,https://iwa.silverchair-cdn.com/iwa/content_public/journal/ws/19/2/10.2166_ws.2018.110/3/ws2018110supp.docx,ws2018110supp.docx,2026-08-29 15:38:05,ok,588795,b041b12bda4f41725b25af226f0a32ba448c79674ad9b807e46eba5bb8e6459b,data-raw/suppfiles/files/ws/10.2166_ws.2018.110/ws2018110supp.docx,2026-08-20 04:49:35
ws,40814,10.2166/ws.2018.110,https://iwa.silverchair-cdn.com/iwa/content_public/journal/ws/19/2/10.2166_ws.2018.110/3/ws2018110supp.xlsx,ws2018110supp.xlsx,2026-08-29 15:38:05,ok,59248,92c1caa216d97f5e6e0758f992360d58b6dc430b924cdfbe83f513801906fa5b,data-raw/suppfiles/files/ws/10.2166_ws.2018.110/ws2018110supp.xlsx,2026-08-20 04:49:39
ws,40815,10.2166/ws.2018.111,https://iwa.silverchair-cdn.com/iwa/content_public/journal/ws/19/3/10.2166_ws.2018.111/6/ws2018111supp.docx,ws2018111supp.docx,2026-08-28 03:11:17,ok,405254,bbbcfb589cb82a0c3af2142f07ffdf30fef55e1bf99d8774af8792d2146526fd,data-raw/suppfiles/files/ws/10.2166_ws.2018.111/ws2018111supp.docx,2026-08-20 04:49:44
ws,41417,10.2166/ws.2018.129,https://iwa.silverchair-cdn.com/iwa/content_public/journal/ws/19/3/10.2166_ws.2018.129/6/ws2018129supp.docx,ws2018129supp.docx,2026-08-25 09:34:26,ok,461804,a8ba6db6c0d7e99f575e6bbb0c942c34c6c0f48fea1b7a60c26be59a2f8b50c2,data-raw/suppfiles/files/ws/10.2166_ws.2018.129/ws2018129supp.docx,2026-08-20 04:49:48
ws,41429,10.2166/ws.2018.130,https://iwa.silverchair-cdn.com/iwa/content_public/journal/ws/19/3/10.2166_ws.2018.130/6/ws2018130supp.docx,ws2018130supp.docx,2026-08-29 15:45:07,ok,663714,427c5379db0f02e4c56ce7ae4e651a02b2c5d7a86c7ee14df6742c846e17fb04,data-raw/suppfiles/files/ws/10.2166_ws.2018.130/ws2018130supp.docx,2026-08-20 04:49:51
ws,41454,10.2166/ws.2018.131,https://iwa.silverchair-cdn.com/iwa/content_public/journal/ws/19/3/10.2166_ws.2018.131/6/ws2018131supp.docx,ws2018131supp.docx,2026-08-24 08:27:27,ok,130949,08a44396b4e0d6be987764794724c4085fef87ec4c4268a50317668e2687961d,data-raw/suppfiles/files/ws/10.2166_ws.2018.131/ws2018131supp.docx,2026-08-20 04:49:54
ws,41521,10.2166/ws.2018.132,https://iwa.silverchair-cdn.com/iwa/content_public/journal/ws/19/3/10.2166_ws.2018.132/6/ws2018132supp.docx,ws2018132supp.docx,2026-08-27 05:37:11,ok,82126,2c2cc252939cb9c3bf0bf4abf2e10c151fc44a2ad5903920aeb73417bc0425e6,data-raw/suppfiles/files/ws/10.2166_ws.2018.132/ws2018132supp.docx,2026-08-20 04:49:57
ws,62405,10.2166/ws.2018.136,https://iwa.silverchair-cdn.com/iwa/content_public/journal/ws/19/3/10.2166_ws.2018.136/6/ws2018136supp.docx,ws2018136supp.docx,2026-08-29 03:40:23,ok,98866,0ee6e845ed576feba3392a7013371d1d55a9267e5b84bee0df80abb8f6ad0e99,data-raw/suppfiles/files/ws/10.2166_ws.2018.136/ws2018136supp.docx,2026-08-20 04:50:00
ws,62857,10.2166/ws.2018.138,https://iwa.silverchair-cdn.com/iwa/content_public/journal/ws/19/3/10.2166_ws.2018.138/6/ws2018138supp.docx,ws2018138supp.docx,2026-08-29 01:44:03,ok,339929,fd22f9a211ef121d370b24b893bfd66c59dee042f96df37e5b9bd57b0e255d41,data-raw/suppfiles/files/ws/10.2166_ws.2018.138/ws2018138supp.docx,2026-08-20 04:50:03
ws,65095,10.2166/ws.2018.190,https://iwa.silverchair-cdn.com/iwa/content_public/journal/ws/19/3/10.2166_ws.2018.190/3/ws2018190supp.docx,ws2018190supp.docx,2026-08-24 16:33:41,ok,130962,b8021ab722ecfb4db9ff7da62e9e8ed089db835af6dd652412a39719430b2777,data-raw/suppfiles/files/ws/10.2166_ws.2018.190/ws2018190supp.docx,2026-08-20 04:50:06
ws,63760,10.2166/ws.2018.150,https://iwa.silverchair-cdn.com/iwa/content_public/journal/ws/19/4/10.2166_ws.2018.150/2/ws2018150supp.docx,ws2018150supp.docx,2026-08-20 11:17:21,ok,968388,88f8f43eb6d93c43938239c84e489d19fe53726a5836eaa77661916536d8177f,data-raw/suppfiles/files/ws/10.2166_ws.2018.150/ws2018150supp.docx,2026-08-20 04:50:10
ws,64199,10.2166/ws.2018.158,https://iwa.silverchair-cdn.com/iwa/content_public/journal/ws/19/4/10.2166_ws.2018.158/2/ws2018158supp.docx,ws2018158supp.docx,2026-08-29 15:53:10,ok,392789,04e4919b4ba5937153362f8564fcc912e2f1890907a810cd3c8d71b28f349737,data-raw/suppfiles/files/ws/10.2166_ws.2018.158/ws2018158supp.docx,2026-08-20 04:50:14
ws,64165,10.2166/ws.2018.161,https://iwa.silverchair-cdn.com/iwa/content_public/journal/ws/19/4/10.2166_ws.2018.161/2/ws2018161supp.docx,ws2018161supp.docx,2026-08-20 17:29:49,ok,1614945,dcf2bd7e455ffa7a45f172a1621810d3f6e0b22818defeffcc8a8d8a577404f5,data-raw/suppfiles/files/ws/10.2166_ws.2018.161/ws2018161supp.docx,2026-08-20 04:50:19
ws,64166,10.2166/ws.2018.162,https://iwa.silverchair-cdn.com/iwa/content_public/journal/ws/19/4/10.2166_ws.2018.162/2/ws2018162supp.docx,ws2018162supp.docx,2026-08-29 15:53:58,ok,151871,a984d0e6e3fd114d9062908c704cb282c34a92b4db5394dfe112f1f9355abeea,data-raw/suppfiles/files/ws/10.2166_ws.2018.162/ws2018162supp.docx,2026-08-20 04:50:23
ws,64441,10.2166/ws.2018.164,https://iwa.silverchair-cdn.com/iwa/content_public/journal/ws/19/4/10.2166_ws.2018.164/2/ws2018164supp.docx,ws2018164supp.docx,2026-08-28 21:46:36,ok,154419,bddbb5377ec7680aec63cb453fea974afd7857b38a15574e7da525e719906540,data-raw/suppfiles/files/ws/10.2166_ws.2018.164/ws2018164supp.docx,2026-08-20 04:50:26
ws,64493,10.2166/ws.2018.176,https://iwa.silverchair-cdn.com/iwa/content_public/journal/ws/19/4/10.2166_ws.2018.176/2/ws2018176supp.docx,ws2018176supp.docx,2026-08-20 18:13:34,ok,20776843,d6d0176bb3aa9c953b92b8e53c9dc979a78baee291d826a8cdccbb75c1f1612c,data-raw/suppfiles/files/ws/10.2166_ws.2018.176/ws2018176supp.docx,2026-08-20 04:50:32
ws,64772,10.2166/ws.2018.188,https://iwa.silverchair-cdn.com/iwa/content_public/journal/ws/19/4/10.2166_ws.2018.188/2/ws2018188supp.docx,ws2018188supp.docx,2026-08-20 11:41:50,ok,787623,10a5a325cdca20a479fe0203faac1ebdc6eb1cbf452dd25f91b321dd55d08db6,data-raw/suppfiles/files/ws/10.2166_ws.2018.188/ws2018188supp.docx,2026-08-20 04:50:35
ws,64779,10.2166/ws.2018.187,https://iwa.silverchair-cdn.com/iwa/content_public/journal/ws/19/4/10.2166_ws.2018.187/2/ws2018187supp.docx,ws2018187supp.docx,2026-08-24 15:50:51,ok,9856803,53950b1036cae3c7d4f87dd134dde86072373d6488f439bde719a12aa14552c5,data-raw/suppfiles/files/ws/10.2166_ws.2018.187/ws2018187supp.docx,2026-08-20 04:50:40
ws,64308,10.2166/ws.2018.167,https://iwa.silverchair-cdn.com/iwa/content_public/journal/ws/19/5/10.2166_ws.2018.167/1/ws2018167supp.docx,ws2018167supp.docx,2026-08-25 15:39:01,ok,40070,6e39d0ee397accf27a10f0313458d5651c830ae09a0942d611be8f1bf6871d5c,data-raw/suppfiles/files/ws/10.2166_ws.2018.167/ws2018167supp.docx,2026-08-20 04:50:44
ws,65147,10.2166/ws.2018.191,https://iwa.silverchair-cdn.com/iwa/content_public/journal/ws/19/5/10.2166_ws.2018.191/1/ws2018191supp.docx,ws2018191supp.docx,2026-08-21 10:04:19,ok,2602373,e422f9b3a68fce61df920897928f8c2c0513c2a4b706f9f271ed4854eb3cad17,data-raw/suppfiles/files/ws/10.2166_ws.2018.191/ws2018191supp.docx,2026-08-20 04:50:48
ws,65471,10.2166/ws.2019.006,https://iwa.silverchair-cdn.com/iwa/content_public/journal/ws/19/5/10.2166_ws.2019.006/1/ws2019006supp.doc,ws2019006supp.doc,2026-08-27 19:18:45,ok,148480,1d414d476e42ea459ae1c196d0ea1dd1931bda74bbbedf8a665751400c490418,data-raw/suppfiles/files/ws/10.2166_ws.2019.006/ws2019006supp.doc,2026-08-20 04:50:52
ws,65382,10.2166/ws.2019.001,https://iwa.silverchair-cdn.com/iwa/content_public/journal/ws/19/5/10.2166_ws.2019.001/1/ws2019001supp.pdf,ws2019001supp.pdf,2026-08-22 07:49:22,ok,157923,91b828317db9bc234244567729732bad233a62604bcda1f59f441e80a56d117b,data-raw/suppfiles/files/ws/10.2166_ws.2019.001/ws2019001supp.pdf,2026-08-20 04:50:55
ws,65531,10.2166/ws.2019.009,https://iwa.silverchair-cdn.com/iwa/content_public/journal/ws/19/5/10.2166_ws.2019.009/1/ws2019009supp.pdf,ws2019009supp.pdf,2026-08-23 10:33:24,ok,502916,c53015b53e6e2f4417d104a7a22d4088a1187fceffe98194dbd43c7662b15ee9,data-raw/suppfiles/files/ws/10.2166_ws.2019.009/ws2019009supp.pdf,2026-08-20 04:50:58
ws,65532,10.2166/ws.2019.010,https://iwa.silverchair-cdn.com/iwa/content_public/journal/ws/19/5/10.2166_ws.2019.010/1/ws2019010supp.docx,ws2019010supp.docx,2026-08-28 20:49:04,ok,1089777,cda85b0898b50dca11774c080aa358ed90c62422420b25420f115f81dc3dee0e,data-raw/suppfiles/files/ws/10.2166_ws.2019.010/ws2019010supp.docx,2026-08-20 04:51:03
ws,65689,10.2166/ws.2019.025,https://iwa.silverchair-cdn.com/iwa/content_public/journal/ws/19/5/10.2166_ws.2019.025/1/ws2019025supp.docx,ws2019025supp.docx,2026-08-23 02:46:23,ok,94265,43ded6922079675e4e1b4b8e466e99c87598246f55e843f3d31bf5ba9e7df2a1,data-raw/suppfiles/files/ws/10.2166_ws.2019.025/ws2019025supp.docx,2026-08-20 04:51:06
ws,65766,10.2166/ws.2019.026,https://iwa.silverchair-cdn.com/iwa/content_public/journal/ws/19/6/10.2166_ws.2019.026/1/ws2019026supp.docx,ws2019026supp.docx,2026-08-21 05:57:06,ok,147199,baa9bac724de57eab4700a7bcb2008bdac2b52cdfa7874b353b4ea30079f5525,data-raw/suppfiles/files/ws/10.2166_ws.2019.026/ws2019026supp.docx,2026-08-20 04:51:10
ws,66195,10.2166/ws.2019.040,https://iwa.silverchair-cdn.com/iwa/content_public/journal/ws/19/6/10.2166_ws.2019.040/1/ws2019040supp.doc,ws2019040supp.doc,2026-08-21 16:49:26,ok,38400,e47639ce4b79a577633e73d11c4bd00c75a658f85f8ad25a95896eeacbf3df96,data-raw/suppfiles/files/ws/10.2166_ws.2019.040/ws2019040supp.doc,2026-08-20 04:51:14
ws,66259,10.2166/ws.2019.046,https://iwa.silverchair-cdn.com/iwa/content_public/journal/ws/19/6/10.2166_ws.2019.046/1/ws2019046supp.docx,ws2019046supp.docx,2026-08-22 05:18:37,ok,138494,f41816ff1804eb5682791342796e3d221e7a639a4e37b62b78b42a1cb2a53f03,data-raw/suppfiles/files/ws/10.2166_ws.2019.046/ws2019046supp.docx,2026-08-20 04:51:18
ws,66194,10.2166/ws.2019.039,https://iwa.silverchair-cdn.com/iwa/content_public/journal/ws/19/6/10.2166_ws.2019.039/1/ws2019039supp.docx,ws2019039supp.docx,2026-08-28 21:25:46,ok,208197,d2415f7e8b7112986066b90a99cef4bc303fccda24a01513ad2b52b2a2e5d6fe,data-raw/suppfiles/files/ws/10.2166_ws.2019.039/ws2019039supp.docx,2026-08-20 04:51:22
ws,66246,10.2166/ws.2019.045,https://iwa.silverchair-cdn.com/iwa/content_public/journal/ws/19/6/10.2166_ws.2019.045/1/ws2019045supp.doc,ws2019045supp.doc,2026-08-20 10:39:01,ok,684032,4626a4db1275fddddc8d5fe1522df1e28c905649a80c30b3ad2ff94a3e4d1413,data-raw/suppfiles/files/ws/10.2166_ws.2019.045/ws2019045supp.doc,2026-08-20 04:51:25
ws,66613,10.2166/ws.2019.052,https://iwa.silverchair-cdn.com/iwa/content_public/journal/ws/19/6/10.2166_ws.2019.052/1/ws2019052supp.docx,ws2019052supp.docx,2026-08-21 15:39:51,ok,32971,a24226b7cdd0db63321129ac00995e0e763c0e77363b31ef8d7c0df9052666dd,data-raw/suppfiles/files/ws/10.2166_ws.2019.052/ws2019052supp.docx,2026-08-20 04:51:29
ws,66245,10.2166/ws.2019.044,https://iwa.silverchair-cdn.com/iwa/content_public/journal/ws/19/6/10.2166_ws.2019.044/1/ws2019044supp.docx,ws2019044supp.docx,2026-08-25 11:48:38,ok,700435,1208d404fc57041c9aba6932b2147b64c0b82c9ab63c7aa4f338c2740822bd1c,data-raw/suppfiles/files/ws/10.2166_ws.2019.044/ws2019044supp.docx,2026-08-20 04:51:33
ws,66478,10.2166/ws.2019.049,https://iwa.silverchair-cdn.com/iwa/content_public/journal/ws/19/6/10.2166_ws.2019.049/1/ws2019049supp.docx,ws2019049supp.docx,2026-08-22 00:15:28,ok,5629650,206510c5ae355cf166a528ff650947cfa7361131a058e99c0f2fceea7def2eda,data-raw/suppfiles/files/ws/10.2166_ws.2019.049/ws2019049supp.docx,2026-08-20 04:51:37
ws,66758,10.2166/ws.2019.060,https://iwa.silverchair-cdn.com/iwa/content_public/journal/ws/19/6/10.2166_ws.2019.060/1/ws2019060supp.docx,ws2019060supp.docx,2026-08-20 18:23:54,ok,29612,6869157b4c84a65c4f7851d39d15f3900bf6834430e01a8e75b4ca8e5f45d894,data-raw/suppfiles/files/ws/10.2166_ws.2019.060/ws2019060supp.docx,2026-08-20 04:51:40
ws,67110,10.2166/ws.2019.070,https://iwa.silverchair-cdn.com/iwa/content_public/journal/ws/19/7/10.2166_ws.2019.070/2/ws2019070supp.docx,ws2019070supp.docx,2026-08-21 19:09:43,ok,95636,ae7a7f2648899f675f4223400a99bf617bd86aa0c9414dcd9a564699db4fe0a4,data-raw/suppfiles/files/ws/10.2166_ws.2019.070/ws2019070supp.docx,2026-08-20 04:51:43
ws,67546,10.2166/ws.2019.072,https://iwa.silverchair-cdn.com/iwa/content_public/journal/ws/19/7/10.2166_ws.2019.072/2/ws2019072supp.docx,ws2019072supp.docx,2026-08-23 11:58:07,ok,80509,ce43911bf3dcf7a7da44ff690601c165a40b0a6bf897476f5466ac67bdea3720,data-raw/suppfiles/files/ws/10.2166_ws.2019.072/ws2019072supp.docx,2026-08-20 04:51:46
ws,67621,10.2166/ws.2019.074,https://iwa.silverchair-cdn.com/iwa/content_public/journal/ws/19/7/10.2166_ws.2019.074/2/ws2019074supp.docx,ws2019074supp.docx,2026-08-22 20:35:44,ok,222776,887741a07fe0ef2006e0a7692090974dad79500c7d2d1b4587ff64486a351ba0,data-raw/suppfiles/files/ws/10.2166_ws.2019.074/ws2019074supp.docx,2026-08-20 04:51:50
ws,67648,10.2166/ws.2019.077,https://iwa.silverchair-cdn.com/iwa/content_public/journal/ws/19/7/10.2166_ws.2019.077/2/ws2019077supp.docx,ws2019077supp.docx,2026-08-24 11:43:49,ok,127949,87ebae1e37705e60de351054bb9b046222ea1d6cae80cb627929fe031854fb72,data-raw/suppfiles/files/ws/10.2166_ws.2019.077/ws2019077supp.docx,2026-08-20 04:51:53
ws,67630,10.2166/ws.2019.076,https://iwa.silverchair-cdn.com/iwa/content_public/journal/ws/19/7/10.2166_ws.2019.076/2/ws2019076supp.docx,ws2019076supp.docx,2026-08-21 04:29:30,ok,699865,af7079d556b4d414821b866b4717d8e25ba1e451846c3358d4edeac856e0539a,data-raw/suppfiles/files/ws/10.2166_ws.2019.076/ws2019076supp.docx,2026-08-20 04:51:57
ws,67788,10.2166/ws.2019.082,https://iwa.silverchair-cdn.com/iwa/content_public/journal/ws/19/7/10.2166_ws.2019.082/2/ws2019082supp.pdf,ws2019082supp.pdf,2026-08-20 10:57:16,ok,339608,d3d9f02f86d69503079832abc424c9e209ce59c8e441e984aa5ba86e5c3af951,data-raw/suppfiles/files/ws/10.2166_ws.2019.082/ws2019082supp.pdf,2026-08-20 04:52:01
ws,67993,10.2166/ws.2019.089,https://iwa.silverchair-cdn.com/iwa/content_public/journal/ws/19/7/10.2166_ws.2019.089/2/ws2019089supp.docx,ws2019089supp.docx,2026-08-24 02:27:00,ok,202160,184d4baa2cc9225f9adcc8603614d1f71f9331d0f9ff15c5a15f4b61e2f24a68,data-raw/suppfiles/files/ws/10.2166_ws.2019.089/ws2019089supp.docx,2026-08-20 04:52:05
ws,68121,10.2166/ws.2019.093,https://iwa.silverchair-cdn.com/iwa/content_public/journal/ws/19/7/10.2166_ws.2019.093/2/ws2019093supp.docx,ws2019093supp.docx,2026-08-29 16:29:31,ok,1641495,a79e476c7575db82ad38406ee488ce4cd65dfd05f0f058b2f8da753e040df131,data-raw/suppfiles/files/ws/10.2166_ws.2019.093/ws2019093supp.docx,2026-08-20 04:52:09
ws,68708,10.2166/ws.2019.097,https://iwa.silverchair-cdn.com/iwa/content_public/journal/ws/19/7/10.2166_ws.2019.097/2/ws2019097supp.docx,ws2019097supp.docx,2026-08-20 04:49:28,http_403,NA,NA,data-raw/suppfiles/files/ws/10.2166_ws.2019.097/ws2019097supp.docx,2026-08-20 04:52:28
ws,68972,10.2166/ws.2019.103,https://iwa.silverchair-cdn.com/iwa/content_public/journal/ws/19/8/10.2166_ws.2019.103/3/ws2019103supp.docx,ws2019103supp.docx,2026-08-20 07:15:06,ok,321902,0b9e1d5dce69383c1cf218da599938de8aa2463416859e1f0fed448d8ec4313e,data-raw/suppfiles/files/ws/10.2166_ws.2019.103/ws2019103supp.docx,2026-08-20 04:52:31
ws,69018,10.2166/ws.2019.106,https://iwa.silverchair-cdn.com/iwa/content_public/journal/ws/19/8/10.2166_ws.2019.106/3/ws2019106supp.docx,ws2019106supp.docx,2026-08-25 12:01:56,ok,127879,1ebb898cda6c9fcb76de16a20e738756b7f8eec6c26d04fc508855b1cb95ece3,data-raw/suppfiles/files/ws/10.2166_ws.2019.106/ws2019106supp.docx,2026-08-20 04:52:34
ws,69392,10.2166/ws.2019.114,https://iwa.silverchair-cdn.com/iwa/content_public/journal/ws/19/8/10.2166_ws.2019.114/3/ws2019114supp.docx,ws2019114supp.docx,2026-08-21 03:22:21,ok,62154,bfe35da286a1b7eb05c7950fef0ed9307ffb78ef4a69f7d4771777345c1bbf34,data-raw/suppfiles/files/ws/10.2166_ws.2019.114/ws2019114supp.docx,2026-08-20 04:52:37
ws,69653,10.2166/ws.2019.121,https://iwa.silverchair-cdn.com/iwa/content_public/journal/ws/19/8/10.2166_ws.2019.121/3/ws2019121supp.docx,ws2019121supp.docx,2026-08-22 22:33:43,ok,982602,9b8edd4bbdfa7bb314aa716a6e8bc2c3df81788c2cd3c22e51f8778069534688,data-raw/suppfiles/files/ws/10.2166_ws.2019.121/ws2019121supp.docx,2026-08-20 04:52:40
ws,69739,10.2166/ws.2019.129,https://iwa.silverchair-cdn.com/iwa/content_public/journal/ws/19/8/10.2166_ws.2019.129/3/ws2019129supp.docx,ws2019129supp.docx,2026-08-25 06:12:38,ok,119149,a72dacfe394af2767f85da2daa3a2ac2ffb6963f71a9bae3f80909fb61368e7f,data-raw/suppfiles/files/ws/10.2166_ws.2019.129/ws2019129supp.docx,2026-08-20 04:52:43
ws,70025,10.2166/ws.2019.142,https://iwa.silverchair-cdn.com/iwa/content_public/journal/ws/20/1/10.2166_ws.2019.142/2/ws2019142supp.docx,ws2019142supp.docx,2026-08-21 15:28:06,ok,2217712,5fa8d747b0dd67a8d25372aa4f1aa0cdba935b4cd0dbd514118368a26c8df937,data-raw/suppfiles/files/ws/10.2166_ws.2019.142/ws2019142supp.docx,2026-08-20 04:52:47
ws,70135,10.2166/ws.2019.145,https://iwa.silverchair-cdn.com/iwa/content_public/journal/ws/20/1/10.2166_ws.2019.145/2/ws2019145supp.docx,ws2019145supp.docx,2026-08-23 03:37:59,ok,81849,2afec540fc83d6c088332509fc685d0f88a4f1351bc56a6a00eb3d113192a115,data-raw/suppfiles/files/ws/10.2166_ws.2019.145/ws2019145supp.docx,2026-08-20 04:52:51
ws,70388,10.2166/ws.2019.152,https://iwa.silverchair-cdn.com/iwa/content_public/journal/ws/20/1/10.2166_ws.2019.152/2/ws2019152supp.docx,ws2019152supp.docx,2026-08-22 23:29:40,ok,15811,eec0bed780cbfe34ce5725883f86e44a0c01dba5a4d8e20250dd960307772f49,data-raw/suppfiles/files/ws/10.2166_ws.2019.152/ws2019152supp.docx,2026-08-20 04:52:54
ws,70910,10.2166/ws.2019.171,https://iwa.silverchair-cdn.com/iwa/content_public/journal/ws/20/2/10.2166_ws.2019.171/3/ws2019171supp.doc,ws2019171supp.doc,2026-08-22 06:45:01,ok,86528,6bf7360092595b1f25d9ab684fe7c6cffaf790e51b85a4d68401beb269f5ebf5,data-raw/suppfiles/files/ws/10.2166_ws.2019.171/ws2019171supp.doc,2026-08-20 04:52:57
ws,71060,10.2166/ws.2019.173,https://iwa.silverchair-cdn.com/iwa/content_public/journal/ws/20/2/10.2166_ws.2019.173/3/ws2019173supp.docx,ws2019173supp.docx,2026-08-23 03:25:44,ok,199522,1e97f64daacb69d309251e8328f58ac7f9ddefb99f51b04660bbd1d605578b65,data-raw/suppfiles/files/ws/10.2166_ws.2019.173/ws2019173supp.docx,2026-08-20 04:53:01
ws,71199,10.2166/ws.2019.178,https://iwa.silverchair-cdn.com/iwa/content_public/journal/ws/20/2/10.2166_ws.2019.178/3/ws2019178supp.docx,ws2019178supp.docx,2026-08-22 15:51:11,ok,25780,b28cb2d1d99b95f5c2bd200548d64c6f587dd52253636435d0d6d7a0d1699a4b,data-raw/suppfiles/files/ws/10.2166_ws.2019.178/ws2019178supp.docx,2026-08-20 04:53:04
ws,71228,10.2166/ws.2019.182,https://iwa.silverchair-cdn.com/iwa/content_public/journal/ws/20/2/10.2166_ws.2019.182/3/ws2019182supp.docx,ws2019182supp.docx,2026-08-28 03:01:12,ok,350167,5342bbabe842428361f1e6a956ac21e9b1b3cd444379b109821f52871c1f2c38,data-raw/suppfiles/files/ws/10.2166_ws.2019.182/ws2019182supp.docx,2026-08-20 04:53:08
ws,71690,10.2166/ws.2019.191,https://iwa.silverchair-cdn.com/iwa/content_public/journal/ws/20/2/10.2166_ws.2019.191/3/ws2019191supp.docx,ws2019191supp.docx,2026-08-22 01:16:18,ok,101002,529a5396f5b57ce6a31375cb31a7b2c9471deb16191826df0fda4f16bdbd4c09,data-raw/suppfiles/files/ws/10.2166_ws.2019.191/ws2019191supp.docx,2026-08-20 04:53:11
ws,72152,10.2166/ws.2020.003,https://iwa.silverchair-cdn.com/iwa/content_public/journal/ws/20/2/10.2166_ws.2020.003/3/ws2020003supp.docx,ws2020003supp.docx,2026-08-29 17:02:54,ok,2250616,7dfa967c48153953d181c7808c66252bd820898643a67217c2f85dac82754daf,data-raw/suppfiles/files/ws/10.2166_ws.2020.003/ws2020003supp.docx,2026-08-20 04:53:15
ws,72561,10.2166/ws.2020.032,https://iwa.silverchair-cdn.com/iwa/content_public/journal/ws/20/3/10.2166_ws.2020.032/2/ws2020032supp.doc,ws2020032supp.doc,2026-08-25 13:41:12,ok,61440,98e5d82155d6a87d5bf3ccbcfbd0fc459f093fbb7ab8d635b1b6488b20bae879,data-raw/suppfiles/files/ws/10.2166_ws.2020.032/ws2020032supp.doc,2026-08-20 04:53:18
ws,71696,10.2166/ws.2019.198,https://iwa.silverchair-cdn.com/iwa/content_public/journal/ws/20/3/10.2166_ws.2019.198/2/ws2019198supp.docx,ws2019198supp.docx,2026-08-29 05:58:58,ok,50584,4d439cec4d3dae7aea6ef4e6eb28eb03e00531a6918d3202294c96e86cc6963b,data-raw/suppfiles/files/ws/10.2166_ws.2019.198/ws2019198supp.docx,2026-08-20 04:53:21
ws,71695,10.2166/ws.2019.197,https://iwa.silverchair-cdn.com/iwa/content_public/journal/ws/20/3/10.2166_ws.2019.197/2/ws2019197supp.docx,ws2019197supp.docx,2026-08-21 04:17:22,ok,864130,2e5fec6f63af4ceb65673f30cde1b6e95bf732f9bcea915d245535c67a24b891,data-raw/suppfiles/files/ws/10.2166_ws.2019.197/ws2019197supp.docx,2026-08-20 04:53:25
ws,72230,10.2166/ws.2020.012,https://iwa.silverchair-cdn.com/iwa/content_public/journal/ws/20/3/10.2166_ws.2020.012/2/ws2020012supp.docx,ws2020012supp.docx,2026-08-20 12:16:01,ok,29714,2f899f469b1814ff8139c421f0f56ea6eff708138766d9a159b56ac9585de736,data-raw/suppfiles/files/ws/10.2166_ws.2020.012/ws2020012supp.docx,2026-08-20 04:53:27
ws,72254,10.2166/ws.2020.020,https://iwa.silverchair-cdn.com/iwa/content_public/journal/ws/20/3/10.2166_ws.2020.020/2/ws2020020supp.docx,ws2020020supp.docx,2026-08-20 18:04:23,ok,642436,4f9e42d47b588c1ed1f0d6f20396193c42c890c49e22878724dbdf6e73c689bb,data-raw/suppfiles/files/ws/10.2166_ws.2020.020/ws2020020supp.docx,2026-08-20 04:53:31
ws,72530,10.2166/ws.2020.031,https://iwa.silverchair-cdn.com/iwa/content_public/journal/ws/20/3/10.2166_ws.2020.031/2/ws2020031supp.docx,ws2020031supp.docx,2026-08-29 17:11:30,ok,216073,83339e2411d5e3f281dc2439e52b1892611da3193e10d7e2deb8590ade8cf90b,data-raw/suppfiles/files/ws/10.2166_ws.2020.031/ws2020031supp.docx,2026-08-20 04:53:35
ws,72387,10.2166/ws.2020.025,https://iwa.silverchair-cdn.com/iwa/content_public/journal/ws/20/4/10.2166_ws.2020.025/1/ws2020025supp.docx,ws2020025supp.docx,2026-08-27 07:44:12,ok,222264,b9dde91ed3c78704b634e5c2fdd3d17a4db64b1c62b3b1e074b688b832580e2c,data-raw/suppfiles/files/ws/10.2166_ws.2020.025/ws2020025supp.docx,2026-08-20 04:53:38
ws,73054,10.2166/ws.2020.042,https://iwa.silverchair-cdn.com/iwa/content_public/journal/ws/20/4/10.2166_ws.2020.042/1/ws2020042supp.docx,ws2020042supp.docx,2026-08-23 20:11:58,ok,298488,b703b792bead734513a44132cc4606ddb1118deedc813de8f2e6259d8c6f7156,data-raw/suppfiles/files/ws/10.2166_ws.2020.042/ws2020042supp.docx,2026-08-20 04:53:41
ws,73687,10.2166/ws.2020.064,https://iwa.silverchair-cdn.com/iwa/content_public/journal/ws/20/4/10.2166_ws.2020.064/1/ws2020064supp.docx,ws2020064supp.docx,2026-08-20 23:30:03,ok,39540,9bc1524665c5291f7a7c622992e357ea01a348fbade71f987872ec61a5f265a8,data-raw/suppfiles/files/ws/10.2166_ws.2020.064/ws2020064supp.docx,2026-08-20 04:53:45
ws,74055,10.2166/ws.2020.085,https://iwa.silverchair-cdn.com/iwa/content_public/journal/ws/20/5/10.2166_ws.2020.085/2/ws2020085supp.docx,ws2020085supp.docx,2026-08-22 22:04:03,ok,268171,fb5160e51a828a0fec15a775a6577c1f45b9785c40a7c7b8eccf6e2a0dfc3564,data-raw/suppfiles/files/ws/10.2166_ws.2020.085/ws2020085supp.docx,2026-08-20 04:53:49
ws,74285,10.2166/ws.2020.099,https://iwa.silverchair-cdn.com/iwa/content_public/journal/ws/20/5/10.2166_ws.2020.099/2/ws2020099supp.docx,ws2020099supp.docx,2026-08-22 11:24:22,ok,233292,1e3863963a288d60b2e89d0079d3d1b4188cff09f2bcbd4dc7c610dda416fd2f,data-raw/suppfiles/files/ws/10.2166_ws.2020.099/ws2020099supp.docx,2026-08-20 04:53:53
ws,74312,10.2166/ws.2020.103,https://iwa.silverchair-cdn.com/iwa/content_public/journal/ws/20/5/10.2166_ws.2020.103/2/ws2020103supp.docx,ws2020103supp.docx,2026-08-28 20:13:35,ok,82340,e0fe73a4493abe37d48dc00a03599f831405d2313cdd33aace961dc876a34478,data-raw/suppfiles/files/ws/10.2166_ws.2020.103/ws2020103supp.docx,2026-08-20 04:53:57
ws,74504,10.2166/ws.2020.113,https://iwa.silverchair-cdn.com/iwa/content_public/journal/ws/20/5/10.2166_ws.2020.113/2/ws2020113supp.docx,ws2020113supp.docx,2026-08-22 19:08:06,ok,1078655,31a99ffe8fa84e7fb12653cf570ff804c630c515df9ad60b0eff0f6f2dcc6d28,data-raw/suppfiles/files/ws/10.2166_ws.2020.113/ws2020113supp.docx,2026-08-20 04:54:00
ws,74479,10.2166/ws.2020.112,https://iwa.silverchair-cdn.com/iwa/content_public/journal/ws/20/5/10.2166_ws.2020.112/4/ws2020112supp.docx,ws2020112supp.docx,2026-08-21 17:16:11,ok,784216,8d9c21a20a77092c980d9964b0ae72a6214102e8db9e9bf2891192dcef0d3583,data-raw/suppfiles/files/ws/10.2166_ws.2020.112/ws2020112supp.docx,2026-08-20 04:54:04
ws,74165,10.2166/ws.2020.093,https://iwa.silverchair-cdn.com/iwa/content_public/journal/ws/20/6/10.2166_ws.2020.093/3/ws2020093supp.docx,ws2020093supp.docx,2026-08-21 07:25:09,ok,221169,f23a6bd84a972bdbbf717c2af08820c2a023b1c81d6fcb972efffbc40adb4e82,data-raw/suppfiles/files/ws/10.2166_ws.2020.093/ws2020093supp.docx,2026-08-20 04:54:07
ws,74733,10.2166/ws.2020.124,https://iwa.silverchair-cdn.com/iwa/content_public/journal/ws/20/6/10.2166_ws.2020.124/3/ws2020124supp.docx,ws2020124supp.docx,2026-08-22 20:49:52,ok,82961,b4e48b0d8c6aed2b87a11ad723f66e86a778c4968ef22a6da634ac6c71fc1b3d,data-raw/suppfiles/files/ws/10.2166_ws.2020.124/ws2020124supp.docx,2026-08-20 04:54:11
ws,74732,10.2166/ws.2020.123,https://iwa.silverchair-cdn.com/iwa/content_public/journal/ws/20/6/10.2166_ws.2020.123/3/ws2020123supp.docx,ws2020123supp.docx,2026-08-29 17:39:53,ok,755406,54940918343e38cf4720954cad794305d65f027d2f7ee8f764dc04e3d77c3c91,data-raw/suppfiles/files/ws/10.2166_ws.2020.123/ws2020123supp.docx,2026-08-20 04:54:15
ws,75131,10.2166/ws.2020.141,https://iwa.silverchair-cdn.com/iwa/content_public/journal/ws/20/6/10.2166_ws.2020.141/3/ws2020141supp.docx,ws2020141supp.docx,2026-08-24 14:12:15,ok,29108,81980d41bb9ed520d26d1d5be03bf92e44f531a56b2c606c266dd7858877cda9,data-raw/suppfiles/files/ws/10.2166_ws.2020.141/ws2020141supp.docx,2026-08-20 04:54:18
ws,75448,10.2166/ws.2020.156,https://iwa.silverchair-cdn.com/iwa/content_public/journal/ws/20/7/10.2166_ws.2020.156/3/ws2020156supp.docx,ws2020156supp.docx,2026-08-21 19:16:49,ok,195500,233467233667a5a570dfdddb1257e4ebef429f9d3d497a0f2801c51c35bee412,data-raw/suppfiles/files/ws/10.2166_ws.2020.156/ws2020156supp.docx,2026-08-20 04:54:22
ws,75679,10.2166/ws.2020.167,https://iwa.silverchair-cdn.com/iwa/content_public/journal/ws/20/7/10.2166_ws.2020.167/3/ws2020167supp.docx,ws2020167supp.docx,2026-08-24 00:23:54,ok,56789,932438e12a22f900d89b0ed8d422b8700d824f99e148a63cc9768898f573ca62,data-raw/suppfiles/files/ws/10.2166_ws.2020.167/ws2020167supp.docx,2026-08-20 04:54:26
ws,76249,10.2166/ws.2020.200,https://iwa.silverchair-cdn.com/iwa/content_public/journal/ws/20/8/10.2166_ws.2020.200/5/ws2020200supp.docx,ws2020200supp.docx,2026-08-20 07:25:03,ok,995294,9e5ebf8ee1dcdedb6f58916ec690bd9e5c10d160280558502b3043974ec2533d,data-raw/suppfiles/files/ws/10.2166_ws.2020.200/ws2020200supp.docx,2026-08-20 04:54:30
ws,76931,10.2166/ws.2020.232,https://iwa.silverchair-cdn.com/iwa/content_public/journal/ws/20/8/10.2166_ws.2020.232/3/ws2020232supp.docx,ws2020232supp.docx,2026-08-21 22:41:26,ok,117136,51185a1d560e22f55c26bb64070a2087f410050a6003813a7d6f1cbf6607e0ac,data-raw/suppfiles/files/ws/10.2166_ws.2020.232/ws2020232supp.docx,2026-08-20 04:54:33
ws,77147,10.2166/ws.2020.244,https://iwa.silverchair-cdn.com/iwa/content_public/journal/ws/20/8/10.2166_ws.2020.244/4/ws2020244supp.docx,ws2020244supp.docx,2026-08-22 21:16:31,ok,866981,392a02990b668482c09f2ad621a0c3dc9f978c89ec90d836f5297e0882681a0e,data-raw/suppfiles/files/ws/10.2166_ws.2020.244/ws2020244supp.docx,2026-08-20 04:54:37
ws,77691,10.2166/ws.2020.257,https://iwa.silverchair-cdn.com/iwa/content_public/journal/ws/20/8/10.2166_ws.2020.257/6/ws2020257supp.docx,ws2020257supp.docx,2026-08-26 22:08:22,ok,76425,443cac0958fa3b92c695ae8115aa28b03c994d0ac02b264a32fd79b1abb9a536,data-raw/suppfiles/files/ws/10.2166_ws.2020.257/ws2020257supp.docx,2026-08-20 04:54:41
ws,77117,10.2166/ws.2020.241,https://iwa.silverchair-cdn.com/iwa/content_public/journal/ws/20/8/10.2166_ws.2020.241/4/ws2020241supp.docx,ws2020241supp.docx,2026-08-20 05:37:23,ok,418891,2f31ce382f9a1519d0d88be59838a24c70f3cade760e3fe34f6d4beaa6897c28,data-raw/suppfiles/files/ws/10.2166_ws.2020.241/ws2020241supp.docx,2026-08-20 04:54:45
ws,76868,10.2166/ws.2020.224,https://iwa.silverchair-cdn.com/iwa/content_public/journal/ws/20/8/10.2166_ws.2020.224/4/ws2020224supp.doc,ws2020224supp.doc,2026-08-23 00:09:22,ok,227328,f76d339bd3dbaac5f97c5cb18dd841b0a2390dbc7ecb29b198465e5d6b58684b,data-raw/suppfiles/files/ws/10.2166_ws.2020.224/ws2020224supp.doc,2026-08-20 04:54:48
ws,76808,10.2166/ws.2020.222,https://iwa.silverchair-cdn.com/iwa/content_public/journal/ws/20/8/10.2166_ws.2020.222/4/ws2020222supp.docx,ws2020222supp.docx,2026-08-23 10:06:03,ok,48936,f58aa891229d17ec9f37b87a17973b6fae2db4e3a6277666bbfb1acba67a32dc,data-raw/suppfiles/files/ws/10.2166_ws.2020.222/ws2020222supp.docx,2026-08-20 04:54:53
ws,78134,10.2166/ws.2020.313,https://iwa.silverchair-cdn.com/iwa/content_public/journal/ws/21/1/10.2166_ws.2020.313/1/ws2020313supp.docx,ws2020313supp.docx,2026-08-29 18:21:37,ok,77415,6318bacafc25307a189b77e7dab51f26617ee25d1afbc1aa5b5c16206b78bffb,data-raw/suppfiles/files/ws/10.2166_ws.2020.313/ws2020313supp.docx,2026-08-20 04:54:56
ws,77783,10.2166/ws.2020.278,https://iwa.silverchair-cdn.com/iwa/content_public/journal/ws/21/1/10.2166_ws.2020.278/1/ws2020278supp.docx,ws2020278supp.docx,2026-08-24 09:36:26,ok,372144,4fda3e620eb15aaa215f7c66d644d9e2685a50c91b73bf46c57e3acfa7745686,data-raw/suppfiles/files/ws/10.2166_ws.2020.278/ws2020278supp.docx,2026-08-20 04:55:01
ws,78074,10.2166/ws.2020.300,https://iwa.silverchair-cdn.com/iwa/content_public/journal/ws/21/1/10.2166_ws.2020.300/1/ws2020300supp.xlsx,ws2020300supp.xlsx,2026-08-29 18:24:08,ok,21655,6ad098fc9a11d83b94da3992ff20d1192c8ab6cd32ef058fc28a0fc766008233,data-raw/suppfiles/files/ws/10.2166_ws.2020.300/ws2020300supp.xlsx,2026-08-20 04:55:04
ws,78802,10.2166/ws.2020.368,https://iwa.silverchair-cdn.com/iwa/content_public/journal/ws/21/2/10.2166_ws.2020.368/2/ws2020368supp.docx,ws2020368supp.docx,2026-08-24 07:48:10,ok,26658,70c1874996eaac08628448cd928344febe7afbf83789a4ee25fddf93f29192ae,data-raw/suppfiles/files/ws/10.2166_ws.2020.368/ws2020368supp.docx,2026-08-20 04:55:08
ws,78738,10.2166/ws.2020.363,https://iwa.silverchair-cdn.com/iwa/content_public/journal/ws/21/3/10.2166_ws.2020.363/2/ws2020363supp.docx,ws2020363supp.docx,2026-08-24 02:54:57,ok,26102,600dec5d939e05fbc9fe9229269f4c13b0067cf5fcaf1f9a916413a702981af2,data-raw/suppfiles/files/ws/10.2166_ws.2020.363/ws2020363supp.docx,2026-08-20 04:55:12
ws,78227,10.2166/ws.2020.324,https://iwa.silverchair-cdn.com/iwa/content_public/journal/ws/21/3/10.2166_ws.2020.324/2/ws2020324supp.docx,ws2020324supp.docx,2026-08-20 20:47:44,ok,380352,faf4ee78b05707fb558651d1ba57bac143bd3581ff09bea18bf8ddb2120fc5ad,data-raw/suppfiles/files/ws/10.2166_ws.2020.324/ws2020324supp.docx,2026-08-20 04:55:16
ws,79071,10.2166/ws.2020.376,https://iwa.silverchair-cdn.com/iwa/content_public/journal/ws/21/3/10.2166_ws.2020.376/3/ws2020376supp.docx,ws2020376supp.docx,2026-08-26 09:54:47,ok,1595963,29a3c154bc361206a5024e7d89832b1107efb8c4546e21db61cf69fa228141b3,data-raw/suppfiles/files/ws/10.2166_ws.2020.376/ws2020376supp.docx,2026-08-20 04:55:20
ws,79848,10.2166/ws.2021.014,https://iwa.silverchair-cdn.com/iwa/content_public/journal/ws/21/4/10.2166_ws.2021.014/1/ws2021014supp.docx,ws2021014supp.docx,2026-08-23 02:54:40,ok,31629,cedb8f6c73826e1c646420578c38859640421aefdfcab8238e888fcebf53a009,data-raw/suppfiles/files/ws/10.2166_ws.2021.014/ws2021014supp.docx,2026-08-20 04:55:25
ws,80025,10.2166/ws.2021.028,https://iwa.silverchair-cdn.com/iwa/content_public/journal/ws/21/4/10.2166_ws.2021.028/3/ws2021028supp.pdf,ws2021028supp.pdf,2026-08-27 09:34:23,ok,460077,5b231aeb394c66af109f2b6e079332b86051d39967f321662218e90269cb5f70,data-raw/suppfiles/files/ws/10.2166_ws.2021.028/ws2021028supp.pdf,2026-08-20 04:55:29
ws,80349,10.2166/ws.2021.042,https://iwa.silverchair-cdn.com/iwa/content_public/journal/ws/21/4/10.2166_ws.2021.042/1/ws2021042supp.docx,ws2021042supp.docx,2026-08-21 23:23:25,ok,12947,da6cbd96c5224de82bb0967d49283cd2b05d6f4811a168d05ba9d80193edcab1,data-raw/suppfiles/files/ws/10.2166_ws.2021.042/ws2021042supp.docx,2026-08-20 04:55:32
ws,79700,10.2166/ws.2021.009,https://iwa.silverchair-cdn.com/iwa/content_public/journal/ws/21/4/10.2166_ws.2021.009/1/ws2021009supp.docx,ws2021009supp.docx,2026-08-21 09:38:30,ok,507318,c46322d762276781b453b9b0a493f4a0e16a5dd0d5c8adc82df3961269315f2a,data-raw/suppfiles/files/ws/10.2166_ws.2021.009/ws2021009supp.docx,2026-08-20 04:55:37
ws,79994,10.2166/ws.2021.026,https://iwa.silverchair-cdn.com/iwa/content_public/journal/ws/21/4/10.2166_ws.2021.026/1/ws2021026supp.docx,ws2021026supp.docx,2026-08-21 21:09:27,ok,27121,19995ade0a2e43f85bdcbdb8a6762caf0f19ccaa134f4756db68d636885a49d8,data-raw/suppfiles/files/ws/10.2166_ws.2021.026/ws2021026supp.docx,2026-08-20 04:55:40
ws,76230,10.2166/ws.2020.199,https://iwa.silverchair-cdn.com/iwa/content_public/journal/ws/21/5/10.2166_ws.2020.199/1/ws2020199supp.docx,ws2020199supp.docx,2026-08-24 18:32:33,ok,21494,4a41ff413aa12ffb6d249a2445d5a0a76d5be7e0e80b2eb016ffc0222dbf25ab,data-raw/suppfiles/files/ws/10.2166_ws.2020.199/ws2020199supp.docx,2026-08-20 04:55:44
ws,77118,10.2166/ws.2020.242,https://iwa.silverchair-cdn.com/iwa/content_public/journal/ws/21/5/10.2166_ws.2020.242/1/ws2020242supp.docx,ws2020242supp.docx,2026-08-23 10:34:37,ok,872378,2ebb70fddfca6db20e9387801c47baf10005d65db616ceb10c3aa9ace54cd09c,data-raw/suppfiles/files/ws/10.2166_ws.2020.242/ws2020242supp.docx,2026-08-20 04:55:48
ws,80224,10.2166/ws.2021.033,https://iwa.silverchair-cdn.com/iwa/content_public/journal/ws/21/5/10.2166_ws.2021.033/1/ws2021033supp.docx,ws2021033supp.docx,2026-08-20 14:38:19,ok,33740,077bb64a6a4d7f31df220473d6f647a85f6c28091271b239798ab729eea75d4d,data-raw/suppfiles/files/ws/10.2166_ws.2021.033/ws2021033supp.docx,2026-08-20 04:55:50
ws,80918,10.2166/ws.2021.072,https://iwa.silverchair-cdn.com/iwa/content_public/journal/ws/21/5/10.2166_ws.2021.072/1/ws2021072supp.docx,ws2021072supp.docx,2026-08-26 04:58:28,ok,377109,f7f77ab72969cf6b94dae260d5da770ad1c0810548b68e5114a84e310d4433aa,data-raw/suppfiles/files/ws/10.2166_ws.2021.072/ws2021072supp.docx,2026-08-20 04:55:53
ws,82119,10.2166/ws.2021.142,https://iwa.silverchair-cdn.com/iwa/content_public/journal/ws/21/6/10.2166_ws.2021.142/1/ws2021142supp.docx,ws2021142supp.docx,2026-08-28 13:10:19,ok,573444,49f320b63b92bda29fb57c31843b37ca4f60b8e069132fe782429af7680b15e6,data-raw/suppfiles/files/ws/10.2166_ws.2021.142/ws2021142supp.docx,2026-08-20 04:55:58
ws,81333,10.2166/ws.2021.097,https://iwa.silverchair-cdn.com/iwa/content_public/journal/ws/21/6/10.2166_ws.2021.097/1/ws2021097supp.docx,ws2021097supp.docx,2026-08-21 07:51:44,ok,32908,aa923ee3238b6a08ab7b6365e36e141962ecb472fdf93e64bee028533f83b9f6,data-raw/suppfiles/files/ws/10.2166_ws.2021.097/ws2021097supp.docx,2026-08-20 04:56:01
ws,81113,10.2166/ws.2021.090,https://iwa.silverchair-cdn.com/iwa/content_public/journal/ws/21/6/10.2166_ws.2021.090/1/ws2021090supp.docx,ws2021090supp.docx,2026-08-23 12:58:28,ok,260267,6a316521f3c4c286bea89e8fface3decc42658d5a5ca86c11d3bb581060a9ff9,data-raw/suppfiles/files/ws/10.2166_ws.2021.090/ws2021090supp.docx,2026-08-20 04:56:04
ws,81351,10.2166/ws.2021.103,https://iwa.silverchair-cdn.com/iwa/content_public/journal/ws/21/7/10.2166_ws.2021.103/2/ws2021103supp.docx,ws2021103supp.docx,2026-08-25 15:41:56,ok,53399,b0527b3ab3c2418bbe034ba6ee0f3cda2d56449d60b10fb35530b19d0c0a144b,data-raw/suppfiles/files/ws/10.2166_ws.2021.103/ws2021103supp.docx,2026-08-20 04:56:08
ws,81439,10.2166/ws.2021.107,https://iwa.silverchair-cdn.com/iwa/content_public/journal/ws/21/7/10.2166_ws.2021.107/2/ws2021107supp.pdf,ws2021107supp.pdf,2026-08-26 09:56:58,ok,320148,6b2f7aad66b40d36fbdf41df48023e470eaa41e43a738004911bf1507c0637f6,data-raw/suppfiles/files/ws/10.2166_ws.2021.107/ws2021107supp.pdf,2026-08-20 04:56:11
ws,81509,10.2166/ws.2021.120,https://iwa.silverchair-cdn.com/iwa/content_public/journal/ws/21/7/10.2166_ws.2021.120/2/ws2021120supp.docx,ws2021120supp.docx,2026-08-24 16:10:16,ok,25223,93a43c230dc24da50a2f8fd4b4d5aa7d43edd7290250a314d23b164ffe73579a,data-raw/suppfiles/files/ws/10.2166_ws.2021.120/ws2021120supp.docx,2026-08-20 04:56:14
ws,82385,10.2166/ws.2021.160,https://iwa.silverchair-cdn.com/iwa/content_public/journal/ws/21/8/10.2166_ws.2021.160/1/ws2021160supp.docx,ws2021160supp.docx,2026-08-28 14:28:40,ok,63723,5132b8f4c42b2525dd732b904fecc575f9fb945df8c0af238afe732c570f55a2,data-raw/suppfiles/files/ws/10.2166_ws.2021.160/ws2021160supp.docx,2026-08-20 04:56:18
ws,82394,10.2166/ws.2021.161,https://iwa.silverchair-cdn.com/iwa/content_public/journal/ws/21/8/10.2166_ws.2021.161/1/ws2021161supp.docx,ws2021161supp.docx,2026-08-20 04:42:26,http_403,NA,NA,data-raw/suppfiles/files/ws/10.2166_ws.2021.161/ws2021161supp.docx,2026-08-20 04:56:36
ws,82429,10.2166/ws.2021.172,https://iwa.silverchair-cdn.com/iwa/content_public/journal/ws/21/8/10.2166_ws.2021.172/1/ws2021172supp.docx,ws2021172supp.docx,2026-08-20 06:23:48,ok,33694,1a75ac41737a774ce6ef18106fb129e60afe865a2fb2625f17314393771b33c4,data-raw/suppfiles/files/ws/10.2166_ws.2021.172/ws2021172supp.docx,2026-08-20 04:56:39
ws,82438,10.2166/ws.2021.177,https://iwa.silverchair-cdn.com/iwa/content_public/journal/ws/21/8/10.2166_ws.2021.177/1/ws2021177supp.docx,ws2021177supp.docx,2026-08-23 13:47:54,ok,27214,f496974bef1005b073baddba39025995c7d0cc19f273c8a54f9faa60a2e7e9f5,data-raw/suppfiles/files/ws/10.2166_ws.2021.177/ws2021177supp.docx,2026-08-20 04:56:43
ws,82533,10.2166/ws.2021.180,https://iwa.silverchair-cdn.com/iwa/content_public/journal/ws/21/8/10.2166_ws.2021.180/1/ws2021180supp.docx,ws2021180supp.docx,2026-08-20 06:57:23,ok,1185231,4f7d5616c6ea98df7ce6b5a3e0c2a4cb0359b79f43208c843f801f3cad4d2f98,data-raw/suppfiles/files/ws/10.2166_ws.2021.180/ws2021180supp.docx,2026-08-20 04:56:46
ws,82606,10.2166/ws.2021.187,https://iwa.silverchair-cdn.com/iwa/content_public/journal/ws/21/8/10.2166_ws.2021.187/1/ws2021187supp.docx,ws2021187supp.docx,2026-08-28 04:14:10,ok,655451,055edfd06675c522095fc390cb5edd3dd2ba29c252753554e442335f80ced699,data-raw/suppfiles/files/ws/10.2166_ws.2021.187/ws2021187supp.docx,2026-08-20 04:56:51
ws,82870,10.2166/ws.2021.205,https://iwa.silverchair-cdn.com/iwa/content_public/journal/ws/21/8/10.2166_ws.2021.205/1/ws2021205supp.docx,ws2021205supp.docx,2026-08-21 10:05:01,ok,1948190,71ef9d2531716da2527979f3e519c27ee0ac3c2da11b886ca0cecd7baf4819a0,data-raw/suppfiles/files/ws/10.2166_ws.2021.205/ws2021205supp.docx,2026-08-20 04:56:55
ws,83738,10.2166/ws.2021.278,https://iwa.silverchair-cdn.com/iwa/content_public/journal/ws/22/1/10.2166_ws.2021.278/1/ws2021278supp.doc,ws2021278supp.doc,2026-08-22 16:28:50,ok,34816,1051325df0b4106e378ae02f78e0f2219a6584667a6720adde146f8ed6735c26,data-raw/suppfiles/files/ws/10.2166_ws.2021.278/ws2021278supp.doc,2026-08-20 04:56:59
ws,83516,10.2166/ws.2021.258,https://iwa.silverchair-cdn.com/iwa/content_public/journal/ws/22/1/10.2166_ws.2021.258/1/ws2021258supp.docx,ws2021258supp.docx,2026-08-27 07:16:03,ok,132128,0adbf92885a3c777f461edd22e2035e40b1adc3e57964438b9fde0deb586dce7,data-raw/suppfiles/files/ws/10.2166_ws.2021.258/ws2021258supp.docx,2026-08-20 04:57:02
ws,83306,10.2166/ws.2021.245,https://iwa.silverchair-cdn.com/iwa/content_public/journal/ws/22/1/10.2166_ws.2021.245/1/ws2021245supp.docx,ws2021245supp.docx,2026-08-21 21:36:43,ok,27050,63fe2b1d2c62a2d8cf43edd7ec247ab9a1d01182b5c794862718d4073f180046,data-raw/suppfiles/files/ws/10.2166_ws.2021.245/ws2021245supp.docx,2026-08-20 04:57:06
ws,83174,10.2166/ws.2021.232,https://iwa.silverchair-cdn.com/iwa/content_public/journal/ws/22/1/10.2166_ws.2021.232/1/ws2021232supp.docx,ws2021232supp.docx,2026-08-23 02:01:27,ok,614939,b09824405c11d13bf35cfbc9ad38d64d52de98af655af466b67dcccb10d32f28,data-raw/suppfiles/files/ws/10.2166_ws.2021.232/ws2021232supp.docx,2026-08-20 04:57:10
ws,83223,10.2166/ws.2021.234,https://iwa.silverchair-cdn.com/iwa/content_public/journal/ws/22/1/10.2166_ws.2021.234/1/ws2021234supp1.jpeg,ws2021234supp1.jpeg,2026-08-22 19:35:49,ok,2989201,2a66e5a94e3f708acd1e111df4c437005016d5ab0be859773b89ef5027014732,data-raw/suppfiles/files/ws/10.2166_ws.2021.234/ws2021234supp1.jpeg,2026-08-20 04:57:14
ws,83223,10.2166/ws.2021.234,https://iwa.silverchair-cdn.com/iwa/content_public/journal/ws/22/1/10.2166_ws.2021.234/1/ws2021234supp2.jpeg,ws2021234supp2.jpeg,2026-08-22 19:35:49,ok,2871112,503ae6581e0e03c06bee7147556fd1fd038ee90f8788480cc9bdd5cae7d05a25,data-raw/suppfiles/files/ws/10.2166_ws.2021.234/ws2021234supp2.jpeg,2026-08-20 04:57:19
ws,83223,10.2166/ws.2021.234,https://iwa.silverchair-cdn.com/iwa/content_public/journal/ws/22/1/10.2166_ws.2021.234/1/ws2021234supp3.jpeg,ws2021234supp3.jpeg,2026-08-22 19:35:49,ok,2665796,bfffe06b93e9d81bf51d3bbd8279529303e1a2b89bbc13911a5400949145d0df,data-raw/suppfiles/files/ws/10.2166_ws.2021.234/ws2021234supp3.jpeg,2026-08-20 04:57:22
ws,83223,10.2166/ws.2021.234,https://iwa.silverchair-cdn.com/iwa/content_public/journal/ws/22/1/10.2166_ws.2021.234/1/ws2021234supp4.jpeg,ws2021234supp4.jpeg,2026-08-22 19:35:49,ok,2821091,0ecaa25be9a55090c1256897fb8efacde9d962f26f035237965eb3ac0275bfe0,data-raw/suppfiles/files/ws/10.2166_ws.2021.234/ws2021234supp4.jpeg,2026-08-20 04:57:27
ws,83223,10.2166/ws.2021.234,https://iwa.silverchair-cdn.com/iwa/content_public/journal/ws/22/1/10.2166_ws.2021.234/1/ws2021234supp5.jpeg,ws2021234supp5.jpeg,2026-08-22 19:35:49,ok,2535095,3e34f538c59b5ca8f9937a4b6199bdb6825379b1b4654673bc7e5fc1f0fbfb45,data-raw/suppfiles/files/ws/10.2166_ws.2021.234/ws2021234supp5.jpeg,2026-08-20 04:57:31
ws,83223,10.2166/ws.2021.234,https://iwa.silverchair-cdn.com/iwa/content_public/journal/ws/22/1/10.2166_ws.2021.234/1/ws2021234supp6.jpeg,ws2021234supp6.jpeg,2026-08-22 19:35:49,ok,3480801,2d5a2ecb4e02c4f3ccffe9aa72e235650a7b0fdf34eea80cc6cbd70d5c24026b,data-raw/suppfiles/files/ws/10.2166_ws.2021.234/ws2021234supp6.jpeg,2026-08-20 04:57:35
ws,83223,10.2166/ws.2021.234,https://iwa.silverchair-cdn.com/iwa/content_public/journal/ws/22/1/10.2166_ws.2021.234/1/ws2021234supp7.jpeg,ws2021234supp7.jpeg,2026-08-22 19:35:49,ok,1247245,7ebed1768b4c35668eda73c648f14f14fdaeb590c1e2d6a452e6067f4a4bae11,data-raw/suppfiles/files/ws/10.2166_ws.2021.234/ws2021234supp7.jpeg,2026-08-20 04:57:39
ws,83223,10.2166/ws.2021.234,https://iwa.silverchair-cdn.com/iwa/content_public/journal/ws/22/1/10.2166_ws.2021.234/1/ws2021234supp8.jpeg,ws2021234supp8.jpeg,2026-08-22 19:35:49,ok,953144,112ff18232626f8ad78432a9945bccc279836bda8dc250607bdfdb3288e0555b,data-raw/suppfiles/files/ws/10.2166_ws.2021.234/ws2021234supp8.jpeg,2026-08-20 04:57:44
ws,83069,10.2166/ws.2021.227,https://iwa.silverchair-cdn.com/iwa/content_public/journal/ws/22/1/10.2166_ws.2021.227/1/ws2021227supp.docx,ws2021227supp.docx,2026-08-22 05:12:36,ok,22152,2d85644dc1039be0262ce4cd55e51989f910ebd29320a7edfb64130598d2d49b,data-raw/suppfiles/files/ws/10.2166_ws.2021.227/ws2021227supp.docx,2026-08-20 04:57:47
ws,83043,10.2166/ws.2021.222,https://iwa.silverchair-cdn.com/iwa/content_public/journal/ws/22/1/10.2166_ws.2021.222/1/ws2021222supp.docx,ws2021222supp.docx,2026-08-20 13:39:29,ok,70730,690cd9ff96c5c912fb24e177e258d2f7c4bd91168da53d116f3b985cbbbe666d,data-raw/suppfiles/files/ws/10.2166_ws.2021.222/ws2021222supp.docx,2026-08-20 04:57:51
ws,83000,10.2166/ws.2021.219,https://iwa.silverchair-cdn.com/iwa/content_public/journal/ws/22/1/10.2166_ws.2021.219/2/ws2021219supp.xlsx,ws2021219supp.xlsx,2026-08-20 22:29:52,ok,71490,af0cace8729d1779b90083c1e7b6905dcf7594efb9482012d23c2f6587187b9f,data-raw/suppfiles/files/ws/10.2166_ws.2021.219/ws2021219supp.xlsx,2026-08-20 04:57:54
ws,82889,10.2166/ws.2021.212,https://iwa.silverchair-cdn.com/iwa/content_public/journal/ws/22/1/10.2166_ws.2021.212/1/ws2021212supp.docx,ws2021212supp.docx,2026-08-21 06:27:40,ok,22386,6effd428139dac8a3bbb95174e32049028dbe25b4916b77880150a57f3dcebf5,data-raw/suppfiles/files/ws/10.2166_ws.2021.212/ws2021212supp.docx,2026-08-20 04:57:58
ws,83783,10.2166/ws.2021.282,https://iwa.silverchair-cdn.com/iwa/content_public/journal/ws/22/2/10.2166_ws.2021.282/1/ws2021282supp.docx,ws2021282supp.docx,2026-08-21 11:45:11,ok,2160300,d2ebfadb5f5fb11938a83a2e6b5e291c59f54769918b2f4bad95a7ca12ec95d6,data-raw/suppfiles/files/ws/10.2166_ws.2021.282/ws2021282supp.docx,2026-08-20 04:58:01
ws,84648,10.2166/ws.2021.348,https://iwa.silverchair-cdn.com/iwa/content_public/journal/ws/22/2/10.2166_ws.2021.348/1/ws2021348supp.docx,ws2021348supp.docx,2026-08-29 20:30:00,ok,30893,37a894a519e690468274e88dee629e5defc4132ad19a7fad05b16c9321046dc2,data-raw/suppfiles/files/ws/10.2166_ws.2021.348/ws2021348supp.docx,2026-08-20 04:58:05
ws,84601,10.2166/ws.2021.344,https://iwa.silverchair-cdn.com/iwa/content_public/journal/ws/22/2/10.2166_ws.2021.344/2/ws2021344supp.docx,ws2021344supp.docx,2026-08-21 04:17:06,ok,697977,9ff339955b7fdd70ea1907b322dbf92a1096a711a59b3f97fc3e137ba19664f8,data-raw/suppfiles/files/ws/10.2166_ws.2021.344/ws2021344supp.docx,2026-08-20 04:58:10
ws,84422,10.2166/ws.2021.334,https://iwa.silverchair-cdn.com/iwa/content_public/journal/ws/22/2/10.2166_ws.2021.334/1/ws2021334supp.docx,ws2021334supp.docx,2026-08-25 09:12:45,ok,203786,45684e85c9cc30ab2bd11accbb27ecc5d4443842052219aeaf13793a0ea5db3d,data-raw/suppfiles/files/ws/10.2166_ws.2021.334/ws2021334supp.docx,2026-08-20 04:58:13
ws,84429,10.2166/ws.2021.336,https://iwa.silverchair-cdn.com/iwa/content_public/journal/ws/22/2/10.2166_ws.2021.336/1/ws2021336supp.docx,ws2021336supp.docx,2026-08-22 09:18:30,ok,410661,4ba7031825dfa0d594dd94904b23140d7e9ead90a4a460891b0abafc67709b40,data-raw/suppfiles/files/ws/10.2166_ws.2021.336/ws2021336supp.docx,2026-08-20 04:58:18
ws,84269,10.2166/ws.2021.322,https://iwa.silverchair-cdn.com/iwa/content_public/journal/ws/22/2/10.2166_ws.2021.322/1/ws2021322supp.docx,ws2021322supp.docx,2026-08-20 14:58:48,ok,70578,725cedc27a99cc55eb074f1f6cc72583a7772a5a190f29923a36cf622e737af9,data-raw/suppfiles/files/ws/10.2166_ws.2021.322/ws2021322supp.docx,2026-08-20 04:58:22
ws,84244,10.2166/ws.2021.315,https://iwa.silverchair-cdn.com/iwa/content_public/journal/ws/22/2/10.2166_ws.2021.315/1/ws2021315supp1.docx,ws2021315supp1.docx,2026-08-21 08:16:06,ok,225929,b12ef39d9716faecfdffa0b479a7536826be6afa3cbb38c3f72c04f769969202,data-raw/suppfiles/files/ws/10.2166_ws.2021.315/ws2021315supp1.docx,2026-08-20 04:58:25
ws,84244,10.2166/ws.2021.315,https://iwa.silverchair-cdn.com/iwa/content_public/journal/ws/22/2/10.2166_ws.2021.315/1/ws2021315supp2.docx,ws2021315supp2.docx,2026-08-21 08:16:06,ok,113367,abe96afd6b90ad3c8cd65bc5fa173549eed65bfb47bb80142f376cc578fd0ed8,data-raw/suppfiles/files/ws/10.2166_ws.2021.315/ws2021315supp2.docx,2026-08-20 04:58:29
ws,84122,10.2166/ws.2021.310,https://iwa.silverchair-cdn.com/iwa/content_public/journal/ws/22/2/10.2166_ws.2021.310/1/ws2021310supp.docx,ws2021310supp.docx,2026-08-21 00:36:48,ok,1018138,46daeacd2fce6b845a65d7e316ff440ed67105c8e51fc0fa9ab039077738a5f8,data-raw/suppfiles/files/ws/10.2166_ws.2021.310/ws2021310supp.docx,2026-08-20 04:58:34
ws,84078,10.2166/ws.2021.311,https://iwa.silverchair-cdn.com/iwa/content_public/journal/ws/22/2/10.2166_ws.2021.311/1/ws2021311supp.doc,ws2021311supp.doc,2026-08-20 12:21:53,ok,790016,11680abd0c1fa75b5bb2976d8709122681de5274d3d98c0335f1384b09ee57da,data-raw/suppfiles/files/ws/10.2166_ws.2021.311/ws2021311supp.doc,2026-08-20 04:58:37
ws,83953,10.2166/ws.2021.297,https://iwa.silverchair-cdn.com/iwa/content_public/journal/ws/22/2/10.2166_ws.2021.297/1/ws2021297supp.docx,ws2021297supp.docx,2026-08-22 00:47:25,ok,28907146,493b55137cb1ff77bd5b08c87b005c44646698085d7102f025e1a3b79a38e24e,data-raw/suppfiles/files/ws/10.2166_ws.2021.297/ws2021297supp.docx,2026-08-20 04:58:43
ws,83865,10.2166/ws.2021.295,https://iwa.silverchair-cdn.com/iwa/content_public/journal/ws/22/2/10.2166_ws.2021.295/1/ws2021295supp.doc,ws2021295supp.doc,2026-08-20 09:49:25,ok,840704,d73aaf27898c147d367d476960426e4c54f818b6c969ef0986c14ff26faea890,data-raw/suppfiles/files/ws/10.2166_ws.2021.295/ws2021295supp.doc,2026-08-20 04:58:47
ws,84929,10.2166/ws.2021.370,https://iwa.silverchair-cdn.com/iwa/content_public/journal/ws/22/2/10.2166_ws.2021.370/1/ws2021370supp.docx,ws2021370supp.docx,2026-08-29 20:49:11,ok,248735,dbd3ecbc58b5a7320383cbb4df160b0b804144142c2acdf7bd90444d215cb3b6,data-raw/suppfiles/files/ws/10.2166_ws.2021.370/ws2021370supp.docx,2026-08-20 04:58:51
ws,84988,10.2166/ws.2021.376,https://iwa.silverchair-cdn.com/iwa/content_public/journal/ws/22/2/10.2166_ws.2021.376/1/ws2021376supp.doc,ws2021376supp.doc,2026-08-26 19:08:28,ok,3660800,298be06530b89a132481f4c33e51cf036e0ed25c4fd3425a8b6191a9de5cc237,data-raw/suppfiles/files/ws/10.2166_ws.2021.376/ws2021376supp.doc,2026-08-20 04:58:54
ws,86112,10.2166/ws.2021.455,https://iwa.silverchair-cdn.com/iwa/content_public/journal/ws/22/3/10.2166_ws.2021.455/1/ws2021455supp.docx,ws2021455supp.docx,2026-08-22 15:17:58,ok,13644,13d5d1ce18a1188ab908d4615e61700d49cb7a12f7cf561abab8756bdc97256a,data-raw/suppfiles/files/ws/10.2166_ws.2021.455/ws2021455supp.docx,2026-08-20 04:58:56
ws,85788,10.2166/ws.2021.429,https://iwa.silverchair-cdn.com/iwa/content_public/journal/ws/22/3/10.2166_ws.2021.429/1/ws2021429supp.docx,ws2021429supp.docx,2026-08-22 03:12:39,ok,1900157,6e6bdeb7e2da20f8777289e896bccff0fc4e55fb44a2b4c337d8e8168dcabd66,data-raw/suppfiles/files/ws/10.2166_ws.2021.429/ws2021429supp.docx,2026-08-20 04:59:01
ws,85673,10.2166/ws.2021.414,https://iwa.silverchair-cdn.com/iwa/content_public/journal/ws/22/3/10.2166_ws.2021.414/1/ws2021414supp.docx,ws2021414supp.docx,2026-08-29 07:57:02,ok,28566,387424c148aa452b393ad8d46ac574349be51cfb526af257013370e3240763d4,data-raw/suppfiles/files/ws/10.2166_ws.2021.414/ws2021414supp.docx,2026-08-20 04:59:05
ws,85585,10.2166/ws.2021.411,https://iwa.silverchair-cdn.com/iwa/content_public/journal/ws/22/3/10.2166_ws.2021.411/1/ws2021411supp.xlsx,ws2021411supp.xlsx,2026-08-29 21:06:48,ok,38414,f36042454ff6c4a8a6cf29fa439d7c307fd2754a43d2b657b64f10be36d86950,data-raw/suppfiles/files/ws/10.2166_ws.2021.411/ws2021411supp.xlsx,2026-08-20 04:59:08
ws,85486,10.2166/ws.2021.406,https://iwa.silverchair-cdn.com/iwa/content_public/journal/ws/22/3/10.2166_ws.2021.406/1/ws2021406supp1.docx,ws2021406supp1.docx,2026-08-29 05:31:10,ok,196130,e893e060f9f68a90f754982a91e330a0c4c6009cee3e98f13948f74dbe483cbf,data-raw/suppfiles/files/ws/10.2166_ws.2021.406/ws2021406supp1.docx,2026-08-20 04:59:11
ws,85486,10.2166/ws.2021.406,https://iwa.silverchair-cdn.com/iwa/content_public/journal/ws/22/3/10.2166_ws.2021.406/1/ws2021406supp2.png,ws2021406supp2.png,2026-08-29 05:31:10,ok,106199,584454ab62557391f52665de285e7a8c9ee1d5a9129c5642ba81dabf8c0af14d,data-raw/suppfiles/files/ws/10.2166_ws.2021.406/ws2021406supp2.png,2026-08-20 04:59:14
ws,85486,10.2166/ws.2021.406,https://iwa.silverchair-cdn.com/iwa/content_public/journal/ws/22/3/10.2166_ws.2021.406/1/ws2021406supp3.png,ws2021406supp3.png,2026-08-29 05:31:10,ok,120674,6eb3ee6240abc3223e1f1d6174f3eb399a6caed1c7723e9f183f33cb054d4e9c,data-raw/suppfiles/files/ws/10.2166_ws.2021.406/ws2021406supp3.png,2026-08-20 04:59:18
ws,85486,10.2166/ws.2021.406,https://iwa.silverchair-cdn.com/iwa/content_public/journal/ws/22/3/10.2166_ws.2021.406/1/ws2021406supp4.png,ws2021406supp4.png,2026-08-29 05:31:10,ok,244625,af4a214bcc291fefc1ef91f23add003331c1604d8b68f51819377fa1e035c254,data-raw/suppfiles/files/ws/10.2166_ws.2021.406/ws2021406supp4.png,2026-08-20 04:59:22
ws,85305,10.2166/ws.2021.392,https://iwa.silverchair-cdn.com/iwa/content_public/journal/ws/22/3/10.2166_ws.2021.392/1/ws2021392supp.xlsx,ws2021392supp.xlsx,2026-08-29 21:14:23,ok,47147,3467baf93a3ebd2428b014e4607521f727cb716447b159b55f8bd2c8dd582053,data-raw/suppfiles/files/ws/10.2166_ws.2021.392/ws2021392supp.xlsx,2026-08-20 04:59:25
ws,86205,10.2166/ws.2022.003,https://iwa.silverchair-cdn.com/iwa/content_public/journal/ws/22/4/10.2166_ws.2022.003/2/ws2022003supp.docx,ws2022003supp.docx,2026-08-22 12:01:10,ok,128641,475ba2186a6622b3bfc0eafc5b7417c8e93101abeee305c9de99989efa6ffb4c,data-raw/suppfiles/files/ws/10.2166_ws.2022.003/ws2022003supp.docx,2026-08-20 04:59:29
ws,86247,10.2166/ws.2022.013,https://iwa.silverchair-cdn.com/iwa/content_public/journal/ws/22/4/10.2166_ws.2022.013/4/ws2022013supp.docx,ws2022013supp.docx,2026-08-29 06:11:06,ok,949146,a9729b3ad1b9b6ef8e6fd1c5d8a9f8f19d9d9a6e504f496964cb756d550e8264,data-raw/suppfiles/files/ws/10.2166_ws.2022.013/ws2022013supp.docx,2026-08-20 04:59:33
ws,86276,10.2166/ws.2022.023,https://iwa.silverchair-cdn.com/iwa/content_public/journal/ws/22/4/10.2166_ws.2022.023/2/ws2022023supp.docx,ws2022023supp.docx,2026-08-25 12:29:52,ok,96881,5a403c70162fb214b550a81e2553bddde61e4fb3e14b700ad761b1126d3cfbe1,data-raw/suppfiles/files/ws/10.2166_ws.2022.023/ws2022023supp.docx,2026-08-20 04:59:36
ws,87046,10.2166/ws.2022.054,https://iwa.silverchair-cdn.com/iwa/content_public/journal/ws/22/4/10.2166_ws.2022.054/4/ws2022054supp.docx,ws2022054supp.docx,2026-08-22 05:10:17,ok,33115,7ed687158e8b71ddb37c4410849cf2ec707a4d6589d325890ac13c568b2a1d8d,data-raw/suppfiles/files/ws/10.2166_ws.2022.054/ws2022054supp.docx,2026-08-20 04:59:40
ws,87678,10.2166/ws.2022.134,https://iwa.silverchair-cdn.com/iwa/content_public/journal/ws/22/4/10.2166_ws.2022.134/2/ws2022134supp.xls,ws2022134supp.xls,2026-08-22 08:37:42,ok,76288,5bda7925b0145b6c981aa8f5981998909f8a42922c65228d9872640df0d4c1f2,data-raw/suppfiles/files/ws/10.2166_ws.2022.134/ws2022134supp.xls,2026-08-20 04:59:44
ws,87765,10.2166/ws.2022.141,https://iwa.silverchair-cdn.com/iwa/content_public/journal/ws/22/5/10.2166_ws.2022.141/2/ws2022141supp.docx,ws2022141supp.docx,2026-08-21 08:29:04,ok,509440,cfb7e261143e83bcbcb46569e793c393a20fbe83c55076f09390d1b20bed4541,data-raw/suppfiles/files/ws/10.2166_ws.2022.141/ws2022141supp.docx,2026-08-20 04:59:47
ws,88623,10.2166/ws.2022.190,https://iwa.silverchair-cdn.com/iwa/content_public/journal/ws/22/5/10.2166_ws.2022.190/2/ws2022190supp.docx,ws2022190supp.docx,2026-08-20 12:06:49,ok,852797,e9f8170246eb2d29bebfb093b11eb18d0f7d0d77bbf2d409dd95ed0587464722,data-raw/suppfiles/files/ws/10.2166_ws.2022.190/ws2022190supp.docx,2026-08-20 04:59:51
ws,88057,10.2166/ws.2022.156,https://iwa.silverchair-cdn.com/iwa/content_public/journal/ws/22/5/10.2166_ws.2022.156/2/ws2022156supp.doc,ws2022156supp.doc,2026-08-26 15:40:36,ok,221696,e958d3190197175b10d29f04bc971881249ecc790ab41fc30395bf603dd28b5e,data-raw/suppfiles/files/ws/10.2166_ws.2022.156/ws2022156supp.doc,2026-08-20 04:59:55
ws,87981,10.2166/ws.2022.152,https://iwa.silverchair-cdn.com/iwa/content_public/journal/ws/22/5/10.2166_ws.2022.152/2/ws2022152supp.docx,ws2022152supp.docx,2026-08-27 04:46:33,ok,581084,33e13cbb49414250edbc46908ce068676d7ab0f63a855a05c22a3878a2ea4402,data-raw/suppfiles/files/ws/10.2166_ws.2022.152/ws2022152supp.docx,2026-08-20 04:59:58
ws,88552,10.2166/ws.2022.183,https://iwa.silverchair-cdn.com/iwa/content_public/journal/ws/22/5/10.2166_ws.2022.183/2/ws2022183supp.docx,ws2022183supp.docx,2026-08-25 05:46:07,ok,79021,cc5fff8edce7a8268a6813253a434a6b1bd24a3918c62d9bdbfb486e550ef2b0,data-raw/suppfiles/files/ws/10.2166_ws.2022.183/ws2022183supp.docx,2026-08-20 05:00:01
ws,88660,10.2166/ws.2022.195,https://iwa.silverchair-cdn.com/iwa/content_public/journal/ws/22/5/10.2166_ws.2022.195/2/ws2022195supp.docx,ws2022195supp.docx,2026-08-29 21:53:22,ok,70268,553125ca64d453c6c0c3f387a88363603c2aa2c1d0ab7f75dba4210a7262dd6d,data-raw/suppfiles/files/ws/10.2166_ws.2022.195/ws2022195supp.docx,2026-08-20 05:00:05
ws,87781,10.2166/ws.2022.148,https://iwa.silverchair-cdn.com/iwa/content_public/journal/ws/22/5/10.2166_ws.2022.148/2/ws2022148supp.docx,ws2022148supp.docx,2026-08-28 18:57:17,ok,707188,ab7a649a69d316f9d8252731966d918c96a1fdaccdf421642a37f7c79e4bf460,data-raw/suppfiles/files/ws/10.2166_ws.2022.148/ws2022148supp.docx,2026-08-20 05:00:09
ws,88338,10.2166/ws.2022.186,https://iwa.silverchair-cdn.com/iwa/content_public/journal/ws/22/5/10.2166_ws.2022.186/2/ws2022186supp.docx,ws2022186supp.docx,2026-08-20 07:45:34,ok,867722,5613d53e86b445f5bc5cc8adf6cb981989e1fc3f71e7b8ae1c1b09dfb7ed81e3,data-raw/suppfiles/files/ws/10.2166_ws.2022.186/ws2022186supp.docx,2026-08-20 05:00:14
ws,88923,10.2166/ws.2022.215,https://iwa.silverchair-cdn.com/iwa/content_public/journal/ws/22/6/10.2166_ws.2022.215/2/ws2022215supp.pdf,ws2022215supp.pdf,2026-08-24 20:03:36,ok,757939,0c88174bfb34ce67b2edbf3607f5f4e7a2dd74295c6b006cc02e7d263d3f7e69,data-raw/suppfiles/files/ws/10.2166_ws.2022.215/ws2022215supp.pdf,2026-08-20 05:00:17
ws,88776,10.2166/ws.2022.206,https://iwa.silverchair-cdn.com/iwa/content_public/journal/ws/22/6/10.2166_ws.2022.206/2/ws2022206supp.docx,ws2022206supp.docx,2026-08-22 04:36:49,ok,8275189,afffcf1481b311e1b0545805ee9581c23a421892ec001af744dc42d55e2e71f0,data-raw/suppfiles/files/ws/10.2166_ws.2022.206/ws2022206supp.docx,2026-08-20 05:00:23
ws,88455,10.2166/ws.2022.185,https://iwa.silverchair-cdn.com/iwa/content_public/journal/ws/22/6/10.2166_ws.2022.185/2/ws2022185supp.docx,ws2022185supp.docx,2026-08-29 22:09:43,ok,48162,34d37a0fdde6f5e5d57b1f1d51005c88cd8ac59ef4d24aa85cddab7e79127849,data-raw/suppfiles/files/ws/10.2166_ws.2022.185/ws2022185supp.docx,2026-08-20 05:00:26
ws,89441,10.2166/ws.2022.244,https://iwa.silverchair-cdn.com/iwa/content_public/journal/ws/22/7/10.2166_ws.2022.244/1/ws2022244supp.docx,ws2022244supp.docx,2026-08-22 10:25:02,ok,19190,2bec8f74c8948e3354ac33a0a05b74602550cb91f5ef84912861c84a94eb1abf,data-raw/suppfiles/files/ws/10.2166_ws.2022.244/ws2022244supp.docx,2026-08-20 05:00:30
ws,89420,10.2166/ws.2022.246,https://iwa.silverchair-cdn.com/iwa/content_public/journal/ws/22/7/10.2166_ws.2022.246/1/ws2022246supp.docx,ws2022246supp.docx,2026-08-24 19:47:09,ok,216960,9463a19b86ae82409bffdbdb3f876e89715776e7c0e37f6c2c33df98946b85ad,data-raw/suppfiles/files/ws/10.2166_ws.2022.246/ws2022246supp.docx,2026-08-20 05:00:34
ws,89553,10.2166/ws.2022.251,https://iwa.silverchair-cdn.com/iwa/content_public/journal/ws/22/7/10.2166_ws.2022.251/3/ws2022251supp.docx,ws2022251supp.docx,2026-08-29 07:03:54,ok,432929,8c0fb8b4e30f1316aedd4f9148eb66dd0f99f0dd049eb362ac2283e1cea22d24,data-raw/suppfiles/files/ws/10.2166_ws.2022.251/ws2022251supp.docx,2026-08-20 05:00:39
ws,89681,10.2166/ws.2022.266,https://iwa.silverchair-cdn.com/iwa/content_public/journal/ws/22/8/10.2166_ws.2022.266/2/ws022086867supp1.docx,ws022086867supp1.docx,2026-08-25 14:15:03,ok,694507,63f4c5a6991bfe0cc9e301f5758d10a4fd7cf2d4c8898b2e182db74f56b2fc5b,data-raw/suppfiles/files/ws/10.2166_ws.2022.266/ws022086867supp1.docx,2026-08-20 05:00:42
ws,89870,10.2166/ws.2022.280,https://iwa.silverchair-cdn.com/iwa/content_public/journal/ws/22/8/10.2166_ws.2022.280/2/ws022086994supp1.docx,ws022086994supp1.docx,2026-08-21 02:11:43,ok,548344,3b226bbd2bff05c5c5fef84c47d3c0a57d4a3bf77bb1be28e67c9bc139821a54,data-raw/suppfiles/files/ws/10.2166_ws.2022.280/ws022086994supp1.docx,2026-08-20 05:00:46
ws,89561,10.2166/ws.2022.252,https://iwa.silverchair-cdn.com/iwa/content_public/journal/ws/22/8/10.2166_ws.2022.252/2/ws022087014supp1.docx,ws022087014supp1.docx,2026-08-22 01:09:35,ok,295264,3c7ed23d400531368c65b38da8eff67968fc2e3edecb7c170da304a471e6b56d,data-raw/suppfiles/files/ws/10.2166_ws.2022.252/ws022087014supp1.docx,2026-08-20 05:00:49
ws,90549,10.2166/ws.2022.317,https://iwa.silverchair-cdn.com/iwa/content_public/journal/ws/22/9/10.2166_ws.2022.317/1/ws022097072supp1.docx,ws022097072supp1.docx,2026-08-20 06:04:23,ok,42883,1c0cb8698e2f9142795773f722659593bb802f9337e203d4b13b717d293c8764,data-raw/suppfiles/files/ws/10.2166_ws.2022.317/ws022097072supp1.docx,2026-08-20 05:00:52
ws,90231,10.2166/ws.2022.299,https://iwa.silverchair-cdn.com/iwa/content_public/journal/ws/22/9/10.2166_ws.2022.299/1/ws022097125supp1.xlsx,ws022097125supp1.xlsx,2026-08-29 22:29:37,ok,17783,ec2656c476e49ef3367560cf117904df7c818e0a2fac1835344fe3e966b5118f,data-raw/suppfiles/files/ws/10.2166_ws.2022.299/ws022097125supp1.xlsx,2026-08-20 05:00:56
ws,90257,10.2166/ws.2022.274,https://iwa.silverchair-cdn.com/iwa/content_public/journal/ws/22/9/10.2166_ws.2022.274/1/ws022097197supp1.docx,ws022097197supp1.docx,2026-08-22 21:49:16,ok,197033,5af2b1f2ba5800df2b13c50ca2a7dc5d4de310f08c6caa50193ddef9ab20f341,data-raw/suppfiles/files/ws/10.2166_ws.2022.274/ws022097197supp1.docx,2026-08-20 05:01:00
ws,90355,10.2166/ws.2022.304,https://iwa.silverchair-cdn.com/iwa/content_public/journal/ws/22/9/10.2166_ws.2022.304/1/ws022097256supp1.docx,ws022097256supp1.docx,2026-08-22 13:45:53,ok,40271,594421181dda9c7359bbbe64103d493a9b10220b8b5524ad375250cbdfc94eae,data-raw/suppfiles/files/ws/10.2166_ws.2022.304/ws022097256supp1.docx,2026-08-20 05:01:03
ws,90355,10.2166/ws.2022.304,https://iwa.silverchair-cdn.com/iwa/content_public/journal/ws/22/9/10.2166_ws.2022.304/1/ws022097256supp2.docx,ws022097256supp2.docx,2026-08-22 13:45:53,ok,31862,e8345306b1a9aa3e4896be792c3d4aec32ad96a170098ef31040324fe190895c,data-raw/suppfiles/files/ws/10.2166_ws.2022.304/ws022097256supp2.docx,2026-08-20 05:01:07
ws,90355,10.2166/ws.2022.304,https://iwa.silverchair-cdn.com/iwa/content_public/journal/ws/22/9/10.2166_ws.2022.304/1/ws022097256supp3.docx,ws022097256supp3.docx,2026-08-22 13:45:53,ok,18769,8f87395911ca477cacd42a9e3f2d0e7b051ac0339813cc126fa9809afde594ea,data-raw/suppfiles/files/ws/10.2166_ws.2022.304/ws022097256supp3.docx,2026-08-20 05:01:11
ws,90355,10.2166/ws.2022.304,https://iwa.silverchair-cdn.com/iwa/content_public/journal/ws/22/9/10.2166_ws.2022.304/1/ws022097256supp4.docx,ws022097256supp4.docx,2026-08-22 13:45:53,ok,27006,daa18a60188cce116cb51f2c203485946d92f4c049eb4249c0b66a1bd78c70f8,data-raw/suppfiles/files/ws/10.2166_ws.2022.304/ws022097256supp4.docx,2026-08-20 05:01:15
ws,90078,10.2166/ws.2022.285,https://iwa.silverchair-cdn.com/iwa/content_public/journal/ws/22/9/10.2166_ws.2022.285/1/ws022097375supp1.xlsx,ws022097375supp1.xlsx,2026-08-29 22:33:44,ok,31495,fb9a69b1801b05a392fd7210a4be5028a65bccd85b509a302940ba71d77507b9,data-raw/suppfiles/files/ws/10.2166_ws.2022.285/ws022097375supp1.xlsx,2026-08-20 05:01:17
ws,90816,10.2166/ws.2022.323,https://iwa.silverchair-cdn.com/iwa/content_public/journal/ws/22/10/10.2166_ws.2022.323/1/ws022107416supp1.docx,ws022107416supp1.docx,2026-08-21 21:15:45,ok,59423,6aaf9be8024290c9bf1095d1f7348504f60c7c1cd6a75ea9810d9e3d2bb041e5,data-raw/suppfiles/files/ws/10.2166_ws.2022.323/ws022107416supp1.docx,2026-08-20 05:01:21
ws,91005,10.2166/ws.2022.254,https://iwa.silverchair-cdn.com/iwa/content_public/journal/ws/22/10/10.2166_ws.2022.254/1/ws022107476supp1.docx,ws022107476supp1.docx,2026-08-26 13:04:14,ok,14465,07c33876412d018503c9147f136622e667b031d6ecb70caec8acaec50ce2d189,data-raw/suppfiles/files/ws/10.2166_ws.2022.254/ws022107476supp1.docx,2026-08-20 05:01:24
ws,90795,10.2166/ws.2022.322,https://iwa.silverchair-cdn.com/iwa/content_public/journal/ws/22/10/10.2166_ws.2022.322/1/ws022107513supp1.docx,ws022107513supp1.docx,2026-08-25 03:07:54,ok,35364,34b75495f11fef8d5b57c4c3b72dcfa7b6f93389d0c9e165a6b57b3e0bca5d0e,data-raw/suppfiles/files/ws/10.2166_ws.2022.322/ws022107513supp1.docx,2026-08-20 05:01:27
ws,91259,10.2166/ws.2022.345,https://iwa.silverchair-cdn.com/iwa/content_public/journal/ws/22/10/10.2166_ws.2022.345/1/ws022107782supp1.docx,ws022107782supp1.docx,2026-08-21 18:47:42,ok,1006055,50de4d49f66b13705b6d529d8f4c4b7d633f88cf217ed48fc82538c51cec5a8f,data-raw/suppfiles/files/ws/10.2166_ws.2022.345/ws022107782supp1.docx,2026-08-20 05:01:30
ws,91484,10.2166/ws.2022.358,https://iwa.silverchair-cdn.com/iwa/content_public/journal/ws/22/11/10.2166_ws.2022.358/1/ws022117960supp1.docx,ws022117960supp1.docx,2026-08-25 02:48:19,ok,46748,986e780c8435ad633f07b00b97ee78fa3f08fd667f0ef20afad98a42c0d6118c,data-raw/suppfiles/files/ws/10.2166_ws.2022.358/ws022117960supp1.docx,2026-08-20 05:01:34
ws,91610,10.2166/ws.2022.368,https://iwa.silverchair-cdn.com/iwa/content_public/journal/ws/22/11/10.2166_ws.2022.368/2/ws022117972supp1.pdf,ws022117972supp1.pdf,2026-08-21 19:08:27,ok,82651,dc331eb08f5f16f44fa02cf690e215dcc0a53a7d975c6b851ad0622c69862014,data-raw/suppfiles/files/ws/10.2166_ws.2022.368/ws022117972supp1.pdf,2026-08-20 05:01:37
ws,91439,10.2166/ws.2022.356,https://iwa.silverchair-cdn.com/iwa/content_public/journal/ws/22/11/10.2166_ws.2022.356/1/ws022118139supp1.docx,ws022118139supp1.docx,2026-08-21 17:22:18,ok,44516,a2e065dc5af44649b28f51cd5f5df622756a2493cee5b61e57c79d1a04645242,data-raw/suppfiles/files/ws/10.2166_ws.2022.356/ws022118139supp1.docx,2026-08-20 05:01:42
ws,92021,10.2166/ws.2022.395,https://iwa.silverchair-cdn.com/iwa/content_public/journal/ws/22/12/10.2166_ws.2022.395/3/ws022128434supp1.docx,ws022128434supp1.docx,2026-08-25 04:46:23,ok,605817,91a5373f0f58428416e45d485f83a05a48c86d06e8bdd64cdf36fe6b5efc67cf,data-raw/suppfiles/files/ws/10.2166_ws.2022.395/ws022128434supp1.docx,2026-08-20 05:01:46
ws,91945,10.2166/ws.2022.384,https://iwa.silverchair-cdn.com/iwa/content_public/journal/ws/22/12/10.2166_ws.2022.384/2/ws022128527supp1.docx,ws022128527supp1.docx,2026-08-24 08:16:27,ok,65130,b7fb68f95988ff7a1ca7cf54ac64238de2f395f49935cbb83005e6b1d5d63f79,data-raw/suppfiles/files/ws/10.2166_ws.2022.384/ws022128527supp1.docx,2026-08-20 05:01:49
ws,91946,10.2166/ws.2022.387,https://iwa.silverchair-cdn.com/iwa/content_public/journal/ws/22/12/10.2166_ws.2022.387/2/ws022128625supp1.doc,ws022128625supp1.doc,2026-08-22 07:13:54,ok,50030080,7199a602cf979af6c766e667e4b7b8189af56ae640edac4ca2fd87733af4a8bb,data-raw/suppfiles/files/ws/10.2166_ws.2022.387/ws022128625supp1.doc,2026-08-20 05:01:54
ws,92203,10.2166/ws.2022.406,https://iwa.silverchair-cdn.com/iwa/content_public/journal/ws/22/12/10.2166_ws.2022.406/2/ws022128750supp1.docx,ws022128750supp1.docx,2026-08-27 23:42:46,ok,24077,400ca377394daf279e01cc7ddaec920068c6fd2f874ce81223b4352ae634b282,data-raw/suppfiles/files/ws/10.2166_ws.2022.406/ws022128750supp1.docx,2026-08-20 05:01:58
ws,92823,10.2166/ws.2022.441,https://iwa.silverchair-cdn.com/iwa/content_public/journal/ws/23/1/10.2166_ws.2022.441/1/ws023010206supp1.docx,ws023010206supp1.docx,2026-08-22 13:23:31,ok,300557,e29c70af4fc13b849a2511b32263f62f897a911983ac8d8958d85308831e8c32,data-raw/suppfiles/files/ws/10.2166_ws.2022.441/ws023010206supp1.docx,2026-08-20 05:02:02
ws,92574,10.2166/ws.2022.425,https://iwa.silverchair-cdn.com/iwa/content_public/journal/ws/23/1/10.2166_ws.2022.425/1/ws023010288supp1.pdf,ws023010288supp1.pdf,2026-08-22 10:41:51,ok,416751,73423e66bb02242a17780b78014c570857a0a82c375d2f648b7b39e0a228176f,data-raw/suppfiles/files/ws/10.2166_ws.2022.425/ws023010288supp1.pdf,2026-08-20 05:02:05
ws,92574,10.2166/ws.2022.425,https://iwa.silverchair-cdn.com/iwa/content_public/journal/ws/23/1/10.2166_ws.2022.425/1/ws023010288supp2.pdf,ws023010288supp2.pdf,2026-08-22 10:41:51,ok,449795,207970f9cbf0a821af92302738b8b9ee3adf80bd93b2358bdfa03cf51c00a9ef,data-raw/suppfiles/files/ws/10.2166_ws.2022.425/ws023010288supp2.pdf,2026-08-20 05:02:09
ws,92574,10.2166/ws.2022.425,https://iwa.silverchair-cdn.com/iwa/content_public/journal/ws/23/1/10.2166_ws.2022.425/1/ws023010288supp3.pdf,ws023010288supp3.pdf,2026-08-22 10:41:51,ok,353128,1abe157938dd4b690bea5d6ddbae683c1c867c665a8c01b436825ace50d6c567,data-raw/suppfiles/files/ws/10.2166_ws.2022.425/ws023010288supp3.pdf,2026-08-20 05:02:14
ws,92574,10.2166/ws.2022.425,https://iwa.silverchair-cdn.com/iwa/content_public/journal/ws/23/1/10.2166_ws.2022.425/1/ws023010288supp4.pdf,ws023010288supp4.pdf,2026-08-22 10:41:51,ok,322514,91be1f24707916de4210251399ca2704d6c9132112e85491fc339e1a99f212b5,data-raw/suppfiles/files/ws/10.2166_ws.2022.425/ws023010288supp4.pdf,2026-08-20 05:02:17
ws,92574,10.2166/ws.2022.425,https://iwa.silverchair-cdn.com/iwa/content_public/journal/ws/23/1/10.2166_ws.2022.425/1/ws023010288supp5.pdf,ws023010288supp5.pdf,2026-08-22 10:41:51,ok,467980,af963ff8e01a2244318be9965c11d849439ca9559cd6f47fdb19558510ebbee8,data-raw/suppfiles/files/ws/10.2166_ws.2022.425/ws023010288supp5.pdf,2026-08-20 05:02:21
ws,92574,10.2166/ws.2022.425,https://iwa.silverchair-cdn.com/iwa/content_public/journal/ws/23/1/10.2166_ws.2022.425/1/ws023010288supp6.pdf,ws023010288supp6.pdf,2026-08-22 10:41:51,ok,330317,5d6b4d914636d97ae9579b79eed969a8a15e87bbfcfebd53a68259678c4d80d5,data-raw/suppfiles/files/ws/10.2166_ws.2022.425/ws023010288supp6.pdf,2026-08-20 05:02:24
ws,93072,10.2166/ws.2023.007,https://iwa.silverchair-cdn.com/iwa/content_public/journal/ws/23/2/10.2166_ws.2023.007/1/ws023020599supp1.docx,ws023020599supp1.docx,2026-08-20 08:59:47,ok,1265510,0dd1d7b98d42cf41bf8851bac067616078309bfa8fcc894e7b1432a0eaa28ac9,data-raw/suppfiles/files/ws/10.2166_ws.2023.007/ws023020599supp1.docx,2026-08-20 05:02:29
ws,93125,10.2166/ws.2023.008,https://iwa.silverchair-cdn.com/iwa/content_public/journal/ws/23/2/10.2166_ws.2023.008/2/ws023020624supp1.docx,ws023020624supp1.docx,2026-08-22 15:15:07,ok,177275,0ee68af0c0855b495a9267993705628b259fdcd006bdea62bbf1cb9c2a092960,data-raw/suppfiles/files/ws/10.2166_ws.2023.008/ws023020624supp1.docx,2026-08-20 05:02:31
ws,93391,10.2166/ws.2023.028,https://iwa.silverchair-cdn.com/iwa/content_public/journal/ws/23/2/10.2166_ws.2023.028/1/ws023020867supp1.docx,ws023020867supp1.docx,2026-08-29 23:20:15,ok,32708,cd7eecf35df1656bcf4f8a19cf4507e9571f34ca9e09f8ea55f5dc5e5bba2e1e,data-raw/suppfiles/files/ws/10.2166_ws.2023.028/ws023020867supp1.docx,2026-08-20 05:02:35
ws,93445,10.2166/ws.2023.030,https://iwa.silverchair-cdn.com/iwa/content_public/journal/ws/23/2/10.2166_ws.2023.030/1/ws023020884supp1.docx,ws023020884supp1.docx,2026-08-21 05:09:03,ok,18761,97b389192059af741d47342acfa66dbe70cb4fdb048d470469278f206f26b1bd,data-raw/suppfiles/files/ws/10.2166_ws.2023.030/ws023020884supp1.docx,2026-08-20 05:02:39
ws,93758,10.2166/ws.2023.056,https://iwa.silverchair-cdn.com/iwa/content_public/journal/ws/23/3/10.2166_ws.2023.056/3/ws023031041supp1.docx,ws023031041supp1.docx,2026-08-21 20:16:54,ok,38514,2752061e8ff6594e2566b83a875f7075882cbd6c4e5c48fef755e610e4da49b6,data-raw/suppfiles/files/ws/10.2166_ws.2023.056/ws023031041supp1.docx,2026-08-20 05:02:43
ws,93760,10.2166/ws.2023.058,https://iwa.silverchair-cdn.com/iwa/content_public/journal/ws/23/3/10.2166_ws.2023.058/3/ws023031416supp1.docx,ws023031416supp1.docx,2026-08-25 21:05:02,ok,240713,ba34831243e1cc5ed394d97d098df760008ba3e61d9878ecba3ad4650374b24e,data-raw/suppfiles/files/ws/10.2166_ws.2023.058/ws023031416supp1.docx,2026-08-20 05:02:48
ws,93922,10.2166/ws.2023.069,https://iwa.silverchair-cdn.com/iwa/content_public/journal/ws/23/4/10.2166_ws.2023.069/1/ws023041531supp1.docx,ws023041531supp1.docx,2026-08-27 07:47:09,ok,860893,3d4927202a5f646c124ad7497d6901b17ebaf10f73f030da3f130225317994b1,data-raw/suppfiles/files/ws/10.2166_ws.2023.069/ws023041531supp1.docx,2026-08-20 05:02:53
ws,93610,10.2166/ws.2023.045,https://iwa.silverchair-cdn.com/iwa/content_public/journal/ws/23/4/10.2166_ws.2023.045/1/ws023041587supp1.docx,ws023041587supp1.docx,2026-08-28 19:35:51,ok,896232,5835e74eff735c1f2865b35f24f00e1eaca269ff2c99bb026b8bc1d040212a62,data-raw/suppfiles/files/ws/10.2166_ws.2023.045/ws023041587supp1.docx,2026-08-20 05:02:57
ws,94153,10.2166/ws.2023.078,https://iwa.silverchair-cdn.com/iwa/content_public/journal/ws/23/4/10.2166_ws.2023.078/1/ws023041611supp1.doc,ws023041611supp1.doc,2026-08-23 19:26:56,ok,7269888,b2a58fe94f9d10adcc0210af5a78620892b2398c6ae42319e518af494ce55c85,data-raw/suppfiles/files/ws/10.2166_ws.2023.078/ws023041611supp1.doc,2026-08-20 05:03:02
ws,94573,10.2166/ws.2023.095,https://iwa.silverchair-cdn.com/iwa/content_public/journal/ws/23/4/10.2166_ws.2023.095/1/ws023041658supp1.docx,ws023041658supp1.docx,2026-08-25 11:30:26,ok,152650,11c9fd3ad408ceacd195b5c93c3a2faf51c39379513fe4ebee74ca5429b40b00,data-raw/suppfiles/files/ws/10.2166_ws.2023.095/ws023041658supp1.docx,2026-08-20 05:03:05
ws,94090,10.2166/ws.2023.076,https://iwa.silverchair-cdn.com/iwa/content_public/journal/ws/23/4/10.2166_ws.2023.076/1/ws023041711supp1.pdf,ws023041711supp1.pdf,2026-08-23 16:02:49,ok,67332,2eedf4f61169975b13c8e57332aac1aca3207c66dcce1657d5536503d7b27e67,data-raw/suppfiles/files/ws/10.2166_ws.2023.076/ws023041711supp1.pdf,2026-08-20 05:03:09
ws,94090,10.2166/ws.2023.076,https://iwa.silverchair-cdn.com/iwa/content_public/journal/ws/23/4/10.2166_ws.2023.076/1/ws023041711supp2.pdf,ws023041711supp2.pdf,2026-08-23 16:02:49,ok,13050,649cc902c579d3e67309764fe9dc32e8fe2f73fe3093d5d5a90f34dc0ad1e61f,data-raw/suppfiles/files/ws/10.2166_ws.2023.076/ws023041711supp2.pdf,2026-08-20 05:03:12
ws,94633,10.2166/ws.2023.092,https://iwa.silverchair-cdn.com/iwa/content_public/journal/ws/23/5/10.2166_ws.2023.092/4/ws023051810supp1.docx,ws023051810supp1.docx,2026-08-20 15:22:59,ok,57573,c58629a606d03e8ae6b1a87b51e25ce60bee3df8fdd8385589b65fd111b04e3a,data-raw/suppfiles/files/ws/10.2166_ws.2023.092/ws023051810supp1.docx,2026-08-20 05:03:16
ws,94328,10.2166/ws.2023.082,https://iwa.silverchair-cdn.com/iwa/content_public/journal/ws/23/5/10.2166_ws.2023.082/2/ws023052001supp1.docx,ws023052001supp1.docx,2026-08-25 01:55:01,ok,167700,9d1561189c1f65c476c3c7699669e58091791362262e1836113ba0e3b0c4b263,data-raw/suppfiles/files/ws/10.2166_ws.2023.082/ws023052001supp1.docx,2026-08-20 05:03:20
ws,93813,10.2166/ws.2023.060,https://iwa.silverchair-cdn.com/iwa/content_public/journal/ws/23/5/10.2166_ws.2023.060/3/ws023052081supp1.docx,ws023052081supp1.docx,2026-08-21 23:46:45,ok,5227757,41041fb76b7cb76783830a1fa8b5abc3a7bb7024be11a1edac64f8cb1eb0c8b0,data-raw/suppfiles/files/ws/10.2166_ws.2023.060/ws023052081supp1.docx,2026-08-20 05:03:23
ws,94767,10.2166/ws.2023.108,https://iwa.silverchair-cdn.com/iwa/content_public/journal/ws/23/5/10.2166_ws.2023.108/3/ws023052105supp1.docx,ws023052105supp1.docx,2026-08-21 18:41:01,ok,222464,37441c8e844150ed0dc27b5890326dd2c0d7b691c532cbf295d7cdbc4cc5ed98,data-raw/suppfiles/files/ws/10.2166_ws.2023.108/ws023052105supp1.docx,2026-08-20 05:03:26
ws,94933,10.2166/ws.2023.115,https://iwa.silverchair-cdn.com/iwa/content_public/journal/ws/23/5/10.2166_ws.2023.115/3/ws023052147supp1.docx,ws023052147supp1.docx,2026-08-20 10:25:39,ok,1395400,e5ce700fa8c30ea2e8a604d10b6f691274dbe2ecd82dd235fa94dadadcb360e7,data-raw/suppfiles/files/ws/10.2166_ws.2023.115/ws023052147supp1.docx,2026-08-20 05:03:30
ws,95556,10.2166/ws.2023.142,https://iwa.silverchair-cdn.com/iwa/content_public/journal/ws/23/6/10.2166_ws.2023.142/2/ws023062404supp1.docx,ws023062404supp1.docx,2026-08-22 05:20:38,ok,37672,deece6282791a0530fddc699dc6cb1ee5c0901586b7f8c8ce4041bac77975860,data-raw/suppfiles/files/ws/10.2166_ws.2023.142/ws023062404supp1.docx,2026-08-20 05:03:34
ws,96098,10.2166/ws.2023.162,https://iwa.silverchair-cdn.com/iwa/content_public/journal/ws/23/7/10.2166_ws.2023.162/2/ws023072814supp1.docx,ws023072814supp1.docx,2026-08-29 18:14:07,ok,14352,764af4e0beccbe52a86350960d9af6c74faaaacb96a945b2563886d93a81e2cf,data-raw/suppfiles/files/ws/10.2166_ws.2023.162/ws023072814supp1.docx,2026-08-20 05:03:37
ws,96109,10.2166/ws.2023.163,https://iwa.silverchair-cdn.com/iwa/content_public/journal/ws/23/7/10.2166_ws.2023.163/2/ws023072833supp1.docx,ws023072833supp1.docx,2026-08-24 18:23:01,ok,79950,0e64bcd0c18c5fdb3fb87a2aa58343679db9e12856c2c962c88f37a7a2747fbb,data-raw/suppfiles/files/ws/10.2166_ws.2023.163/ws023072833supp1.docx,2026-08-20 05:03:42
ws,96324,10.2166/ws.2023.178,https://iwa.silverchair-cdn.com/iwa/content_public/journal/ws/23/8/10.2166_ws.2023.178/1/ws023083046supp1.pdf,ws023083046supp1.pdf,2026-08-29 22:27:12,ok,810941,646d00a1d4faacae0f1d7e88e92d3d01dcb92dc99f37c242b7d79bed62918ee8,data-raw/suppfiles/files/ws/10.2166_ws.2023.178/ws023083046supp1.pdf,2026-08-20 05:03:45
ws,96379,10.2166/ws.2023.181,https://iwa.silverchair-cdn.com/iwa/content_public/journal/ws/23/8/10.2166_ws.2023.181/1/ws023083061supp1.docx,ws023083061supp1.docx,2026-08-21 19:36:51,ok,57696,55a30b9bbefa167238580c55acb00990ecb295a3ffbe42176f43d0c127a5df38,data-raw/suppfiles/files/ws/10.2166_ws.2023.181/ws023083061supp1.docx,2026-08-20 05:03:48
ws,96869,10.2166/ws.2023.177,https://iwa.silverchair-cdn.com/iwa/content_public/journal/ws/23/8/10.2166_ws.2023.177/1/ws023083097supp1.docx,ws023083097supp1.docx,2026-08-20 11:48:18,ok,315985,51c98c71d56956e5f535b3e92f700577b242cb8af0f670e112b75fdda3d271ff,data-raw/suppfiles/files/ws/10.2166_ws.2023.177/ws023083097supp1.docx,2026-08-20 05:03:52
ws,96307,10.2166/ws.2023.175,https://iwa.silverchair-cdn.com/iwa/content_public/journal/ws/23/8/10.2166_ws.2023.175/1/ws023083156supp1.docx,ws023083156supp1.docx,2026-08-22 23:08:27,ok,36206,62f0e7c090e51c85208ba0a8874fa81752f44938dd4a25efabc4c7b5fdb3b76e,data-raw/suppfiles/files/ws/10.2166_ws.2023.175/ws023083156supp1.docx,2026-08-20 05:03:55
ws,96289,10.2166/ws.2023.176,https://iwa.silverchair-cdn.com/iwa/content_public/journal/ws/23/8/10.2166_ws.2023.176/1/ws023083205supp1.docx,ws023083205supp1.docx,2026-08-26 06:36:38,ok,18359,9ac1c75c296975f526653f73ee2959076bd5ad56197d6ec0e8b39e62246fe392,data-raw/suppfiles/files/ws/10.2166_ws.2023.176/ws023083205supp1.docx,2026-08-20 05:03:58
ws,96706,10.2166/ws.2023.194,https://iwa.silverchair-cdn.com/iwa/content_public/journal/ws/23/8/10.2166_ws.2023.194/1/ws023083402supp1.docx,ws023083402supp1.docx,2026-08-21 00:04:20,ok,722781,e636e89625ea2daf84db4a6d19f48f338ef6cc537100495c1e93e31bb03a2d67,data-raw/suppfiles/files/ws/10.2166_ws.2023.194/ws023083402supp1.docx,2026-08-20 05:04:03
ws,96741,10.2166/ws.2023.196,https://iwa.silverchair-cdn.com/iwa/content_public/journal/ws/23/8/10.2166_ws.2023.196/1/ws023083500supp1.docx,ws023083500supp1.docx,2026-08-21 14:42:38,ok,44245,4133b5c5c822dafa91892be7412df8936fce029589554cb710b375f6940f6174,data-raw/suppfiles/files/ws/10.2166_ws.2023.196/ws023083500supp1.docx,2026-08-20 05:04:05
ws,97009,10.2166/ws.2023.216,https://iwa.silverchair-cdn.com/iwa/content_public/journal/ws/23/9/10.2166_ws.2023.216/1/ws023093868supp1.docx,ws023093868supp1.docx,2026-08-23 12:03:40,ok,23585,39633915ac05d86ff7a54795b6c0cda50ca1fe2832c2ecbcda0abac5138587b4,data-raw/suppfiles/files/ws/10.2166_ws.2023.216/ws023093868supp1.docx,2026-08-20 05:04:08
ws,97079,10.2166/ws.2023.224,https://iwa.silverchair-cdn.com/iwa/content_public/journal/ws/23/9/10.2166_ws.2023.224/1/ws023093925supp1.docx,ws023093925supp1.docx,2026-08-25 05:11:35,ok,27134,c811e2d01251203f380a7359abacf7ee0770431b85d5b4794446b91b8b216db1,data-raw/suppfiles/files/ws/10.2166_ws.2023.224/ws023093925supp1.docx,2026-08-20 05:04:11
ws,97227,10.2166/ws.2023.226,https://iwa.silverchair-cdn.com/iwa/content_public/journal/ws/23/9/10.2166_ws.2023.226/1/ws023093959supp1.docx,ws023093959supp1.docx,2026-08-21 18:35:32,ok,63283,07e3fb5098cbfabef56177146841e8ac7564cb4e6aa723172db84068e3032973,data-raw/suppfiles/files/ws/10.2166_ws.2023.226/ws023093959supp1.docx,2026-08-20 05:04:15
ws,98117,10.2166/ws.2023.268,https://iwa.silverchair-cdn.com/iwa/content_public/journal/ws/23/11/10.2166_ws.2023.268/1/ws023114520supp1.pdf,ws023114520supp1.pdf,2026-08-21 13:39:45,ok,126639,ae2eee63777b3094d2aca1fd2eece1b3d2d1b2b52dd48d00df94f9ed22f1a739,data-raw/suppfiles/files/ws/10.2166_ws.2023.268/ws023114520supp1.pdf,2026-08-20 05:04:19
ws,98523,10.2166/ws.2023.291,https://iwa.silverchair-cdn.com/iwa/content_public/journal/ws/23/11/10.2166_ws.2023.291/1/ws023114645supp1.docx,ws023114645supp1.docx,2026-08-22 21:49:30,ok,31705,3f902a69595ecebc3d808cac197f49bf9e66af817e44d61540b203f992db61ad,data-raw/suppfiles/files/ws/10.2166_ws.2023.291/ws023114645supp1.docx,2026-08-20 05:04:22
ws,98118,10.2166/ws.2023.269,https://iwa.silverchair-cdn.com/iwa/content_public/journal/ws/23/11/10.2166_ws.2023.269/1/ws023114699supp1.docx,ws023114699supp1.docx,2026-08-22 15:24:09,ok,408409,4418c33bf046a6a861e21a21ca3e42c8bd683cb938560dae16c3fc69d1517e00,data-raw/suppfiles/files/ws/10.2166_ws.2023.269/ws023114699supp1.docx,2026-08-20 05:04:26
ws,98920,10.2166/ws.2023.309,https://iwa.silverchair-cdn.com/iwa/content_public/journal/ws/23/12/10.2166_ws.2023.309/3/ws023125004supp1.docx,ws023125004supp1.docx,2026-08-29 18:48:23,ok,1148810,c1e211020b43ecc84010c6cfed5066cbb0dbd56a46ad1656d234c09dba1dfa8d,data-raw/suppfiles/files/ws/10.2166_ws.2023.309/ws023125004supp1.docx,2026-08-20 05:04:31
ws,99256,10.2166/ws.2023.319,https://iwa.silverchair-cdn.com/iwa/content_public/journal/ws/23/12/10.2166_ws.2023.319/3/ws023125062supp1.docx,ws023125062supp1.docx,2026-08-28 05:59:09,ok,16708,94da379334b46a3f0a3f852e41f33df17c9dbffffc40268213fd13f94fbdeb75,data-raw/suppfiles/files/ws/10.2166_ws.2023.319/ws023125062supp1.docx,2026-08-20 05:04:35
ws,99400,10.2166/ws.2023.328,https://iwa.silverchair-cdn.com/iwa/content_public/journal/ws/24/1/10.2166_ws.2023.328/1/ws024010086supp1.docx,ws024010086supp1.docx,2026-08-22 10:35:42,ok,29131,4f6db71731770045b38c20fa8cce74eec0a793a4a5433809b4deccd6f4713ea7,data-raw/suppfiles/files/ws/10.2166_ws.2023.328/ws024010086supp1.docx,2026-08-20 05:04:39
ws,100375,10.2166/ws.2024.022,https://iwa.silverchair-cdn.com/iwa/content_public/journal/ws/24/2/10.2166_ws.2024.022/1/ws024020625supp1.docx,ws024020625supp1.docx,2026-08-24 00:38:47,ok,14803,d7d73bef9c1e82ea8af2710e0e019754bf300d8e82ccedae5a9352b217ae2d6b,data-raw/suppfiles/files/ws/10.2166_ws.2024.022/ws024020625supp1.docx,2026-08-20 05:04:43
ws,100430,10.2166/ws.2024.024,https://iwa.silverchair-cdn.com/iwa/content_public/journal/ws/24/3/10.2166_ws.2024.024/1/ws024030738supp1.docx,ws024030738supp1.docx,2026-08-24 11:30:20,ok,47510,059e5991ff67609f72c4c6faa1e3ed4930f4e406f453c6cd135c79965564a8a7,data-raw/suppfiles/files/ws/10.2166_ws.2024.024/ws024030738supp1.docx,2026-08-20 05:04:47
ws,100677,10.2166/ws.2024.035,https://iwa.silverchair-cdn.com/iwa/content_public/journal/ws/24/3/10.2166_ws.2024.035/1/ws024030865supp1.docx,ws024030865supp1.docx,2026-08-23 21:26:46,ok,263721,d77196efb884dd1472310f8deae857921457fe5a49547d2b650b24d9f830d8e2,data-raw/suppfiles/files/ws/10.2166_ws.2024.035/ws024030865supp1.docx,2026-08-20 05:04:51
ws,100677,10.2166/ws.2024.035,https://iwa.silverchair-cdn.com/iwa/content_public/journal/ws/24/3/10.2166_ws.2024.035/1/ws024030865supp2.docx,ws024030865supp2.docx,2026-08-23 21:26:46,ok,38319,5b4f2190863ad06465066dd059811452fcd1385381fff1bb2937fd372a50b488,data-raw/suppfiles/files/ws/10.2166_ws.2024.035/ws024030865supp2.docx,2026-08-20 05:04:54
ws,100388,10.2166/ws.2024.015,https://iwa.silverchair-cdn.com/iwa/content_public/journal/ws/24/3/10.2166_ws.2024.015/1/ws024030889supp1.docx,ws024030889supp1.docx,2026-08-22 21:46:56,ok,77092,9efb5933c4ffee3960b3621d379010881ca69069da249379a46b304cad839a65,data-raw/suppfiles/files/ws/10.2166_ws.2024.015/ws024030889supp1.docx,2026-08-20 05:04:59
ws,101159,10.2166/ws.2024.056,https://iwa.silverchair-cdn.com/iwa/content_public/journal/ws/24/4/10.2166_ws.2024.056/1/ws024040961supp1.docx,ws024040961supp1.docx,2026-08-21 01:17:01,ok,60539,11e0216e318713af267250759bac3dee815767969258baec09928a31e179c0c5,data-raw/suppfiles/files/ws/10.2166_ws.2024.056/ws024040961supp1.docx,2026-08-20 05:05:02
ws,101008,10.2166/ws.2024.048,https://iwa.silverchair-cdn.com/iwa/content_public/journal/ws/24/4/10.2166_ws.2024.048/1/ws024041117supp1.docx,ws024041117supp1.docx,2026-08-23 03:45:57,ok,1030108,7690ba4b99c57bade28d465dc922fcdea06de84e3552de7de23a6f295f92f653,data-raw/suppfiles/files/ws/10.2166_ws.2024.048/ws024041117supp1.docx,2026-08-20 05:05:06
ws,100732,10.2166/ws.2024.038,https://iwa.silverchair-cdn.com/iwa/content_public/journal/ws/24/4/10.2166_ws.2024.038/1/ws024041207supp1.docx,ws024041207supp1.docx,2026-08-29 03:38:54,ok,282269,c5409bf103820745ea4dadf79659a21c9389e2c313c8bba3fa1a20c94c4a2cf5,data-raw/suppfiles/files/ws/10.2166_ws.2024.038/ws024041207supp1.docx,2026-08-20 05:05:09
ws,102245,10.2166/ws.2024.110,https://iwa.silverchair-cdn.com/iwa/content_public/journal/ws/24/5/10.2166_ws.2024.110/2/ws024051498supp1.docx,ws024051498supp1.docx,2026-08-26 15:02:19,ok,4687009,fcf0697deb290655e13af7338f21de6746a914dfda0ace1ed86df454b5c8a871,data-raw/suppfiles/files/ws/10.2166_ws.2024.110/ws024051498supp1.docx,2026-08-20 05:05:13
ws,101822,10.2166/ws.2024.089,https://iwa.silverchair-cdn.com/iwa/content_public/journal/ws/24/5/10.2166_ws.2024.089/2/ws024051515supp1.docx,ws024051515supp1.docx,2026-08-28 21:46:58,ok,491145,25f069f6f9d59e444c996292e122d26a66825100a09c921b5a00e5676df05903,data-raw/suppfiles/files/ws/10.2166_ws.2024.089/ws024051515supp1.docx,2026-08-20 05:05:18
ws,101526,10.2166/ws.2024.071,https://iwa.silverchair-cdn.com/iwa/content_public/journal/ws/24/5/10.2166_ws.2024.071/2/ws024051755supp1.docx,ws024051755supp1.docx,2026-08-24 09:18:10,ok,47466,6c6fc50e09ea9bc730dcc7a94e80baec867220dda63aea3073c4910639be8641,data-raw/suppfiles/files/ws/10.2166_ws.2024.071/ws024051755supp1.docx,2026-08-20 05:05:22
ws,101705,10.2166/ws.2024.083,https://iwa.silverchair-cdn.com/iwa/content_public/journal/ws/24/5/10.2166_ws.2024.083/2/ws024051776supp1.docx,ws024051776supp1.docx,2026-08-25 18:29:16,ok,46042,c7f23fd69cc3fd34df151eef920f2b690cd4ab9af1939b2c71808612dfb4b24b,data-raw/suppfiles/files/ws/10.2166_ws.2024.083/ws024051776supp1.docx,2026-08-20 05:05:25
ws,102003,10.2166/ws.2024.096,https://iwa.silverchair-cdn.com/iwa/content_public/journal/ws/24/5/10.2166_ws.2024.096/2/ws024051875supp1.docx,ws024051875supp1.docx,2026-08-27 17:07:55,ok,2137118,c586aac81970a3dea9efb99bc53af6826962df83e046ffc186a54c65353bf7ec,data-raw/suppfiles/files/ws/10.2166_ws.2024.096/ws024051875supp1.docx,2026-08-20 05:05:29
ws,101536,10.2166/ws.2024.072,https://iwa.silverchair-cdn.com/iwa/content_public/journal/ws/24/5/10.2166_ws.2024.072/2/ws024051893supp1.docx,ws024051893supp1.docx,2026-08-25 21:52:06,ok,824468,cf1511d3781cd30f8db459a089f69cb5bf8c07223301238a462650d73dc10695,data-raw/suppfiles/files/ws/10.2166_ws.2024.072/ws024051893supp1.docx,2026-08-20 05:05:34
ws,101834,10.2166/ws.2024.093,https://iwa.silverchair-cdn.com/iwa/content_public/journal/ws/24/5/10.2166_ws.2024.093/2/ws024051924supp1.docx,ws024051924supp1.docx,2026-08-20 04:22:52,http_403,NA,NA,data-raw/suppfiles/files/ws/10.2166_ws.2024.093/ws024051924supp1.docx,2026-08-20 05:05:52
ws,102734,10.2166/ws.2024.127,https://iwa.silverchair-cdn.com/iwa/content_public/journal/ws/24/6/10.2166_ws.2024.127/1/ws024062066supp1.docx,ws024062066supp1.docx,2026-08-30 01:23:45,ok,3912037,6280484f0bc579d4f08a1046947b61d9718326c92cc755aff7bf9bf5441c42b6,data-raw/suppfiles/files/ws/10.2166_ws.2024.127/ws024062066supp1.docx,2026-08-20 05:05:55
ws,102748,10.2166/ws.2024.128,https://iwa.silverchair-cdn.com/iwa/content_public/journal/ws/24/6/10.2166_ws.2024.128/1/ws024062105supp1.docx,ws024062105supp1.docx,2026-08-27 08:51:27,ok,21845,4e9fca29f696bf773439cbc71eb8acc3bbc4462bc6f7c67f259bfdfcc2dc24c3,data-raw/suppfiles/files/ws/10.2166_ws.2024.128/ws024062105supp1.docx,2026-08-20 05:05:58
ws,102834,10.2166/ws.2024.136,https://iwa.silverchair-cdn.com/iwa/content_public/journal/ws/24/6/10.2166_ws.2024.136/1/ws024062143supp1.docx,ws024062143supp1.docx,2026-08-21 08:51:57,ok,50190,b7a595b738df20e75a5c18efe412aefa93a3d47d432bf84bafc1aa90031b023b,data-raw/suppfiles/files/ws/10.2166_ws.2024.136/ws024062143supp1.docx,2026-08-20 05:06:02
ws,102377,10.2166/ws.2024.117,https://iwa.silverchair-cdn.com/iwa/content_public/journal/ws/24/6/10.2166_ws.2024.117/2/ws024062172supp1.docx,ws024062172supp1.docx,2026-08-21 08:06:14,ok,16782,ec48b2851cc6bcb926b2e3e5f2796b84032c6e7261283977c94976bc4e776c87,data-raw/suppfiles/files/ws/10.2166_ws.2024.117/ws024062172supp1.docx,2026-08-20 05:06:06
ws,103146,10.2166/ws.2024.153,https://iwa.silverchair-cdn.com/iwa/content_public/journal/ws/24/7/10.2166_ws.2024.153/1/ws024072218supp1.xlsx,ws024072218supp1.xlsx,2026-08-21 05:06:38,ok,153927,42bf4eca2c82ad6221e2738431cb78beded5e27eec6d7d2e13673d9bd5c6a6d3,data-raw/suppfiles/files/ws/10.2166_ws.2024.153/ws024072218supp1.xlsx,2026-08-20 05:06:09
ws,102479,10.2166/ws.2024.118,https://iwa.silverchair-cdn.com/iwa/content_public/journal/ws/24/7/10.2166_ws.2024.118/1/ws024072409supp1.pdf,ws024072409supp1.pdf,2026-08-21 02:05:18,ok,204271,10a17a59bc4d4f91bb087af960b615e986f305154a0d836049001e3a14a83907,data-raw/suppfiles/files/ws/10.2166_ws.2024.118/ws024072409supp1.pdf,2026-08-20 05:06:14
ws,102852,10.2166/ws.2024.138,https://iwa.silverchair-cdn.com/iwa/content_public/journal/ws/24/7/10.2166_ws.2024.138/1/ws024072518supp1.doc,ws024072518supp1.doc,2026-08-25 23:31:52,ok,2994688,f59dd62d93781c26b57a53533d9826e2ec58bf6fd0dc55543f48b29f5649c3a7,data-raw/suppfiles/files/ws/10.2166_ws.2024.138/ws024072518supp1.doc,2026-08-20 05:06:17
ws,103426,10.2166/ws.2024.161,https://iwa.silverchair-cdn.com/iwa/content_public/journal/ws/24/7/10.2166_ws.2024.161/1/ws024072534supp1.docx,ws024072534supp1.docx,2026-08-30 01:32:36,ok,315016,45692249dc2224d55c1a37e58ab5b205e6040b074e5c8409c3beac4b4bff4d9f,data-raw/suppfiles/files/ws/10.2166_ws.2024.161/ws024072534supp1.docx,2026-08-20 05:06:20
ws,103933,10.2166/ws.2024.176,https://iwa.silverchair-cdn.com/iwa/content_public/journal/ws/24/8/10.2166_ws.2024.176/1/ws024082737supp1.xlsx,ws024082737supp1.xlsx,2026-08-22 19:23:01,ok,33316,78ca1ff377cc274bb76d78bed85ed54c385b6143d776db122bc12de9a94fdc65,data-raw/suppfiles/files/ws/10.2166_ws.2024.176/ws024082737supp1.xlsx,2026-08-20 05:06:24
ws,103637,10.2166/ws.2024.170,https://iwa.silverchair-cdn.com/iwa/content_public/journal/ws/24/8/10.2166_ws.2024.170/1/ws024082844supp1.docx,ws024082844supp1.docx,2026-08-24 18:09:31,ok,648600,461af97120094d8c716338f4af66e2182e5704a695ef5457819a776af43e0a1d,data-raw/suppfiles/files/ws/10.2166_ws.2024.170/ws024082844supp1.docx,2026-08-20 05:06:28
ws,104177,10.2166/ws.2024.193,https://iwa.silverchair-cdn.com/iwa/content_public/journal/ws/24/8/10.2166_ws.2024.193/1/ws024082933supp1.docx,ws024082933supp1.docx,2026-08-28 19:49:53,ok,3488694,c69ff90a592daaf50579bae3d63482a69f26255c6c8b078ffe5c36d28860f9fe,data-raw/suppfiles/files/ws/10.2166_ws.2024.193/ws024082933supp1.docx,2026-08-20 05:06:31
ws,104311,10.2166/ws.2024.197,https://iwa.silverchair-cdn.com/iwa/content_public/journal/ws/24/9/10.2166_ws.2024.197/2/ws024093031supp1.docx,ws024093031supp1.docx,2026-08-20 07:51:52,ok,55570,ea911d38bc7961ccc22d21ee47c08712b22cb7ccbe9f4d3c566e76d4f769ccd7,data-raw/suppfiles/files/ws/10.2166_ws.2024.197/ws024093031supp1.docx,2026-08-20 05:06:34
ws,104788,10.2166/ws.2024.208,https://iwa.silverchair-cdn.com/iwa/content_public/journal/ws/24/10/10.2166_ws.2024.208/1/ws024103423supp1.docx,ws024103423supp1.docx,2026-08-25 09:13:10,ok,43068,b14a509ccb02bdb2dc1c6cdf12f7c02757620f48fab0b0a941356bf2b5abf593,data-raw/suppfiles/files/ws/10.2166_ws.2024.208/ws024103423supp1.docx,2026-08-20 05:06:37
ws,104842,10.2166/ws.2024.207,https://iwa.silverchair-cdn.com/iwa/content_public/journal/ws/24/10/10.2166_ws.2024.207/1/ws024103540supp1.docx,ws024103540supp1.docx,2026-08-21 08:14:04,ok,185466,8f7531609fb91c01a38ccf97e2ed48fda696723b16e9248a2967d93de70e4b42,data-raw/suppfiles/files/ws/10.2166_ws.2024.207/ws024103540supp1.docx,2026-08-20 05:06:40
ws,105310,10.2166/ws.2024.227,https://iwa.silverchair-cdn.com/iwa/content_public/journal/ws/24/10/10.2166_ws.2024.227/1/ws024103588supp1.docx,ws024103588supp1.docx,2026-08-27 08:20:37,ok,985257,1c80140ea74373a543520c351c791d2e5a7d23315ffbe00783b2f8d126fcc65b,data-raw/suppfiles/files/ws/10.2166_ws.2024.227/ws024103588supp1.docx,2026-08-20 05:06:45
ws,105310,10.2166/ws.2024.227,https://iwa.silverchair-cdn.com/iwa/content_public/journal/ws/24/10/10.2166_ws.2024.227/1/ws024103588supp2.docx,ws024103588supp2.docx,2026-08-27 08:20:37,ok,4521754,812d3490e7283bd9c18ccbe578fbe61b1fcf431ec9bee3caf17a4d8ba2895255,data-raw/suppfiles/files/ws/10.2166_ws.2024.227/ws024103588supp2.docx,2026-08-20 05:06:49
ws,105472,10.2166/ws.2024.240,https://iwa.silverchair-cdn.com/iwa/content_public/journal/ws/24/11/10.2166_ws.2024.240/1/ws024113759supp1.docx,ws024113759supp1.docx,2026-08-21 04:11:44,ok,452768,564e5936ebad062ad0bd90108deb1de22c1529312af551ff5f22b619941a317a,data-raw/suppfiles/files/ws/10.2166_ws.2024.240/ws024113759supp1.docx,2026-08-20 05:06:52
ws,105910,10.2166/ws.2024.251,https://iwa.silverchair-cdn.com/iwa/content_public/journal/ws/24/12/10.2166_ws.2024.251/1/ws024124059supp1.docx,ws024124059supp1.docx,2026-08-21 04:16:01,ok,89942,b15480d74c9226fc2f9f9791fa54894e997179cf83866bbd5e04a81ac182fef9,data-raw/suppfiles/files/ws/10.2166_ws.2024.251/ws024124059supp1.docx,2026-08-20 05:06:55
ws,106272,10.2166/ws.2024.257,https://iwa.silverchair-cdn.com/iwa/content_public/journal/ws/25/1/10.2166_ws.2024.257/1/ws025010119supp1.docx,ws025010119supp1.docx,2026-08-22 12:37:23,ok,49032,b47826ef10e7f814c49890291434a5e348ad569fdf69262a84ea97a6a04d590b,data-raw/suppfiles/files/ws/10.2166_ws.2024.257/ws025010119supp1.docx,2026-08-20 05:06:59
ws,106273,10.2166/ws.2024.256,https://iwa.silverchair-cdn.com/iwa/content_public/journal/ws/25/2/10.2166_ws.2024.256/1/ws025020343supp1.docx,ws025020343supp1.docx,2026-08-25 01:06:08,ok,39121,5cba273542857f091d5f24bd05452fed6636e8fe6c3203f0175ff55479c99c0b,data-raw/suppfiles/files/ws/10.2166_ws.2024.256/ws025020343supp1.docx,2026-08-20 05:07:03
ws,107070,10.2166/ws.2025.022,https://iwa.silverchair-cdn.com/iwa/content_public/journal/ws/25/3/10.2166_ws.2025.022/3/ws025030578supp1.docx,ws025030578supp1.docx,2026-08-22 03:06:38,ok,64389,e2d46aa408a038fd892792897ad091b8318e0f948928b9cb9da1e1fe304b2429,data-raw/suppfiles/files/ws/10.2166_ws.2025.022/ws025030578supp1.docx,2026-08-20 05:07:07
ws,107172,10.2166/ws.2025.028,https://iwa.silverchair-cdn.com/iwa/content_public/journal/ws/25/3/10.2166_ws.2025.028/3/ws025030596supp1.docx,ws025030596supp1.docx,2026-08-23 06:46:39,ok,225133,463769342c73d66098d548d7ff69177781a0d68bb158d2752f814b43d19cf335,data-raw/suppfiles/files/ws/10.2166_ws.2025.028/ws025030596supp1.docx,2026-08-20 05:07:11
ws,107850,10.2166/ws.2025.045,https://iwa.silverchair-cdn.com/iwa/content_public/journal/ws/25/4/10.2166_ws.2025.045/2/ws025040727supp1.pdf,ws025040727supp1.pdf,2026-08-26 23:37:07,ok,83513,c898868c47e0c3bc08b42175c5fac6054ee9da4cffc21cc6ea8228bf16be9019,data-raw/suppfiles/files/ws/10.2166_ws.2025.045/ws025040727supp1.pdf,2026-08-20 05:07:16
ws,107785,10.2166/ws.2025.044,https://iwa.silverchair-cdn.com/iwa/content_public/journal/ws/25/4/10.2166_ws.2025.044/2/ws025040779supp1.docx,ws025040779supp1.docx,2026-08-22 12:40:17,ok,18042,b4dad770fb91d38a541056c94771a6773f8f6ddf0ed5e4005cc7d8f485578951,data-raw/suppfiles/files/ws/10.2166_ws.2025.044/ws025040779supp1.docx,2026-08-20 05:07:19
ws,107639,10.2166/ws.2025.039,https://iwa.silverchair-cdn.com/iwa/content_public/journal/ws/25/5/10.2166_ws.2025.039/1/ws025050900supp1.docx,ws025050900supp1.docx,2026-08-20 21:08:08,ok,604993,201322d745c2a15419bb6385b7a5a0576b2d327f751ace100ccee34e1b43cb0f,data-raw/suppfiles/files/ws/10.2166_ws.2025.039/ws025050900supp1.docx,2026-08-20 05:07:24
ws,108246,10.2166/ws.2025.062,https://iwa.silverchair-cdn.com/iwa/content_public/journal/ws/25/6/10.2166_ws.2025.062/1/ws025061087supp1.pdf,ws025061087supp1.pdf,2026-08-20 08:58:54,ok,564416,b109313851980706de9ec72d5d58fb1e274aef0b8f24aecbf4afcddf8d442048,data-raw/suppfiles/files/ws/10.2166_ws.2025.062/ws025061087supp1.pdf,2026-08-20 05:07:27
ws,108592,10.2166/ws.2025.068,https://iwa.silverchair-cdn.com/iwa/content_public/journal/ws/25/7/10.2166_ws.2025.068/1/ws025071161supp1.pdf,ws025071161supp1.pdf,2026-08-20 09:27:49,ok,1210918,bd7bdd88feb44ebda509dafc4a6d09b133bb48916e17f7d467c5e202764e715c,data-raw/suppfiles/files/ws/10.2166_ws.2025.068/ws025071161supp1.pdf,2026-08-20 05:07:30
ws,109212,10.2166/ws.2025.075,https://iwa.silverchair-cdn.com/iwa/content_public/journal/ws/25/9/10.2166_ws.2025.075/1/ws025091292supp1.docx,ws025091292supp1.docx,2026-08-23 18:29:05,ok,53455,4b8782609f241b0e4ee2cefbcb4bdb22ac9c0e4bc2c30c377fb99663b2c4930b,data-raw/suppfiles/files/ws/10.2166_ws.2025.075/ws025091292supp1.docx,2026-08-20 05:07:34
ws,109417,10.2166/ws.2025.079,https://iwa.silverchair-cdn.com/iwa/content_public/journal/ws/25/9/10.2166_ws.2025.079/1/ws025091329supp1.docx,ws025091329supp1.docx,2026-08-27 15:34:14,ok,1354828,8e5004e5d73237bab5377f52aae042bd8326431fd7f633736f7b1e502567a9f0,data-raw/suppfiles/files/ws/10.2166_ws.2025.079/ws025091329supp1.docx,2026-08-20 05:07:39
ws,109444,10.2166/ws.2025.080,https://iwa.silverchair-cdn.com/iwa/content_public/journal/ws/25/9/10.2166_ws.2025.080/1/ws025091346supp1.docx,ws025091346supp1.docx,2026-08-26 10:44:25,ok,24509,a3434d9392ac74e32be5b9218fac92d752ae633329bd5e9a5917a21ae123139d,data-raw/suppfiles/files/ws/10.2166_ws.2025.080/ws025091346supp1.docx,2026-08-20 05:07:42
ws,109460,10.2166/ws.2025.081,https://iwa.silverchair-cdn.com/iwa/content_public/journal/ws/25/9/10.2166_ws.2025.081/1/ws025091358supp1.docx,ws025091358supp1.docx,2026-08-28 05:47:47,ok,150696,a8fd1d1a9fb4c6ffc20358a25b085ffeb5ed08db9d38e855859c22162bacf06a,data-raw/suppfiles/files/ws/10.2166_ws.2025.081/ws025091358supp1.docx,2026-08-20 05:07:46
ws,109889,10.2166/ws.2025.091,https://iwa.silverchair-cdn.com/iwa/content_public/journal/ws/25/11/10.2166_ws.2025.091/1/ws025111498supp1.docx,ws025111498supp1.docx,2026-08-28 03:59:52,ok,29367,001e07ca86cfe839625f716ff7776325e51c21a6aea4ea7dfb3c04bbf8328f53,data-raw/suppfiles/files/ws/10.2166_ws.2025.091/ws025111498supp1.docx,2026-08-20 05:07:50
ws,109889,10.2166/ws.2025.091,https://iwa.silverchair-cdn.com/iwa/content_public/journal/ws/25/11/10.2166_ws.2025.091/1/ws025111498supp2.docx,ws025111498supp2.docx,2026-08-28 03:59:52,ok,20695,6c374bbe22dc2ac980580862e86f1011faaddc19afe5986614afbbb86796e9cc,data-raw/suppfiles/files/ws/10.2166_ws.2025.091/ws025111498supp2.docx,2026-08-20 05:07:53
ws,109949,10.2166/ws.2025.094,https://iwa.silverchair-cdn.com/iwa/content_public/journal/ws/25/11/10.2166_ws.2025.094/1/ws025111530supp1.docx,ws025111530supp1.docx,2026-08-29 11:19:56,ok,3349870,e4c7e5aa1da6b36931a1e7e099b7b512946d0df0b290266f2e9629d691fc1781,data-raw/suppfiles/files/ws/10.2166_ws.2025.094/ws025111530supp1.docx,2026-08-20 05:07:57
ws,110831,10.2166/ws.2026.110,https://iwa.silverchair-cdn.com/iwa/content_public/journal/ws/26/2/10.2166_ws.2026.110/1/ws026020098supp1.pdf,ws026020098supp1.pdf,2026-08-27 15:34:53,ok,739183,4d17e69626107690bfad0b57bad8f23983480f3c0329416d485fe23bb2fd0da2,data-raw/suppfiles/files/ws/10.2166_ws.2026.110/ws026020098supp1.pdf,2026-08-20 05:08:01
ws,111111,10.2166/ws.2026.126,https://iwa.silverchair-cdn.com/iwa/content_public/journal/ws/26/3/10.2166_ws.2026.126/1/ws026030193supp1.docx,ws026030193supp1.docx,2026-08-22 04:24:21,ok,25660267,63fb2db1d366c5a5631fcbb255478a23d2024f7b78a8e4bc1c6951fa1d296b4f,data-raw/suppfiles/files/ws/10.2166_ws.2026.126/ws026030193supp1.docx,2026-08-20 05:08:05
ws,111111,10.2166/ws.2026.126,https://iwa.silverchair-cdn.com/iwa/content_public/journal/ws/26/3/10.2166_ws.2026.126/1/ws026030193supp2.xlsx,ws026030193supp2.xlsx,2026-08-22 04:24:21,ok,76866,b96e21bb0ddbb0224005fe20f1289e7b6d45814462e3bf7318fadde622f885d4,data-raw/suppfiles/files/ws/10.2166_ws.2026.126/ws026030193supp2.xlsx,2026-08-20 05:08:08
ws,111250,10.2166/ws.2026.134,https://iwa.silverchair-cdn.com/iwa/content_public/journal/ws/26/4/10.2166_ws.2026.134/1/ws026040255supp1.pdf,ws026040255supp1.pdf,2026-08-27 12:22:41,ok,4944414,ee534d0777adc50e0c2d982a0841883bf35827835931da993db1b37886a99fcf,data-raw/suppfiles/files/ws/10.2166_ws.2026.134/ws026040255supp1.pdf,2026-08-20 05:08:12
ws,112074,10.2166/ws.2026.119,https://iwa.silverchair-cdn.com/iwa/content_public/journal/ws/26/6/10.2166_ws.2026.119/2/ws026060486supp1.docx,ws026060486supp1.docx,2026-08-26 05:04:36,ok,390880,74805e6a06c67817ed8f58786b6eaddd375dd8b9afc16cc94e7dd1adbc9f996e,data-raw/suppfiles/files/ws/10.2166_ws.2026.119/ws026060486supp1.docx,2026-08-20 05:08:17
ws,112143,10.2166/ws.2026.165,https://iwa.silverchair-cdn.com/iwa/content_public/journal/ws/26/6/10.2166_ws.2026.165/2/ws026060522supp1.pdf,ws026060522supp1.pdf,2026-08-27 20:01:11,ok,4412786,27dffa86fae9ceecd462116855e76e15d444d8d5c783b8459422c33c79dea358,data-raw/suppfiles/files/ws/10.2166_ws.2026.165/ws026060522supp1.pdf,2026-08-20 05:08:20
ws,112031,10.2166/ws.2026.162,https://iwa.silverchair-cdn.com/iwa/content_public/journal/ws/26/6/10.2166_ws.2026.162/2/ws026060547supp1.docx,ws026060547supp1.docx,2026-08-23 09:57:30,ok,22480,e1a4753828070e47b4861abe69d64fbef9fe764f6782cc61b334514aeecf4bdc,data-raw/suppfiles/files/ws/10.2166_ws.2026.162/ws026060547supp1.docx,2026-08-20 05:08:24
